numero_controle_pncp_ata;numero_controle_pncp_compra;numero_ata;ano_ata;cnpj_orgao;nome_orgao;codigo_ibge;objeto;data_assinatura;vigencia_inicio;vigencia_fim;cancelado;data_cancelamento;coletado_em
00973293000193-1-000016/2025-000001;00973293000193-1-000016/2025;003;2025;00973293000193;CONSORCIO PUBLICO INTERMUNICIPAL DE SAUDE DA REGIAO DOS GRANDES LAGOS - CONSAGRA;3546603;CONTRATAÇÃO PARA REGISTRO DE PREÇOS PARA FUTURA E EVENTUAL AQUISIÇÃO DE PRODUTOS DO GENERO ALIMENTICIO, PARA ATENDER ÀS NECESSIDADES DA COPA/ COZINHA DA UPA 24H ADMINISTRADA PELO CONSÓRCIO PÚBLICO INTERMUNICIPAL DE SAÚDE DA REGIÃO DOS GRANDES LAGOS – CONSAGRA/SP, CONFORME ANEXO I, PARA ENTREGA PARCELADA, POR TEMPO DETERMINADO.;2025-09-15;2025-09-15;2027-09-14;0;;2026-08-24T19:23:48+00:00
45138070000149-1-000597/2026-000011;45138070000149-1-000597/2026;101;2026;45138070000149;MUNICIPIO DE SANTA FE DO SUL;3546603;REGISTRO DE PREÇOS, para eventual e futura aquisição de tintas viárias e materiais de sinalização para o atendimento das demandas dos serviços públicos de Santa Fé do Sul/SP, conforme condições estabelecidas no anexo I e apêndices deste edital.;2026-08-12;2026-08-12;2027-08-11;0;;2026-08-24T19:23:54+00:00
45138070000149-1-000597/2026-000010;45138070000149-1-000597/2026;100;2026;45138070000149;MUNICIPIO DE SANTA FE DO SUL;3546603;REGISTRO DE PREÇOS, para eventual e futura aquisição de tintas viárias e materiais de sinalização para o atendimento das demandas dos serviços públicos de Santa Fé do Sul/SP, conforme condições estabelecidas no anexo I e apêndices deste edital.;2026-08-12;2026-08-12;2027-08-11;0;;2026-08-24T19:23:54+00:00
45138070000149-1-000597/2026-000009;45138070000149-1-000597/2026;99;2026;45138070000149;MUNICIPIO DE SANTA FE DO SUL;3546603;REGISTRO DE PREÇOS, para eventual e futura aquisição de tintas viárias e materiais de sinalização para o atendimento das demandas dos serviços públicos de Santa Fé do Sul/SP, conforme condições estabelecidas no anexo I e apêndices deste edital.;2026-08-12;2026-08-12;2027-08-11;0;;2026-08-24T19:23:54+00:00
45138070000149-1-000597/2026-000008;45138070000149-1-000597/2026;98;2026;45138070000149;MUNICIPIO DE SANTA FE DO SUL;3546603;REGISTRO DE PREÇOS, para eventual e futura aquisição de tintas viárias e materiais de sinalização para o atendimento das demandas dos serviços públicos de Santa Fé do Sul/SP, conforme condições estabelecidas no anexo I e apêndices deste edital.;2026-08-12;2026-08-12;2027-08-11;0;;2026-08-24T19:23:54+00:00
45138070000149-1-000597/2026-000007;45138070000149-1-000597/2026;97;2026;45138070000149;MUNICIPIO DE SANTA FE DO SUL;3546603;REGISTRO DE PREÇOS, para eventual e futura aquisição de tintas viárias e materiais de sinalização para o atendimento das demandas dos serviços públicos de Santa Fé do Sul/SP, conforme condições estabelecidas no anexo I e apêndices deste edital.;2026-08-12;2026-08-12;2027-08-11;0;;2026-08-24T19:23:54+00:00
45138070000149-1-000597/2026-000006;45138070000149-1-000597/2026;96;2026;45138070000149;MUNICIPIO DE SANTA FE DO SUL;3546603;REGISTRO DE PREÇOS, para eventual e futura aquisição de tintas viárias e materiais de sinalização para o atendimento das demandas dos serviços públicos de Santa Fé do Sul/SP, conforme condições estabelecidas no anexo I e apêndices deste edital.;2026-08-12;2026-08-12;2027-08-11;0;;2026-08-24T19:23:54+00:00
45138070000149-1-000597/2026-000005;45138070000149-1-000597/2026;95;2026;45138070000149;MUNICIPIO DE SANTA FE DO SUL;3546603;REGISTRO DE PREÇOS, para eventual e futura aquisição de tintas viárias e materiais de sinalização para o atendimento das demandas dos serviços públicos de Santa Fé do Sul/SP, conforme condições estabelecidas no anexo I e apêndices deste edital.;2026-08-12;2026-08-12;2027-08-11;0;;2026-08-24T19:23:54+00:00
45138070000149-1-000597/2026-000004;45138070000149-1-000597/2026;94;2026;45138070000149;MUNICIPIO DE SANTA FE DO SUL;3546603;REGISTRO DE PREÇOS, para eventual e futura aquisição de tintas viárias e materiais de sinalização para o atendimento das demandas dos serviços públicos de Santa Fé do Sul/SP, conforme condições estabelecidas no anexo I e apêndices deste edital.;2026-08-12;2026-08-12;2027-08-11;0;;2026-08-24T19:23:54+00:00
45138070000149-1-000597/2026-000003;45138070000149-1-000597/2026;93;2026;45138070000149;MUNICIPIO DE SANTA FE DO SUL;3546603;REGISTRO DE PREÇOS, para eventual e futura aquisição de tintas viárias e materiais de sinalização para o atendimento das demandas dos serviços públicos de Santa Fé do Sul/SP, conforme condições estabelecidas no anexo I e apêndices deste edital.;2026-08-12;2026-08-12;2027-08-11;0;;2026-08-24T19:23:54+00:00
45138070000149-1-000597/2026-000002;45138070000149-1-000597/2026;92;2026;45138070000149;MUNICIPIO DE SANTA FE DO SUL;3546603;REGISTRO DE PREÇOS, para eventual e futura aquisição de tintas viárias e materiais de sinalização para o atendimento das demandas dos serviços públicos de Santa Fé do Sul/SP, conforme condições estabelecidas no anexo I e apêndices deste edital.;2026-08-12;2026-08-12;2027-08-11;0;;2026-08-24T19:23:54+00:00
45138070000149-1-000597/2026-000001;45138070000149-1-000597/2026;91;2026;45138070000149;MUNICIPIO DE SANTA FE DO SUL;3546603;REGISTRO DE PREÇOS, para eventual e futura aquisição de tintas viárias e materiais de sinalização para o atendimento das demandas dos serviços públicos de Santa Fé do Sul/SP, conforme condições estabelecidas no anexo I e apêndices deste edital.;2026-08-12;2026-08-12;2027-08-11;0;;2026-08-24T19:23:54+00:00
45138070000149-1-000568/2026-000025;45138070000149-1-000568/2026;88;2026;45138070000149;MUNICIPIO DE SANTA FE DO SUL;3546603;Visa-se o REGISTRO DE PREÇOS visando a futura e eventual aquisição de material de higiene e limpeza para diversos setores da Administração, com entrega parcelada, conforme Anexo I, por tempo determinado.;2026-07-28;2026-07-28;2027-07-27;0;;2026-08-24T19:23:54+00:00
45138070000149-1-000568/2026-000024;45138070000149-1-000568/2026;87;2026;45138070000149;MUNICIPIO DE SANTA FE DO SUL;3546603;Visa-se o REGISTRO DE PREÇOS visando a futura e eventual aquisição de material de higiene e limpeza para diversos setores da Administração, com entrega parcelada, conforme Anexo I, por tempo determinado.;2026-07-28;2026-07-28;2027-07-27;0;;2026-08-24T19:23:54+00:00
45138070000149-1-000568/2026-000023;45138070000149-1-000568/2026;86;2026;45138070000149;MUNICIPIO DE SANTA FE DO SUL;3546603;Visa-se o REGISTRO DE PREÇOS visando a futura e eventual aquisição de material de higiene e limpeza para diversos setores da Administração, com entrega parcelada, conforme Anexo I, por tempo determinado.;2026-07-28;2026-07-28;2027-07-27;0;;2026-08-24T19:23:54+00:00
45138070000149-1-000568/2026-000022;45138070000149-1-000568/2026;85;2026;45138070000149;MUNICIPIO DE SANTA FE DO SUL;3546603;Visa-se o REGISTRO DE PREÇOS visando a futura e eventual aquisição de material de higiene e limpeza para diversos setores da Administração, com entrega parcelada, conforme Anexo I, por tempo determinado.;2026-07-28;2026-07-28;2027-07-27;0;;2026-08-24T19:23:54+00:00
45138070000149-1-000568/2026-000021;45138070000149-1-000568/2026;84;2026;45138070000149;MUNICIPIO DE SANTA FE DO SUL;3546603;Visa-se o REGISTRO DE PREÇOS visando a futura e eventual aquisição de material de higiene e limpeza para diversos setores da Administração, com entrega parcelada, conforme Anexo I, por tempo determinado.;2026-07-28;2026-07-28;2027-07-27;0;;2026-08-24T19:23:54+00:00
45138070000149-1-000568/2026-000020;45138070000149-1-000568/2026;83;2026;45138070000149;MUNICIPIO DE SANTA FE DO SUL;3546603;Visa-se o REGISTRO DE PREÇOS visando a futura e eventual aquisição de material de higiene e limpeza para diversos setores da Administração, com entrega parcelada, conforme Anexo I, por tempo determinado.;2026-07-28;2026-07-28;2027-07-27;0;;2026-08-24T19:23:54+00:00
45138070000149-1-000568/2026-000019;45138070000149-1-000568/2026;82;2026;45138070000149;MUNICIPIO DE SANTA FE DO SUL;3546603;Visa-se o REGISTRO DE PREÇOS visando a futura e eventual aquisição de material de higiene e limpeza para diversos setores da Administração, com entrega parcelada, conforme Anexo I, por tempo determinado.;2026-07-28;2026-07-28;2027-07-27;0;;2026-08-24T19:23:54+00:00
45138070000149-1-000568/2026-000018;45138070000149-1-000568/2026;81;2026;45138070000149;MUNICIPIO DE SANTA FE DO SUL;3546603;Visa-se o REGISTRO DE PREÇOS visando a futura e eventual aquisição de material de higiene e limpeza para diversos setores da Administração, com entrega parcelada, conforme Anexo I, por tempo determinado.;2026-07-28;2026-07-28;2027-07-27;0;;2026-08-24T19:23:54+00:00
45138070000149-1-000568/2026-000017;45138070000149-1-000568/2026;80;2026;45138070000149;MUNICIPIO DE SANTA FE DO SUL;3546603;Visa-se o REGISTRO DE PREÇOS visando a futura e eventual aquisição de material de higiene e limpeza para diversos setores da Administração, com entrega parcelada, conforme Anexo I, por tempo determinado.;2026-07-28;2026-07-28;2027-07-27;0;;2026-08-24T19:23:54+00:00
45138070000149-1-000568/2026-000016;45138070000149-1-000568/2026;79;2026;45138070000149;MUNICIPIO DE SANTA FE DO SUL;3546603;Visa-se o REGISTRO DE PREÇOS visando a futura e eventual aquisição de material de higiene e limpeza para diversos setores da Administração, com entrega parcelada, conforme Anexo I, por tempo determinado.;2026-07-28;2026-07-28;2027-07-27;0;;2026-08-24T19:23:54+00:00
45138070000149-1-000568/2026-000015;45138070000149-1-000568/2026;78;2026;45138070000149;MUNICIPIO DE SANTA FE DO SUL;3546603;Visa-se o REGISTRO DE PREÇOS visando a futura e eventual aquisição de material de higiene e limpeza para diversos setores da Administração, com entrega parcelada, conforme Anexo I, por tempo determinado.;2026-07-28;2026-07-28;2027-07-27;0;;2026-08-24T19:23:54+00:00
45138070000149-1-000568/2026-000014;45138070000149-1-000568/2026;77;2026;45138070000149;MUNICIPIO DE SANTA FE DO SUL;3546603;Visa-se o REGISTRO DE PREÇOS visando a futura e eventual aquisição de material de higiene e limpeza para diversos setores da Administração, com entrega parcelada, conforme Anexo I, por tempo determinado.;2026-07-28;2026-07-28;2027-07-27;0;;2026-08-24T19:23:54+00:00
45138070000149-1-000568/2026-000013;45138070000149-1-000568/2026;76;2026;45138070000149;MUNICIPIO DE SANTA FE DO SUL;3546603;Visa-se o REGISTRO DE PREÇOS visando a futura e eventual aquisição de material de higiene e limpeza para diversos setores da Administração, com entrega parcelada, conforme Anexo I, por tempo determinado.;2026-07-28;2026-07-28;2027-07-27;0;;2026-08-24T19:23:54+00:00
45138070000149-1-000568/2026-000012;45138070000149-1-000568/2026;75;2026;45138070000149;MUNICIPIO DE SANTA FE DO SUL;3546603;Visa-se o REGISTRO DE PREÇOS visando a futura e eventual aquisição de material de higiene e limpeza para diversos setores da Administração, com entrega parcelada, conforme Anexo I, por tempo determinado.;2026-07-28;2026-07-28;2027-07-27;0;;2026-08-24T19:23:54+00:00
45138070000149-1-000568/2026-000011;45138070000149-1-000568/2026;74;2026;45138070000149;MUNICIPIO DE SANTA FE DO SUL;3546603;Visa-se o REGISTRO DE PREÇOS visando a futura e eventual aquisição de material de higiene e limpeza para diversos setores da Administração, com entrega parcelada, conforme Anexo I, por tempo determinado.;2026-07-28;2026-07-28;2027-07-27;0;;2026-08-24T19:23:54+00:00
45138070000149-1-000568/2026-000010;45138070000149-1-000568/2026;73;2026;45138070000149;MUNICIPIO DE SANTA FE DO SUL;3546603;Visa-se o REGISTRO DE PREÇOS visando a futura e eventual aquisição de material de higiene e limpeza para diversos setores da Administração, com entrega parcelada, conforme Anexo I, por tempo determinado.;2026-07-28;2026-07-28;2027-07-27;0;;2026-08-24T19:23:54+00:00
45138070000149-1-000568/2026-000009;45138070000149-1-000568/2026;72;2026;45138070000149;MUNICIPIO DE SANTA FE DO SUL;3546603;Visa-se o REGISTRO DE PREÇOS visando a futura e eventual aquisição de material de higiene e limpeza para diversos setores da Administração, com entrega parcelada, conforme Anexo I, por tempo determinado.;2026-07-28;2026-07-28;2027-07-27;0;;2026-08-24T19:23:54+00:00
45138070000149-1-000568/2026-000008;45138070000149-1-000568/2026;71;2026;45138070000149;MUNICIPIO DE SANTA FE DO SUL;3546603;Visa-se o REGISTRO DE PREÇOS visando a futura e eventual aquisição de material de higiene e limpeza para diversos setores da Administração, com entrega parcelada, conforme Anexo I, por tempo determinado.;2026-07-28;2026-07-28;2027-07-27;0;;2026-08-24T19:23:54+00:00
45138070000149-1-000568/2026-000007;45138070000149-1-000568/2026;70;2026;45138070000149;MUNICIPIO DE SANTA FE DO SUL;3546603;Visa-se o REGISTRO DE PREÇOS visando a futura e eventual aquisição de material de higiene e limpeza para diversos setores da Administração, com entrega parcelada, conforme Anexo I, por tempo determinado.;2026-07-28;2026-07-28;2027-07-27;0;;2026-08-24T19:23:54+00:00
45138070000149-1-000568/2026-000006;45138070000149-1-000568/2026;69;2026;45138070000149;MUNICIPIO DE SANTA FE DO SUL;3546603;Visa-se o REGISTRO DE PREÇOS visando a futura e eventual aquisição de material de higiene e limpeza para diversos setores da Administração, com entrega parcelada, conforme Anexo I, por tempo determinado.;2026-07-28;2026-07-28;2027-07-27;0;;2026-08-24T19:23:54+00:00
45138070000149-1-000568/2026-000005;45138070000149-1-000568/2026;68;2026;45138070000149;MUNICIPIO DE SANTA FE DO SUL;3546603;Visa-se o REGISTRO DE PREÇOS visando a futura e eventual aquisição de material de higiene e limpeza para diversos setores da Administração, com entrega parcelada, conforme Anexo I, por tempo determinado.;2026-07-28;2026-07-28;2027-07-27;0;;2026-08-24T19:23:54+00:00
45138070000149-1-000568/2026-000004;45138070000149-1-000568/2026;67;2026;45138070000149;MUNICIPIO DE SANTA FE DO SUL;3546603;Visa-se o REGISTRO DE PREÇOS visando a futura e eventual aquisição de material de higiene e limpeza para diversos setores da Administração, com entrega parcelada, conforme Anexo I, por tempo determinado.;2026-07-28;2026-07-28;2027-07-27;0;;2026-08-24T19:23:54+00:00
45138070000149-1-000568/2026-000003;45138070000149-1-000568/2026;66;2026;45138070000149;MUNICIPIO DE SANTA FE DO SUL;3546603;Visa-se o REGISTRO DE PREÇOS visando a futura e eventual aquisição de material de higiene e limpeza para diversos setores da Administração, com entrega parcelada, conforme Anexo I, por tempo determinado.;2026-07-28;2026-07-28;2027-07-27;0;;2026-08-24T19:23:54+00:00
45138070000149-1-000568/2026-000002;45138070000149-1-000568/2026;65;2026;45138070000149;MUNICIPIO DE SANTA FE DO SUL;3546603;Visa-se o REGISTRO DE PREÇOS visando a futura e eventual aquisição de material de higiene e limpeza para diversos setores da Administração, com entrega parcelada, conforme Anexo I, por tempo determinado.;2026-07-28;2026-07-28;2027-07-27;0;;2026-08-24T19:23:54+00:00
45138070000149-1-000568/2026-000001;45138070000149-1-000568/2026;64;2026;45138070000149;MUNICIPIO DE SANTA FE DO SUL;3546603;Visa-se o REGISTRO DE PREÇOS visando a futura e eventual aquisição de material de higiene e limpeza para diversos setores da Administração, com entrega parcelada, conforme Anexo I, por tempo determinado.;2026-07-28;2026-07-28;2027-07-27;0;;2026-08-24T19:23:54+00:00
45138070000149-1-000627/2026-000015;45138070000149-1-000627/2026;90;2026;45138070000149;MUNICIPIO DE SANTA FE DO SUL;3546603;Visa-se o REGISTRO DE PREÇOS para futura e eventual aquisição de materiais de expediente, destinados ao atendimento das necessidades das Secretarias e Departamentos do Município de Santa Fé do Sul/SP, a serem utilizados em atividades administrativas e pedagógicas, pelo período de 12 (doze) meses, com fornecimento de forma parcelada, conforme a demanda, observadas as condições, quantidades e exigências estabelecidas no Edital e em seus anexos.;2026-07-27;2026-07-27;2027-07-26;0;;2026-08-24T19:23:54+00:00
45138070000149-1-000627/2026-000014;45138070000149-1-000627/2026;89;2026;45138070000149;MUNICIPIO DE SANTA FE DO SUL;3546603;Visa-se o REGISTRO DE PREÇOS para futura e eventual aquisição de materiais de expediente, destinados ao atendimento das necessidades das Secretarias e Departamentos do Município de Santa Fé do Sul/SP, a serem utilizados em atividades administrativas e pedagógicas, pelo período de 12 (doze) meses, com fornecimento de forma parcelada, conforme a demanda, observadas as condições, quantidades e exigências estabelecidas no Edital e em seus anexos.;2026-07-27;2026-07-27;2027-07-26;0;;2026-08-24T19:23:54+00:00
45138070000149-1-000668/2026-000001;45138070000149-1-000668/2026;63;2026;45138070000149;MUNICIPIO DE SANTA FE DO SUL;3546603;REGISTRO DE PREÇOS para futura e eventual aquisição de materiais de consumo (Água Mineral e Gás), com entrega parcelada, conforme condições, quantidades e exigências estabelecidas no Anexo I deste edital, por tempo determinado.;2026-07-22;2026-07-22;2027-07-21;0;;2026-08-24T19:23:54+00:00
45138070000149-1-000516/2026-000004;45138070000149-1-000516/2026;62;2026;45138070000149;MUNICIPIO DE SANTA FE DO SUL;3546603;Registro de Preços visando a futura e eventual aquisição de dietas, leites e suplementos para atendimento de demandas judiciais , aos usuários da rede de saúde pública atendidos pelo Núcleo de Apoio a Saúde (NAS) e crianças e adolescentes acolhidos pela Casa Lar, conforme condições e exigências estabelecidas neste edital e seus anexos.;2026-07-16;2026-07-16;2027-07-15;0;;2026-08-24T19:23:54+00:00
45138070000149-1-000516/2026-000003;45138070000149-1-000516/2026;61;2026;45138070000149;MUNICIPIO DE SANTA FE DO SUL;3546603;Registro de Preços visando a futura e eventual aquisição de dietas, leites e suplementos para atendimento de demandas judiciais , aos usuários da rede de saúde pública atendidos pelo Núcleo de Apoio a Saúde (NAS) e crianças e adolescentes acolhidos pela Casa Lar, conforme condições e exigências estabelecidas neste edital e seus anexos.;2026-07-16;2026-07-16;2027-07-15;0;;2026-08-24T19:23:54+00:00
45138070000149-1-000516/2026-000002;45138070000149-1-000516/2026;60;2026;45138070000149;MUNICIPIO DE SANTA FE DO SUL;3546603;Registro de Preços visando a futura e eventual aquisição de dietas, leites e suplementos para atendimento de demandas judiciais , aos usuários da rede de saúde pública atendidos pelo Núcleo de Apoio a Saúde (NAS) e crianças e adolescentes acolhidos pela Casa Lar, conforme condições e exigências estabelecidas neste edital e seus anexos.;2026-07-16;2026-07-16;2027-07-15;0;;2026-08-24T19:23:54+00:00
45138070000149-1-000516/2026-000001;45138070000149-1-000516/2026;59;2026;45138070000149;MUNICIPIO DE SANTA FE DO SUL;3546603;Registro de Preços visando a futura e eventual aquisição de dietas, leites e suplementos para atendimento de demandas judiciais , aos usuários da rede de saúde pública atendidos pelo Núcleo de Apoio a Saúde (NAS) e crianças e adolescentes acolhidos pela Casa Lar, conforme condições e exigências estabelecidas neste edital e seus anexos.;2026-07-16;2026-07-16;2027-07-15;0;;2026-08-24T19:23:54+00:00
45138070000149-1-000627/2026-000013;45138070000149-1-000627/2026;53;2026;45138070000149;MUNICIPIO DE SANTA FE DO SUL;3546603;Visa-se o REGISTRO DE PREÇOS para futura e eventual aquisição de materiais de expediente, destinados ao atendimento das necessidades das Secretarias e Departamentos do Município de Santa Fé do Sul/SP, a serem utilizados em atividades administrativas e pedagógicas, pelo período de 12 (doze) meses, com fornecimento de forma parcelada, conforme a demanda, observadas as condições, quantidades e exigências estabelecidas no Edital e em seus anexos.;2026-06-30;2026-06-30;2027-06-29;0;;2026-08-24T19:23:54+00:00
45138070000149-1-000627/2026-000012;45138070000149-1-000627/2026;52;2026;45138070000149;MUNICIPIO DE SANTA FE DO SUL;3546603;Visa-se o REGISTRO DE PREÇOS para futura e eventual aquisição de materiais de expediente, destinados ao atendimento das necessidades das Secretarias e Departamentos do Município de Santa Fé do Sul/SP, a serem utilizados em atividades administrativas e pedagógicas, pelo período de 12 (doze) meses, com fornecimento de forma parcelada, conforme a demanda, observadas as condições, quantidades e exigências estabelecidas no Edital e em seus anexos.;2026-06-30;2026-06-30;2027-06-29;0;;2026-08-24T19:23:54+00:00
45138070000149-1-000627/2026-000011;45138070000149-1-000627/2026;51;2026;45138070000149;MUNICIPIO DE SANTA FE DO SUL;3546603;Visa-se o REGISTRO DE PREÇOS para futura e eventual aquisição de materiais de expediente, destinados ao atendimento das necessidades das Secretarias e Departamentos do Município de Santa Fé do Sul/SP, a serem utilizados em atividades administrativas e pedagógicas, pelo período de 12 (doze) meses, com fornecimento de forma parcelada, conforme a demanda, observadas as condições, quantidades e exigências estabelecidas no Edital e em seus anexos.;2026-06-30;2026-06-30;2027-06-29;0;;2026-08-24T19:23:54+00:00
45138070000149-1-000627/2026-000010;45138070000149-1-000627/2026;50;2026;45138070000149;MUNICIPIO DE SANTA FE DO SUL;3546603;Visa-se o REGISTRO DE PREÇOS para futura e eventual aquisição de materiais de expediente, destinados ao atendimento das necessidades das Secretarias e Departamentos do Município de Santa Fé do Sul/SP, a serem utilizados em atividades administrativas e pedagógicas, pelo período de 12 (doze) meses, com fornecimento de forma parcelada, conforme a demanda, observadas as condições, quantidades e exigências estabelecidas no Edital e em seus anexos.;2026-06-30;2026-06-30;2027-06-29;0;;2026-08-24T19:23:54+00:00
45138070000149-1-000627/2026-000009;45138070000149-1-000627/2026;49;2026;45138070000149;MUNICIPIO DE SANTA FE DO SUL;3546603;Visa-se o REGISTRO DE PREÇOS para futura e eventual aquisição de materiais de expediente, destinados ao atendimento das necessidades das Secretarias e Departamentos do Município de Santa Fé do Sul/SP, a serem utilizados em atividades administrativas e pedagógicas, pelo período de 12 (doze) meses, com fornecimento de forma parcelada, conforme a demanda, observadas as condições, quantidades e exigências estabelecidas no Edital e em seus anexos.;2026-06-30;2026-06-30;2027-06-29;0;;2026-08-24T19:23:54+00:00
45138070000149-1-000627/2026-000008;45138070000149-1-000627/2026;48;2026;45138070000149;MUNICIPIO DE SANTA FE DO SUL;3546603;Visa-se o REGISTRO DE PREÇOS para futura e eventual aquisição de materiais de expediente, destinados ao atendimento das necessidades das Secretarias e Departamentos do Município de Santa Fé do Sul/SP, a serem utilizados em atividades administrativas e pedagógicas, pelo período de 12 (doze) meses, com fornecimento de forma parcelada, conforme a demanda, observadas as condições, quantidades e exigências estabelecidas no Edital e em seus anexos.;2026-06-30;2026-06-30;2027-06-29;0;;2026-08-24T19:23:54+00:00
45138070000149-1-000627/2026-000007;45138070000149-1-000627/2026;47;2026;45138070000149;MUNICIPIO DE SANTA FE DO SUL;3546603;Visa-se o REGISTRO DE PREÇOS para futura e eventual aquisição de materiais de expediente, destinados ao atendimento das necessidades das Secretarias e Departamentos do Município de Santa Fé do Sul/SP, a serem utilizados em atividades administrativas e pedagógicas, pelo período de 12 (doze) meses, com fornecimento de forma parcelada, conforme a demanda, observadas as condições, quantidades e exigências estabelecidas no Edital e em seus anexos.;2026-06-30;2026-06-30;2027-06-29;0;;2026-08-24T19:23:54+00:00
45138070000149-1-000627/2026-000006;45138070000149-1-000627/2026;45;2026;45138070000149;MUNICIPIO DE SANTA FE DO SUL;3546603;Visa-se o REGISTRO DE PREÇOS para futura e eventual aquisição de materiais de expediente, destinados ao atendimento das necessidades das Secretarias e Departamentos do Município de Santa Fé do Sul/SP, a serem utilizados em atividades administrativas e pedagógicas, pelo período de 12 (doze) meses, com fornecimento de forma parcelada, conforme a demanda, observadas as condições, quantidades e exigências estabelecidas no Edital e em seus anexos.;2026-06-30;2026-06-30;2027-06-29;0;;2026-08-24T19:23:54+00:00
45138070000149-1-000627/2026-000005;45138070000149-1-000627/2026;44;2026;45138070000149;MUNICIPIO DE SANTA FE DO SUL;3546603;Visa-se o REGISTRO DE PREÇOS para futura e eventual aquisição de materiais de expediente, destinados ao atendimento das necessidades das Secretarias e Departamentos do Município de Santa Fé do Sul/SP, a serem utilizados em atividades administrativas e pedagógicas, pelo período de 12 (doze) meses, com fornecimento de forma parcelada, conforme a demanda, observadas as condições, quantidades e exigências estabelecidas no Edital e em seus anexos.;2026-06-30;2026-06-30;2027-06-29;0;;2026-08-24T19:23:54+00:00
45138070000149-1-000627/2026-000004;45138070000149-1-000627/2026;43;2026;45138070000149;MUNICIPIO DE SANTA FE DO SUL;3546603;Visa-se o REGISTRO DE PREÇOS para futura e eventual aquisição de materiais de expediente, destinados ao atendimento das necessidades das Secretarias e Departamentos do Município de Santa Fé do Sul/SP, a serem utilizados em atividades administrativas e pedagógicas, pelo período de 12 (doze) meses, com fornecimento de forma parcelada, conforme a demanda, observadas as condições, quantidades e exigências estabelecidas no Edital e em seus anexos.;2026-06-30;2026-06-30;2027-06-29;0;;2026-08-24T19:23:54+00:00
45138070000149-1-000627/2026-000003;45138070000149-1-000627/2026;41;2026;45138070000149;MUNICIPIO DE SANTA FE DO SUL;3546603;Visa-se o REGISTRO DE PREÇOS para futura e eventual aquisição de materiais de expediente, destinados ao atendimento das necessidades das Secretarias e Departamentos do Município de Santa Fé do Sul/SP, a serem utilizados em atividades administrativas e pedagógicas, pelo período de 12 (doze) meses, com fornecimento de forma parcelada, conforme a demanda, observadas as condições, quantidades e exigências estabelecidas no Edital e em seus anexos.;2026-06-30;2026-06-30;2027-06-29;0;;2026-08-24T19:23:54+00:00
45138070000149-1-000627/2026-000002;45138070000149-1-000627/2026;40;2026;45138070000149;MUNICIPIO DE SANTA FE DO SUL;3546603;Visa-se o REGISTRO DE PREÇOS para futura e eventual aquisição de materiais de expediente, destinados ao atendimento das necessidades das Secretarias e Departamentos do Município de Santa Fé do Sul/SP, a serem utilizados em atividades administrativas e pedagógicas, pelo período de 12 (doze) meses, com fornecimento de forma parcelada, conforme a demanda, observadas as condições, quantidades e exigências estabelecidas no Edital e em seus anexos.;2026-06-30;2026-06-30;2027-06-29;0;;2026-08-24T19:23:54+00:00
45138070000149-1-000627/2026-000001;45138070000149-1-000627/2026;39;2026;45138070000149;MUNICIPIO DE SANTA FE DO SUL;3546603;Visa-se o REGISTRO DE PREÇOS para futura e eventual aquisição de materiais de expediente, destinados ao atendimento das necessidades das Secretarias e Departamentos do Município de Santa Fé do Sul/SP, a serem utilizados em atividades administrativas e pedagógicas, pelo período de 12 (doze) meses, com fornecimento de forma parcelada, conforme a demanda, observadas as condições, quantidades e exigências estabelecidas no Edital e em seus anexos.;2026-06-30;2026-06-30;2027-06-29;0;;2026-08-24T19:23:54+00:00
45138070000149-1-000394/2026-000003;45138070000149-1-000394/2026;56;2026;45138070000149;MUNICIPIO DE SANTA FE DO SUL;3546603;Visa-se o Registro de Preços para futura e eventual aquisição de bolsas de ostomia e congêneres para atender às necessidades da Secretaria de Saúde, conforme condições e exigências estabelecidas neste instrumento.;2026-06-24;2026-06-24;2027-06-23;0;;2026-08-24T19:23:54+00:00
45138070000149-1-000394/2026-000002;45138070000149-1-000394/2026;55;2026;45138070000149;MUNICIPIO DE SANTA FE DO SUL;3546603;Visa-se o Registro de Preços para futura e eventual aquisição de bolsas de ostomia e congêneres para atender às necessidades da Secretaria de Saúde, conforme condições e exigências estabelecidas neste instrumento.;2026-06-24;2026-06-24;2027-06-23;0;;2026-08-24T19:23:54+00:00
45138070000149-1-000394/2026-000001;45138070000149-1-000394/2026;54;2026;45138070000149;MUNICIPIO DE SANTA FE DO SUL;3546603;Visa-se o Registro de Preços para futura e eventual aquisição de bolsas de ostomia e congêneres para atender às necessidades da Secretaria de Saúde, conforme condições e exigências estabelecidas neste instrumento.;2026-06-24;2026-06-24;2027-06-23;0;;2026-08-24T19:23:54+00:00
45138070000149-1-000376/2026-000002;45138070000149-1-000376/2026;58;2026;45138070000149;MUNICIPIO DE SANTA FE DO SUL;3546603;Visa-se o REGISTRO DE PREÇOS para futura e eventual aquisição de Concreto Betuminoso Usinado à Quente (C.B.U.Q.) e Concreto Usinado com resistência característica Fck 20 MPa e Fck 25 MPa, destinados ao atendimento das necessidades da Secretaria de Obras e Serviços Públicos e do Departamento de Conservação do Município de Santa Fé do Sul/SP, pelo período de 12 (doze) meses, com fornecimento de forma parcelada, conforme a demanda, observadas as condições, quantidades e exigências estabelecidas no Edital e em seus anexos.;2026-06-22;2026-06-22;2027-06-21;0;;2026-08-24T19:23:54+00:00
45138070000149-1-000376/2026-000001;45138070000149-1-000376/2026;57;2026;45138070000149;MUNICIPIO DE SANTA FE DO SUL;3546603;Visa-se o REGISTRO DE PREÇOS para futura e eventual aquisição de Concreto Betuminoso Usinado à Quente (C.B.U.Q.) e Concreto Usinado com resistência característica Fck 20 MPa e Fck 25 MPa, destinados ao atendimento das necessidades da Secretaria de Obras e Serviços Públicos e do Departamento de Conservação do Município de Santa Fé do Sul/SP, pelo período de 12 (doze) meses, com fornecimento de forma parcelada, conforme a demanda, observadas as condições, quantidades e exigências estabelecidas no Edital e em seus anexos.;2026-06-22;2026-06-22;2027-06-21;0;;2026-08-24T19:23:54+00:00
45138070000149-1-000378/2026-000005;45138070000149-1-000378/2026;38;2026;45138070000149;MUNICIPIO DE SANTA FE DO SUL;3546603;Visa-se o Registro de Preços visando a futura e eventual aquisição de diversos Materiais/Insumos Odontológicos, necessários às Unidades de Saúde Bucal do Município, para entrega parcelada, por tempo determinado, conforme especificações e quantidades estabelecidas no anexo I deste edital.;2026-06-10;2026-06-10;2027-06-09;0;;2026-08-24T19:23:54+00:00
45138070000149-1-000378/2026-000004;45138070000149-1-000378/2026;37;2026;45138070000149;MUNICIPIO DE SANTA FE DO SUL;3546603;Visa-se o Registro de Preços visando a futura e eventual aquisição de diversos Materiais/Insumos Odontológicos, necessários às Unidades de Saúde Bucal do Município, para entrega parcelada, por tempo determinado, conforme especificações e quantidades estabelecidas no anexo I deste edital.;2026-06-09;2026-06-09;2027-06-08;0;;2026-08-24T19:23:54+00:00
45138070000149-1-000378/2026-000003;45138070000149-1-000378/2026;36;2026;45138070000149;MUNICIPIO DE SANTA FE DO SUL;3546603;Visa-se o Registro de Preços visando a futura e eventual aquisição de diversos Materiais/Insumos Odontológicos, necessários às Unidades de Saúde Bucal do Município, para entrega parcelada, por tempo determinado, conforme especificações e quantidades estabelecidas no anexo I deste edital.;2026-06-08;2026-06-08;2027-06-07;0;;2026-08-24T19:23:54+00:00
45138070000149-1-000378/2026-000002;45138070000149-1-000378/2026;35;2026;45138070000149;MUNICIPIO DE SANTA FE DO SUL;3546603;Visa-se o Registro de Preços visando a futura e eventual aquisição de diversos Materiais/Insumos Odontológicos, necessários às Unidades de Saúde Bucal do Município, para entrega parcelada, por tempo determinado, conforme especificações e quantidades estabelecidas no anexo I deste edital.;2026-06-08;2026-06-08;2027-06-07;0;;2026-08-24T19:23:54+00:00
45138070000149-1-000378/2026-000001;45138070000149-1-000378/2026;34;2026;45138070000149;MUNICIPIO DE SANTA FE DO SUL;3546603;Visa-se o Registro de Preços visando a futura e eventual aquisição de diversos Materiais/Insumos Odontológicos, necessários às Unidades de Saúde Bucal do Município, para entrega parcelada, por tempo determinado, conforme especificações e quantidades estabelecidas no anexo I deste edital.;2026-06-08;2026-06-08;2027-06-07;0;;2026-08-24T19:23:54+00:00
45138070000149-1-001344/2025-000027;45138070000149-1-001344/2025;33;2026;45138070000149;MUNICIPIO DE SANTA FE DO SUL;3546603;Registro de preços para futura e eventual aquisição de materiais /insumos odontológicos.;2026-05-29;2026-05-29;2027-05-29;0;;2026-08-24T19:23:54+00:00
45138070000149-1-001344/2025-000026;45138070000149-1-001344/2025;32;2026;45138070000149;MUNICIPIO DE SANTA FE DO SUL;3546603;Registro de preços para futura e eventual aquisição de materiais /insumos odontológicos.;2026-05-29;2026-05-29;2027-05-29;0;;2026-08-24T19:23:54+00:00
45138070000149-1-000425/2026-000001;45138070000149-1-000425/2026;31;2026;45138070000149;MUNICIPIO DE SANTA FE DO SUL;3546603;Registro de Preços para futura e eventual contratação de empresa especializada no fornecimento de marmitas para atender às necessidades das Secretarias do Município de Santa Fé do Sul - SP, pelo período de 12 (doze) meses, conforme condições e exigências estabelecidas no Edital e em seus anexos.;2026-05-25;2026-05-25;2027-05-24;0;;2026-08-24T19:23:54+00:00
45138070000149-1-000300/2026-000008;45138070000149-1-000300/2026;30;2026;45138070000149;MUNICIPIO DE SANTA FE DO SUL;3546603;Aquisição de material hidráulico para atender às necessidades de manutenção preventiva e corretiva das instalações prediais do município.;2026-05-13;2026-05-13;2027-05-12;0;;2026-08-24T19:23:54+00:00
45138070000149-1-000300/2026-000007;45138070000149-1-000300/2026;29;2026;45138070000149;MUNICIPIO DE SANTA FE DO SUL;3546603;Aquisição de material hidráulico para atender às necessidades de manutenção preventiva e corretiva das instalações prediais do município.;2026-05-13;2026-05-13;2027-05-12;0;;2026-08-24T19:23:54+00:00
45138070000149-1-000300/2026-000006;45138070000149-1-000300/2026;28;2026;45138070000149;MUNICIPIO DE SANTA FE DO SUL;3546603;Aquisição de material hidráulico para atender às necessidades de manutenção preventiva e corretiva das instalações prediais do município.;2026-05-13;2026-05-13;2027-05-12;0;;2026-08-24T19:23:54+00:00
45138070000149-1-000300/2026-000005;45138070000149-1-000300/2026;27;2026;45138070000149;MUNICIPIO DE SANTA FE DO SUL;3546603;Aquisição de material hidráulico para atender às necessidades de manutenção preventiva e corretiva das instalações prediais do município.;2026-05-13;2026-05-13;2027-05-12;0;;2026-08-24T19:23:54+00:00
45138070000149-1-000300/2026-000004;45138070000149-1-000300/2026;26;2026;45138070000149;MUNICIPIO DE SANTA FE DO SUL;3546603;Aquisição de material hidráulico para atender às necessidades de manutenção preventiva e corretiva das instalações prediais do município.;2026-05-13;2026-05-13;2027-05-12;0;;2026-08-24T19:23:54+00:00
45138070000149-1-000300/2026-000003;45138070000149-1-000300/2026;25;2026;45138070000149;MUNICIPIO DE SANTA FE DO SUL;3546603;Aquisição de material hidráulico para atender às necessidades de manutenção preventiva e corretiva das instalações prediais do município.;2026-05-13;2026-05-13;2027-05-12;0;;2026-08-24T19:23:54+00:00
45138070000149-1-000300/2026-000002;45138070000149-1-000300/2026;24;2026;45138070000149;MUNICIPIO DE SANTA FE DO SUL;3546603;Aquisição de material hidráulico para atender às necessidades de manutenção preventiva e corretiva das instalações prediais do município.;2026-05-13;2026-05-13;2027-05-12;0;;2026-08-24T19:23:54+00:00
45138070000149-1-000300/2026-000001;45138070000149-1-000300/2026;23;2026;45138070000149;MUNICIPIO DE SANTA FE DO SUL;3546603;Aquisição de material hidráulico para atender às necessidades de manutenção preventiva e corretiva das instalações prediais do município.;2026-05-13;2026-05-13;2027-05-12;0;;2026-08-24T19:23:54+00:00
45138070000149-1-000253/2026-000011;45138070000149-1-000253/2026;22;2026;45138070000149;MUNICIPIO DE SANTA FE DO SUL;3546603;Visa-se o REGISTRO DE PREÇOS para futura e eventual aquisição de materiais gráficos, destinados ao atendimento das necessidades das Secretarias e Departamentos do Município de Santa Fé do Sul/SP, a serem utilizados em atividades administrativas, institucionais, educativas, informativas e promocionais, pelo período de 12 (doze) meses, com fornecimento de forma parcelada, conforme a demanda, observadas as condições, quantidades e exigências estabelecidas no Edital e em seus anexos.;2026-05-07;2026-05-07;2027-05-06;0;;2026-08-24T19:23:54+00:00
45138070000149-1-000253/2026-000010;45138070000149-1-000253/2026;21;2026;45138070000149;MUNICIPIO DE SANTA FE DO SUL;3546603;Visa-se o REGISTRO DE PREÇOS para futura e eventual aquisição de materiais gráficos, destinados ao atendimento das necessidades das Secretarias e Departamentos do Município de Santa Fé do Sul/SP, a serem utilizados em atividades administrativas, institucionais, educativas, informativas e promocionais, pelo período de 12 (doze) meses, com fornecimento de forma parcelada, conforme a demanda, observadas as condições, quantidades e exigências estabelecidas no Edital e em seus anexos.;2026-05-07;2026-05-07;2027-05-06;0;;2026-08-24T19:23:54+00:00
45138070000149-1-000253/2026-000009;45138070000149-1-000253/2026;20;2026;45138070000149;MUNICIPIO DE SANTA FE DO SUL;3546603;Visa-se o REGISTRO DE PREÇOS para futura e eventual aquisição de materiais gráficos, destinados ao atendimento das necessidades das Secretarias e Departamentos do Município de Santa Fé do Sul/SP, a serem utilizados em atividades administrativas, institucionais, educativas, informativas e promocionais, pelo período de 12 (doze) meses, com fornecimento de forma parcelada, conforme a demanda, observadas as condições, quantidades e exigências estabelecidas no Edital e em seus anexos.;2026-05-07;2026-05-07;2027-05-06;0;;2026-08-24T19:23:54+00:00
45138070000149-1-000253/2026-000008;45138070000149-1-000253/2026;19;2026;45138070000149;MUNICIPIO DE SANTA FE DO SUL;3546603;Visa-se o REGISTRO DE PREÇOS para futura e eventual aquisição de materiais gráficos, destinados ao atendimento das necessidades das Secretarias e Departamentos do Município de Santa Fé do Sul/SP, a serem utilizados em atividades administrativas, institucionais, educativas, informativas e promocionais, pelo período de 12 (doze) meses, com fornecimento de forma parcelada, conforme a demanda, observadas as condições, quantidades e exigências estabelecidas no Edital e em seus anexos.;2026-05-07;2026-05-07;2027-05-06;0;;2026-08-24T19:23:54+00:00
45138070000149-1-000253/2026-000007;45138070000149-1-000253/2026;18;2026;45138070000149;MUNICIPIO DE SANTA FE DO SUL;3546603;Visa-se o REGISTRO DE PREÇOS para futura e eventual aquisição de materiais gráficos, destinados ao atendimento das necessidades das Secretarias e Departamentos do Município de Santa Fé do Sul/SP, a serem utilizados em atividades administrativas, institucionais, educativas, informativas e promocionais, pelo período de 12 (doze) meses, com fornecimento de forma parcelada, conforme a demanda, observadas as condições, quantidades e exigências estabelecidas no Edital e em seus anexos.;2026-05-07;2026-05-07;2027-05-06;0;;2026-08-24T19:23:54+00:00
45138070000149-1-000253/2026-000006;45138070000149-1-000253/2026;17;2026;45138070000149;MUNICIPIO DE SANTA FE DO SUL;3546603;Visa-se o REGISTRO DE PREÇOS para futura e eventual aquisição de materiais gráficos, destinados ao atendimento das necessidades das Secretarias e Departamentos do Município de Santa Fé do Sul/SP, a serem utilizados em atividades administrativas, institucionais, educativas, informativas e promocionais, pelo período de 12 (doze) meses, com fornecimento de forma parcelada, conforme a demanda, observadas as condições, quantidades e exigências estabelecidas no Edital e em seus anexos.;2026-05-07;2026-05-07;2027-05-06;0;;2026-08-24T19:23:54+00:00
45138070000149-1-000253/2026-000005;45138070000149-1-000253/2026;16;2026;45138070000149;MUNICIPIO DE SANTA FE DO SUL;3546603;Visa-se o REGISTRO DE PREÇOS para futura e eventual aquisição de materiais gráficos, destinados ao atendimento das necessidades das Secretarias e Departamentos do Município de Santa Fé do Sul/SP, a serem utilizados em atividades administrativas, institucionais, educativas, informativas e promocionais, pelo período de 12 (doze) meses, com fornecimento de forma parcelada, conforme a demanda, observadas as condições, quantidades e exigências estabelecidas no Edital e em seus anexos.;2026-05-07;2026-05-07;2027-05-06;0;;2026-08-24T19:23:54+00:00
45138070000149-1-000253/2026-000004;45138070000149-1-000253/2026;15;2026;45138070000149;MUNICIPIO DE SANTA FE DO SUL;3546603;Visa-se o REGISTRO DE PREÇOS para futura e eventual aquisição de materiais gráficos, destinados ao atendimento das necessidades das Secretarias e Departamentos do Município de Santa Fé do Sul/SP, a serem utilizados em atividades administrativas, institucionais, educativas, informativas e promocionais, pelo período de 12 (doze) meses, com fornecimento de forma parcelada, conforme a demanda, observadas as condições, quantidades e exigências estabelecidas no Edital e em seus anexos.;2026-05-07;2026-05-07;2027-05-06;0;;2026-08-24T19:23:54+00:00
45138070000149-1-000253/2026-000003;45138070000149-1-000253/2026;14;2026;45138070000149;MUNICIPIO DE SANTA FE DO SUL;3546603;Visa-se o REGISTRO DE PREÇOS para futura e eventual aquisição de materiais gráficos, destinados ao atendimento das necessidades das Secretarias e Departamentos do Município de Santa Fé do Sul/SP, a serem utilizados em atividades administrativas, institucionais, educativas, informativas e promocionais, pelo período de 12 (doze) meses, com fornecimento de forma parcelada, conforme a demanda, observadas as condições, quantidades e exigências estabelecidas no Edital e em seus anexos.;2026-05-07;2026-05-07;2027-05-06;0;;2026-08-24T19:23:54+00:00
45138070000149-1-000253/2026-000002;45138070000149-1-000253/2026;13;2026;45138070000149;MUNICIPIO DE SANTA FE DO SUL;3546603;Visa-se o REGISTRO DE PREÇOS para futura e eventual aquisição de materiais gráficos, destinados ao atendimento das necessidades das Secretarias e Departamentos do Município de Santa Fé do Sul/SP, a serem utilizados em atividades administrativas, institucionais, educativas, informativas e promocionais, pelo período de 12 (doze) meses, com fornecimento de forma parcelada, conforme a demanda, observadas as condições, quantidades e exigências estabelecidas no Edital e em seus anexos.;2026-05-07;2026-05-07;2027-05-06;0;;2026-08-24T19:23:54+00:00
45138070000149-1-000253/2026-000001;45138070000149-1-000253/2026;12;2026;45138070000149;MUNICIPIO DE SANTA FE DO SUL;3546603;Visa-se o REGISTRO DE PREÇOS para futura e eventual aquisição de materiais gráficos, destinados ao atendimento das necessidades das Secretarias e Departamentos do Município de Santa Fé do Sul/SP, a serem utilizados em atividades administrativas, institucionais, educativas, informativas e promocionais, pelo período de 12 (doze) meses, com fornecimento de forma parcelada, conforme a demanda, observadas as condições, quantidades e exigências estabelecidas no Edital e em seus anexos.;2026-05-07;2026-05-07;2027-05-06;0;;2026-08-24T19:23:54+00:00
45138070000149-1-000101/2026-000011;45138070000149-1-000101/2026;11;2026;45138070000149;MUNICIPIO DE SANTA FE DO SUL;3546603;Visa-se o REGISTRO DE PREÇOS, objetivando a futura e eventual aquisição de materiais de construção (infraestrutura e acabamento), necessários para garantir a adequada manutenção, conservação e funcionamento dos prédios públicos pertencentes à administração municipal, pelo período de 12 (doze) meses, para entrega parcelada e conforme a demanda, conforme condições, quantidades e exigências estabelecidas no Edital e seus anexos.;2026-03-12;2026-03-12;2027-03-11;0;;2026-08-24T19:23:54+00:00
45138070000149-1-000101/2026-000010;45138070000149-1-000101/2026;10;2026;45138070000149;MUNICIPIO DE SANTA FE DO SUL;3546603;Visa-se o REGISTRO DE PREÇOS, objetivando a futura e eventual aquisição de materiais de construção (infraestrutura e acabamento), necessários para garantir a adequada manutenção, conservação e funcionamento dos prédios públicos pertencentes à administração municipal, pelo período de 12 (doze) meses, para entrega parcelada e conforme a demanda, conforme condições, quantidades e exigências estabelecidas no Edital e seus anexos.;2026-03-12;2026-03-12;2027-03-11;0;;2026-08-24T19:23:54+00:00
45138070000149-1-000101/2026-000009;45138070000149-1-000101/2026;9;2026;45138070000149;MUNICIPIO DE SANTA FE DO SUL;3546603;Visa-se o REGISTRO DE PREÇOS, objetivando a futura e eventual aquisição de materiais de construção (infraestrutura e acabamento), necessários para garantir a adequada manutenção, conservação e funcionamento dos prédios públicos pertencentes à administração municipal, pelo período de 12 (doze) meses, para entrega parcelada e conforme a demanda, conforme condições, quantidades e exigências estabelecidas no Edital e seus anexos.;2026-03-12;2026-03-12;2027-03-11;0;;2026-08-24T19:23:54+00:00
45138070000149-1-000101/2026-000008;45138070000149-1-000101/2026;8;2026;45138070000149;MUNICIPIO DE SANTA FE DO SUL;3546603;Visa-se o REGISTRO DE PREÇOS, objetivando a futura e eventual aquisição de materiais de construção (infraestrutura e acabamento), necessários para garantir a adequada manutenção, conservação e funcionamento dos prédios públicos pertencentes à administração municipal, pelo período de 12 (doze) meses, para entrega parcelada e conforme a demanda, conforme condições, quantidades e exigências estabelecidas no Edital e seus anexos.;2026-03-12;2026-03-12;2027-03-11;0;;2026-08-24T19:23:54+00:00
45138070000149-1-000101/2026-000007;45138070000149-1-000101/2026;7;2026;45138070000149;MUNICIPIO DE SANTA FE DO SUL;3546603;Visa-se o REGISTRO DE PREÇOS, objetivando a futura e eventual aquisição de materiais de construção (infraestrutura e acabamento), necessários para garantir a adequada manutenção, conservação e funcionamento dos prédios públicos pertencentes à administração municipal, pelo período de 12 (doze) meses, para entrega parcelada e conforme a demanda, conforme condições, quantidades e exigências estabelecidas no Edital e seus anexos.;2026-03-12;2026-03-12;2027-03-11;0;;2026-08-24T19:23:54+00:00
45138070000149-1-000101/2026-000006;45138070000149-1-000101/2026;6;2026;45138070000149;MUNICIPIO DE SANTA FE DO SUL;3546603;Visa-se o REGISTRO DE PREÇOS, objetivando a futura e eventual aquisição de materiais de construção (infraestrutura e acabamento), necessários para garantir a adequada manutenção, conservação e funcionamento dos prédios públicos pertencentes à administração municipal, pelo período de 12 (doze) meses, para entrega parcelada e conforme a demanda, conforme condições, quantidades e exigências estabelecidas no Edital e seus anexos.;2026-03-12;2026-03-12;2027-03-11;0;;2026-08-24T19:23:54+00:00
45138070000149-1-000101/2026-000005;45138070000149-1-000101/2026;5;2026;45138070000149;MUNICIPIO DE SANTA FE DO SUL;3546603;Visa-se o REGISTRO DE PREÇOS, objetivando a futura e eventual aquisição de materiais de construção (infraestrutura e acabamento), necessários para garantir a adequada manutenção, conservação e funcionamento dos prédios públicos pertencentes à administração municipal, pelo período de 12 (doze) meses, para entrega parcelada e conforme a demanda, conforme condições, quantidades e exigências estabelecidas no Edital e seus anexos.;2026-03-12;2026-03-12;2027-03-11;0;;2026-08-24T19:23:54+00:00
45138070000149-1-000101/2026-000004;45138070000149-1-000101/2026;4;2026;45138070000149;MUNICIPIO DE SANTA FE DO SUL;3546603;Visa-se o REGISTRO DE PREÇOS, objetivando a futura e eventual aquisição de materiais de construção (infraestrutura e acabamento), necessários para garantir a adequada manutenção, conservação e funcionamento dos prédios públicos pertencentes à administração municipal, pelo período de 12 (doze) meses, para entrega parcelada e conforme a demanda, conforme condições, quantidades e exigências estabelecidas no Edital e seus anexos.;2026-03-12;2026-03-12;2027-03-11;0;;2026-08-24T19:23:54+00:00
45138070000149-1-000101/2026-000003;45138070000149-1-000101/2026;3;2026;45138070000149;MUNICIPIO DE SANTA FE DO SUL;3546603;Visa-se o REGISTRO DE PREÇOS, objetivando a futura e eventual aquisição de materiais de construção (infraestrutura e acabamento), necessários para garantir a adequada manutenção, conservação e funcionamento dos prédios públicos pertencentes à administração municipal, pelo período de 12 (doze) meses, para entrega parcelada e conforme a demanda, conforme condições, quantidades e exigências estabelecidas no Edital e seus anexos.;2026-03-12;2026-03-12;2027-03-11;0;;2026-08-24T19:23:54+00:00
45138070000149-1-000101/2026-000002;45138070000149-1-000101/2026;2;2026;45138070000149;MUNICIPIO DE SANTA FE DO SUL;3546603;Visa-se o REGISTRO DE PREÇOS, objetivando a futura e eventual aquisição de materiais de construção (infraestrutura e acabamento), necessários para garantir a adequada manutenção, conservação e funcionamento dos prédios públicos pertencentes à administração municipal, pelo período de 12 (doze) meses, para entrega parcelada e conforme a demanda, conforme condições, quantidades e exigências estabelecidas no Edital e seus anexos.;2026-03-12;2026-03-12;2027-03-11;0;;2026-08-24T19:23:54+00:00
45138070000149-1-000101/2026-000001;45138070000149-1-000101/2026;1;2026;45138070000149;MUNICIPIO DE SANTA FE DO SUL;3546603;Visa-se o REGISTRO DE PREÇOS, objetivando a futura e eventual aquisição de materiais de construção (infraestrutura e acabamento), necessários para garantir a adequada manutenção, conservação e funcionamento dos prédios públicos pertencentes à administração municipal, pelo período de 12 (doze) meses, para entrega parcelada e conforme a demanda, conforme condições, quantidades e exigências estabelecidas no Edital e seus anexos.;2026-03-12;2026-03-12;2027-03-11;0;;2026-08-24T19:23:54+00:00
45138070000149-1-001627/2025-000032;45138070000149-1-001627/2025;208;2025;45138070000149;MUNICIPIO DE SANTA FE DO SUL;3546603;Aquisição de medicamentos e materiais permanentes.;2025-12-15;2025-12-15;2026-12-14;0;;2026-08-24T19:23:54+00:00
45138070000149-1-001627/2025-000031;45138070000149-1-001627/2025;207;2025;45138070000149;MUNICIPIO DE SANTA FE DO SUL;3546603;Aquisição de medicamentos e materiais permanentes.;2025-12-15;2025-12-15;2026-12-14;0;;2026-08-24T19:23:54+00:00
45138070000149-1-001627/2025-000030;45138070000149-1-001627/2025;206;2025;45138070000149;MUNICIPIO DE SANTA FE DO SUL;3546603;Aquisição de medicamentos e materiais permanentes.;2025-12-15;2025-12-15;2026-12-14;0;;2026-08-24T19:23:54+00:00
45138070000149-1-001627/2025-000029;45138070000149-1-001627/2025;205;2025;45138070000149;MUNICIPIO DE SANTA FE DO SUL;3546603;Aquisição de medicamentos e materiais permanentes.;2025-12-15;2025-12-15;2026-12-14;0;;2026-08-24T19:23:54+00:00
45138070000149-1-001627/2025-000028;45138070000149-1-001627/2025;204;2025;45138070000149;MUNICIPIO DE SANTA FE DO SUL;3546603;Aquisição de medicamentos e materiais permanentes.;2025-12-15;2025-12-15;2026-12-14;0;;2026-08-24T19:23:54+00:00
45138070000149-1-001627/2025-000027;45138070000149-1-001627/2025;203;2025;45138070000149;MUNICIPIO DE SANTA FE DO SUL;3546603;Aquisição de medicamentos e materiais permanentes.;2025-12-15;2025-12-15;2026-12-14;0;;2026-08-24T19:23:54+00:00
45138070000149-1-001627/2025-000026;45138070000149-1-001627/2025;202;2025;45138070000149;MUNICIPIO DE SANTA FE DO SUL;3546603;Aquisição de medicamentos e materiais permanentes.;2025-12-15;2025-12-15;2026-12-14;0;;2026-08-24T19:23:54+00:00
45138070000149-1-001627/2025-000025;45138070000149-1-001627/2025;201;2025;45138070000149;MUNICIPIO DE SANTA FE DO SUL;3546603;Aquisição de medicamentos e materiais permanentes.;2025-12-15;2025-12-15;2026-12-14;0;;2026-08-24T19:23:54+00:00
45138070000149-1-001627/2025-000024;45138070000149-1-001627/2025;200;2025;45138070000149;MUNICIPIO DE SANTA FE DO SUL;3546603;Aquisição de medicamentos e materiais permanentes.;2025-12-15;2025-12-15;2026-12-14;0;;2026-08-24T19:23:54+00:00
45138070000149-1-001627/2025-000023;45138070000149-1-001627/2025;199;2025;45138070000149;MUNICIPIO DE SANTA FE DO SUL;3546603;Aquisição de medicamentos e materiais permanentes.;2025-12-15;2025-12-15;2026-12-14;0;;2026-08-24T19:23:54+00:00
45138070000149-1-001627/2025-000022;45138070000149-1-001627/2025;198;2025;45138070000149;MUNICIPIO DE SANTA FE DO SUL;3546603;Aquisição de medicamentos e materiais permanentes.;2025-12-15;2025-12-15;2026-12-14;0;;2026-08-24T19:23:54+00:00
45138070000149-1-001627/2025-000021;45138070000149-1-001627/2025;197;2025;45138070000149;MUNICIPIO DE SANTA FE DO SUL;3546603;Aquisição de medicamentos e materiais permanentes.;2025-12-15;2025-12-15;2026-12-14;0;;2026-08-24T19:23:54+00:00
45138070000149-1-001627/2025-000020;45138070000149-1-001627/2025;196;2025;45138070000149;MUNICIPIO DE SANTA FE DO SUL;3546603;Aquisição de medicamentos e materiais permanentes.;2025-12-15;2025-12-15;2026-12-14;0;;2026-08-24T19:23:54+00:00
45138070000149-1-001627/2025-000019;45138070000149-1-001627/2025;195;2025;45138070000149;MUNICIPIO DE SANTA FE DO SUL;3546603;Aquisição de medicamentos e materiais permanentes.;2025-12-15;2025-12-15;2026-12-14;0;;2026-08-24T19:23:54+00:00
45138070000149-1-001627/2025-000018;45138070000149-1-001627/2025;194;2025;45138070000149;MUNICIPIO DE SANTA FE DO SUL;3546603;Aquisição de medicamentos e materiais permanentes.;2025-12-15;2025-12-15;2026-12-14;0;;2026-08-24T19:23:54+00:00
45138070000149-1-001627/2025-000017;45138070000149-1-001627/2025;193;2025;45138070000149;MUNICIPIO DE SANTA FE DO SUL;3546603;Aquisição de medicamentos e materiais permanentes.;2025-12-15;2025-12-15;2026-12-14;0;;2026-08-24T19:23:54+00:00
45138070000149-1-001627/2025-000016;45138070000149-1-001627/2025;192;2025;45138070000149;MUNICIPIO DE SANTA FE DO SUL;3546603;Aquisição de medicamentos e materiais permanentes.;2025-12-15;2025-12-15;2026-12-14;0;;2026-08-24T19:23:54+00:00
45138070000149-1-001627/2025-000014;45138070000149-1-001627/2025;190;2025;45138070000149;MUNICIPIO DE SANTA FE DO SUL;3546603;Aquisição de medicamentos e materiais permanentes.;2025-12-15;2025-12-15;2026-12-14;0;;2026-08-24T19:23:54+00:00
45138070000149-1-001627/2025-000013;45138070000149-1-001627/2025;189;2025;45138070000149;MUNICIPIO DE SANTA FE DO SUL;3546603;Aquisição de medicamentos e materiais permanentes.;2025-12-15;2025-12-15;2026-12-14;0;;2026-08-24T19:23:54+00:00
45138070000149-1-001627/2025-000012;45138070000149-1-001627/2025;188;2025;45138070000149;MUNICIPIO DE SANTA FE DO SUL;3546603;Aquisição de medicamentos e materiais permanentes.;2025-12-15;2025-12-15;2026-12-14;0;;2026-08-24T19:23:54+00:00
45138070000149-1-001627/2025-000011;45138070000149-1-001627/2025;187;2025;45138070000149;MUNICIPIO DE SANTA FE DO SUL;3546603;Aquisição de medicamentos e materiais permanentes.;2025-12-15;2025-12-15;2026-12-14;0;;2026-08-24T19:23:54+00:00
45138070000149-1-001627/2025-000010;45138070000149-1-001627/2025;186;2025;45138070000149;MUNICIPIO DE SANTA FE DO SUL;3546603;Aquisição de medicamentos e materiais permanentes.;2025-12-15;2025-12-15;2026-12-14;0;;2026-08-24T19:23:54+00:00
45138070000149-1-001627/2025-000009;45138070000149-1-001627/2025;185;2025;45138070000149;MUNICIPIO DE SANTA FE DO SUL;3546603;Aquisição de medicamentos e materiais permanentes.;2025-12-15;2025-12-15;2026-12-14;0;;2026-08-24T19:23:54+00:00
45138070000149-1-001627/2025-000008;45138070000149-1-001627/2025;184;2025;45138070000149;MUNICIPIO DE SANTA FE DO SUL;3546603;Aquisição de medicamentos e materiais permanentes.;2025-12-15;2025-12-15;2026-12-14;0;;2026-08-24T19:23:54+00:00
45138070000149-1-001627/2025-000007;45138070000149-1-001627/2025;183;2025;45138070000149;MUNICIPIO DE SANTA FE DO SUL;3546603;Aquisição de medicamentos e materiais permanentes.;2025-12-15;2025-12-15;2026-12-14;0;;2026-08-24T19:23:54+00:00
45138070000149-1-001627/2025-000006;45138070000149-1-001627/2025;182;2025;45138070000149;MUNICIPIO DE SANTA FE DO SUL;3546603;Aquisição de medicamentos e materiais permanentes.;2025-12-15;2025-12-15;2026-12-14;0;;2026-08-24T19:23:54+00:00
45138070000149-1-001627/2025-000005;45138070000149-1-001627/2025;181;2025;45138070000149;MUNICIPIO DE SANTA FE DO SUL;3546603;Aquisição de medicamentos e materiais permanentes.;2025-12-15;2025-12-15;2026-12-14;0;;2026-08-24T19:23:54+00:00
45138070000149-1-001627/2025-000004;45138070000149-1-001627/2025;180;2025;45138070000149;MUNICIPIO DE SANTA FE DO SUL;3546603;Aquisição de medicamentos e materiais permanentes.;2025-12-15;2025-12-15;2026-12-14;0;;2026-08-24T19:23:54+00:00
45138070000149-1-001627/2025-000003;45138070000149-1-001627/2025;179;2025;45138070000149;MUNICIPIO DE SANTA FE DO SUL;3546603;Aquisição de medicamentos e materiais permanentes.;2025-12-15;2025-12-15;2026-12-14;0;;2026-08-24T19:23:54+00:00
45138070000149-1-001627/2025-000002;45138070000149-1-001627/2025;178;2025;45138070000149;MUNICIPIO DE SANTA FE DO SUL;3546603;Aquisição de medicamentos e materiais permanentes.;2025-12-15;2025-12-15;2026-12-14;0;;2026-08-24T19:23:54+00:00
45138070000149-1-001627/2025-000001;45138070000149-1-001627/2025;177;2025;45138070000149;MUNICIPIO DE SANTA FE DO SUL;3546603;Aquisição de medicamentos e materiais permanentes.;2025-12-15;2025-12-15;2026-12-14;0;;2026-08-24T19:23:54+00:00
45138070000149-1-001627/2025-000015;45138070000149-1-001627/2025;191;2025;45138070000149;MUNICIPIO DE SANTA FE DO SUL;3546603;Aquisição de medicamentos e materiais permanentes.;2025-12-15;2025-12-15;2026-12-08;0;;2026-08-24T19:23:54+00:00
45138070000149-1-001939/2025-000017;45138070000149-1-001939/2025;176;2025;45138070000149;MUNICIPIO DE SANTA FE DO SUL;3546603;Visa-se o REGISTRO DE PREÇOS para futura e eventual aquisição de materiais gráficos, de apoio ao expediente e camisetas de campanhas anuais, necessários à manutenção das atividades administrativas, informativas e institucionais da Secretaria Municipal de Saúde do Município de Santa Fé do Sul, por um período de 12 (doze) meses, para entrega parcelada e conforme a demanda, conforme condições, quantidades e exigências estabelecidas no Edital e seus anexos.;2025-12-04;2025-12-04;2026-12-03;0;;2026-08-24T19:23:54+00:00
45138070000149-1-001939/2025-000016;45138070000149-1-001939/2025;175;2025;45138070000149;MUNICIPIO DE SANTA FE DO SUL;3546603;Visa-se o REGISTRO DE PREÇOS para futura e eventual aquisição de materiais gráficos, de apoio ao expediente e camisetas de campanhas anuais, necessários à manutenção das atividades administrativas, informativas e institucionais da Secretaria Municipal de Saúde do Município de Santa Fé do Sul, por um período de 12 (doze) meses, para entrega parcelada e conforme a demanda, conforme condições, quantidades e exigências estabelecidas no Edital e seus anexos.;2025-12-04;2025-12-04;2026-12-03;0;;2026-08-24T19:23:54+00:00
45138070000149-1-001939/2025-000015;45138070000149-1-001939/2025;174;2025;45138070000149;MUNICIPIO DE SANTA FE DO SUL;3546603;Visa-se o REGISTRO DE PREÇOS para futura e eventual aquisição de materiais gráficos, de apoio ao expediente e camisetas de campanhas anuais, necessários à manutenção das atividades administrativas, informativas e institucionais da Secretaria Municipal de Saúde do Município de Santa Fé do Sul, por um período de 12 (doze) meses, para entrega parcelada e conforme a demanda, conforme condições, quantidades e exigências estabelecidas no Edital e seus anexos.;2025-12-04;2025-12-04;2026-12-03;0;;2026-08-24T19:23:54+00:00
45138070000149-1-001939/2025-000014;45138070000149-1-001939/2025;173;2025;45138070000149;MUNICIPIO DE SANTA FE DO SUL;3546603;Visa-se o REGISTRO DE PREÇOS para futura e eventual aquisição de materiais gráficos, de apoio ao expediente e camisetas de campanhas anuais, necessários à manutenção das atividades administrativas, informativas e institucionais da Secretaria Municipal de Saúde do Município de Santa Fé do Sul, por um período de 12 (doze) meses, para entrega parcelada e conforme a demanda, conforme condições, quantidades e exigências estabelecidas no Edital e seus anexos.;2025-12-04;2025-12-04;2026-12-03;0;;2026-08-24T19:23:54+00:00
45138070000149-1-001939/2025-000013;45138070000149-1-001939/2025;172;2025;45138070000149;MUNICIPIO DE SANTA FE DO SUL;3546603;Visa-se o REGISTRO DE PREÇOS para futura e eventual aquisição de materiais gráficos, de apoio ao expediente e camisetas de campanhas anuais, necessários à manutenção das atividades administrativas, informativas e institucionais da Secretaria Municipal de Saúde do Município de Santa Fé do Sul, por um período de 12 (doze) meses, para entrega parcelada e conforme a demanda, conforme condições, quantidades e exigências estabelecidas no Edital e seus anexos.;2025-12-04;2025-12-04;2026-12-03;0;;2026-08-24T19:23:54+00:00
45138070000149-1-001939/2025-000012;45138070000149-1-001939/2025;171;2025;45138070000149;MUNICIPIO DE SANTA FE DO SUL;3546603;Visa-se o REGISTRO DE PREÇOS para futura e eventual aquisição de materiais gráficos, de apoio ao expediente e camisetas de campanhas anuais, necessários à manutenção das atividades administrativas, informativas e institucionais da Secretaria Municipal de Saúde do Município de Santa Fé do Sul, por um período de 12 (doze) meses, para entrega parcelada e conforme a demanda, conforme condições, quantidades e exigências estabelecidas no Edital e seus anexos.;2025-12-04;2025-12-04;2026-12-03;0;;2026-08-24T19:23:54+00:00
45138070000149-1-001939/2025-000011;45138070000149-1-001939/2025;170;2025;45138070000149;MUNICIPIO DE SANTA FE DO SUL;3546603;Visa-se o REGISTRO DE PREÇOS para futura e eventual aquisição de materiais gráficos, de apoio ao expediente e camisetas de campanhas anuais, necessários à manutenção das atividades administrativas, informativas e institucionais da Secretaria Municipal de Saúde do Município de Santa Fé do Sul, por um período de 12 (doze) meses, para entrega parcelada e conforme a demanda, conforme condições, quantidades e exigências estabelecidas no Edital e seus anexos.;2025-12-04;2025-12-04;2026-12-03;0;;2026-08-24T19:23:54+00:00
45138070000149-1-001939/2025-000010;45138070000149-1-001939/2025;169;2025;45138070000149;MUNICIPIO DE SANTA FE DO SUL;3546603;Visa-se o REGISTRO DE PREÇOS para futura e eventual aquisição de materiais gráficos, de apoio ao expediente e camisetas de campanhas anuais, necessários à manutenção das atividades administrativas, informativas e institucionais da Secretaria Municipal de Saúde do Município de Santa Fé do Sul, por um período de 12 (doze) meses, para entrega parcelada e conforme a demanda, conforme condições, quantidades e exigências estabelecidas no Edital e seus anexos.;2025-12-04;2025-12-04;2026-12-03;0;;2026-08-24T19:23:54+00:00
45138070000149-1-001939/2025-000009;45138070000149-1-001939/2025;168;2025;45138070000149;MUNICIPIO DE SANTA FE DO SUL;3546603;Visa-se o REGISTRO DE PREÇOS para futura e eventual aquisição de materiais gráficos, de apoio ao expediente e camisetas de campanhas anuais, necessários à manutenção das atividades administrativas, informativas e institucionais da Secretaria Municipal de Saúde do Município de Santa Fé do Sul, por um período de 12 (doze) meses, para entrega parcelada e conforme a demanda, conforme condições, quantidades e exigências estabelecidas no Edital e seus anexos.;2025-12-04;2025-12-04;2026-12-03;0;;2026-08-24T19:23:54+00:00
45138070000149-1-001939/2025-000008;45138070000149-1-001939/2025;167;2025;45138070000149;MUNICIPIO DE SANTA FE DO SUL;3546603;Visa-se o REGISTRO DE PREÇOS para futura e eventual aquisição de materiais gráficos, de apoio ao expediente e camisetas de campanhas anuais, necessários à manutenção das atividades administrativas, informativas e institucionais da Secretaria Municipal de Saúde do Município de Santa Fé do Sul, por um período de 12 (doze) meses, para entrega parcelada e conforme a demanda, conforme condições, quantidades e exigências estabelecidas no Edital e seus anexos.;2025-12-04;2025-12-04;2026-12-03;0;;2026-08-24T19:23:54+00:00
45138070000149-1-001939/2025-000007;45138070000149-1-001939/2025;166;2025;45138070000149;MUNICIPIO DE SANTA FE DO SUL;3546603;Visa-se o REGISTRO DE PREÇOS para futura e eventual aquisição de materiais gráficos, de apoio ao expediente e camisetas de campanhas anuais, necessários à manutenção das atividades administrativas, informativas e institucionais da Secretaria Municipal de Saúde do Município de Santa Fé do Sul, por um período de 12 (doze) meses, para entrega parcelada e conforme a demanda, conforme condições, quantidades e exigências estabelecidas no Edital e seus anexos.;2025-12-04;2025-12-04;2026-12-03;0;;2026-08-24T19:23:54+00:00
45138070000149-1-001939/2025-000006;45138070000149-1-001939/2025;165;2025;45138070000149;MUNICIPIO DE SANTA FE DO SUL;3546603;Visa-se o REGISTRO DE PREÇOS para futura e eventual aquisição de materiais gráficos, de apoio ao expediente e camisetas de campanhas anuais, necessários à manutenção das atividades administrativas, informativas e institucionais da Secretaria Municipal de Saúde do Município de Santa Fé do Sul, por um período de 12 (doze) meses, para entrega parcelada e conforme a demanda, conforme condições, quantidades e exigências estabelecidas no Edital e seus anexos.;2025-12-04;2025-12-04;2026-12-03;0;;2026-08-24T19:23:54+00:00
45138070000149-1-001939/2025-000005;45138070000149-1-001939/2025;164;2025;45138070000149;MUNICIPIO DE SANTA FE DO SUL;3546603;Visa-se o REGISTRO DE PREÇOS para futura e eventual aquisição de materiais gráficos, de apoio ao expediente e camisetas de campanhas anuais, necessários à manutenção das atividades administrativas, informativas e institucionais da Secretaria Municipal de Saúde do Município de Santa Fé do Sul, por um período de 12 (doze) meses, para entrega parcelada e conforme a demanda, conforme condições, quantidades e exigências estabelecidas no Edital e seus anexos.;2025-12-04;2025-12-04;2026-12-03;0;;2026-08-24T19:23:54+00:00
45138070000149-1-001939/2025-000004;45138070000149-1-001939/2025;163;2025;45138070000149;MUNICIPIO DE SANTA FE DO SUL;3546603;Visa-se o REGISTRO DE PREÇOS para futura e eventual aquisição de materiais gráficos, de apoio ao expediente e camisetas de campanhas anuais, necessários à manutenção das atividades administrativas, informativas e institucionais da Secretaria Municipal de Saúde do Município de Santa Fé do Sul, por um período de 12 (doze) meses, para entrega parcelada e conforme a demanda, conforme condições, quantidades e exigências estabelecidas no Edital e seus anexos.;2025-12-04;2025-12-04;2026-12-03;0;;2026-08-24T19:23:54+00:00
45138070000149-1-001939/2025-000003;45138070000149-1-001939/2025;162;2025;45138070000149;MUNICIPIO DE SANTA FE DO SUL;3546603;Visa-se o REGISTRO DE PREÇOS para futura e eventual aquisição de materiais gráficos, de apoio ao expediente e camisetas de campanhas anuais, necessários à manutenção das atividades administrativas, informativas e institucionais da Secretaria Municipal de Saúde do Município de Santa Fé do Sul, por um período de 12 (doze) meses, para entrega parcelada e conforme a demanda, conforme condições, quantidades e exigências estabelecidas no Edital e seus anexos.;2025-12-04;2025-12-04;2026-12-03;0;;2026-08-24T19:23:54+00:00
45138070000149-1-001939/2025-000002;45138070000149-1-001939/2025;161;2025;45138070000149;MUNICIPIO DE SANTA FE DO SUL;3546603;Visa-se o REGISTRO DE PREÇOS para futura e eventual aquisição de materiais gráficos, de apoio ao expediente e camisetas de campanhas anuais, necessários à manutenção das atividades administrativas, informativas e institucionais da Secretaria Municipal de Saúde do Município de Santa Fé do Sul, por um período de 12 (doze) meses, para entrega parcelada e conforme a demanda, conforme condições, quantidades e exigências estabelecidas no Edital e seus anexos.;2025-12-04;2025-12-04;2026-12-03;0;;2026-08-24T19:23:54+00:00
45138070000149-1-001939/2025-000001;45138070000149-1-001939/2025;160;2025;45138070000149;MUNICIPIO DE SANTA FE DO SUL;3546603;Visa-se o REGISTRO DE PREÇOS para futura e eventual aquisição de materiais gráficos, de apoio ao expediente e camisetas de campanhas anuais, necessários à manutenção das atividades administrativas, informativas e institucionais da Secretaria Municipal de Saúde do Município de Santa Fé do Sul, por um período de 12 (doze) meses, para entrega parcelada e conforme a demanda, conforme condições, quantidades e exigências estabelecidas no Edital e seus anexos.;2025-12-04;2025-12-04;2026-12-03;0;;2026-08-24T19:23:54+00:00
45138070000149-1-001344/2025-000025;45138070000149-1-001344/2025;137;2025;45138070000149;MUNICIPIO DE SANTA FE DO SUL;3546603;Registro de preços para futura e eventual aquisição de materiais /insumos odontológicos.;2025-11-27;2025-11-27;2026-11-26;0;;2026-08-24T19:23:54+00:00
45138070000149-1-001344/2025-000024;45138070000149-1-001344/2025;159;2025;45138070000149;MUNICIPIO DE SANTA FE DO SUL;3546603;Registro de preços para futura e eventual aquisição de materiais /insumos odontológicos.;2025-11-27;2025-11-27;2026-11-26;0;;2026-08-24T19:23:54+00:00
45138070000149-1-001344/2025-000023;45138070000149-1-001344/2025;158;2025;45138070000149;MUNICIPIO DE SANTA FE DO SUL;3546603;Registro de preços para futura e eventual aquisição de materiais /insumos odontológicos.;2025-11-27;2025-11-27;2026-11-26;0;;2026-08-24T19:23:54+00:00
45138070000149-1-001344/2025-000022;45138070000149-1-001344/2025;157;2025;45138070000149;MUNICIPIO DE SANTA FE DO SUL;3546603;Registro de preços para futura e eventual aquisição de materiais /insumos odontológicos.;2025-11-27;2025-11-27;2026-11-26;0;;2026-08-24T19:23:54+00:00
45138070000149-1-001344/2025-000021;45138070000149-1-001344/2025;156;2025;45138070000149;MUNICIPIO DE SANTA FE DO SUL;3546603;Registro de preços para futura e eventual aquisição de materiais /insumos odontológicos.;2025-11-27;2025-11-27;2026-11-26;0;;2026-08-24T19:23:54+00:00
45138070000149-1-001344/2025-000020;45138070000149-1-001344/2025;155;2025;45138070000149;MUNICIPIO DE SANTA FE DO SUL;3546603;Registro de preços para futura e eventual aquisição de materiais /insumos odontológicos.;2025-11-27;2025-11-27;2026-11-26;0;;2026-08-24T19:23:54+00:00
45138070000149-1-001344/2025-000019;45138070000149-1-001344/2025;154;2025;45138070000149;MUNICIPIO DE SANTA FE DO SUL;3546603;Registro de preços para futura e eventual aquisição de materiais /insumos odontológicos.;2025-11-27;2025-11-27;2026-11-26;0;;2026-08-24T19:23:54+00:00
45138070000149-1-001344/2025-000018;45138070000149-1-001344/2025;153;2025;45138070000149;MUNICIPIO DE SANTA FE DO SUL;3546603;Registro de preços para futura e eventual aquisição de materiais /insumos odontológicos.;2025-11-27;2025-11-27;2026-11-26;0;;2026-08-24T19:23:54+00:00
45138070000149-1-001344/2025-000017;45138070000149-1-001344/2025;152;2025;45138070000149;MUNICIPIO DE SANTA FE DO SUL;3546603;Registro de preços para futura e eventual aquisição de materiais /insumos odontológicos.;2025-11-27;2025-11-27;2026-11-26;0;;2026-08-24T19:23:54+00:00
45138070000149-1-001344/2025-000016;45138070000149-1-001344/2025;151;2025;45138070000149;MUNICIPIO DE SANTA FE DO SUL;3546603;Registro de preços para futura e eventual aquisição de materiais /insumos odontológicos.;2025-11-27;2025-11-27;2026-11-26;0;;2026-08-24T19:23:54+00:00
45138070000149-1-001344/2025-000015;45138070000149-1-001344/2025;150;2025;45138070000149;MUNICIPIO DE SANTA FE DO SUL;3546603;Registro de preços para futura e eventual aquisição de materiais /insumos odontológicos.;2025-11-27;2025-11-27;2026-11-26;0;;2026-08-24T19:23:54+00:00
45138070000149-1-001344/2025-000014;45138070000149-1-001344/2025;149;2025;45138070000149;MUNICIPIO DE SANTA FE DO SUL;3546603;Registro de preços para futura e eventual aquisição de materiais /insumos odontológicos.;2025-11-27;2025-11-27;2026-11-26;0;;2026-08-24T19:23:54+00:00
45138070000149-1-001344/2025-000013;45138070000149-1-001344/2025;148;2025;45138070000149;MUNICIPIO DE SANTA FE DO SUL;3546603;Registro de preços para futura e eventual aquisição de materiais /insumos odontológicos.;2025-11-27;2025-11-27;2026-11-26;0;;2026-08-24T19:23:54+00:00
45138070000149-1-001344/2025-000012;45138070000149-1-001344/2025;147;2025;45138070000149;MUNICIPIO DE SANTA FE DO SUL;3546603;Registro de preços para futura e eventual aquisição de materiais /insumos odontológicos.;2025-11-27;2025-11-27;2026-11-26;0;;2026-08-24T19:23:54+00:00
45138070000149-1-001344/2025-000011;45138070000149-1-001344/2025;146;2025;45138070000149;MUNICIPIO DE SANTA FE DO SUL;3546603;Registro de preços para futura e eventual aquisição de materiais /insumos odontológicos.;2025-11-27;2025-11-27;2026-11-26;0;;2026-08-24T19:23:54+00:00
45138070000149-1-001344/2025-000010;45138070000149-1-001344/2025;145;2025;45138070000149;MUNICIPIO DE SANTA FE DO SUL;3546603;Registro de preços para futura e eventual aquisição de materiais /insumos odontológicos.;2025-11-27;2025-11-27;2026-11-26;0;;2026-08-24T19:23:54+00:00
45138070000149-1-001344/2025-000009;45138070000149-1-001344/2025;144;2025;45138070000149;MUNICIPIO DE SANTA FE DO SUL;3546603;Registro de preços para futura e eventual aquisição de materiais /insumos odontológicos.;2025-11-27;2025-11-27;2026-11-26;0;;2026-08-24T19:23:54+00:00
45138070000149-1-001344/2025-000008;45138070000149-1-001344/2025;143;2025;45138070000149;MUNICIPIO DE SANTA FE DO SUL;3546603;Registro de preços para futura e eventual aquisição de materiais /insumos odontológicos.;2025-11-27;2025-11-27;2026-11-26;0;;2026-08-24T19:23:54+00:00
45138070000149-1-001344/2025-000007;45138070000149-1-001344/2025;142;2025;45138070000149;MUNICIPIO DE SANTA FE DO SUL;3546603;Registro de preços para futura e eventual aquisição de materiais /insumos odontológicos.;2025-11-27;2025-11-27;2026-11-26;0;;2026-08-24T19:23:54+00:00
45138070000149-1-001344/2025-000006;45138070000149-1-001344/2025;141;2025;45138070000149;MUNICIPIO DE SANTA FE DO SUL;3546603;Registro de preços para futura e eventual aquisição de materiais /insumos odontológicos.;2025-11-27;2025-11-27;2026-11-26;0;;2026-08-24T19:23:54+00:00
45138070000149-1-001344/2025-000005;45138070000149-1-001344/2025;140;2025;45138070000149;MUNICIPIO DE SANTA FE DO SUL;3546603;Registro de preços para futura e eventual aquisição de materiais /insumos odontológicos.;2025-11-27;2025-11-27;2026-11-26;0;;2026-08-24T19:23:54+00:00
45138070000149-1-001344/2025-000004;45138070000149-1-001344/2025;139;2025;45138070000149;MUNICIPIO DE SANTA FE DO SUL;3546603;Registro de preços para futura e eventual aquisição de materiais /insumos odontológicos.;2025-11-27;2025-11-27;2026-11-26;0;;2026-08-24T19:23:54+00:00
45138070000149-1-001344/2025-000003;45138070000149-1-001344/2025;138;2025;45138070000149;MUNICIPIO DE SANTA FE DO SUL;3546603;Registro de preços para futura e eventual aquisição de materiais /insumos odontológicos.;2025-11-27;2025-11-27;2026-11-26;0;;2026-08-24T19:23:54+00:00
45138070000149-1-001344/2025-000002;45138070000149-1-001344/2025;136;2025;45138070000149;MUNICIPIO DE SANTA FE DO SUL;3546603;Registro de preços para futura e eventual aquisição de materiais /insumos odontológicos.;2025-11-27;2025-11-27;2026-11-26;0;;2026-08-24T19:23:54+00:00
45138070000149-1-001344/2025-000001;45138070000149-1-001344/2025;135;2025;45138070000149;MUNICIPIO DE SANTA FE DO SUL;3546603;Registro de preços para futura e eventual aquisição de materiais /insumos odontológicos.;2025-11-27;2025-11-27;2026-11-26;0;;2026-08-24T19:23:54+00:00
45138070000149-1-001669/2025-000001;45138070000149-1-001669/2025;134;2025;45138070000149;MUNICIPIO DE SANTA FE DO SUL;3546603;Aquisição de fraldas descartáveis, necessárias aos alunos do Ensino Infantil do Município de Santa Fé do Sul, por um período de 12 (doze) meses, para entrega parcelada, conforme especificações e quantidades estabelecidas no Edital e seus anexos.;2025-11-17;2025-11-17;2026-11-16;0;;2026-08-24T19:23:54+00:00
45138070000149-1-001256/2024-000032;45138070000149-1-001256/2024;197;2024;45138070000149;MUNICIPIO DE SANTA FE DO SUL;3546603;REGISTRO DE PREÇOS para futura e eventual aquisição de materiais, do grupo material de consumo, de diversas classes para atendimento da demanda de diversos setores da Administração Pública, para entrega parcelada, conforme Anexo I, por tempo determinado.;2024-11-01;2024-11-01;2026-10-31;0;;2026-08-24T19:23:54+00:00
45138070000149-1-001256/2024-000029;45138070000149-1-001256/2024;194;2024;45138070000149;MUNICIPIO DE SANTA FE DO SUL;3546603;REGISTRO DE PREÇOS para futura e eventual aquisição de materiais, do grupo material de consumo, de diversas classes para atendimento da demanda de diversos setores da Administração Pública, para entrega parcelada, conforme Anexo I, por tempo determinado.;2024-11-01;2024-11-01;2026-10-31;0;;2026-08-24T19:23:54+00:00
45138070000149-1-001256/2024-000027;45138070000149-1-001256/2024;192;2024;45138070000149;MUNICIPIO DE SANTA FE DO SUL;3546603;REGISTRO DE PREÇOS para futura e eventual aquisição de materiais, do grupo material de consumo, de diversas classes para atendimento da demanda de diversos setores da Administração Pública, para entrega parcelada, conforme Anexo I, por tempo determinado.;2024-11-01;2024-11-01;2026-10-31;0;;2026-08-24T19:23:54+00:00
45138070000149-1-001256/2024-000026;45138070000149-1-001256/2024;191;2024;45138070000149;MUNICIPIO DE SANTA FE DO SUL;3546603;REGISTRO DE PREÇOS para futura e eventual aquisição de materiais, do grupo material de consumo, de diversas classes para atendimento da demanda de diversos setores da Administração Pública, para entrega parcelada, conforme Anexo I, por tempo determinado.;2024-11-01;2024-11-01;2026-10-31;0;;2026-08-24T19:23:54+00:00
45138070000149-1-001256/2024-000025;45138070000149-1-001256/2024;190;2024;45138070000149;MUNICIPIO DE SANTA FE DO SUL;3546603;REGISTRO DE PREÇOS para futura e eventual aquisição de materiais, do grupo material de consumo, de diversas classes para atendimento da demanda de diversos setores da Administração Pública, para entrega parcelada, conforme Anexo I, por tempo determinado.;2024-11-01;2024-11-01;2026-10-31;0;;2026-08-24T19:23:54+00:00
45138070000149-1-001256/2024-000019;45138070000149-1-001256/2024;184;2024;45138070000149;MUNICIPIO DE SANTA FE DO SUL;3546603;REGISTRO DE PREÇOS para futura e eventual aquisição de materiais, do grupo material de consumo, de diversas classes para atendimento da demanda de diversos setores da Administração Pública, para entrega parcelada, conforme Anexo I, por tempo determinado.;2024-11-01;2024-11-01;2026-10-31;0;;2026-08-24T19:23:54+00:00
45138070000149-1-001256/2024-000017;45138070000149-1-001256/2024;182;2024;45138070000149;MUNICIPIO DE SANTA FE DO SUL;3546603;REGISTRO DE PREÇOS para futura e eventual aquisição de materiais, do grupo material de consumo, de diversas classes para atendimento da demanda de diversos setores da Administração Pública, para entrega parcelada, conforme Anexo I, por tempo determinado.;2024-11-01;2024-11-01;2026-10-31;0;;2026-08-24T19:23:54+00:00
45138070000149-1-001256/2024-000015;45138070000149-1-001256/2024;180;2024;45138070000149;MUNICIPIO DE SANTA FE DO SUL;3546603;REGISTRO DE PREÇOS para futura e eventual aquisição de materiais, do grupo material de consumo, de diversas classes para atendimento da demanda de diversos setores da Administração Pública, para entrega parcelada, conforme Anexo I, por tempo determinado.;2024-11-01;2024-11-01;2026-10-31;0;;2026-08-24T19:23:54+00:00
45138070000149-1-001256/2024-000013;45138070000149-1-001256/2024;178;2024;45138070000149;MUNICIPIO DE SANTA FE DO SUL;3546603;REGISTRO DE PREÇOS para futura e eventual aquisição de materiais, do grupo material de consumo, de diversas classes para atendimento da demanda de diversos setores da Administração Pública, para entrega parcelada, conforme Anexo I, por tempo determinado.;2024-11-01;2024-11-01;2026-10-31;0;;2026-08-24T19:23:54+00:00
45138070000149-1-001256/2024-000012;45138070000149-1-001256/2024;177;2024;45138070000149;MUNICIPIO DE SANTA FE DO SUL;3546603;REGISTRO DE PREÇOS para futura e eventual aquisição de materiais, do grupo material de consumo, de diversas classes para atendimento da demanda de diversos setores da Administração Pública, para entrega parcelada, conforme Anexo I, por tempo determinado.;2024-11-01;2024-11-01;2026-10-31;0;;2026-08-24T19:23:54+00:00
45138070000149-1-001256/2024-000008;45138070000149-1-001256/2024;173;2024;45138070000149;MUNICIPIO DE SANTA FE DO SUL;3546603;REGISTRO DE PREÇOS para futura e eventual aquisição de materiais, do grupo material de consumo, de diversas classes para atendimento da demanda de diversos setores da Administração Pública, para entrega parcelada, conforme Anexo I, por tempo determinado.;2024-11-01;2024-11-01;2026-10-31;0;;2026-08-24T19:23:54+00:00
45138070000149-1-001256/2024-000007;45138070000149-1-001256/2024;172;2024;45138070000149;MUNICIPIO DE SANTA FE DO SUL;3546603;REGISTRO DE PREÇOS para futura e eventual aquisição de materiais, do grupo material de consumo, de diversas classes para atendimento da demanda de diversos setores da Administração Pública, para entrega parcelada, conforme Anexo I, por tempo determinado.;2024-11-01;2024-11-01;2026-10-31;0;;2026-08-24T19:23:54+00:00
45138070000149-1-001256/2024-000005;45138070000149-1-001256/2024;170;2024;45138070000149;MUNICIPIO DE SANTA FE DO SUL;3546603;REGISTRO DE PREÇOS para futura e eventual aquisição de materiais, do grupo material de consumo, de diversas classes para atendimento da demanda de diversos setores da Administração Pública, para entrega parcelada, conforme Anexo I, por tempo determinado.;2024-11-01;2024-11-01;2026-10-31;0;;2026-08-24T19:23:54+00:00
45138070000149-1-001256/2024-000004;45138070000149-1-001256/2024;169;2024;45138070000149;MUNICIPIO DE SANTA FE DO SUL;3546603;REGISTRO DE PREÇOS para futura e eventual aquisição de materiais, do grupo material de consumo, de diversas classes para atendimento da demanda de diversos setores da Administração Pública, para entrega parcelada, conforme Anexo I, por tempo determinado.;2024-11-01;2024-11-01;2026-10-31;1;2025-04-07;2026-08-24T19:23:54+00:00
45138070000149-1-001256/2024-000003;45138070000149-1-001256/2024;168;2024;45138070000149;MUNICIPIO DE SANTA FE DO SUL;3546603;REGISTRO DE PREÇOS para futura e eventual aquisição de materiais, do grupo material de consumo, de diversas classes para atendimento da demanda de diversos setores da Administração Pública, para entrega parcelada, conforme Anexo I, por tempo determinado.;2024-11-01;2024-11-01;2026-10-31;0;;2026-08-24T19:23:54+00:00
45138070000149-1-001256/2024-000002;45138070000149-1-001256/2024;167;2024;45138070000149;MUNICIPIO DE SANTA FE DO SUL;3546603;REGISTRO DE PREÇOS para futura e eventual aquisição de materiais, do grupo material de consumo, de diversas classes para atendimento da demanda de diversos setores da Administração Pública, para entrega parcelada, conforme Anexo I, por tempo determinado.;2024-11-01;2024-11-01;2026-10-31;0;;2026-08-24T19:23:54+00:00
45138070000149-1-001256/2024-000001;45138070000149-1-001256/2024;166;2024;45138070000149;MUNICIPIO DE SANTA FE DO SUL;3546603;REGISTRO DE PREÇOS para futura e eventual aquisição de materiais, do grupo material de consumo, de diversas classes para atendimento da demanda de diversos setores da Administração Pública, para entrega parcelada, conforme Anexo I, por tempo determinado.;2024-11-01;2024-11-01;2026-10-31;0;;2026-08-24T19:23:54+00:00
45138070000149-1-001251/2025-000029;45138070000149-1-001251/2025;132;2025;45138070000149;MUNICIPIO DE SANTA FE DO SUL;3546603;Registro de Preços visando a futura e eventual aquisição de medicamentos para atendimento às necessidades básicas e essenciais dos usuários SUS e demandas judiciais, a fim de garantir um atendimento contínuo e ininterrupto, pelo prazo de 12 meses.;2025-10-14;2025-10-14;2026-10-13;0;;2026-08-24T19:23:54+00:00
45138070000149-1-001251/2025-000028;45138070000149-1-001251/2025;131;2025;45138070000149;MUNICIPIO DE SANTA FE DO SUL;3546603;Registro de Preços visando a futura e eventual aquisição de medicamentos para atendimento às necessidades básicas e essenciais dos usuários SUS e demandas judiciais, a fim de garantir um atendimento contínuo e ininterrupto, pelo prazo de 12 meses.;2025-10-14;2025-10-14;2026-10-13;0;;2026-08-24T19:23:54+00:00
45138070000149-1-001251/2025-000027;45138070000149-1-001251/2025;130;2025;45138070000149;MUNICIPIO DE SANTA FE DO SUL;3546603;Registro de Preços visando a futura e eventual aquisição de medicamentos para atendimento às necessidades básicas e essenciais dos usuários SUS e demandas judiciais, a fim de garantir um atendimento contínuo e ininterrupto, pelo prazo de 12 meses.;2025-10-14;2025-10-14;2026-10-13;0;;2026-08-24T19:23:54+00:00
45138070000149-1-001251/2025-000026;45138070000149-1-001251/2025;129;2025;45138070000149;MUNICIPIO DE SANTA FE DO SUL;3546603;Registro de Preços visando a futura e eventual aquisição de medicamentos para atendimento às necessidades básicas e essenciais dos usuários SUS e demandas judiciais, a fim de garantir um atendimento contínuo e ininterrupto, pelo prazo de 12 meses.;2025-10-14;2025-10-14;2026-10-13;0;;2026-08-24T19:23:54+00:00
45138070000149-1-001251/2025-000025;45138070000149-1-001251/2025;128;2025;45138070000149;MUNICIPIO DE SANTA FE DO SUL;3546603;Registro de Preços visando a futura e eventual aquisição de medicamentos para atendimento às necessidades básicas e essenciais dos usuários SUS e demandas judiciais, a fim de garantir um atendimento contínuo e ininterrupto, pelo prazo de 12 meses.;2025-10-14;2025-10-14;2026-10-13;0;;2026-08-24T19:23:54+00:00
45138070000149-1-001251/2025-000024;45138070000149-1-001251/2025;127;2025;45138070000149;MUNICIPIO DE SANTA FE DO SUL;3546603;Registro de Preços visando a futura e eventual aquisição de medicamentos para atendimento às necessidades básicas e essenciais dos usuários SUS e demandas judiciais, a fim de garantir um atendimento contínuo e ininterrupto, pelo prazo de 12 meses.;2025-10-14;2025-10-14;2026-10-13;0;;2026-08-24T19:23:54+00:00
45138070000149-1-001251/2025-000023;45138070000149-1-001251/2025;126;2025;45138070000149;MUNICIPIO DE SANTA FE DO SUL;3546603;Registro de Preços visando a futura e eventual aquisição de medicamentos para atendimento às necessidades básicas e essenciais dos usuários SUS e demandas judiciais, a fim de garantir um atendimento contínuo e ininterrupto, pelo prazo de 12 meses.;2025-10-14;2025-10-14;2026-10-13;0;;2026-08-24T19:23:54+00:00
45138070000149-1-001251/2025-000022;45138070000149-1-001251/2025;125;2025;45138070000149;MUNICIPIO DE SANTA FE DO SUL;3546603;Registro de Preços visando a futura e eventual aquisição de medicamentos para atendimento às necessidades básicas e essenciais dos usuários SUS e demandas judiciais, a fim de garantir um atendimento contínuo e ininterrupto, pelo prazo de 12 meses.;2025-10-14;2025-10-14;2026-10-13;0;;2026-08-24T19:23:54+00:00
45138070000149-1-001251/2025-000021;45138070000149-1-001251/2025;124;2025;45138070000149;MUNICIPIO DE SANTA FE DO SUL;3546603;Registro de Preços visando a futura e eventual aquisição de medicamentos para atendimento às necessidades básicas e essenciais dos usuários SUS e demandas judiciais, a fim de garantir um atendimento contínuo e ininterrupto, pelo prazo de 12 meses.;2025-10-14;2025-10-14;2026-10-13;0;;2026-08-24T19:23:54+00:00
45138070000149-1-001251/2025-000020;45138070000149-1-001251/2025;123;2025;45138070000149;MUNICIPIO DE SANTA FE DO SUL;3546603;Registro de Preços visando a futura e eventual aquisição de medicamentos para atendimento às necessidades básicas e essenciais dos usuários SUS e demandas judiciais, a fim de garantir um atendimento contínuo e ininterrupto, pelo prazo de 12 meses.;2025-10-14;2025-10-14;2026-10-13;0;;2026-08-24T19:23:54+00:00
45138070000149-1-001251/2025-000019;45138070000149-1-001251/2025;122;2025;45138070000149;MUNICIPIO DE SANTA FE DO SUL;3546603;Registro de Preços visando a futura e eventual aquisição de medicamentos para atendimento às necessidades básicas e essenciais dos usuários SUS e demandas judiciais, a fim de garantir um atendimento contínuo e ininterrupto, pelo prazo de 12 meses.;2025-10-14;2025-10-14;2026-10-13;0;;2026-08-24T19:23:54+00:00
45138070000149-1-001251/2025-000018;45138070000149-1-001251/2025;121;2025;45138070000149;MUNICIPIO DE SANTA FE DO SUL;3546603;Registro de Preços visando a futura e eventual aquisição de medicamentos para atendimento às necessidades básicas e essenciais dos usuários SUS e demandas judiciais, a fim de garantir um atendimento contínuo e ininterrupto, pelo prazo de 12 meses.;2025-10-14;2025-10-14;2026-10-13;0;;2026-08-24T19:23:54+00:00
45138070000149-1-001251/2025-000017;45138070000149-1-001251/2025;120;2025;45138070000149;MUNICIPIO DE SANTA FE DO SUL;3546603;Registro de Preços visando a futura e eventual aquisição de medicamentos para atendimento às necessidades básicas e essenciais dos usuários SUS e demandas judiciais, a fim de garantir um atendimento contínuo e ininterrupto, pelo prazo de 12 meses.;2025-10-14;2025-10-14;2026-10-13;0;;2026-08-24T19:23:54+00:00
45138070000149-1-001251/2025-000016;45138070000149-1-001251/2025;119;2025;45138070000149;MUNICIPIO DE SANTA FE DO SUL;3546603;Registro de Preços visando a futura e eventual aquisição de medicamentos para atendimento às necessidades básicas e essenciais dos usuários SUS e demandas judiciais, a fim de garantir um atendimento contínuo e ininterrupto, pelo prazo de 12 meses.;2025-10-14;2025-10-14;2026-10-13;0;;2026-08-24T19:23:54+00:00
45138070000149-1-001251/2025-000015;45138070000149-1-001251/2025;118;2025;45138070000149;MUNICIPIO DE SANTA FE DO SUL;3546603;Registro de Preços visando a futura e eventual aquisição de medicamentos para atendimento às necessidades básicas e essenciais dos usuários SUS e demandas judiciais, a fim de garantir um atendimento contínuo e ininterrupto, pelo prazo de 12 meses.;2025-10-14;2025-10-14;2026-10-13;0;;2026-08-24T19:23:54+00:00
45138070000149-1-001251/2025-000014;45138070000149-1-001251/2025;117;2025;45138070000149;MUNICIPIO DE SANTA FE DO SUL;3546603;Registro de Preços visando a futura e eventual aquisição de medicamentos para atendimento às necessidades básicas e essenciais dos usuários SUS e demandas judiciais, a fim de garantir um atendimento contínuo e ininterrupto, pelo prazo de 12 meses.;2025-10-14;2025-10-14;2026-10-13;0;;2026-08-24T19:23:54+00:00
45138070000149-1-001251/2025-000013;45138070000149-1-001251/2025;116;2025;45138070000149;MUNICIPIO DE SANTA FE DO SUL;3546603;Registro de Preços visando a futura e eventual aquisição de medicamentos para atendimento às necessidades básicas e essenciais dos usuários SUS e demandas judiciais, a fim de garantir um atendimento contínuo e ininterrupto, pelo prazo de 12 meses.;2025-10-14;2025-10-14;2026-10-13;0;;2026-08-24T19:23:54+00:00
45138070000149-1-001251/2025-000012;45138070000149-1-001251/2025;115;2025;45138070000149;MUNICIPIO DE SANTA FE DO SUL;3546603;Registro de Preços visando a futura e eventual aquisição de medicamentos para atendimento às necessidades básicas e essenciais dos usuários SUS e demandas judiciais, a fim de garantir um atendimento contínuo e ininterrupto, pelo prazo de 12 meses.;2025-10-14;2025-10-14;2026-10-13;0;;2026-08-24T19:23:54+00:00
45138070000149-1-001251/2025-000011;45138070000149-1-001251/2025;114;2025;45138070000149;MUNICIPIO DE SANTA FE DO SUL;3546603;Registro de Preços visando a futura e eventual aquisição de medicamentos para atendimento às necessidades básicas e essenciais dos usuários SUS e demandas judiciais, a fim de garantir um atendimento contínuo e ininterrupto, pelo prazo de 12 meses.;2025-10-14;2025-10-14;2026-10-13;0;;2026-08-24T19:23:54+00:00
45138070000149-1-001251/2025-000010;45138070000149-1-001251/2025;113;2025;45138070000149;MUNICIPIO DE SANTA FE DO SUL;3546603;Registro de Preços visando a futura e eventual aquisição de medicamentos para atendimento às necessidades básicas e essenciais dos usuários SUS e demandas judiciais, a fim de garantir um atendimento contínuo e ininterrupto, pelo prazo de 12 meses.;2025-10-14;2025-10-14;2026-10-13;0;;2026-08-24T19:23:54+00:00
45138070000149-1-001251/2025-000009;45138070000149-1-001251/2025;112;2025;45138070000149;MUNICIPIO DE SANTA FE DO SUL;3546603;Registro de Preços visando a futura e eventual aquisição de medicamentos para atendimento às necessidades básicas e essenciais dos usuários SUS e demandas judiciais, a fim de garantir um atendimento contínuo e ininterrupto, pelo prazo de 12 meses.;2025-10-14;2025-10-14;2026-10-13;0;;2026-08-24T19:23:54+00:00
45138070000149-1-001251/2025-000008;45138070000149-1-001251/2025;111;2025;45138070000149;MUNICIPIO DE SANTA FE DO SUL;3546603;Registro de Preços visando a futura e eventual aquisição de medicamentos para atendimento às necessidades básicas e essenciais dos usuários SUS e demandas judiciais, a fim de garantir um atendimento contínuo e ininterrupto, pelo prazo de 12 meses.;2025-10-14;2025-10-14;2026-10-13;0;;2026-08-24T19:23:54+00:00
45138070000149-1-001251/2025-000007;45138070000149-1-001251/2025;110;2025;45138070000149;MUNICIPIO DE SANTA FE DO SUL;3546603;Registro de Preços visando a futura e eventual aquisição de medicamentos para atendimento às necessidades básicas e essenciais dos usuários SUS e demandas judiciais, a fim de garantir um atendimento contínuo e ininterrupto, pelo prazo de 12 meses.;2025-10-14;2025-10-14;2026-10-13;0;;2026-08-24T19:23:54+00:00
45138070000149-1-001251/2025-000006;45138070000149-1-001251/2025;109;2025;45138070000149;MUNICIPIO DE SANTA FE DO SUL;3546603;Registro de Preços visando a futura e eventual aquisição de medicamentos para atendimento às necessidades básicas e essenciais dos usuários SUS e demandas judiciais, a fim de garantir um atendimento contínuo e ininterrupto, pelo prazo de 12 meses.;2025-10-14;2025-10-14;2026-10-13;0;;2026-08-24T19:23:54+00:00
45138070000149-1-001251/2025-000005;45138070000149-1-001251/2025;108;2025;45138070000149;MUNICIPIO DE SANTA FE DO SUL;3546603;Registro de Preços visando a futura e eventual aquisição de medicamentos para atendimento às necessidades básicas e essenciais dos usuários SUS e demandas judiciais, a fim de garantir um atendimento contínuo e ininterrupto, pelo prazo de 12 meses.;2025-10-14;2025-10-14;2026-10-13;0;;2026-08-24T19:23:54+00:00
45138070000149-1-001251/2025-000004;45138070000149-1-001251/2025;107;2025;45138070000149;MUNICIPIO DE SANTA FE DO SUL;3546603;Registro de Preços visando a futura e eventual aquisição de medicamentos para atendimento às necessidades básicas e essenciais dos usuários SUS e demandas judiciais, a fim de garantir um atendimento contínuo e ininterrupto, pelo prazo de 12 meses.;2025-10-14;2025-10-14;2026-10-13;0;;2026-08-24T19:23:54+00:00
45138070000149-1-001251/2025-000003;45138070000149-1-001251/2025;106;2025;45138070000149;MUNICIPIO DE SANTA FE DO SUL;3546603;Registro de Preços visando a futura e eventual aquisição de medicamentos para atendimento às necessidades básicas e essenciais dos usuários SUS e demandas judiciais, a fim de garantir um atendimento contínuo e ininterrupto, pelo prazo de 12 meses.;2025-10-14;2025-10-14;2026-10-13;0;;2026-08-24T19:23:54+00:00
45138070000149-1-001251/2025-000002;45138070000149-1-001251/2025;105;2025;45138070000149;MUNICIPIO DE SANTA FE DO SUL;3546603;Registro de Preços visando a futura e eventual aquisição de medicamentos para atendimento às necessidades básicas e essenciais dos usuários SUS e demandas judiciais, a fim de garantir um atendimento contínuo e ininterrupto, pelo prazo de 12 meses.;2025-10-14;2025-10-14;2026-10-13;0;;2026-08-24T19:23:54+00:00
45138070000149-1-001251/2025-000001;45138070000149-1-001251/2025;104;2025;45138070000149;MUNICIPIO DE SANTA FE DO SUL;3546603;Registro de Preços visando a futura e eventual aquisição de medicamentos para atendimento às necessidades básicas e essenciais dos usuários SUS e demandas judiciais, a fim de garantir um atendimento contínuo e ininterrupto, pelo prazo de 12 meses.;2025-10-14;2025-10-14;2026-10-13;0;;2026-08-24T19:23:54+00:00
45138070000149-1-001614/2025-000001;45138070000149-1-001614/2025;133;2025;45138070000149;MUNICIPIO DE SANTA FE DO SUL;3546603;Registro de Preços visando a futura e eventual aquisição de café superior, 500 gramas, embalado à vácuo para os diversos setores da Administração Pública Municipal, de acordo com as especifica-ções e quantidades descritos no Anexo I deste edital.;2025-10-10;2025-10-10;2026-10-09;0;;2026-08-24T19:23:54+00:00
45138070000149-1-001750/2025-000006;45138070000149-1-001750/2025;103;2025;45138070000149;MUNICIPIO DE SANTA FE DO SUL;3546603;Registro de Preços para futura e eventual aquisição de dietas, leites e suplementos para atendimento de demandas judiciais e aos usuários da rede de saúde pública atendidos pelo Núcleo de Apoio a Saúde NAS, conforme condições e exigências estabelecidas neste instrumento.;2025-10-08;2025-10-08;2026-10-07;0;;2026-08-24T19:23:54+00:00
45138070000149-1-001750/2025-000005;45138070000149-1-001750/2025;102;2025;45138070000149;MUNICIPIO DE SANTA FE DO SUL;3546603;Registro de Preços para futura e eventual aquisição de dietas, leites e suplementos para atendimento de demandas judiciais e aos usuários da rede de saúde pública atendidos pelo Núcleo de Apoio a Saúde NAS, conforme condições e exigências estabelecidas neste instrumento.;2025-10-08;2025-10-08;2026-10-07;0;;2026-08-24T19:23:54+00:00
45138070000149-1-001750/2025-000004;45138070000149-1-001750/2025;101;2025;45138070000149;MUNICIPIO DE SANTA FE DO SUL;3546603;Registro de Preços para futura e eventual aquisição de dietas, leites e suplementos para atendimento de demandas judiciais e aos usuários da rede de saúde pública atendidos pelo Núcleo de Apoio a Saúde NAS, conforme condições e exigências estabelecidas neste instrumento.;2025-10-08;2025-10-08;2026-10-07;0;;2026-08-24T19:23:54+00:00
45138070000149-1-001750/2025-000003;45138070000149-1-001750/2025;99;2025;45138070000149;MUNICIPIO DE SANTA FE DO SUL;3546603;Registro de Preços para futura e eventual aquisição de dietas, leites e suplementos para atendimento de demandas judiciais e aos usuários da rede de saúde pública atendidos pelo Núcleo de Apoio a Saúde NAS, conforme condições e exigências estabelecidas neste instrumento.;2025-10-08;2025-10-08;2026-10-07;0;;2026-08-24T19:23:54+00:00
45138070000149-1-001750/2025-000002;45138070000149-1-001750/2025;98;2025;45138070000149;MUNICIPIO DE SANTA FE DO SUL;3546603;Registro de Preços para futura e eventual aquisição de dietas, leites e suplementos para atendimento de demandas judiciais e aos usuários da rede de saúde pública atendidos pelo Núcleo de Apoio a Saúde NAS, conforme condições e exigências estabelecidas neste instrumento.;2025-10-08;2025-10-08;2026-10-07;0;;2026-08-24T19:23:54+00:00
45138070000149-1-001750/2025-000001;45138070000149-1-001750/2025;100;2025;45138070000149;MUNICIPIO DE SANTA FE DO SUL;3546603;Registro de Preços para futura e eventual aquisição de dietas, leites e suplementos para atendimento de demandas judiciais e aos usuários da rede de saúde pública atendidos pelo Núcleo de Apoio a Saúde NAS, conforme condições e exigências estabelecidas neste instrumento.;2025-10-08;2025-10-08;2026-10-07;0;;2026-08-24T19:23:54+00:00
45138070000149-1-001177/2025-000048;45138070000149-1-001177/2025;90;2025;45138070000149;MUNICIPIO DE SANTA FE DO SUL;3546603;Registro de Preços visando a futura e eventual aquisição de material /insumos de enfermagem, para atender às necessidades das UNIDADES de SAÚDE, conforme condições, quantidades e exigências estabelecidas no edital e seus anexos.;2025-09-30;2025-09-30;2026-09-29;0;;2026-08-24T19:23:54+00:00
45138070000149-1-001177/2025-000047;45138070000149-1-001177/2025;89;2025;45138070000149;MUNICIPIO DE SANTA FE DO SUL;3546603;Registro de Preços visando a futura e eventual aquisição de material /insumos de enfermagem, para atender às necessidades das UNIDADES de SAÚDE, conforme condições, quantidades e exigências estabelecidas no edital e seus anexos.;2025-09-30;2025-09-30;2026-09-29;0;;2026-08-24T19:23:54+00:00
45138070000149-1-001177/2025-000046;45138070000149-1-001177/2025;88;2025;45138070000149;MUNICIPIO DE SANTA FE DO SUL;3546603;Registro de Preços visando a futura e eventual aquisição de material /insumos de enfermagem, para atender às necessidades das UNIDADES de SAÚDE, conforme condições, quantidades e exigências estabelecidas no edital e seus anexos.;2025-09-30;2025-09-30;2026-09-29;0;;2026-08-24T19:23:54+00:00
45138070000149-1-001177/2025-000045;45138070000149-1-001177/2025;87;2025;45138070000149;MUNICIPIO DE SANTA FE DO SUL;3546603;Registro de Preços visando a futura e eventual aquisição de material /insumos de enfermagem, para atender às necessidades das UNIDADES de SAÚDE, conforme condições, quantidades e exigências estabelecidas no edital e seus anexos.;2025-09-30;2025-09-30;2026-09-29;0;;2026-08-24T19:23:54+00:00
45138070000149-1-001177/2025-000044;45138070000149-1-001177/2025;86;2025;45138070000149;MUNICIPIO DE SANTA FE DO SUL;3546603;Registro de Preços visando a futura e eventual aquisição de material /insumos de enfermagem, para atender às necessidades das UNIDADES de SAÚDE, conforme condições, quantidades e exigências estabelecidas no edital e seus anexos.;2025-09-30;2025-09-30;2026-09-29;0;;2026-08-24T19:23:54+00:00
45138070000149-1-001177/2025-000043;45138070000149-1-001177/2025;85;2025;45138070000149;MUNICIPIO DE SANTA FE DO SUL;3546603;Registro de Preços visando a futura e eventual aquisição de material /insumos de enfermagem, para atender às necessidades das UNIDADES de SAÚDE, conforme condições, quantidades e exigências estabelecidas no edital e seus anexos.;2025-09-30;2025-09-30;2026-09-29;0;;2026-08-24T19:23:54+00:00
45138070000149-1-001177/2025-000042;45138070000149-1-001177/2025;84;2025;45138070000149;MUNICIPIO DE SANTA FE DO SUL;3546603;Registro de Preços visando a futura e eventual aquisição de material /insumos de enfermagem, para atender às necessidades das UNIDADES de SAÚDE, conforme condições, quantidades e exigências estabelecidas no edital e seus anexos.;2025-09-30;2025-09-30;2026-09-29;0;;2026-08-24T19:23:54+00:00
45138070000149-1-001177/2025-000041;45138070000149-1-001177/2025;83;2025;45138070000149;MUNICIPIO DE SANTA FE DO SUL;3546603;Registro de Preços visando a futura e eventual aquisição de material /insumos de enfermagem, para atender às necessidades das UNIDADES de SAÚDE, conforme condições, quantidades e exigências estabelecidas no edital e seus anexos.;2025-09-30;2025-09-30;2026-09-29;0;;2026-08-24T19:23:54+00:00
45138070000149-1-001177/2025-000040;45138070000149-1-001177/2025;82;2025;45138070000149;MUNICIPIO DE SANTA FE DO SUL;3546603;Registro de Preços visando a futura e eventual aquisição de material /insumos de enfermagem, para atender às necessidades das UNIDADES de SAÚDE, conforme condições, quantidades e exigências estabelecidas no edital e seus anexos.;2025-09-30;2025-09-30;2026-09-29;0;;2026-08-24T19:23:54+00:00
45138070000149-1-001177/2025-000039;45138070000149-1-001177/2025;81;2025;45138070000149;MUNICIPIO DE SANTA FE DO SUL;3546603;Registro de Preços visando a futura e eventual aquisição de material /insumos de enfermagem, para atender às necessidades das UNIDADES de SAÚDE, conforme condições, quantidades e exigências estabelecidas no edital e seus anexos.;2025-09-30;2025-09-30;2026-09-29;0;;2026-08-24T19:23:54+00:00
45138070000149-1-001177/2025-000038;45138070000149-1-001177/2025;80;2025;45138070000149;MUNICIPIO DE SANTA FE DO SUL;3546603;Registro de Preços visando a futura e eventual aquisição de material /insumos de enfermagem, para atender às necessidades das UNIDADES de SAÚDE, conforme condições, quantidades e exigências estabelecidas no edital e seus anexos.;2025-09-30;2025-09-30;2026-09-29;0;;2026-08-24T19:23:54+00:00
45138070000149-1-001177/2025-000037;45138070000149-1-001177/2025;79;2025;45138070000149;MUNICIPIO DE SANTA FE DO SUL;3546603;Registro de Preços visando a futura e eventual aquisição de material /insumos de enfermagem, para atender às necessidades das UNIDADES de SAÚDE, conforme condições, quantidades e exigências estabelecidas no edital e seus anexos.;2025-09-30;2025-09-30;2026-09-29;0;;2026-08-24T19:23:54+00:00
45138070000149-1-001177/2025-000036;45138070000149-1-001177/2025;78;2025;45138070000149;MUNICIPIO DE SANTA FE DO SUL;3546603;Registro de Preços visando a futura e eventual aquisição de material /insumos de enfermagem, para atender às necessidades das UNIDADES de SAÚDE, conforme condições, quantidades e exigências estabelecidas no edital e seus anexos.;2025-09-30;2025-09-30;2026-09-29;0;;2026-08-24T19:23:54+00:00
45138070000149-1-001177/2025-000035;45138070000149-1-001177/2025;77;2025;45138070000149;MUNICIPIO DE SANTA FE DO SUL;3546603;Registro de Preços visando a futura e eventual aquisição de material /insumos de enfermagem, para atender às necessidades das UNIDADES de SAÚDE, conforme condições, quantidades e exigências estabelecidas no edital e seus anexos.;2025-09-30;2025-09-30;2026-09-29;0;;2026-08-24T19:23:54+00:00
45138070000149-1-001177/2025-000034;45138070000149-1-001177/2025;76;2025;45138070000149;MUNICIPIO DE SANTA FE DO SUL;3546603;Registro de Preços visando a futura e eventual aquisição de material /insumos de enfermagem, para atender às necessidades das UNIDADES de SAÚDE, conforme condições, quantidades e exigências estabelecidas no edital e seus anexos.;2025-09-30;2025-09-30;2026-09-29;0;;2026-08-24T19:23:54+00:00
45138070000149-1-001177/2025-000033;45138070000149-1-001177/2025;75;2025;45138070000149;MUNICIPIO DE SANTA FE DO SUL;3546603;Registro de Preços visando a futura e eventual aquisição de material /insumos de enfermagem, para atender às necessidades das UNIDADES de SAÚDE, conforme condições, quantidades e exigências estabelecidas no edital e seus anexos.;2025-09-30;2025-09-30;2026-09-29;0;;2026-08-24T19:23:54+00:00
45138070000149-1-001177/2025-000032;45138070000149-1-001177/2025;74;2025;45138070000149;MUNICIPIO DE SANTA FE DO SUL;3546603;Registro de Preços visando a futura e eventual aquisição de material /insumos de enfermagem, para atender às necessidades das UNIDADES de SAÚDE, conforme condições, quantidades e exigências estabelecidas no edital e seus anexos.;2025-09-30;2025-09-30;2026-09-29;0;;2026-08-24T19:23:54+00:00
45138070000149-1-001177/2025-000031;45138070000149-1-001177/2025;73;2025;45138070000149;MUNICIPIO DE SANTA FE DO SUL;3546603;Registro de Preços visando a futura e eventual aquisição de material /insumos de enfermagem, para atender às necessidades das UNIDADES de SAÚDE, conforme condições, quantidades e exigências estabelecidas no edital e seus anexos.;2025-09-30;2025-09-30;2026-09-29;0;;2026-08-24T19:23:54+00:00
45138070000149-1-001177/2025-000030;45138070000149-1-001177/2025;72;2025;45138070000149;MUNICIPIO DE SANTA FE DO SUL;3546603;Registro de Preços visando a futura e eventual aquisição de material /insumos de enfermagem, para atender às necessidades das UNIDADES de SAÚDE, conforme condições, quantidades e exigências estabelecidas no edital e seus anexos.;2025-09-30;2025-09-30;2026-09-29;0;;2026-08-24T19:23:54+00:00
45138070000149-1-001177/2025-000029;45138070000149-1-001177/2025;71;2025;45138070000149;MUNICIPIO DE SANTA FE DO SUL;3546603;Registro de Preços visando a futura e eventual aquisição de material /insumos de enfermagem, para atender às necessidades das UNIDADES de SAÚDE, conforme condições, quantidades e exigências estabelecidas no edital e seus anexos.;2025-09-30;2025-09-30;2026-09-29;0;;2026-08-24T19:23:54+00:00
45138070000149-1-001177/2025-000028;45138070000149-1-001177/2025;70;2025;45138070000149;MUNICIPIO DE SANTA FE DO SUL;3546603;Registro de Preços visando a futura e eventual aquisição de material /insumos de enfermagem, para atender às necessidades das UNIDADES de SAÚDE, conforme condições, quantidades e exigências estabelecidas no edital e seus anexos.;2025-09-30;2025-09-30;2026-09-29;0;;2026-08-24T19:23:54+00:00
45138070000149-1-001177/2025-000027;45138070000149-1-001177/2025;69;2025;45138070000149;MUNICIPIO DE SANTA FE DO SUL;3546603;Registro de Preços visando a futura e eventual aquisição de material /insumos de enfermagem, para atender às necessidades das UNIDADES de SAÚDE, conforme condições, quantidades e exigências estabelecidas no edital e seus anexos.;2025-09-30;2025-09-30;2026-09-29;0;;2026-08-24T19:23:54+00:00
45138070000149-1-001177/2025-000026;45138070000149-1-001177/2025;68;2025;45138070000149;MUNICIPIO DE SANTA FE DO SUL;3546603;Registro de Preços visando a futura e eventual aquisição de material /insumos de enfermagem, para atender às necessidades das UNIDADES de SAÚDE, conforme condições, quantidades e exigências estabelecidas no edital e seus anexos.;2025-09-30;2025-09-30;2026-09-29;0;;2026-08-24T19:23:54+00:00
45138070000149-1-001177/2025-000025;45138070000149-1-001177/2025;67;2025;45138070000149;MUNICIPIO DE SANTA FE DO SUL;3546603;Registro de Preços visando a futura e eventual aquisição de material /insumos de enfermagem, para atender às necessidades das UNIDADES de SAÚDE, conforme condições, quantidades e exigências estabelecidas no edital e seus anexos.;2025-09-30;2025-09-30;2026-09-29;0;;2026-08-24T19:23:54+00:00
45138070000149-1-001177/2025-000024;45138070000149-1-001177/2025;66;2025;45138070000149;MUNICIPIO DE SANTA FE DO SUL;3546603;Registro de Preços visando a futura e eventual aquisição de material /insumos de enfermagem, para atender às necessidades das UNIDADES de SAÚDE, conforme condições, quantidades e exigências estabelecidas no edital e seus anexos.;2025-09-30;2025-09-30;2026-09-29;0;;2026-08-24T19:23:54+00:00
45138070000149-1-001177/2025-000023;45138070000149-1-001177/2025;65;2025;45138070000149;MUNICIPIO DE SANTA FE DO SUL;3546603;Registro de Preços visando a futura e eventual aquisição de material /insumos de enfermagem, para atender às necessidades das UNIDADES de SAÚDE, conforme condições, quantidades e exigências estabelecidas no edital e seus anexos.;2025-09-30;2025-09-30;2026-09-29;0;;2026-08-24T19:23:54+00:00
45138070000149-1-001177/2025-000022;45138070000149-1-001177/2025;64;2025;45138070000149;MUNICIPIO DE SANTA FE DO SUL;3546603;Registro de Preços visando a futura e eventual aquisição de material /insumos de enfermagem, para atender às necessidades das UNIDADES de SAÚDE, conforme condições, quantidades e exigências estabelecidas no edital e seus anexos.;2025-09-30;2025-09-30;2026-09-29;0;;2026-08-24T19:23:54+00:00
45138070000149-1-001177/2025-000021;45138070000149-1-001177/2025;63;2025;45138070000149;MUNICIPIO DE SANTA FE DO SUL;3546603;Registro de Preços visando a futura e eventual aquisição de material /insumos de enfermagem, para atender às necessidades das UNIDADES de SAÚDE, conforme condições, quantidades e exigências estabelecidas no edital e seus anexos.;2025-09-30;2025-09-30;2026-09-29;0;;2026-08-24T19:23:54+00:00
45138070000149-1-001177/2025-000020;45138070000149-1-001177/2025;62;2025;45138070000149;MUNICIPIO DE SANTA FE DO SUL;3546603;Registro de Preços visando a futura e eventual aquisição de material /insumos de enfermagem, para atender às necessidades das UNIDADES de SAÚDE, conforme condições, quantidades e exigências estabelecidas no edital e seus anexos.;2025-09-30;2025-09-30;2026-09-29;0;;2026-08-24T19:23:54+00:00
45138070000149-1-001177/2025-000019;45138070000149-1-001177/2025;61;2025;45138070000149;MUNICIPIO DE SANTA FE DO SUL;3546603;Registro de Preços visando a futura e eventual aquisição de material /insumos de enfermagem, para atender às necessidades das UNIDADES de SAÚDE, conforme condições, quantidades e exigências estabelecidas no edital e seus anexos.;2025-09-30;2025-09-30;2026-09-29;0;;2026-08-24T19:23:54+00:00
45138070000149-1-001177/2025-000018;45138070000149-1-001177/2025;60;2025;45138070000149;MUNICIPIO DE SANTA FE DO SUL;3546603;Registro de Preços visando a futura e eventual aquisição de material /insumos de enfermagem, para atender às necessidades das UNIDADES de SAÚDE, conforme condições, quantidades e exigências estabelecidas no edital e seus anexos.;2025-09-30;2025-09-30;2026-09-29;0;;2026-08-24T19:23:54+00:00
45138070000149-1-001177/2025-000017;45138070000149-1-001177/2025;59;2025;45138070000149;MUNICIPIO DE SANTA FE DO SUL;3546603;Registro de Preços visando a futura e eventual aquisição de material /insumos de enfermagem, para atender às necessidades das UNIDADES de SAÚDE, conforme condições, quantidades e exigências estabelecidas no edital e seus anexos.;2025-09-30;2025-09-30;2026-09-29;0;;2026-08-24T19:23:54+00:00
45138070000149-1-001177/2025-000016;45138070000149-1-001177/2025;58;2025;45138070000149;MUNICIPIO DE SANTA FE DO SUL;3546603;Registro de Preços visando a futura e eventual aquisição de material /insumos de enfermagem, para atender às necessidades das UNIDADES de SAÚDE, conforme condições, quantidades e exigências estabelecidas no edital e seus anexos.;2025-09-30;2025-09-30;2026-09-29;0;;2026-08-24T19:23:54+00:00
45138070000149-1-001177/2025-000015;45138070000149-1-001177/2025;57;2025;45138070000149;MUNICIPIO DE SANTA FE DO SUL;3546603;Registro de Preços visando a futura e eventual aquisição de material /insumos de enfermagem, para atender às necessidades das UNIDADES de SAÚDE, conforme condições, quantidades e exigências estabelecidas no edital e seus anexos.;2025-09-30;2025-09-30;2026-09-29;0;;2026-08-24T19:23:54+00:00
45138070000149-1-001177/2025-000014;45138070000149-1-001177/2025;56;2025;45138070000149;MUNICIPIO DE SANTA FE DO SUL;3546603;Registro de Preços visando a futura e eventual aquisição de material /insumos de enfermagem, para atender às necessidades das UNIDADES de SAÚDE, conforme condições, quantidades e exigências estabelecidas no edital e seus anexos.;2025-09-30;2025-09-30;2026-09-29;0;;2026-08-24T19:23:54+00:00
45138070000149-1-001177/2025-000013;45138070000149-1-001177/2025;55;2025;45138070000149;MUNICIPIO DE SANTA FE DO SUL;3546603;Registro de Preços visando a futura e eventual aquisição de material /insumos de enfermagem, para atender às necessidades das UNIDADES de SAÚDE, conforme condições, quantidades e exigências estabelecidas no edital e seus anexos.;2025-09-30;2025-09-30;2026-09-29;0;;2026-08-24T19:23:54+00:00
45138070000149-1-001177/2025-000012;45138070000149-1-001177/2025;54;2025;45138070000149;MUNICIPIO DE SANTA FE DO SUL;3546603;Registro de Preços visando a futura e eventual aquisição de material /insumos de enfermagem, para atender às necessidades das UNIDADES de SAÚDE, conforme condições, quantidades e exigências estabelecidas no edital e seus anexos.;2025-09-30;2025-09-30;2026-09-29;0;;2026-08-24T19:23:54+00:00
45138070000149-1-001177/2025-000011;45138070000149-1-001177/2025;53;2025;45138070000149;MUNICIPIO DE SANTA FE DO SUL;3546603;Registro de Preços visando a futura e eventual aquisição de material /insumos de enfermagem, para atender às necessidades das UNIDADES de SAÚDE, conforme condições, quantidades e exigências estabelecidas no edital e seus anexos.;2025-09-30;2025-09-30;2026-09-29;0;;2026-08-24T19:23:54+00:00
45138070000149-1-001177/2025-000010;45138070000149-1-001177/2025;52;2025;45138070000149;MUNICIPIO DE SANTA FE DO SUL;3546603;Registro de Preços visando a futura e eventual aquisição de material /insumos de enfermagem, para atender às necessidades das UNIDADES de SAÚDE, conforme condições, quantidades e exigências estabelecidas no edital e seus anexos.;2025-09-30;2025-09-30;2026-09-29;0;;2026-08-24T19:23:54+00:00
45138070000149-1-001177/2025-000009;45138070000149-1-001177/2025;51;2025;45138070000149;MUNICIPIO DE SANTA FE DO SUL;3546603;Registro de Preços visando a futura e eventual aquisição de material /insumos de enfermagem, para atender às necessidades das UNIDADES de SAÚDE, conforme condições, quantidades e exigências estabelecidas no edital e seus anexos.;2025-09-30;2025-09-30;2026-09-29;0;;2026-08-24T19:23:54+00:00
45138070000149-1-001177/2025-000008;45138070000149-1-001177/2025;50;2025;45138070000149;MUNICIPIO DE SANTA FE DO SUL;3546603;Registro de Preços visando a futura e eventual aquisição de material /insumos de enfermagem, para atender às necessidades das UNIDADES de SAÚDE, conforme condições, quantidades e exigências estabelecidas no edital e seus anexos.;2025-09-30;2025-09-30;2026-09-29;0;;2026-08-24T19:23:54+00:00
45138070000149-1-001177/2025-000007;45138070000149-1-001177/2025;49;2025;45138070000149;MUNICIPIO DE SANTA FE DO SUL;3546603;Registro de Preços visando a futura e eventual aquisição de material /insumos de enfermagem, para atender às necessidades das UNIDADES de SAÚDE, conforme condições, quantidades e exigências estabelecidas no edital e seus anexos.;2025-09-30;2025-09-30;2026-09-29;0;;2026-08-24T19:23:54+00:00
45138070000149-1-001177/2025-000006;45138070000149-1-001177/2025;48;2025;45138070000149;MUNICIPIO DE SANTA FE DO SUL;3546603;Registro de Preços visando a futura e eventual aquisição de material /insumos de enfermagem, para atender às necessidades das UNIDADES de SAÚDE, conforme condições, quantidades e exigências estabelecidas no edital e seus anexos.;2025-09-30;2025-09-30;2026-09-29;0;;2026-08-24T19:23:54+00:00
45138070000149-1-001177/2025-000005;45138070000149-1-001177/2025;47;2025;45138070000149;MUNICIPIO DE SANTA FE DO SUL;3546603;Registro de Preços visando a futura e eventual aquisição de material /insumos de enfermagem, para atender às necessidades das UNIDADES de SAÚDE, conforme condições, quantidades e exigências estabelecidas no edital e seus anexos.;2025-09-30;2025-09-30;2026-09-29;0;;2026-08-24T19:23:54+00:00
45138070000149-1-001177/2025-000004;45138070000149-1-001177/2025;46;2025;45138070000149;MUNICIPIO DE SANTA FE DO SUL;3546603;Registro de Preços visando a futura e eventual aquisição de material /insumos de enfermagem, para atender às necessidades das UNIDADES de SAÚDE, conforme condições, quantidades e exigências estabelecidas no edital e seus anexos.;2025-09-30;2025-09-30;2026-09-29;0;;2026-08-24T19:23:54+00:00
45138070000149-1-001177/2025-000003;45138070000149-1-001177/2025;45;2025;45138070000149;MUNICIPIO DE SANTA FE DO SUL;3546603;Registro de Preços visando a futura e eventual aquisição de material /insumos de enfermagem, para atender às necessidades das UNIDADES de SAÚDE, conforme condições, quantidades e exigências estabelecidas no edital e seus anexos.;2025-09-30;2025-09-30;2026-09-29;0;;2026-08-24T19:23:54+00:00
45138070000149-1-001177/2025-000002;45138070000149-1-001177/2025;44;2025;45138070000149;MUNICIPIO DE SANTA FE DO SUL;3546603;Registro de Preços visando a futura e eventual aquisição de material /insumos de enfermagem, para atender às necessidades das UNIDADES de SAÚDE, conforme condições, quantidades e exigências estabelecidas no edital e seus anexos.;2025-09-30;2025-09-30;2026-09-29;0;;2026-08-24T19:23:54+00:00
45138070000149-1-001177/2025-000001;45138070000149-1-001177/2025;43;2025;45138070000149;MUNICIPIO DE SANTA FE DO SUL;3546603;Registro de Preços visando a futura e eventual aquisição de material /insumos de enfermagem, para atender às necessidades das UNIDADES de SAÚDE, conforme condições, quantidades e exigências estabelecidas no edital e seus anexos.;2025-09-30;2025-09-30;2026-09-29;0;;2026-08-24T19:23:54+00:00
45138070000149-1-001250/2025-000002;45138070000149-1-001250/2025;97;2025;45138070000149;MUNICIPIO DE SANTA FE DO SUL;3546603;Registro de Preços visando a futura e eventual aquisição de rações premium para cães e gatos, visando atender às necessidades do Canil Municipal, conforme condições, quantidades e exigências estabelecidas no edital e seus anexos.;2025-09-24;2025-09-24;2026-09-23;0;;2026-08-24T19:23:54+00:00
45138070000149-1-001250/2025-000001;45138070000149-1-001250/2025;96;2025;45138070000149;MUNICIPIO DE SANTA FE DO SUL;3546603;Registro de Preços visando a futura e eventual aquisição de rações premium para cães e gatos, visando atender às necessidades do Canil Municipal, conforme condições, quantidades e exigências estabelecidas no edital e seus anexos.;2025-09-24;2025-09-24;2026-09-23;0;;2026-08-24T19:23:54+00:00
45138070000149-1-001653/2025-000005;45138070000149-1-001653/2025;95;2025;45138070000149;MUNICIPIO DE SANTA FE DO SUL;3546603;REGISTRO DE PREÇOS visando a futura e eventual aquisição de material de higiene e limpeza para diversos setores da Administração, com entrega parcelada, conforme Anexo I, por tempo determinado.;2025-09-18;2025-09-18;2026-09-18;0;;2026-08-24T19:23:54+00:00
45138070000149-1-001653/2025-000004;45138070000149-1-001653/2025;94;2025;45138070000149;MUNICIPIO DE SANTA FE DO SUL;3546603;REGISTRO DE PREÇOS visando a futura e eventual aquisição de material de higiene e limpeza para diversos setores da Administração, com entrega parcelada, conforme Anexo I, por tempo determinado.;2025-09-18;2025-09-18;2026-09-18;0;;2026-08-24T19:23:54+00:00
45138070000149-1-001653/2025-000003;45138070000149-1-001653/2025;93;2025;45138070000149;MUNICIPIO DE SANTA FE DO SUL;3546603;REGISTRO DE PREÇOS visando a futura e eventual aquisição de material de higiene e limpeza para diversos setores da Administração, com entrega parcelada, conforme Anexo I, por tempo determinado.;2025-09-18;2025-09-18;2026-09-18;0;;2026-08-24T19:23:54+00:00
45138070000149-1-001653/2025-000002;45138070000149-1-001653/2025;92;2025;45138070000149;MUNICIPIO DE SANTA FE DO SUL;3546603;REGISTRO DE PREÇOS visando a futura e eventual aquisição de material de higiene e limpeza para diversos setores da Administração, com entrega parcelada, conforme Anexo I, por tempo determinado.;2025-09-18;2025-09-18;2026-09-18;0;;2026-08-24T19:23:54+00:00
45138070000149-1-001653/2025-000001;45138070000149-1-001653/2025;91;2025;45138070000149;MUNICIPIO DE SANTA FE DO SUL;3546603;REGISTRO DE PREÇOS visando a futura e eventual aquisição de material de higiene e limpeza para diversos setores da Administração, com entrega parcelada, conforme Anexo I, por tempo determinado.;2025-09-18;2025-09-18;2026-09-18;0;;2026-08-24T19:23:54+00:00
45138070000149-1-001286/2025-000001;45138070000149-1-001286/2025;41;2025;45138070000149;MUNICIPIO DE SANTA FE DO SUL;3546603;Aquisição de sistema monitorização glicêmico com infusão contínua de insulina e acessórios para atendimento das demandas judiciais apensada aos autos, para atender às necessidades da FARMÁCIA MUNICIPAL de Ação Judicial, por tempo determinado.;2025-08-08;2025-08-08;2026-08-07;0;;2026-08-24T19:23:54+00:00
45138070000149-1-001043/2025-000009;45138070000149-1-001043/2025;40;2025;45138070000149;MUNICIPIO DE SANTA FE DO SUL;3546603;Registro de Preços visando a futura e eventual aquisição de material /insumos de enfermagem e medicamentos, para atender às necessidades das UNIDADES de SAÚDE e Farmácia Municipal, conforme condições e exigências estabelecidas no edital e seus anexos.;2025-07-28;2025-07-28;2026-07-28;0;;2026-08-24T19:23:54+00:00
45138070000149-1-001043/2025-000008;45138070000149-1-001043/2025;39;2025;45138070000149;MUNICIPIO DE SANTA FE DO SUL;3546603;Registro de Preços visando a futura e eventual aquisição de material /insumos de enfermagem e medicamentos, para atender às necessidades das UNIDADES de SAÚDE e Farmácia Municipal, conforme condições e exigências estabelecidas no edital e seus anexos.;2025-07-28;2025-07-28;2026-07-28;0;;2026-08-24T19:23:54+00:00
45138070000149-1-001043/2025-000007;45138070000149-1-001043/2025;38;2025;45138070000149;MUNICIPIO DE SANTA FE DO SUL;3546603;Registro de Preços visando a futura e eventual aquisição de material /insumos de enfermagem e medicamentos, para atender às necessidades das UNIDADES de SAÚDE e Farmácia Municipal, conforme condições e exigências estabelecidas no edital e seus anexos.;2025-07-28;2025-07-28;2026-07-28;0;;2026-08-24T19:23:54+00:00
45138070000149-1-001043/2025-000006;45138070000149-1-001043/2025;37;2025;45138070000149;MUNICIPIO DE SANTA FE DO SUL;3546603;Registro de Preços visando a futura e eventual aquisição de material /insumos de enfermagem e medicamentos, para atender às necessidades das UNIDADES de SAÚDE e Farmácia Municipal, conforme condições e exigências estabelecidas no edital e seus anexos.;2025-07-28;2025-07-28;2026-07-28;0;;2026-08-24T19:23:54+00:00
45138070000149-1-001043/2025-000005;45138070000149-1-001043/2025;36;2025;45138070000149;MUNICIPIO DE SANTA FE DO SUL;3546603;Registro de Preços visando a futura e eventual aquisição de material /insumos de enfermagem e medicamentos, para atender às necessidades das UNIDADES de SAÚDE e Farmácia Municipal, conforme condições e exigências estabelecidas no edital e seus anexos.;2025-07-28;2025-07-28;2026-07-28;0;;2026-08-24T19:23:54+00:00
45138070000149-1-001043/2025-000004;45138070000149-1-001043/2025;35;2025;45138070000149;MUNICIPIO DE SANTA FE DO SUL;3546603;Registro de Preços visando a futura e eventual aquisição de material /insumos de enfermagem e medicamentos, para atender às necessidades das UNIDADES de SAÚDE e Farmácia Municipal, conforme condições e exigências estabelecidas no edital e seus anexos.;2025-07-28;2025-07-28;2026-07-28;0;;2026-08-24T19:23:54+00:00
45138070000149-1-001043/2025-000003;45138070000149-1-001043/2025;34;2025;45138070000149;MUNICIPIO DE SANTA FE DO SUL;3546603;Registro de Preços visando a futura e eventual aquisição de material /insumos de enfermagem e medicamentos, para atender às necessidades das UNIDADES de SAÚDE e Farmácia Municipal, conforme condições e exigências estabelecidas no edital e seus anexos.;2025-07-28;2025-07-28;2026-07-28;0;;2026-08-24T19:23:54+00:00
45138070000149-1-001043/2025-000002;45138070000149-1-001043/2025;33;2025;45138070000149;MUNICIPIO DE SANTA FE DO SUL;3546603;Registro de Preços visando a futura e eventual aquisição de material /insumos de enfermagem e medicamentos, para atender às necessidades das UNIDADES de SAÚDE e Farmácia Municipal, conforme condições e exigências estabelecidas no edital e seus anexos.;2025-07-28;2025-07-28;2026-07-28;0;;2026-08-24T19:23:54+00:00
45138070000149-1-001043/2025-000001;45138070000149-1-001043/2025;32;2025;45138070000149;MUNICIPIO DE SANTA FE DO SUL;3546603;Registro de Preços visando a futura e eventual aquisição de material /insumos de enfermagem e medicamentos, para atender às necessidades das UNIDADES de SAÚDE e Farmácia Municipal, conforme condições e exigências estabelecidas no edital e seus anexos.;2025-07-28;2025-07-28;2026-07-28;0;;2026-08-24T19:23:54+00:00
45138070000149-1-000938/2024-000025;45138070000149-1-000938/2024;103;2024;45138070000149;MUNICIPIO DE SANTA FE DO SUL;3546603;Visa-se o REGISTRO DE PREÇOS para futura e eventual aquisição de materiais de processamento de dados para atender demanda dos órgãos da Administração Municipal, para entrega parcelada, conforme Anexo I, por tempo determinado;2024-07-29;2024-07-29;2026-07-28;0;;2026-08-24T19:23:54+00:00
45138070000149-1-000938/2024-000020;45138070000149-1-000938/2024;98;2024;45138070000149;MUNICIPIO DE SANTA FE DO SUL;3546603;Visa-se o REGISTRO DE PREÇOS para futura e eventual aquisição de materiais de processamento de dados para atender demanda dos órgãos da Administração Municipal, para entrega parcelada, conforme Anexo I, por tempo determinado;2024-07-29;2024-07-29;2026-07-28;0;;2026-08-24T19:23:54+00:00
45138070000149-1-000938/2024-000018;45138070000149-1-000938/2024;96;2024;45138070000149;MUNICIPIO DE SANTA FE DO SUL;3546603;Visa-se o REGISTRO DE PREÇOS para futura e eventual aquisição de materiais de processamento de dados para atender demanda dos órgãos da Administração Municipal, para entrega parcelada, conforme Anexo I, por tempo determinado;2024-07-29;2024-07-29;2026-07-28;0;;2026-08-24T19:23:54+00:00
45138070000149-1-000938/2024-000017;45138070000149-1-000938/2024;95;2024;45138070000149;MUNICIPIO DE SANTA FE DO SUL;3546603;Visa-se o REGISTRO DE PREÇOS para futura e eventual aquisição de materiais de processamento de dados para atender demanda dos órgãos da Administração Municipal, para entrega parcelada, conforme Anexo I, por tempo determinado;2024-07-29;2024-07-29;2026-07-28;0;;2026-08-24T19:23:54+00:00
45138070000149-1-000938/2024-000016;45138070000149-1-000938/2024;94;2024;45138070000149;MUNICIPIO DE SANTA FE DO SUL;3546603;Visa-se o REGISTRO DE PREÇOS para futura e eventual aquisição de materiais de processamento de dados para atender demanda dos órgãos da Administração Municipal, para entrega parcelada, conforme Anexo I, por tempo determinado;2024-07-29;2024-07-29;2026-07-28;0;;2026-08-24T19:23:54+00:00
45138070000149-1-000938/2024-000026;45138070000149-1-000938/2024;104;2024;45138070000149;MUNICIPIO DE SANTA FE DO SUL;3546603;Visa-se o REGISTRO DE PREÇOS para futura e eventual aquisição de materiais de processamento de dados para atender demanda dos órgãos da Administração Municipal, para entrega parcelada, conforme Anexo I, por tempo determinado;2024-07-29;2024-07-29;2026-07-25;0;;2026-08-24T19:23:54+00:00
45138070000149-1-000938/2024-000024;45138070000149-1-000938/2024;102;2024;45138070000149;MUNICIPIO DE SANTA FE DO SUL;3546603;Visa-se o REGISTRO DE PREÇOS para futura e eventual aquisição de materiais de processamento de dados para atender demanda dos órgãos da Administração Municipal, para entrega parcelada, conforme Anexo I, por tempo determinado;2024-07-29;2024-07-29;2026-07-25;0;;2026-08-24T19:23:54+00:00
45138070000149-1-000938/2024-000023;45138070000149-1-000938/2024;101;2024;45138070000149;MUNICIPIO DE SANTA FE DO SUL;3546603;Visa-se o REGISTRO DE PREÇOS para futura e eventual aquisição de materiais de processamento de dados para atender demanda dos órgãos da Administração Municipal, para entrega parcelada, conforme Anexo I, por tempo determinado;2024-07-29;2024-07-29;2026-07-25;0;;2026-08-24T19:23:54+00:00
45138070000149-1-000938/2024-000021;45138070000149-1-000938/2024;99;2024;45138070000149;MUNICIPIO DE SANTA FE DO SUL;3546603;Visa-se o REGISTRO DE PREÇOS para futura e eventual aquisição de materiais de processamento de dados para atender demanda dos órgãos da Administração Municipal, para entrega parcelada, conforme Anexo I, por tempo determinado;2024-07-29;2024-07-29;2026-07-25;0;;2026-08-24T19:23:54+00:00
