numero_controle_pncp;numero_contrato;ano_contrato;cnpj_orgao;nome_orgao;codigo_ibge;ni_fornecedor;nome_fornecedor;objeto;valor_global;data_assinatura;vigencia_inicio;vigencia_fim;data_publicacao;segmento;tipo_segmento;coletado_em
46377800000127-2-005754/2026;2026NE002183;2026;46377800000127;SAO PAULO SECRETARIA DA SEGURANCA PUBLICA;3524808;36243006000137;WILLIAM CARLOS DIAS LTDA;ARP MATERIAIS DE HIGIENE E LIMPEZA;493.85;2026-08-20;2026-08-20;2026-08-27;2026-08-24T17:51:30;nao_classificado;indefinido;2026-08-24T23:15:04+00:00
46377800000127-2-005753/2026;2026NE002182;2026;46377800000127;SAO PAULO SECRETARIA DA SEGURANCA PUBLICA;3524808;44188622000160;ADRIANO MARTINS SERRANO;ARP MATERIAIS DE HIGIENE E LIMPEZA;23428.5;2026-08-20;2026-08-20;2026-08-27;2026-08-24T17:46:37;nao_classificado;indefinido;2026-08-24T23:15:04+00:00
46377800000127-2-005752/2026;00018;2026;46377800000127;SAO PAULO SECRETARIA DA SEGURANCA PUBLICA;3524808;05934885001604;SODRE SL DIAGNOSTICOS E PESQUISAS LABORATORIAIS LTDA;SERVICO TERCEIRIZADO DE EXAME LABORATORIAL, TOXICOLOGICO;1496.0;2026-08-19;2026-08-19;2026-09-19;2026-08-24T17:40:32;nao_classificado;indefinido;2026-08-24T23:15:04+00:00
46377800000127-2-005751/2026;00019;2026;46377800000127;SAO PAULO SECRETARIA DA SEGURANCA PUBLICA;3524808;10359293000151;LR SERVICE LTDA;contratação de serviços contínuos de limpeza, asseio e conservação predial, da sede do 37º BPM/M;60477.12;2026-07-22;2026-07-22;2028-07-22;2026-08-24T17:35:44;nao_classificado;indefinido;2026-08-24T23:15:04+00:00
46377800000127-2-005750/2026;90014;2026;46377800000127;SAO PAULO SECRETARIA DA SEGURANCA PUBLICA;3524808;04743532000170;MARCIO SANDRO MALLET PEZARIM;SERVIÇO DE PRODUÇÃO DE ARTEFATOS EM METAL – MEDALHA (CONFECÇÃO DE BOTOM/MEDALHA “SUBTEN PM MAGALI GARCIA” C/ MINIATURA/BARRETA/ROSETA/ESTEJO);14800.0;2026-07-28;2026-07-28;2026-08-28;2026-08-24T17:30:49;textil_uniforme;produto;2026-08-24T23:15:04+00:00
46377800000127-2-005749/2026;00014;2026;46377800000127;SAO PAULO SECRETARIA DA SEGURANCA PUBLICA;3524808;05934885001604;SODRE SL DIAGNOSTICOS E PESQUISAS LABORATORIAIS LTDA;SERVICO TERCEIRIZADO DE EXAME LABORATORIAL, TOXICOLOGICO;1156.0;2026-08-05;2026-08-05;2026-09-04;2026-08-24T17:30:48;nao_classificado;indefinido;2026-08-24T23:15:04+00:00
46377800000127-2-005748/2026;00018;2026;46377800000127;SAO PAULO SECRETARIA DA SEGURANCA PUBLICA;3524808;11396907000138;GRN DISTRIBUIDORA E SERVICOS LTDA;CONTRATAÇÃO DE SERVIÇOS CONTÍNUOS DE LIMPEZA, ASSEIO E CONSERVAÇÃO PREDIAL, DA SEDE DA 4ª CIA DO 37º BPM/M;65483.76;2026-07-22;2026-07-22;2028-07-22;2026-08-24T17:23:33;nao_classificado;indefinido;2026-08-24T23:15:04+00:00
46377800000127-2-005747/2026;00017;2026;46377800000127;SAO PAULO SECRETARIA DA SEGURANCA PUBLICA;3524808;11396907000138;GRN DISTRIBUIDORA E SERVICOS LTDA;CONTRATAÇÃO DE SERVIÇOS CONTÍNUOS DE LIMPEZA, ASSEIO E CONSERVAÇÃO PREDIAL, DA SEDE DA 3ª CIA DO 37º BPM/M;65483.76;2026-07-22;2026-07-22;2028-07-22;2026-08-24T17:07:41;nao_classificado;indefinido;2026-08-24T23:15:04+00:00
46377800000127-2-005746/2026;2026NE001214;2026;46377800000127;SAO PAULO SECRETARIA DA SEGURANCA PUBLICA;3524808;29994683000121;TOKNOBRE COMERCIAL LTDA;SERRAGEM, DE MADEIRA PINUS;6115.0;2026-08-24;2026-08-24;2026-08-29;2026-08-24T17:07:14;madeira_construcao;produto;2026-08-24T23:15:04+00:00
46377800000127-2-011345/2025;7;2025;46377800000127;SAO PAULO SECRETARIA DA SEGURANCA PUBLICA;3524808;30296533000123;RBX CONSTRUCOES E INSTALACOES LTDA;CONTRATAÇÃO DE SERVIÇOS DE REFORMA E PINTURA PREDIAL COM FORNECIMENTO DE MATERIAL E MÃO DE OBRA NOGALPÃO DE VIATURAS DA EB CAMPESTRE DO 8º GRUPAMENTO DE BOMBEIROS.;190563.9;2025-12-30;2025-12-30;2026-09-24;2026-08-24T17:05:00;nao_classificado;indefinido;2026-08-24T23:15:04+00:00
46377800000127-2-005744/2026;2026NE002181;2026;46377800000127;SAO PAULO SECRETARIA DA SEGURANCA PUBLICA;3524808;49728772000133;SHOPINGA COMERCIO DE MATERIAIS E EQUIPAMENTOS LTDA;ARP MATERIAIS DE HIGIENE E LIMPEZA;3478.0;2026-08-20;2026-08-20;2026-08-27;2026-08-24T16:44:41;nao_classificado;indefinido;2026-08-24T23:15:04+00:00
46377800000127-2-005743/2026;00025;2026;46377800000127;SAO PAULO SECRETARIA DA SEGURANCA PUBLICA;3524808;07275920000161;LENOVO TECNOLOGIA (BRASIL) LIMITADA;ESTAÇÃO DE TRABALHO (COMPUTADOR);17000.0;2026-08-17;2026-08-17;2026-10-16;2026-08-24T16:26:21;informatica;produto;2026-08-24T23:15:04+00:00
46377800000127-2-005742/2026;2026NE000104;2026;46377800000127;SAO PAULO SECRETARIA DA SEGURANCA PUBLICA;3524808;02885591000157;CENTURY COMERCIAL LTDA;AQUISIÇÃO DE MATERIAIS E EQUIPAMENTOS DESTINADOS À IMPLANTAÇÃO DA ACADEMIA DA ESTAÇÃO DE BOMBEIROS DO ALTO ALEGRE, DO 1º SUBGRUPAMENTO DE BOMBEIROS (1º SGB) DO 13º GRUPAMENTO DE BOMBEIROS (13º GB).;14604.94;2026-08-21;2026-08-21;2026-09-20;2026-08-24T16:23:57;nao_classificado;indefinido;2026-08-24T23:15:04+00:00
46377800000127-2-005741/2026;2026NE000101;2026;46377800000127;SAO PAULO SECRETARIA DA SEGURANCA PUBLICA;3524808;64290717000106;ADONAI COMERCIAL LTDA;ACESSORIO PARA MATERIAIS DE MERGULHO;5532.0;2026-08-19;2026-08-19;2026-10-19;2026-08-24T16:22:21;nao_classificado;indefinido;2026-08-24T23:15:04+00:00
46377800000127-2-005740/2026;2026NE000108;2026;46377800000127;SAO PAULO SECRETARIA DA SEGURANCA PUBLICA;3524808;50937669000182;SIGMETAL INDUSTRIA DE EQUIPAMENTOS EM ACOS LTDA;AQUISIÇÃO DE MATERIAIS E EQUIPAMENTOS DESTINADOS À IMPLANTAÇÃO DA ACADEMIA DA ESTAÇÃO DE BOMBEIROS DO ALTO ALEGRE, DO 1º SUBGRUPAMENTO DE BOMBEIROS (1º SGB) DO 13º GRUPAMENTO DE BOMBEIROS (13º GB).;23130.0;2026-08-21;2026-08-21;2026-09-20;2026-08-24T16:10:42;nao_classificado;indefinido;2026-08-24T23:15:04+00:00
46377800000127-2-005739/2026;2026NE000107;2026;46377800000127;SAO PAULO SECRETARIA DA SEGURANCA PUBLICA;3524808;63129821000142;GUIDONI DISTRIBUIDORA LTDA;AQUISIÇÃO DE MATERIAIS E EQUIPAMENTOS DESTINADOS À IMPLANTAÇÃO DA ACADEMIA DA ESTAÇÃO DE BOMBEIROS DO ALTO ALEGRE, DO 1º SUBGRUPAMENTO DE BOMBEIROS (1º SGB) DO 13º GRUPAMENTO DE BOMBEIROS (13º GB).;4137.72;2026-08-21;2026-08-21;2026-09-20;2026-08-24T15:56:20;nao_classificado;indefinido;2026-08-24T23:15:04+00:00
46377800000127-2-005738/2026;00024;2026;46377800000127;SAO PAULO SECRETARIA DA SEGURANCA PUBLICA;3524808;07275920000161;LENOVO TECNOLOGIA (BRASIL) LIMITADA;ESTAÇÃO DE TRABALHO ( COMPUTADOR);106250.0;2026-08-17;2026-08-17;2026-10-16;2026-08-24T15:45:26;informatica;produto;2026-08-24T23:15:04+00:00
46377800000127-2-005737/2026;2026NE000106;2026;46377800000127;SAO PAULO SECRETARIA DA SEGURANCA PUBLICA;3524808;50210605000185;GT COMERCIO E LICITACOES LTDA;AQUISIÇÃO DE MATERIAIS E EQUIPAMENTOS DESTINADOS À IMPLANTAÇÃO DA ACADEMIA DA ESTAÇÃO DE BOMBEIROS DO ALTO ALEGRE, DO 1º SUBGRUPAMENTO DE BOMBEIROS (1º SGB) DO 13º GRUPAMENTO DE BOMBEIROS (13º GB).;1711.56;2026-08-21;2026-08-21;2026-09-20;2026-08-24T15:43:28;nao_classificado;indefinido;2026-08-24T23:15:04+00:00
46377800000127-2-005736/2026;2026NE000105;2026;46377800000127;SAO PAULO SECRETARIA DA SEGURANCA PUBLICA;3524808;55095768000188;FONTHORA DISTRIBUIDORA LTDA;AQUISIÇÃO DE MATERIAIS E EQUIPAMENTOS DESTINADOS À IMPLANTAÇÃO DA ACADEMIA DA ESTAÇÃO DE BOMBEIROS DO ALTO ALEGRE, DO 1º SUBGRUPAMENTO DE BOMBEIROS (1º SGB) DO 13º GRUPAMENTO DE BOMBEIROS (13º GB).;3408.0;2026-08-21;2026-08-21;2026-09-20;2026-08-24T15:00:39;nao_classificado;indefinido;2026-08-24T23:15:04+00:00
46377800000127-2-005735/2026;2026NE000105;2026;46377800000127;SAO PAULO SECRETARIA DA SEGURANCA PUBLICA;3524808;07076643000168;ARP RESGATE COMERCIO DE EQUIPAMENTOS DE SEGURANCA LTDA;ITENS DE MERGULHO PARA O 9GB;7746.32;2026-08-19;2026-08-19;2026-10-19;2026-08-24T14:56:44;nao_classificado;indefinido;2026-08-24T23:15:04+00:00
45138070000149-2-000929/2026;6348;2026;45138070000149;MUNICIPIO DE SANTA FE DO SUL;3546603;67110706000187;ELSON CESAR CASTELAN LTDA;Aquisição de fachada e placa, bem como a contratação de serviços de instalação de toldo e fachada para os departamentos, setores da Prefeitura e o Paço Municipal, conforme Processo SEI n°3546603.437.00001316/2026-03;2500.0;2026-08-21;2026-08-21;2026-08-21;2026-08-24T14:36:49;nao_classificado;indefinido;2026-08-24T19:23:58+00:00
45138070000149-2-000928/2026;6347;2026;45138070000149;MUNICIPIO DE SANTA FE DO SUL;3546603;67110706000187;ELSON CESAR CASTELAN LTDA;Aquisição de fachada e placa, bem como a contratação de serviços de instalação de toldo e fachada para os departamentos, setores da Prefeitura e o Paço Municipal, conforme Processo SEI n°3546603.437.00001316/2026-03;5775.0;2026-08-21;2026-08-21;2026-08-21;2026-08-24T14:36:46;nao_classificado;indefinido;2026-08-24T19:23:58+00:00
45138070000149-2-000927/2026;80;2026;45138070000149;MUNICIPIO DE SANTA FE DO SUL;3546603;30733127000180;30.733.127 PEDRO MATIAS RODRIGUES PEREIRA;Contratação de empresa para construção de túmulos no Cemitério São João Batista 02, onde ocorre os sepultamentos no do município de Santa Fé do Sul, por um período de 12 (doze) meses.0;39000.0;2026-08-24;2026-08-24;2026-12-30;2026-08-24T13:55:33;servico_obras_engenharia;servico;2026-08-24T19:23:58+00:00
46377800000127-2-005734/2026;2026NE000472;2026;46377800000127;SAO PAULO SECRETARIA DA SEGURANCA PUBLICA;3524808;68210598000187;LUIS HENRIQUE DE OLIVEIRA ME;SERV DE M.O COM FORNECIMENTO DE PEÇAS PARA VTRS: PAJERO 70279/CORSA 23528/PAJERO 26895;2930.0;2026-08-12;2026-08-12;2026-08-24;2026-08-24T13:30:22;nao_classificado;indefinido;2026-08-24T23:15:04+00:00
46377800000127-2-005733/2026;2026NE000099;2026;46377800000127;SAO PAULO SECRETARIA DA SEGURANCA PUBLICA;3524808;30500671000182;LA STOR COMERCIO E SERVICOS LTDA;AQUISICAO DE ITENS DE MERGULHO PARA O 9GB;3224.0;2026-08-19;2026-08-19;2026-10-19;2026-08-24T11:43:47;nao_classificado;indefinido;2026-08-24T23:15:04+00:00
45138070000149-2-000926/2026;6345;2026;45138070000149;MUNICIPIO DE SANTA FE DO SUL;3546603;59965038000141;EXPRESSO ITAMARATI S.A.;Em decorrência da necessidade de aquisição de passagens para os migrantes atendidos pela Casa de Passagem, se faz necessário devido os mesmos não terem onde ficar e não terem condições de compra dessas passagens. Processo nº 012.00000890/2026-11, Convênio Estadual. Processo SEI n° 3546603.437.00001457/2026-18;452.92;2026-08-21;2026-08-21;2026-08-21;2026-08-24T11:35:47;nao_classificado;indefinido;2026-08-24T19:23:58+00:00
45138070000149-2-000925/2026;6341;2026;45138070000149;MUNICIPIO DE SANTA FE DO SUL;3546603;16612877000173;ADRIANA GANDIN GOMES MASSITELLI - ME;Aquisição de jogo de bandeiras para Em Dra Mariana Ruy Dos Santos, conforme Processo SEI n° 3546603.437.00001343/2026-78;2030.0;2026-08-21;2026-08-21;2026-08-21;2026-08-24T11:35:25;nao_classificado;indefinido;2026-08-24T19:23:58+00:00
46377800000127-2-005732/2026;00005;2026;46377800000127;SAO PAULO SECRETARIA DA SEGURANCA PUBLICA;3524808;41695363000176;ELITE GARDEN SERVICOS DE JARDINAGEM LTDA;CONTRATAÇÃO DE SERVIÇOS CONTÍNUOS DE MANUTENÇÃO E CONSERVAÇÃO DE JARDINS PARA O CAMPUS II DA ACADEMIA DE POLÍCIA.;1122849.0;2026-08-13;2026-09-01;2029-02-28;2026-08-24T11:30:51;nao_classificado;indefinido;2026-08-24T23:15:04+00:00
46377800000127-2-005731/2026;2026NE000181;2026;46377800000127;SAO PAULO SECRETARIA DA SEGURANCA PUBLICA;3524808;54371194000160;GALERIA REFORMAS E CONSTRUCOES LTDA;Serviços especializados destinados à manutenção em rede elétrica no prédio que abriga a Delegacia de Polícia do Município de Serrana, em caráter de urgência e emergência.;7990.0;2026-05-07;2026-05-08;2026-05-15;2026-08-24T11:11:15;nao_classificado;indefinido;2026-08-24T23:15:04+00:00
46377800000127-2-005730/2026;2026NE000098;2026;46377800000127;SAO PAULO SECRETARIA DA SEGURANCA PUBLICA;3524808;29570796000108;H C ALVES DA SILVA PERSIANAS;Serviços de confecção e instalação de elemento quebra-luz (persianas) no prédio que abriga a Delegacia de Polícia do Município de São Simão.;8560.0;2026-03-30;2026-03-30;2026-05-04;2026-08-24T10:55:24;textil_uniforme;produto;2026-08-24T23:15:04+00:00
46377800000127-2-005729/2026;2026NE000111;2026;46377800000127;SAO PAULO SECRETARIA DA SEGURANCA PUBLICA;3524808;54371194000160;GALERIA REFORMAS E CONSTRUCOES LTDA;Serviços de Manutenção na Delegacia e Cadeia Pública de Santa Rosa de Viterbo.;10450.0;2026-04-08;2026-04-08;2026-05-04;2026-08-24T10:45:28;nao_classificado;indefinido;2026-08-24T23:15:04+00:00
46377800000127-2-005728/2026;00047;2026;46377800000127;SAO PAULO SECRETARIA DA SEGURANCA PUBLICA;3524808;49647901000169;CLRS - SERVICOS DE CONSTRUCAO E MANUTENCAO DE PREDIOS LTDA;O OBJETO DA PRESENTE LICITAÇÃO É A CONTRATAÇÃO DE EMPRESA ESPECIALIZADA NA EXECUÇÃO DE SERVIÇOS DE MANUTENÇÃO E REFORMA PREDIAL PARA A SEÇÃO DE MATERIAIS E SEÇÃO DE MOTOMECANIZAÇÃO DA SEDE DO 36ºBPM/I E PARA A SEDE DA 5ªCIA DO 36ºBPM/I;273000.0;2026-08-06;2026-08-06;2026-09-06;2026-08-24T10:39:25;servico_obras_engenharia;servico;2026-08-24T23:15:04+00:00
46377800000127-2-005727/2026;2026NE000040;2026;46377800000127;SAO PAULO SECRETARIA DA SEGURANCA PUBLICA;3524808;54371194000160;GALERIA REFORMAS E CONSTRUCOES LTDA;Serviços de manutenção e recuperação de telhados das Delegacias de Polícia dos Municípios de Serra Azul, Santa Rosa de Viterbo, Cravinhos e Delegacia Seccional de Polícia de Ribeirão Preto - Sede.;36580.0;2026-02-10;2026-02-10;2026-03-19;2026-08-24T10:24:26;nao_classificado;indefinido;2026-08-24T23:15:04+00:00
46377800000127-2-005726/2026;00090;2026;46377800000127;SAO PAULO SECRETARIA DA SEGURANCA PUBLICA;3524808;20776492000119;PLANED COMERCIO E SERVICOS LTDA;PEÇAS;5868.3;2026-08-14;2026-08-14;2026-10-14;2026-08-24T08:26:53;nao_classificado;indefinido;2026-08-24T23:15:04+00:00
46377800000127-2-011344/2025;24669;2025;46377800000127;SAO PAULO SECRETARIA DA SEGURANCA PUBLICA;3524808;61695227000193;ELETROPAULO METROPOLITANA ELETRICIDADE DE SAO PAULO S.A.;ENERGIA ELETRICA - UTLIDADE PUBLICA;74424.0;2025-09-26;2026-09-26;2027-09-25;2026-08-21T16:40:07;nao_classificado;indefinido;2026-08-24T23:15:04+00:00
46377800000127-2-005725/2026;2026NE001481;2026;46377800000127;SAO PAULO SECRETARIA DA SEGURANCA PUBLICA;3524808;62577929000135;COMPANHIA DE PROCESSAMENTO DE DADOS DO ESTADO DE SAO PAULO - PRODESP;AQUISIÇÃO DE 11 (ONZE) CERTIFICADOS DIGITAIS;2873.86;2026-06-20;2026-06-20;2026-07-20;2026-08-21T16:37:27;nao_classificado;indefinido;2026-08-24T23:15:04+00:00
46377800000127-2-005724/2026;2026NE001197;2026;46377800000127;SAO PAULO SECRETARIA DA SEGURANCA PUBLICA;3524808;37464709000158;REDE UP MATERIAIS MEDICOS E ODONTOLOGICOS LTDA;AQUISIÇÃO E INSTALAÇÃO DE 01 (UMA) BOMBA A VÁCUO ODONTOLÓGICA;7200.0;2026-06-18;2026-06-18;2026-07-18;2026-08-21T16:26:00;nao_classificado;indefinido;2026-08-24T23:15:04+00:00
46377800000127-2-005723/2026;2026NE001584;2026;46377800000127;SAO PAULO SECRETARIA DA SEGURANCA PUBLICA;3524808;36207894000132;ARMAZEM ZERO 16 LTDA;PEÇAS AUTOMOTIVAS;1380.0;2025-08-28;2026-08-20;2026-09-20;2026-08-21T16:04:03;nao_classificado;indefinido;2026-08-24T23:15:04+00:00
46377800000127-2-005722/2026;2026NE001583;2026;46377800000127;SAO PAULO SECRETARIA DA SEGURANCA PUBLICA;3524808;16882500000134;AFRAN PECAS E ACESSORIOS LTDA;PEÇAS AUTOMOTIVAS;11600.0;2025-08-28;2026-08-20;2026-09-20;2026-08-21T15:58:18;nao_classificado;indefinido;2026-08-24T23:15:04+00:00
46377800000127-2-005721/2026;2026NE001582;2026;46377800000127;SAO PAULO SECRETARIA DA SEGURANCA PUBLICA;3524808;06862831000159;NIPONPARTS COMERCIAL AUTOMOTIVA LTDA.;PEÇAS AUTOMOTIVAS;3100.0;2025-08-28;2026-08-20;2026-09-20;2026-08-21T15:54:38;nao_classificado;indefinido;2026-08-24T23:15:04+00:00
46377800000127-2-005720/2026;2026NE001581;2026;46377800000127;SAO PAULO SECRETARIA DA SEGURANCA PUBLICA;3524808;04551414000160;BATERIAS E AUTO ELETRICA MAGALHAES LTDA;PEÇAS AUTOMOTIVAS;5360.0;2025-08-28;2026-08-20;2026-09-20;2026-08-21T15:49:40;nao_classificado;indefinido;2026-08-24T23:15:04+00:00
46377800000127-2-005719/2026;2026NE001580;2026;46377800000127;SAO PAULO SECRETARIA DA SEGURANCA PUBLICA;3524808;28971929000187;SUPERMEC COMERCIO DE PECAS E ACESSORIOS AUTOMOTIVOS LTDA;PEÇAS AUTOMOTIVAS;2330.0;2025-08-28;2026-08-20;2026-09-20;2026-08-21T15:44:10;nao_classificado;indefinido;2026-08-24T23:15:04+00:00
46377800000127-2-005718/2026;2026NE000479;2026;46377800000127;SAO PAULO SECRETARIA DA SEGURANCA PUBLICA;3524808;04708626000108;DISTRIBUIDORA DE SUPRIMENTOS ETICA LTDA;AMPARAR DESPESAS AQUISIÇÃO DE MATERIAL DE ESCRITORIO DESTINADAS A ESTA DELEGACIA SECCIONAL DE POLICIA E AS DELEGACIAS DE POLICIA SUBORDINADAS, NO EXERCÍCIO DE 2026.;8361.92;2026-08-17;2026-08-17;2026-09-17;2026-08-21T15:43:21;nao_classificado;indefinido;2026-08-24T23:15:04+00:00
46377800000127-2-005717/2026;2026NE000478;2026;46377800000127;SAO PAULO SECRETARIA DA SEGURANCA PUBLICA;3524808;13331317000152;ANA VALERIA TONELOTTO;AMPARAR DESPESAS AQUISIÇÃO DE MATERIAL DE ESCRITORIO DESTINADAS A ESTA DELEGACIA SECCIONAL DE POLICIA E AS DELEGACIAS DE POLICIA SUBORDINADAS, NO EXERCÍCIO DE 2026.;400.0;2026-08-17;2026-08-17;2026-09-17;2026-08-21T15:38:53;nao_classificado;indefinido;2026-08-24T23:15:04+00:00
46377800000127-2-005716/2026;2026NE000477;2026;46377800000127;SAO PAULO SECRETARIA DA SEGURANCA PUBLICA;3524808;54619436000192;R.A.J. DISTRIBUIDORA LTDA;AMPARAR DESPESAS AQUISIÇÃO DE MATERIAL DE ESCRITORIO DESTINADAS A ESTA DELEGACIA SECCIONAL DE POLICIA E AS DELEGACIAS DE POLICIA SUBORDINADAS, NO EXERCÍCIO DE 2026.;2084.0;2026-08-17;2026-08-17;2026-09-17;2026-08-21T15:34:35;nao_classificado;indefinido;2026-08-24T23:15:04+00:00
46377800000127-2-005715/2026;2026NE000476;2026;46377800000127;SAO PAULO SECRETARIA DA SEGURANCA PUBLICA;3524808;46022535000164;GSAFI LTDA;AMPARAR DESPESAS AQUISIÇÃO DE MATERIAL DE ESCRITORIO DESTINADAS A ESTA DELEGACIA SECCIONAL DE POLICIA E AS DELEGACIAS DE POLICIA SUBORDINADAS, NO EXERCÍCIO DE 2026.;1088.0;2026-08-17;2026-08-17;2026-09-17;2026-08-21T15:28:49;nao_classificado;indefinido;2026-08-24T23:15:04+00:00
46377800000127-2-005714/2026;2026NE000475;2026;46377800000127;SAO PAULO SECRETARIA DA SEGURANCA PUBLICA;3524808;08822824000159;RD PAPEIS & EPI LTDA;AMPARAR DESPESAS AQUISIÇÃO DE MATERIAL DE ESCRITORIO DESTINADAS A ESTA DELEGACIA SECCIONAL DE POLICIA E AS DELEGACIAS DE POLICIA SUBORDINADAS, NO EXERCÍCIO DE 2026.;20834.5;2026-08-17;2026-08-17;2026-09-17;2026-08-21T15:24:41;nao_classificado;indefinido;2026-08-24T23:15:04+00:00
46377800000127-2-005713/2026;2026NE000474;2026;46377800000127;SAO PAULO SECRETARIA DA SEGURANCA PUBLICA;3524808;39700820000121;MBEM COMERCIO E DISTRIBUICAO DE MATERIAIS ESCOLARES LTDA;AMPARAR DESPESAS AQUISIÇÃO DE MATERIAL DE ESCRITORIO DESTINADAS A ESTA DELEGACIA SECCIONAL DE POLICIA E AS DELEGACIAS DE POLICIA SUBORDINADAS, NO EXERCÍCIO DE 2026.;1953.45;2026-08-17;2026-08-17;2026-09-17;2026-08-21T15:20:05;nao_classificado;indefinido;2026-08-24T23:15:04+00:00
45138070000149-2-000924/2026;76;2026;45138070000149;MUNICIPIO DE SANTA FE DO SUL;3546603;18469727000188;RAFAEL GUERRA DE AQUINO;Contratação de apresentação teatral “Picadeiro Livre”, destinada aos usuários do Centro Dia Maturidade e seus familiares, em comemoração ao Dia Internacional da Pessoa Idosa.;6340.0;2026-08-19;2026-08-19;2026-11-28;2026-08-21T15:14:32;nao_classificado;indefinido;2026-08-24T19:23:58+00:00
46377800000127-2-005712/2026;2026NE000465;2026;46377800000127;SAO PAULO SECRETARIA DA SEGURANCA PUBLICA;3524808;62842775000161;62.842.775 TAIS RIPA CORDEIRO;AMPARAR DESPESAS DE AQUISIÇÃO DE HIGIENE PESSOAL E LIMPEZA DESTINADAS A ESTA DELEGACIA SECCIONAL DE POLICIA E AS DELEGACIAS DE POLICIA SUBORDINADAS, NO EXERCÍCIO DE 2026.;329.0;2026-08-12;2026-08-12;2026-09-12;2026-08-21T15:08:54;nao_classificado;indefinido;2026-08-24T23:15:04+00:00
46377800000127-2-005711/2026;2026NE000464;2026;46377800000127;SAO PAULO SECRETARIA DA SEGURANCA PUBLICA;3524808;05291541000130;TY BORTHOLIN COMERCIAL LTDA;AMPARAR DESPESAS DE AQUISIÇÃO DE HIGIENE PESSOAL E LIMPEZA DESTINADAS A ESTA DELEGACIA SECCIONAL DE POLICIA E AS DELEGACIAS DE POLICIA SUBORDINADAS, NO EXERCÍCIO DE 2026.;360.0;2026-08-12;2026-08-12;2026-09-12;2026-08-21T15:00:51;nao_classificado;indefinido;2026-08-24T23:15:04+00:00
46377800000127-2-005710/2026;2026NE000463;2026;46377800000127;SAO PAULO SECRETARIA DA SEGURANCA PUBLICA;3524808;45275148000177;DZ NOVE DISTRIBUIDORA DE EQUIPAMENTOS E ACESSORIOS LTDA;AMPARAR DESPESAS DE AQUISIÇÃO DE HIGIENE PESSOAL E LIMPEZA DESTINADAS A ESTA DELEGACIA SECCIONAL DE POLICIA E AS DELEGACIAS DE POLICIA SUBORDINADAS, NO EXERCÍCIO DE 2026.;133.0;2026-08-12;2026-08-12;2026-09-12;2026-08-21T14:53:55;nao_classificado;indefinido;2026-08-24T23:15:04+00:00
46377800000127-2-005709/2026;2026NE000462;2026;46377800000127;SAO PAULO SECRETARIA DA SEGURANCA PUBLICA;3524808;13331317000152;ANA VALERIA TONELOTTO;AMPARAR DESPESAS DE AQUISIÇÃO DE HIGIENE PESSOAL E LIMPEZA DESTINADAS A ESTA DELEGACIA SECCIONAL DE POLICIA E AS DELEGACIAS DE POLICIA SUBORDINADAS, NO EXERCÍCIO DE 2026.;3668.1;2026-08-12;2026-08-12;2026-09-12;2026-08-21T14:47:15;nao_classificado;indefinido;2026-08-24T23:15:04+00:00
45138070000149-2-000923/2026;6337;2026;45138070000149;MUNICIPIO DE SANTA FE DO SUL;3546603;43232006000105;W.A. COMERCIO DE MEDICAMENTOS LTDA;"Aquisição de remédios para o Núcleo de Assistência à Saúde – NAS - Decreto Municipal 2798/2010, conforme Processo SEI n° 3546603.437.00001438/2026-91;";432.6;2026-08-21;2026-08-21;2026-08-21;2026-08-21T14:12:40;nao_classificado;indefinido;2026-08-24T19:23:58+00:00
45138070000149-2-000922/2026;6338;2026;45138070000149;MUNICIPIO DE SANTA FE DO SUL;3546603;12399583000154;F. DE ASSIS FONTINELE & CIA. LTDA;"Aquisição de remédios para o Núcleo de Assistência à Saúde – NAS - Decreto Municipal 2798/2010, conforme Processo SEI n° 3546603.437.00001438/2026-91;";229.79;2026-08-21;2026-08-21;2026-08-21;2026-08-21T14:12:30;nao_classificado;indefinido;2026-08-24T19:23:58+00:00
45138070000149-2-000921/2026;6335;2026;45138070000149;MUNICIPIO DE SANTA FE DO SUL;3546603;44186385000107;MAZOTI & MAZOTI FUNERARIA LTDA;Serviço de translado de ida e volta para São José do Rio Preto para verificação de óbito, conforme Processo SEI n° 3546603.437.00001426/2026-67.;700.0;2026-08-21;2026-08-21;2026-08-21;2026-08-21T14:11:36;nao_classificado;indefinido;2026-08-24T19:23:58+00:00
45138070000149-2-000920/2026;6334;2026;45138070000149;MUNICIPIO DE SANTA FE DO SUL;3546603;44186385000107;MAZOTI & MAZOTI FUNERARIA LTDA;Serviço de translado de ida e volta para São José do Rio Preto para verificação de óbito, conforme Processo SEI n° 3546603.437.00000778/2026-03.;700.0;2026-08-21;2026-08-21;2026-08-21;2026-08-21T14:10:59;nao_classificado;indefinido;2026-08-24T19:23:58+00:00
46377800000127-2-005708/2026;2026NE000461;2026;46377800000127;SAO PAULO SECRETARIA DA SEGURANCA PUBLICA;3524808;19827002000187;FLASH COMERCIO DE PRODUTOS DE HIGIENE LTDA;AMPARAR DESPESAS DE AQUISIÇÃO DE HIGIENE PESSOAL E LIMPEZA DESTINADAS A ESTA DELEGACIA SECCIONAL DE POLICIA E AS DELEGACIAS DE POLICIA SUBORDINADAS, NO EXERCÍCIO DE 2026.;6907.0;2026-08-12;2026-08-12;2026-09-12;2026-08-21T13:19:47;nao_classificado;indefinido;2026-08-24T23:15:04+00:00
46377800000127-2-005707/2026;2026ne00228;2026;46377800000127;SAO PAULO SECRETARIA DA SEGURANCA PUBLICA;3524808;34290256000100;VALDEREZ MATEUS LTDA;Aquisição de componentes elétricos, eletrônicos e de informática;9598.5;2026-08-21;2026-08-22;2026-08-22;2026-08-21T12:49:42;nao_classificado;indefinido;2026-08-24T23:15:04+00:00
46377800000127-2-005706/2026;2026ne00229;2026;46377800000127;SAO PAULO SECRETARIA DA SEGURANCA PUBLICA;3524808;49417394000177;CONECTA ESTRATEGIAS E NEGOCIOS LTDA; Aquisição de componentes elétricos, eletrônicos e de informática;5530.0;2026-08-21;2026-08-22;2026-08-22;2026-08-21T12:45:59;nao_classificado;indefinido;2026-08-24T23:15:04+00:00
46377800000127-2-011343/2025;00006;2025;46377800000127;SAO PAULO SECRETARIA DA SEGURANCA PUBLICA;3524808;58644676000106;JEFERSON ALVES DE CARVALHO ENGENHARIA LTDA;"O OBJETO DO PRESENTE INSTRUMENTO É A CONTRATAÇÃO DE EMPRESA PARA MANUTENÇÃO E ADEQUAÇÃO DO
ALOJAMENTO DOS SUBTENENTES E SARGENTOS DA ESCOLA SUPERIOR DE SOLDADOS,";341000.0;2025-11-11;2025-11-11;2026-09-29;2026-08-21T12:43:45;nao_classificado;indefinido;2026-08-24T23:15:04+00:00
46377800000127-2-005704/2026;2026NE000257;2026;46377800000127;SAO PAULO SECRETARIA DA SEGURANCA PUBLICA;3524808;18393309000154;KALI PROPAGANDA E PUBLICIDADE LTDA;SERVIÇO DE PUBLICIDADE;3395.0;2026-08-10;2026-08-10;2027-08-10;2026-08-21T11:05:00;nao_classificado;indefinido;2026-08-24T23:15:04+00:00
46377800000127-2-005703/2026;00016;2026;46377800000127;SAO PAULO SECRETARIA DA SEGURANCA PUBLICA;3524808;11396907000138;GRN DISTRIBUIDORA E SERVICOS LTDA;CONTRATAÇÃO DE SERVIÇOS CONTÍNUOS DE LIMPEZA, ASSEIO E CONSERVAÇÃO PREDIAL, DA SEDE DA 2ª CIA DO 37º BPM/M.;64800.0;2026-07-22;2026-07-22;2028-07-22;2026-08-21T10:52:00;nao_classificado;indefinido;2026-08-24T23:15:04+00:00
46377800000127-2-005702/2026;00015;2026;46377800000127;SAO PAULO SECRETARIA DA SEGURANCA PUBLICA;3524808;11396907000138;GRN DISTRIBUIDORA E SERVICOS LTDA;CONTRATAÇÃO DE SERVIÇOS CONTÍNUOS DE LIMPEZA, ASSEIO E CONSERVAÇÃO PREDIAL, DA SEDE DA 1ª CIA DO 37º BPM/M.;65106.96;2026-07-22;2026-07-22;2028-07-22;2026-08-21T10:28:08;nao_classificado;indefinido;2026-08-24T23:15:04+00:00
46377800000127-2-005701/2026;00013;2026;46377800000127;SAO PAULO SECRETARIA DA SEGURANCA PUBLICA;3524808;09648176000129;UNIFOGO SISTEMAS CONTRA INCENDIO LTDA;CONTRATAÇÃO DE SERVIÇOS DE RECARGA E MANUTENÇÃO DE EXTINTORES DE INCÊNCIO.;54499.65;2026-06-09;2026-06-09;2027-06-09;2026-08-21T10:27:36;nao_classificado;indefinido;2026-08-24T23:15:04+00:00
46377800000127-2-005700/2026;00014;2026;46377800000127;SAO PAULO SECRETARIA DA SEGURANCA PUBLICA;3524808;51536795000600;SANTIAGO & CINTRA IMPORTACAO E EXPORTACAO LTDA;AQUISIÇÃO DE AERONAVES NÃO TRIPULADAS (UNMANNED AIRCRAFT SYSTEM -UAS) - DRONES TÁTICOS.;137700.0;2026-07-02;2026-07-02;2027-07-02;2026-08-21T10:26:46;nao_classificado;indefinido;2026-08-24T23:15:04+00:00
46377800000127-2-005699/2026;00004;2026;46377800000127;SAO PAULO SECRETARIA DA SEGURANCA PUBLICA;3524808;25178236000143;GABRIELA OLIVEIRA RIBEIRO CALDAS;O OBJETO DO PRESENTE INSTRUMENTO É A CONTRATAÇÃO DE SERVIÇOS DE CONTROLE DE PRAGAS, E LIMPEZA DE CX. DE ÁGUA.A SEREM EXECUTADOS COM REGIME DE DEDICAÇÃO EXCLUSIVA DE MÃO DE OBRA .;23272.12;2026-05-14;2026-05-21;2027-05-21;2026-08-21T08:14:38;nao_classificado;indefinido;2026-08-24T23:15:04+00:00
46377800000127-2-005698/2026;2026NE000128;2026;46377800000127;SAO PAULO SECRETARIA DA SEGURANCA PUBLICA;3524808;29765537000124;RE DA SILVA E SILVA LTDA;"COMPRESSA EMBEBIDA, EM NAO TECIDO, ALCOOL 70% TEOR ALCOOLICO MINIMO DE 68 %, MEDINDO MINIMO DE 2,5CM X 2,5CM, USO DESCARTAVEL, PARA ASSEPSIA,
EMBALADO EM MATERIAL ALUMINIZADO QUE GARANTA A INTEGRIDADE DO PRODUTO, A APRESENTACAO DO PRODUTO DEVERA OBEDECER A LEGISLACAO VIGENTE";1435.0;2026-08-19;2026-08-19;2026-09-09;2026-08-20T23:57:01;limpeza_higiene;produto;2026-08-24T23:15:04+00:00
46377800000127-2-005697/2026;2026NE000125;2026;46377800000127;SAO PAULO SECRETARIA DA SEGURANCA PUBLICA;3524808;15439366000139;EREFARMA PRODUTOS PARA SAUDE LTDA;"MEDICAMENTOS GERAIS DE USO HUMANO, COLAGENASE 0,6U/G, CLORANFENICOL 0,01G/G, FORMA FARMACEUTICA POMADA DERMATOLOGICA, FORMA DE
APRESENTACAO BISNAGA, VIA DE ADMINISTRACAO DERMATOLOGICA, COM VALIDADE MÍNIMA DO PRODUTO NA ENTREGA DE 50%; MEDICAMENTOS GERAIS DE USO HUMANO, DEXAMETASONA, FOSFATO DISSODICO 4MG/ML (I), CIANOCOBALAMINA 2500MCG/ML (II), TIAMINA, CLORIDRATO 50MG/ML
(II), PIRIDOXINA, CLORIDRATO 50MG/ML (II), PROCAINA, CLORIDRATO 25MG/ML (II), FORMA FARMACEUTICA SOLUCAO INJETAVEL, FORMA DE APRESENTACAO FRASCOAMPOLA/
SER.PREENCHIDA/AMPOLA (I) 1ML+ FRASCO-AMPOLA/SER.PREENCHIDA/AMPOLA (II) 2ML, VIA DE ADMINISTRACAO INTRAMUSCULAR, COM VALIDADE MÍNIMA
DO PRODUTO NA ENTREGA DE 50%.";16045.0;2026-08-19;2026-08-19;2026-09-09;2026-08-20T23:49:21;medicamentos;produto;2026-08-24T23:15:04+00:00
46377800000127-2-005696/2026;2026NE000123;2026;46377800000127;SAO PAULO SECRETARIA DA SEGURANCA PUBLICA;3524808;03526176000170;DENTMED - MATERIAIS MEDICOS E ODONTOLOGICOS LTDA;"RESINA ACRILICA PARA ODONTOLOGIA, AUTOPOLIMERIZÁVEL, COR 62, REPOSIÇÃO COMPATIVEL DA RESINA ALIKE / GC AMÉRICA, PO EM FRASCO COM APROX. DE 45 G,
PARA CONFECÇÃO DE COROAS E PONTES PROVISÓRIAS, EMBALADO INDIVIDUALMENTE, EM MATERIAL APROPRIADO QUE GARANTA A INTEGRIDADE DO PRODUTO,
CONSTANDO EXTERNAMENTE MARCA COMERCIAL, PROCEDÊNCIA DE FABRICAÇÃO, RECOMENDACOES PARA ARMAZENAMENTO CONFORME ORIENTAÇÕES DO
FABRICANTE, VALIDADE MINIMA DE 2 ANOS DA DATA DE ENTREGA";5359.64;2026-08-19;2026-08-19;2026-09-09;2026-08-20T23:31:33;textil_uniforme;produto;2026-08-24T23:15:04+00:00
46377800000127-2-005695/2026;2026NE000122;2026;46377800000127;SAO PAULO SECRETARIA DA SEGURANCA PUBLICA;3524808;03526176000170;DENTMED - MATERIAIS MEDICOS E ODONTOLOGICOS LTDA;"PONTA PARA SUGADOR ODONTOLOGICO, DE PLASTICO RIGIDO, PARA CIRURGIA, DESCARTAVEL, ESTERIL, EMBALADA INDIVIDUALMENTE, EM MATERIAL APROPRIADO QUE
GARANTA A INTEGRIDADE DO PRODUTO, CONSTANDO EXTERNAMENTE MARCA COMERCIAL E PROCEDENCIA DE FABRICAÇÃO, VALIDADE MÍNIMA DE 2 ANOS A PARTIR DA
ENTREGA.";96.0;2026-08-19;2026-08-19;2026-09-09;2026-08-20T23:19:12;nao_classificado;indefinido;2026-08-24T23:15:04+00:00
46377800000127-2-005694/2026;2026NE000121;2026;46377800000127;SAO PAULO SECRETARIA DA SEGURANCA PUBLICA;3524808;14905502000176;EXCLUSIVA DISTRIBUIDORA DE MEDICAMENTOS LTDA;"MEDICAMENTOS GERAIS DE USO HUMANO, PROMETAZINA, CLORIDRATO 25MG, FORMA FARMACEUTICA CAPSULA/COMPRIMIDO/COMPRIMIDO REVESTIDO, FORMA DE
APRESENTACAO CAPSULA/COMPRIMIDO/COMPRIMIDO REVESTIDO, VIA DE ADMINISTRACAO ORAL, COM VALIDADE MÍNIMA DO PRODUTO NA ENTREGA DE 50%.; MEDICAMENTOS GERAIS DE USO HUMANO, FEXOFENADINA, CLORIDRATO 120MG, FORMA FARMACEUTICA CAPSULA/COMPRIMIDO/COMPRIMIDO REVESTIDO, FORMA DE
APRESENTACAO CAPSULA/COMPRIMIDO/COMPRIMIDO REVESTIDO, VIA DE ADMINISTRACAO ORAL, COM VALIDADE MÍNIMA DO PRODUTO NA ENTREGA DE 50%.; MEDICAMENTOS GERAIS DE USO HUMANO, SALICILATO DE METILA 0,040 ML, CANFORA 0,040 G, MENTOL 0,131 G, TEREBENTINA 0,200 ML, MOSTARDA 0,004 ML,
ALECRIM 0,004 ML, ALFAZEMA 0,004 ML, FORMA FARMACEUTICA POMADA DERMATOLOGICA, FORMA DE APRESENTACAO BISNAGA, VIA DE ADMINISTRACAO
DERMATOLOGICA, COM VALIDADE MÍNIMA DO PRODUTO NA ENTREGA DE 50%.; MEDICAMENTOS GERAIS DE USO HUMANO, IBUPROFENO 400MG, FORMA FARMACEUTICA CAPSULA/COMPRIMIDO/COMPRIMIDO REVESTIDO, FORMA DE APRESENTACAO
CAPSULA/COMPRIMIDO/COMPRIMIDO REVESTIDO, VIA DE ADMINISTRACAO ORAL, COM VALIDADE MÍNIMA DO PRODUTO NA ENTREGA DE 50%.; MEDICAMENTOS GERAIS DE USO HUMANO, ISOSSORBIDA, DINITRATO 10MG, FORMA FARMACEUTICA CAPSULA/COMPRIMIDO/COMPRIMIDO REVESTIDO, FORMA DE
APRESENTACAO CAPSULA/COMPRIMIDO/COMPRIMIDO REVESTIDO, VIA DE ADMINISTRACAO ORAL, COM VALIDADE MÍNIMA DO PRODUTO NA ENTREGA DE 50%.; MEDICAMENTOS GERAIS DE USO HUMANO, LORATADINA 10MG, FORMA FARMACEUTICA CAPSULA/COMPRIMIDO/COMPRIMIDO REVESTIDO, FORMA DE APRESENTACAO
CAPSULA/COMPRIMIDO/COMPRIMIDO REVESTIDO, VIA DE ADMINISTRACAO ORAL, COM VALIDADE MÍNIMA DO PRODUTO NA ENTREGA DE 50%.; MEDICAMENTOS GERAIS DE USO HUMANO, METOCLOPRAMIDA, CLORIDRATO 10MG, FORMA FARMACEUTICA CAPSULA/COMPRIMIDO/COMPRIMIDO REVESTIDO, FORMA
DE APRESENTACAO CAPSULA/COMPRIMIDO/COMPRIMIDO REVESTIDO, VIA DE ADMINISTRACAO ORAL, COM VALIDADE MÍNIMA DO PRODUTO NA ENTREGA DE 50%.; MEDICAMENTOS GERAIS DE USO HUMANO, NARATRIPTANA, CLORIDRATO 2,5MG, FORMA FARMACEUTICA CAPSULA/COMPRIMIDO/COMPRIMIDO REVESTIDO, FORMA DE
APRESENTACAO CAPSULA/COMPRIMIDO/COMPRIMIDO REVESTIDO, VIA DE ADMINISTRACAO ORAL, COM VALIDADE MÍNIMA DO PRODUTO NA ENTREGA DE 50%; MEDICAMENTOS GERAIS DE USO HUMANO, NIMESULIDA 100MG, FORMA FARMACEUTICA COMPRIMIDO DISPERSIVEL, FORMA DE APRESENTACAO COMPRIMIDO
DISPERSIVEL, VIA DE ADMINISTRACAO ORAL, COM VALIDADE MÍNIMA DO PRODUTO NA ENTREGA DE 50%.; MEDICAMENTOS GERAIS DE USO HUMANO, OMEPRAZOL MAGNESIO 20MG, FORMA FARMACEUTICA CAPSULA/COMPRIMIDO/COMPRIMIDO REVESTIDO, FORMA DE
APRESENTACAO CAPSULA/COMPRIMIDO/COMPRIMIDO REVESTIDO, VIA DE ADMINISTRACAO ORAL, COM VALIDADE MÍNIMA DO PRODUTO NA ENTREGA DE 50%; MEDICAMENTOS GERAIS DE USO HUMANO, CETOPROFENO 100MG, FORMA FARMACEUTICA CAPSULA/COMPRIMIDO/COMPRIMIDO REVESTIDO, FORMA DE
APRESENTACAO CAPSULA/COMPRIMIDO/COMPRIMIDO REVESTIDO, VIA DE ADMINISTRACAO ORAL, COM VALIDADE MÍNIMA DO PRODUTO NA ENTREGA DE 50%; MEDICAMENTOS GERAIS DE USO HUMANO, PARACETAMOL 300MG, CARISOPRODOL 125MG, DICLOFENACO SODICO 50MG, CAFEINA 30MG, FORMA FARMACEUTICA
CAPSULA/COMPRIMIDO/COMPRIMIDO REVESTIDO, FORMA DE APRESENTACAO CAPSULA/COMPRIMIDO/COMPRIMIDO REVESTIDO, VIA DE ADMINISTRACAO ORAL, COM
VALIDADE MÍNIMA DO PRODUTO NA ENTREGA DE 50%; MEDICAMENTOS CONTROLADOS DE USO HUMANO, TRAMADOL, CLORIDRATO 50MG, FORMA FARMACEUTICA CAPSULA/COMPRIMIDO/COMPRIMIDO REVESTIDO, FORMA
DE APRESENTACAO CAPSULA/COMPRIMIDO/COMPRIMIDO REVESTIDO, VIA DE ADMINISTRACAO ORAL, COM VALIDADE MÍNIMA DO PRODUTO NA ENTREGA DE 50%; MEDICAMENTOS GERAIS DE USO HUMANO, DICLOFENACO SODICO 25MG/ML, FORMA FARMACEUTICA SOLUCAO INJETAVEL, FORMA DE APRESENTACAO FRASCOAMPOLA/
SERINGA PREENCHIDA/AMPOLA 3ML, VIA DE ADMINISTRACAO INTRAMUSCULAR, COM VALIDADE MÍNIMA DO PRODUTO NA ENTREGA DE 50%; MEDICAMENTOS GERAIS DE USO HUMANO, CAPTOPRIL 25MG, FORMA FARMACEUTICA CAPSULA/COMPRIMIDO/COMPRIMIDO REVESTIDO, FORMA DE APRESENTACAO
CAPSULA/COMPRIMIDO/COMPRIMIDO REVESTIDO, VIA DE ADMINISTRACAO ORAL, COM VALIDADE MÍNIMA DO PRODUTO NA ENTREGA DE 50%; MEDICAMENTOS GERAIS DE USO HUMANO, BETAMETASONA, DIPROPIONATO 6,43MG/ML (EQUIV A 5MG/ ML DE BETAMETASONA), BETAMETASONA, FOSFATO
DISSODICO 2,63MG/ML (EQUIV A 2MG/ML DE BETAMETASONA), FORMA FARMACEUTICA SUSPENSAO INJETAVEL, FORMA DE APRESENTACAO FRASCO-AMPOLA/SERINGA
PREENCHIDA/AMPOLA 1ML, VIA DE ADMINISTRACAO IM/INTRA-ARTICULAR/PERIARTICULAR/INTRABURSICA/ INTRADERMICA/INTRALESIONAL E EM TECIDOS MOLES, COM
VALIDADE MÍNIMA DO PRODUTO NA ENTREGA DE 50%.; MEDICAMENTOS GERAIS DE USO HUMANO, PREDNISONA 20MG, FORMA FARMACEUTICA CAPSULA/COMPRIMIDO/COMPRIMIDO REVESTIDO, FORMA DE APRESENTACAO
CAPSULA/COMPRIMIDO/COMPRIMIDO REVESTIDO, VIA DE ADMINISTRACAO ORAL, COM VALIDADE MÍNIMA DO PRODUTO NA ENTREGA DE 50%; MEDICAMENTOS GERAIS DE USO HUMANO, FLUCONAZOL 150MG, FORMA FARMACEUTICA CAPSULA/COMPRIMIDO/COMPRIMIDO REVESTIDO, FORMA DE APRESENTACAO
CAPSULA/COMPRIMIDO/COMPRIMIDO REVESTIDO, VIA DE ADMINISTRACAO ORAL, COM VALIDADE MÍNIMA DO PRODUTO NA ENTREGA DE 50%.";22701.6;2026-08-19;2026-08-19;2026-09-09;2026-08-20T23:07:39;medicamentos;produto;2026-08-24T23:15:04+00:00
46377800000127-2-005693/2026;2026NE000119;2026;46377800000127;SAO PAULO SECRETARIA DA SEGURANCA PUBLICA;3524808;35608656000176;IMPERIUM HB IMPORTADORA E DISTRIBUIDORA LTDA;"AGULHA HIPODERMICA DESCARTAVEL BIPOLAR, COM CANHAO PLASTICO, ATOXICO E SEM REBARBAS, HASTES EM ACO INOX, COM BISEL MEDIO TRIFACETADO CILINDRICA,
OCA, RETA, COM MANGA DE BORRACHA NA PARTE INFERIOR,COM PROTETOR PPLASTICO ATOXICO, DIMENSAO DE 30 X 8, EMBALADO EM TUBO TIPO ""HARDPACK"" COM
LACRE DE SEGURANCA CONVENCIONAL,PARA COLETA MULTIPLA, O PRODUTO DEVERA OBEDECER A LEGISLACAO ATUAL VIGENTE; SERINGA DESCARTAVEL, EM PLASTICO,ATOXICO,APIROGENICO INTEGRO, TRANSPARENTE, APRESENTANDO RIGIDEZ E RESISTENCIA MECANICA NA SUA UTILIZACAO, CORPO
COM GRADUACAO MILIMETRADA, EMBOLO BORRACHA ATOXICA NA PONTA, BICO CENTRAL LUER SLIP, ESTERIL, SILICONIZADA, COM CAPACIDADE DE 10ML, SEM AGULHA,
O PRODUTO DEVERA ATENDER LABORAT.,QUE COMPROVE CUMPRIMENTO DA NBR ISO 7886 ; SERINGA DESCARTAVEL, EM PLASTICO,ATOXICO,APIROGENICO , INTEGRO, TRANSPARENTE; QUE SUPORTE A ADMINISTRACAO DE RADIOFARMACO, APRESENTANDO
RIGIDEZ E RESISTENCIA MECANICA NA SUA UTILIZACAO, CORPO COM GRADUACAO MILIMETRADA A CADA 0,1 ML; GRAVACAO INDELEVEL, EMBOLO BORRACHA ATOXICA
NA PONTA LIVRE DE LATEX, BICO CENTRAL TIPO LUER LOCK, ESTERIL, SILICONIZADA, COM CAPACIDADE DE 5 ML, SEM AGULHA, O PRODUTO DEVERA ATENDER A
LEGISLACAO VIGENTE; SERINGA DESCARTAVEL, EM PLASTICO,ATOXICO,APIROGENICO , INTEGRO, TRANSPARENTE; QUE SUPORTE A ADMINISTRACAO DE RADIOFARMACO, APRESENTANDO
RIGIDEZ E RESISTENCIA MECANICA NA SUA UTILIZACAO, CORPO COM GRADUACAO MILIMETRADA A CADA 0,1 ML; GRAVACAO INDELEVEL, EMBOLO BORRACHA ATOXICA
NA PONTA LIVRE DE LATEX, BICO CENTRAL TIPO LUER LOCK, ESTERIL, SILICONIZADA, COM CAPACIDADE DE 5 ML, SEM AGULHA, O PRODUTO DEVERA ATENDER A
LEGISLACAO VIGENTE; LUVA PARA PROCEDIMENTO, EM NITRILA, NAO CIRURGICA, COR AZUL, COM BOA SENSIBILIDADE TATIL, COM TEXTURA UNIFORME,SEM FALHAS E FORMATO ANATOMICO,
AMBIDESTRA, SEM TALCO / TOTALMENTE ISENTA DE PO, NO TAMANHO PEQUENO, COM PUNHO ACABADO DE 04 A 06 CM, NAO ESTERIL, DESCARTAVEL, EMBALADO EM
MATERIAL QUE GARANTA A INTEGRIDADE DO PRODUTO, O PRODUTO DEVERA SER ENTREGUE ACOMPANHADO DO CA,E MTE E DE ACORDO C/ A LEGISLACAO VIGENTE; SERINGA DESCARTAVEL, EM PLASTICO,ATOXICO,APIROGENICO , SEM AGULHA, APRESENTANDO RIGIDEZ E SERIGRAFIA RESISTENTE, NITIDA E INDELEVEL, CORPO COM
GRADUACAO A CADA 1 ML, COM MARCACOES NUMERICAS A CADA 2 ML, EMBOLO COM ANEL DE VEDACAO DE BORRACHA NA PONTA, ANEL DERETENCAO NO CILINDRO,
BICO COM CONEXAO DO TIPO LUER SLIP, ESTERIL, SILICONIZADA COM DESLIZAMENTO SUAVE E UNIFORME, COM CAPACIDADE DE 10 ML, ACONDICIONADO
INDIVIDUALMENTE EM MATERIAL C/BARREIRA MICROBIANA QUE PERMITA TRANSFERENCIA ASSEPTICA; LUVA CIRURGICA, EM LATEX NATURAL, COM TEXTURA UNIFORME SEM FALHAS, SEM NENHUM TIPO DE PO, COM ALTA SENSIBILIDADE TATIL BOA FLEXIBILIDADE E
RESISTENCIA, COM ACABAMENTO NO PUNHO DE BAINHA,FORMATO ANATOMICO, NUMERACAO 6,5, ESTERIL, EMBALADA AOS PARES EM PAPEL GRAU CIRURGICO, O
PRODUTO DEVERA SER ENTREGUE ACOMPANHADO DO CA E E DE CUMPRIMENTO DA NBR 13391/ABNT; LUVA PARA PROCEDIMENTO, EM NITRILA, NAO CIRURGICA, COR AZUL, COM BOA SENSIBILIDADE TATIL, COM TEXTURA UNIFORME,SEM FALHAS E FORMATO ANATOMICO,
AMBIDESTRA, SEM TALCO / TOTALMENTE ISENTA DE PO, NO TAMANHO MEDIO, COM PUNHO ACABADO DE 04 A 06 CM, NAO ESTERIL, DESCARTAVEL, EMBALADO EM
MATERIAL QUE GARANTA A INTEGRIDADE DO PRODUTO, O PRODUTO DEVERA SER ENTREGUE ACOMPANHADO DO CA,E EMITIDO PELO MTE ACORDO C/ A LEGISLACAO
VIGENTE; LUVA CIRURGICA, EM LATEX NATURAL, COM TEXTURA UNIFORME SEM FALHAS, ISENTA DE QUALQUER TIPO DE PO, COM ALTA SENSIBILIDADE TATIL BOA FLEXIBILIDADE E
RESISTENCIA, COM ACABAMENTO NO PUNHO DE FORMATO ANATOMICO E ACABADO COM BAINHA, NUMERACAO 7,5, ESTERIL, EMBALADA AOS PARES EM MATERIAL QUE
PROMOVA BARREIRA MICROBIANA E ABERTURA ASSEPTICA, O PRODUTO DEVERA SER ENTREGUE ACOMPANHADO DO CA E DE CUMPRIMENTO DA NBR 13391/ABNT; FIO DENTAL, ENCERADO, ROLO COM 500M, EM MATERIAL APROPRIADO QUE GARANTA INTEGRIDADE DO PRODUTO, CONSTANDO EXTERNAMENTE MARCA COMERCIAL,
PROCEDENCIA DE FABRICAÇÃO E VALIDADE MÍNIMA DE 12 MESES DA ENTREGA; MANGUITO PARA ESFIGMOMANOMETRO, CONSTITUIDO DE BOLSA E DOIS TUBOS, EM NYLON SEM EMENDAS, COM FECHAMENTO EM VELCRO, TAMANHO OBESO; PAPEL, TERMOSENSIVEL, PARA ELETROCARDIOGRAMA, MEDINDO 216 X 16 X 30 MTS EM BOBINA, COMPATIVEL COM CARDIOCARE 2000";13740.99;2026-08-19;2026-08-19;2026-09-09;2026-08-20T22:53:55;textil_uniforme;produto;2026-08-24T23:15:04+00:00
46377800000127-2-005692/2026;2026NE000118;2026;46377800000127;SAO PAULO SECRETARIA DA SEGURANCA PUBLICA;3524808;35608656000176;IMPERIUM HB IMPORTADORA E DISTRIBUIDORA LTDA;"LUVA PARA PROCEDIMENTO, EM NITRILA, NAO CIRURGICA, COR AZUL, COM BOA SENSIBILIDADE TATIL, COM TEXTURA UNIFORME,SEM FALHAS E FORMATO ANATOMICO,
AMBIDESTRA, SEM TALCO / TOTALMENTE ISENTA DE PO, NO TAMANHO PEQUENO, COM PUNHO ACABADO DE 04 A 06 CM, NAO ESTERIL, DESCARTAVEL, EMBALADO EM
MATERIAL QUE GARANTA A INTEGRIDADE DO PRODUTO, O PRODUTO DEVERA SER ENTREGUE ACOMPANHADO DO CA,E MTE E DE ACORDO C/ A LEGISLACAO VIGENTE";1717.0;2026-08-19;2026-08-19;2026-09-09;2026-08-20T17:19:38;textil_uniforme;produto;2026-08-24T23:15:04+00:00
46377800000127-2-005691/2026;2026NE000117;2026;46377800000127;SAO PAULO SECRETARIA DA SEGURANCA PUBLICA;3524808;10709819000186;KENYA CARRILO -  MATERIAIS,  VESTUARIO, EQUIPAMENTOS E PROMOCAO DE VENDAS LTDA;"CIMENTO DE FOSFATO DE ZINCO USO ODONTOLOGICO, LIQUIDO, LIQUIDO EM FRASCO COM APROXIMADAMENTE 10ML, COMPOSTO BASICAMENTE POR ACIDO
FOSFORICO, HIDROXIDO DE ALUMINIO, OXIDO DE ZINCO E AGUA DESTILADA, EMBALADO INDIVIDUALMENTE EM MATERIAL APROPRIADO QUE GARANTA A INTEGRIDADE
DO PRODUTO, RECOMENDACOES PARA ARMAZENAMENTO, VALIDADE MINIMA DE 2 ANOS DA DATA DE ENTREGA";313.7;2026-08-19;2026-08-19;2026-09-09;2026-08-20T17:00:10;madeira_construcao;produto;2026-08-24T23:15:04+00:00
46377800000127-2-005690/2026;2026NE000116;2026;46377800000127;SAO PAULO SECRETARIA DA SEGURANCA PUBLICA;3524808;10709819000186;KENYA CARRILO -  MATERIAIS,  VESTUARIO, EQUIPAMENTOS E PROMOCAO DE VENDAS LTDA;"IONOMERO DE VIDRO, PARA RESTAURACOES DE DENTES PERMANENTES E DECIDUOS, AUTOPOLIMERIZAVEL, PO, LIQUIDO, MEDIDOR DE PO E BLOCO DE ESPATULACAO,
PO EM FRASCO COM APROXIMADAMENTE 10G, COR A3, COMPOSTO POR VIDRO DE ALUMINIO SILICATO E FLUORETOS, LIQUIDO EM FRASCO COM APROXIMADAMENTE
8ML, COMPOSTO POR ACIDO POLIACRILICO (E ADITIVOS), EMBALAGEM EM CAIXA, EMBALADO EM MATERIAL APROPRIADO QUE GARANTA A INTEGRIDADE DO PRODUTO,
CONSTANDO EXTERNAMENTE MARCA COMERCIAL, PROCEDENCIA DE FABRICACAO, RECOMENDACOES PARA ARMAZENAMENTO, VALIDADE MINIMA DE 2 ANOS DA DATA
DE ENTREGA; CIMENTO DE FOSFATO DE ZINCO USO ODONTOLOGICO, LIQUIDO, LIQUIDO EM FRASCO COM APROXIMADAMENTE 10ML, COMPOSTO BASICAMENTE POR ACIDO
FOSFORICO, HIDROXIDO DE ALUMINIO, OXIDO DE ZINCO E AGUA DESTILADA, EMBALADO INDIVIDUALMENTE EM MATERIAL APROPRIADO QUE GARANTA A INTEGRIDADE
DO PRODUTO, RECOMENDACOES PARA ARMAZENAMENTO, VALIDADE MINIMA DE 2 ANOS DA DATA DE ENTREGA ; GESSO ODONTOLOGICO, PEDRA, TIPO III, COMPOSTO POR SULFATO DE CALCIO E PIGMENTO, NA COR BRANCA, ATOXICO, SOLUVEL EM AGUA, EMBALAGEM PACOTE DE
1KG, CONSTANDO EXTERNAMENTE MARCA COMERCIAL, PROCEDENCIA DE FABRICACAO, VALIDADE MINIMA DE 2 ANOS DA DATA DE ENTREGA; ALGINATO, PARA MOLDAGEM PARA MOLDAGEM E IMPRESSAO ODONTOLOGICA, PRESA NORMAL TIPO II,CONSISTENCIA FIRME, COM AROMA E SABOR ANTINAUSEANTE,
COM ANTIMICROBIANO E SEM FLUTUACAO DO PO, EMBALADO EM PACOTE COM APROXIMADAMENTE 410G, CONTENDO EXTERNAMENTE MARCA COMERCIAL,
PROCEDENCIA DE FABRICACAO, VALIDADE MINIMA DE 12 MESES A PARTIR DA ENTREGA ; CURETA PERIODONTAL, GRACEY G1/G2, CABO COM GRAVACAO VISIVEL E INDELEVEL DA MARCA E NUMERACAO, EXTREMIDADE DE SUPERFICIE IRREGULAR DENTEADA,
COM RANHURAS OU RUGOSIDADES, PONTA ATIVA COM ANGULOS DE CORTE PRECISOS, ENCAIXES PERFEITOS E ALINHADOS, CONFECCIONADA CONFORME NBR 7153-1 EM
EM ACO AISI COM ACABAMENTO E POLIMENTO PERFEITO, EMBALADA INDIVIDUALMENTE, CONSTANDO EXTERNAMENTE MARCA COMERCIAL E PROCEDENCIA DE
FABRICACAO; CURETA PERIODONTAL, GRACEY G3/G4, CABO COM GRAVACAO VISIVEL E INDELEVEL DA MARCA E NUMERACAO, EXTREMIDADE DE SUPERFICIE IRREGULAR DENTEADA,
COM RANHURAS OU RUGOSIDADES, PONTA ATIVA COM ANGULOS DE CORTE PRECISOS, ENCAIXES PERFEITOS E ALINHADOS, CONFECCIONADA CONFORME NBR 7153-1 EM
EM ACO INOX COM ACABAMENTO E POLIMENTO PERFEITO, EMBALADA INDIVIDUALMENTE, CONSTANDO EXTERNAMENTE MARCA COMERCIAL E PROCEDENCIA DE
FABRICACAO; CURETA PERIODONTAL, GRACEY G5/G6, CABO COM GRAVACAO VISIVEL E INDELEVEL DA MARCA E NUMERACAO, EXTREMIDADE DE SUPERFICIE IRREGULAR DENTEADA,
COM RANHURAS OU RUGOSIDADES, PONTA ATIVA COM ANGULOS DE CORTE PRECISOS, ENCAIXES PERFEITOS E ALINHADOS, CONFECCIONADA CONFORME NBR 7153-1 EM
EM ACO INOX COM ACABAMENTO E POLIMENTO PERFEITO, EMBALADA INDIVIDUALMENTE, CONSTANDO EXTERNAMENTE MARCA COMERCIAL E PROCEDENCIA DE
FABRICACAO; CURETA PERIODONTAL, GRACEY G13/G14, CABO COM GRAVACAO VISIVEL E INDELEVEL DA MARCA E NUMERACAO, EXTREMIDADE DE SUPERFICIE IRREGULAR DENTEADA,
COM RANHURAS OU RUGOSIDADES, PONTA ATIVA COM ANGULOS DE CORTE PRECISOS, ENCAIXES PERFEITOS E ALINHADOS, CONFECCIONADA CONFORME NBR 7153-1 EM
EM ACO AISI COM ACABAMENTO E POLIMENTO PERFEITO, EMBALADA INDIVIDUALMENTE, CONSTANDO EXTERNAMENTE MARCA COMERCIAL E PROCEDENCIA DE
FABRICACAO; CURETA PERIODONTAL, GRACEY G11/G12, CABO COM GRAVACAO VISIVEL E INDELEVEL DA MARCA E NUMERACAO, EXTREMIDADE DE SUPERFICIE IRREGULAR DENTEADA,
COM RANHURAS OU RUGOSIDADES, PONTA ATIVA COM ANGULOS DE CORTE PRECISOS, ENCAIXES PERFEITOS E ALINHADOS, CONFECCIONADA CONFORME NBR 7153-1 EM
EM ACO AISI COM ACABAMENTO E POLIMENTO PERFEITO, EMBALADA INDIVIDUALMENTE, CONSTANDO EXTERNAMENTE MARCA COMERCIAL E PROCEDENCIA DE
FABRICACAO; CURETA PERIODONTAL, GRACEY G7/G8, CABO COM GRAVACAO VISIVEL E INDELEVEL DA MARCA E NUMERACAO, EXTREMIDADE DE SUPERFICIE IRREGULAR DENTEADA,
COM RANHURAS OU RUGOSIDADES, PONTA ATIVA COM ANGULOS DE CORTE PRECISOS, ENCAIXES PERFEITOS E ALINHADOS, CONFECCIONADA CONFORME NBR 7153-1 EM
EM ACO INOX COM ACABAMENTO E POLIMENTO PERFEITO, EMBALADA INDIVIDUALMENTE, CONSTANDO EXTERNAMENTE MARCA COMERCIAL E PROCEDENCIA DE
FABRICACAO;";6333.1;2026-07-20;2026-08-19;2026-09-09;2026-08-20T16:51:38;madeira_construcao;produto;2026-08-24T23:15:04+00:00
46377800000127-2-005689/2026;00004;2026;46377800000127;SAO PAULO SECRETARIA DA SEGURANCA PUBLICA;3524808;05934885001604;SODRE SL DIAGNOSTICOS E PESQUISAS LABORATORIAIS LTDA;CONTRATAÇÃO DE SERVIÇO DE EXAME TOXICOLÓGICO PARA FINS DE OBTENÇÃO E RENOVAÇÃO DA CNH (CARTEIRA NACIONAL DE HABILITAÇÃO) PARA AS CATEGORIAS C, D E E.;3060.0;2026-08-20;2026-08-20;2027-07-21;2026-08-20T16:40:12;nao_classificado;indefinido;2026-08-24T23:15:04+00:00
46377800000127-2-005688/2026;2026NE000114;2026;46377800000127;SAO PAULO SECRETARIA DA SEGURANCA PUBLICA;3524808;29765537000124;RE DA SILVA E SILVA LTDA;"LENCOL PARA USO HOSPITALAR"", NAO TECIDO (TNT) COM ELASTICO, 30G/M2, SEM FUROS, MANCHAS, RASGOS, 90X2M, FOLHA PARA MACA, BRANCA, 100%
POLIPROPILENO BIODEGRADAVEL, LAUDO DE BIODEGRADAÇÃO ANAEROBICA";5455.0;2026-08-19;2026-08-19;2026-09-09;2026-08-20T16:40:09;textil_uniforme;produto;2026-08-24T23:15:04+00:00
46377800000127-2-005687/2026;2026NE00100;2026;46377800000127;SAO PAULO SECRETARIA DA SEGURANCA PUBLICA;3524808;07076643000168;ARP RESGATE COMERCIO DE EQUIPAMENTOS DE SEGURANCA LTDA;Aquisições de materiais envolvendo atividade de mergulhador ;11394.24;2026-08-20;2026-08-20;2026-08-20;2026-08-20T16:29:03;nao_classificado;indefinido;2026-08-24T23:15:04+00:00
46377800000127-2-005686/2026;2026NE00101;2026;46377800000127;SAO PAULO SECRETARIA DA SEGURANCA PUBLICA;3524808;64290717000106;ADONAI COMERCIAL LTDA;Compras de materiais de salvamento para atividade de mergulhador;5532.0;2026-08-20;2026-08-20;2026-08-20;2026-08-20T16:25:36;nao_classificado;indefinido;2026-08-24T23:15:04+00:00
46377800000127-2-005685/2026;2026NE00099;2026;46377800000127;SAO PAULO SECRETARIA DA SEGURANCA PUBLICA;3524808;30500671000182;LA STOR COMERCIO E SERVICOS LTDA;Compras de materiais envolvendo atividade de mergulhador.;3224.0;2026-08-20;2026-08-20;2026-10-19;2026-08-20T16:24:17;nao_classificado;indefinido;2026-08-24T23:15:04+00:00
46377800000127-2-005684/2026;2026NE000098;2026;46377800000127;SAO PAULO SECRETARIA DA SEGURANCA PUBLICA;3524808;23696196000104;COMERCIAL FALLINE LTDA;COMPRAS DE MATERIAIS DE SALVAMENTO ENVOLVENDO ATIVIDADE DE MERGULHADOR;44227.08;2026-08-20;2026-08-20;2026-10-19;2026-08-20T16:20:28;nao_classificado;indefinido;2026-08-24T23:15:04+00:00
46377800000127-2-005683/2026;2026NE000112;2026;46377800000127;SAO PAULO SECRETARIA DA SEGURANCA PUBLICA;3524808;07827565000196;DL DENTAL LTDA;"LIMA ENDODONTICA, TIPO ROTATORIA, COMPATÍVEL C/CONFIGURAÇÃO PROTAPER UNIVERSAL (25MM, F1), PARTE ATIVA EM LIGA NI-TI , MOVIMENTO ROTATORIO
MECANIZADO,ISENTO DE EFEITO PARAFUSO LIMAS ELETRO POLIDAS, CABO C/ ENCAIXE P/CONTRA-ANGULO, COMPRIMENTO DE 25 MM , TAMANHO F1 (0,20 X 0,7),
EMBALADAS EM CAIXA OU BLISTER QUE GARANTA A INTEGRIDADE DO PRODUTO, CONSTANDO EXTERNAMENTE MARCA COMERCIAL NUMERAÇÃO, PROCEDENCIA DE
FABRICAÇÃO E VALIDADE, REGISTROS CONFORME LEGISLAÇÃO VIGENTE";2197.95;2026-08-19;2026-08-19;2026-09-09;2026-08-20T16:14:51;nao_classificado;indefinido;2026-08-24T23:15:04+00:00
46377800000127-2-005682/2026;2026NE000097;2026;46377800000127;SAO PAULO SECRETARIA DA SEGURANCA PUBLICA;3524808;36415033000140;INNOVA COMERCIO DE MAQUINAS E EQUIPAMENTOS LTDA;Compras de materiais de salvamento em atividade de mergulhador.;6000.0;2026-08-20;2026-08-20;2026-10-19;2026-08-20T16:13:58;nao_classificado;indefinido;2026-08-24T23:15:04+00:00
46377800000127-2-005681/2026;2026NE000096;2026;46377800000127;SAO PAULO SECRETARIA DA SEGURANCA PUBLICA;3524808;06273179000137;FACCIOLLI  COMERCIO DE EQUIPAMENTOS SERVICOS DE INSTALACOES E LOCACOES SOCIEDADE;Materiais de salvamento com atividade de mergulhador.;36592.0;2026-08-20;2026-08-20;2026-10-19;2026-08-20T16:05:36;nao_classificado;indefinido;2026-08-24T23:15:04+00:00
46377800000127-2-005680/2026;2026NE000109;2026;46377800000127;SAO PAULO SECRETARIA DA SEGURANCA PUBLICA;3524808;34213521000149;33 INOVACAO LTDA;"ELETRODO DESCARTAVEL, ELETROCARDIOGRAFIA, ELETROMIOGRAFIA, POLISSONOGRAFIA, POTENCIAIS EVOCADOS, ELETRODO UNIVERSAL HTTPS://BIT.LY/2NAIGSI, EM
ESPUMA COMPACTA, POUCO POROSO, IMPERMEAVEL E FLEXÍVEL, ADESIVO HIPOALERGENICO DE LONGA DURACAO, COM SENSOR EM AG/AGCL, GEL SOLIDO (HIDROGEL)
ADESIVO E CONDUTOR, DIMENSOES APROX. DE 4,5 X 3,8 X 0,05 CM, EMBALADO EM APRESENTACAO EM FOLHAS PRE-CORTADAS EM TIRAS DE FACIL SEPARACAO.
REPOSICIONAVEL EM FORMATO DE GOTA, O PRODUTO DEVERA OBEDECER A LEGISLACAO VIGENTE";3700.0;2026-08-19;2026-08-19;2026-09-09;2026-08-20T16:03:46;nao_classificado;indefinido;2026-08-24T23:15:04+00:00
45138070000149-2-000919/2026;6324;2026;45138070000149;MUNICIPIO DE SANTA FE DO SUL;3546603;07820902000113;DROGRASUL SANTA FE DO SUL LTDA;Aquisição de remédios e óculos para o Núcleo de Assistência à Saúde - NAS - Decreto Municipal n°2798/2010, conforme Processo SEI n° 3546603.437.00001128/2026-77.;248.0;2026-08-20;2026-08-20;2026-08-20;2026-08-20T15:59:20;nao_classificado;indefinido;2026-08-24T19:23:58+00:00
45138070000149-2-000918/2026;6323;2026;45138070000149;MUNICIPIO DE SANTA FE DO SUL;3546603;17471328000199;TATYANE CAROLINE CELES & CIA LTDA;Aquisição de remédios e óculos para o Núcleo de Assistência à Saúde - NAS - Decreto Municipal n°2798/2010, conforme Processo SEI n° 3546603.437.00001128/2026-77.;399.9;2026-08-20;2026-08-20;2026-08-20;2026-08-20T15:59:19;nao_classificado;indefinido;2026-08-24T19:23:58+00:00
45138070000149-2-000917/2026;6322;2026;45138070000149;MUNICIPIO DE SANTA FE DO SUL;3546603;56097095000168;WANDERLEYA P G CELES & CIA LTDA;Aquisição de remédios e óculos para o Núcleo de Assistência à Saúde - NAS - Decreto Municipal n°2798/2010, conforme Processo SEI n° 3546603.437.00001128/2026-77.;620.0;2026-08-20;2026-08-20;2026-08-20;2026-08-20T15:59:18;nao_classificado;indefinido;2026-08-24T19:23:58+00:00
45138070000149-2-000916/2026;6321;2026;45138070000149;MUNICIPIO DE SANTA FE DO SUL;3546603;05677457000159;JOELTON LOPES VILASBOAS & CIA LTDA;Aquisição de remédios e óculos para o Núcleo de Assistência à Saúde - NAS - Decreto Municipal n°2798/2010, conforme Processo SEI n° 3546603.437.00001128/2026-77.;1548.07;2026-08-20;2026-08-20;2026-08-20;2026-08-20T15:59:17;nao_classificado;indefinido;2026-08-24T19:23:58+00:00
45138070000149-2-000915/2026;6320;2026;45138070000149;MUNICIPIO DE SANTA FE DO SUL;3546603;66608092000103;NARAMARY PAGLIUSO DA MOTA RAMOS - EPP;Aquisição de remédios e óculos para o Núcleo de Assistência à Saúde - NAS - Decreto Municipal n°2798/2010, conforme Processo SEI n° 3546603.437.00001128/2026-77.;855.0;2026-08-20;2026-08-20;2026-08-20;2026-08-20T15:59:16;nao_classificado;indefinido;2026-08-24T19:23:58+00:00
45138070000149-2-000914/2026;6319;2026;45138070000149;MUNICIPIO DE SANTA FE DO SUL;3546603;15431336000186;FONTINELE E FONTINELE DROGARIA LTDA - ME;Aquisição de remédios e óculos para o Núcleo de Assistência à Saúde - NAS - Decreto Municipal n°2798/2010, conforme Processo SEI n° 3546603.437.00001128/2026-77.;3271.47;2026-08-20;2026-08-20;2026-08-20;2026-08-20T15:59:15;nao_classificado;indefinido;2026-08-24T19:23:58+00:00
46377800000127-2-011342/2025;00005;2025;46377800000127;SAO PAULO SECRETARIA DA SEGURANCA PUBLICA;3524808;62577929000135;COMPANHIA DE PROCESSAMENTO DE DADOS DO ESTADO DE SAO PAULO - PRODESP;PRESTAÇÃO DE SERVIÇOS DE EMISSÃO DE CERTIFICADOS DIGITAIS E-CPF A3;13855.0;2025-06-26;2025-06-26;2027-06-25;2026-08-20T15:45:00;nao_classificado;indefinido;2026-08-24T23:15:04+00:00
46377800000127-2-005679/2026;2026NE000644;2026;46377800000127;SAO PAULO SECRETARIA DA SEGURANCA PUBLICA;3524808;45789986000169;SOLAR RAY SOLUCOES EM ENERGIA LTDA;CONTRATAÇÃO DE SERVIÇO DE HIGIENIZAÇÃO DE RESERVATÓRIO DE ÁGUA POTÁVEL.;6900.0;2026-08-18;2026-08-18;2026-09-17;2026-08-20T15:31:08;nao_classificado;indefinido;2026-08-24T23:15:04+00:00
46377800000127-2-005678/2026;00128;2026;46377800000127;SAO PAULO SECRETARIA DA SEGURANCA PUBLICA;3524808;07748837000162;METROHM BRASIL INSTRUMENTACAO ANALITICA LTDA;AQUISIÇÃO DE 02 (DOIS) RAMAN PORTÁTEIS;472000.0;2026-08-20;2026-08-20;2027-01-27;2026-08-20T15:30:04;nao_classificado;indefinido;2026-08-24T23:15:04+00:00
46377800000127-2-005677/2026;2026NE000645;2026;46377800000127;SAO PAULO SECRETARIA DA SEGURANCA PUBLICA;3524808;16652113000101;VERA CRUZ DEDETIZADORA E MANEJO DE PRAGAS AMBIENTAIS LTDA;SERVIÇO DE DEDETIZAÇÃO E CONTROLE DE PRAGAS PARA O 18º BPM/M.;7200.0;2026-08-18;2026-08-18;2026-09-17;2026-08-20T15:20:19;nao_classificado;indefinido;2026-08-24T23:15:04+00:00
45138070000149-2-000913/2026;6318;2026;45138070000149;MUNICIPIO DE SANTA FE DO SUL;3546603;31643047000105;EDERSON DE OLIVEIRA TOPAN;"Processo SEI nº 3546603.437.00001346/2026-10;
Aquisição de itens do gênero alimentício para realização de campanha de multivacinação.";104.0;2026-08-20;2026-08-20;2026-08-20;2026-08-20T14:49:54;generos_alimenticios;produto;2026-08-24T19:23:58+00:00
46377800000127-2-005676/2026;2026NE000370;2026;46377800000127;SAO PAULO SECRETARIA DA SEGURANCA PUBLICA;3524808;46062761000179;46.062.761 MARIA EDUARDA DA SILVA PEREIRA LOPES;AQUISIÇÃO DE LÂMPADAS;1170.0;2026-07-31;2026-07-31;2026-08-31;2026-08-20T14:42:34;nao_classificado;indefinido;2026-08-24T23:15:04+00:00
46377800000127-2-005675/2026;2026NE000369;2026;46377800000127;SAO PAULO SECRETARIA DA SEGURANCA PUBLICA;3524808;55029690000101;BONATO COMERCIAL LTDA;AQUISIÇÃO DE LÂMPADAS;616.0;2026-07-31;2026-07-31;2026-08-31;2026-08-20T14:36:11;nao_classificado;indefinido;2026-08-24T23:15:04+00:00
46377800000127-2-005674/2026;2026NE000388;2026;46377800000127;SAO PAULO SECRETARIA DA SEGURANCA PUBLICA;3524808;62593932000142;PI SOLUCOES E COMERCIO LTDA;AQUISIÇÃO DE MATERIAIS DE CONSUMO DIVERSOS - ITEM 4 (FONE DE OUVIDO);3715.95;2026-08-14;2026-08-14;2026-08-20;2026-08-20T14:05:17;nao_classificado;indefinido;2026-08-24T23:15:04+00:00
46377800000127-2-005673/2026;00068;2026;46377800000127;SAO PAULO SECRETARIA DA SEGURANCA PUBLICA;3524808;57063602000105;CONSTRUTORA NORTE & ACO LTDA;SERVIÇOS DE CONSERVAÇÃO PREDIAL PARA READEQUAÇÃO DO ESPAÇO DO SALÃO NOBRE E SALA DO CHEFE UGE DO CPI-8 (PRESIDENTE PRUDENTE/SP).;70000.0;2026-08-18;2026-08-18;2026-11-06;2026-08-20T11:15:15;nao_classificado;indefinido;2026-08-24T23:15:04+00:00
46377800000127-2-005672/2026;2026NE000403;2026;46377800000127;SAO PAULO SECRETARIA DA SEGURANCA PUBLICA;3524808;51560262000141;TERRA NOVA BEBIDAS LTDA;ÁGUA MINERAL COM GÁS E SEM GÁS.;12906.0;2026-08-17;2026-08-17;2026-09-17;2026-08-20T09:51:36;nao_classificado;indefinido;2026-08-24T23:15:04+00:00
46377800000127-2-005671/2026;2026NE000402;2026;46377800000127;SAO PAULO SECRETARIA DA SEGURANCA PUBLICA;3524808;22532793000122;CASA PARANA COMERCIO E SERVICOS LTDA;ÁGUA MINERAL SEM GÁS, GARRAFAO.;305.0;2026-08-17;2026-08-17;2026-09-17;2026-08-20T09:46:52;nao_classificado;indefinido;2026-08-24T23:15:04+00:00
45138070000149-2-000912/2026;6302;2026;45138070000149;MUNICIPIO DE SANTA FE DO SUL;3546603;21660059000186;DANILO PAZINE AUGUSTO MARQUES - ME;"Aquisição de 355Kg de pão francês para atendimento do CAPS, Residência Terapêutica e motoristas das ambulâncias, de acordo com processo SEI nº 3546603.437.00001443/2026-02.
Os produtos deverão ser entregues no Centro de Atendimento Psicossocial – CAPS - Endereço: Rua 14, nº 1103 – Centro, Santa Fé do Sul, Estado de São Paulo, CEP nº 15.775-021.";5825.55;2026-08-19;2026-08-19;2026-08-19;2026-08-20T09:43:07;panificacao;produto;2026-08-24T19:23:58+00:00
45138070000149-2-000910/2026;6306;2026;45138070000149;MUNICIPIO DE SANTA FE DO SUL;3546603;45017955000190;ALEX SANDRO DA SILVA PRODUTOS E SERVICOS LTDA;Compra de sistema eletromagnético para afastamento de pombos, conforme processo Sei nº 3546603.437.00001385/2026-17.;48629.6;2026-08-19;2026-08-19;2026-08-19;2026-08-20T09:43:06;nao_classificado;indefinido;2026-08-24T19:23:58+00:00
45138070000149-2-000911/2026;6307;2026;45138070000149;MUNICIPIO DE SANTA FE DO SUL;3546603;44921024000159;44.921.024 JOSE ROBERTO FARIA;"Contratação de serviços de manutenção e revitalização da quadra poliesportiva da Quadra Poliesportiva – Bairro Vila Mariana, conforme Processo SEI n° - 3546603.437.00001313/2026-61;";5000.0;2026-08-19;2026-08-19;2026-08-19;2026-08-20T09:43:06;nao_classificado;indefinido;2026-08-24T19:23:58+00:00
45138070000149-2-000908/2026;6301;2026;45138070000149;MUNICIPIO DE SANTA FE DO SUL;3546603;21660059000186;DANILO PAZINE AUGUSTO MARQUES - ME;"Processo SEI nº 3546603.437.00001415/2026-87
Aquisição de Pão Francês para Atendimento dos Serviços e Programas da Secretaria de Assistência Social.";656.4;2026-08-19;2026-08-19;2026-08-19;2026-08-20T09:43:05;panificacao;produto;2026-08-24T19:23:58+00:00
45138070000149-2-000909/2026;6303;2026;45138070000149;MUNICIPIO DE SANTA FE DO SUL;3546603;11184327000187;KAZUO MATERIAL PARA CONSTRUÇAO LTDA;Aquisição de materiais de Manutenção Elétrica para a revitalização da quadra poliesportiva – Bairro Vila Mariana, conforme o processo SEI n° 3546603.437.00001314/2026-14.;1265.0;2026-08-19;2026-08-19;2026-08-19;2026-08-20T09:43:05;nao_classificado;indefinido;2026-08-24T19:23:58+00:00
45138070000149-2-000905/2026;6298;2026;45138070000149;MUNICIPIO DE SANTA FE DO SUL;3546603;21660059000186;DANILO PAZINE AUGUSTO MARQUES - ME;"Processo SEI nº 3546603.437.00001415/2026-87
Aquisição de Pão Francês para Atendimento dos Serviços e Programas da Secretaria de Assistência Social.";656.4;2026-08-19;2026-08-19;2026-08-19;2026-08-20T09:43:01;panificacao;produto;2026-08-24T19:23:58+00:00
45138070000149-2-000906/2026;6299;2026;45138070000149;MUNICIPIO DE SANTA FE DO SUL;3546603;21660059000186;DANILO PAZINE AUGUSTO MARQUES - ME;"Processo SEI nº 3546603.437.00001415/2026-87
Aquisição de Pão Francês para Atendimento dos Serviços e Programas da Secretaria de Assistência Social.";492.3;2026-08-19;2026-08-19;2026-08-19;2026-08-20T09:43:01;panificacao;produto;2026-08-24T19:23:58+00:00
45138070000149-2-000907/2026;6300;2026;45138070000149;MUNICIPIO DE SANTA FE DO SUL;3546603;21660059000186;DANILO PAZINE AUGUSTO MARQUES - ME;"Processo SEI nº 3546603.437.00001415/2026-87
Aquisição de Pão Francês para Atendimento dos Serviços e Programas da Secretaria de Assistência Social.";984.6;2026-08-19;2026-08-19;2026-08-19;2026-08-20T09:43:01;panificacao;produto;2026-08-24T19:23:58+00:00
45138070000149-2-000903/2026;6296;2026;45138070000149;MUNICIPIO DE SANTA FE DO SUL;3546603;67736744000140;SULMATEL ELETRICA HIDRAULICA E CONSTRUCOES LTDA;Projeto de aquisição de materiais permanentes para a Casa da Mulher Paulista, conforme Processo SEI n° 3546603.437.00001345/2026-67, em cumprimento a Emenda Impositiva n°02/2025, do Vereador Wagner Lopes, e a Emenda Impositiva n º 08/2025, da Vereadora Patrícia Tsutsume.;247.99;2026-08-19;2026-08-19;2026-08-19;2026-08-20T09:43:00;nao_classificado;indefinido;2026-08-24T19:23:58+00:00
45138070000149-2-000904/2026;6297;2026;45138070000149;MUNICIPIO DE SANTA FE DO SUL;3546603;21660059000186;DANILO PAZINE AUGUSTO MARQUES - ME;"Processo SEI nº 3546603.437.00001415/2026-87
Aquisição de Pão Francês para Atendimento dos Serviços e Programas da Secretaria de Assistência Social.";492.3;2026-08-19;2026-08-19;2026-08-19;2026-08-20T09:43:00;panificacao;produto;2026-08-24T19:23:58+00:00
45138070000149-2-000901/2026;6294;2026;45138070000149;MUNICIPIO DE SANTA FE DO SUL;3546603;26925724000130;FERNANDO RODRIGO ARAUJO;Projeto de aquisição de materiais permanentes para a Casa da Mulher Paulista, conforme Processo SEI n° 3546603.437.00001345/2026-67, em cumprimento a Emenda Impositiva n°02/2025, do Vereador Wagner Lopes, e a Emenda Impositiva n º 08/2025, da Vereadora Patrícia Tsutsume.;6599.9;2026-08-19;2026-08-19;2026-08-19;2026-08-20T09:42:59;nao_classificado;indefinido;2026-08-24T19:23:58+00:00
45138070000149-2-000902/2026;6293;2026;45138070000149;MUNICIPIO DE SANTA FE DO SUL;3546603;26925724000130;FERNANDO RODRIGO ARAUJO;Projeto de aquisição de materiais permanentes para a Casa da Mulher Paulista, conforme Processo SEI n° 3546603.437.00001345/2026-67, em cumprimento a Emenda Impositiva n°02/2025, do Vereador Wagner Lopes, e a Emenda Impositiva n º 08/2025, da Vereadora Patrícia Tsutsume.;399.5;2026-08-19;2026-08-19;2026-08-19;2026-08-20T09:42:59;nao_classificado;indefinido;2026-08-24T19:23:58+00:00
45138070000149-2-000900/2026;6295;2026;45138070000149;MUNICIPIO DE SANTA FE DO SUL;3546603;26404731056817;ELETROZEMA S/A;Projeto de aquisição de materiais permanentes para a Casa da Mulher Paulista, conforme Processo SEI n° 3546603.437.00001345/2026-67, em cumprimento a Emenda Impositiva n°02/2025, do Vereador Wagner Lopes, e a Emenda Impositiva n º 08/2025, da Vereadora Patrícia Tsutsume.;2448.0;2026-08-19;2026-08-19;2026-08-19;2026-08-20T09:42:57;nao_classificado;indefinido;2026-08-24T19:23:58+00:00
46377800000127-2-005670/2026;2026NE001184;2026;46377800000127;SAO PAULO SECRETARIA DA SEGURANCA PUBLICA;3524808;00662315000102;PHABRICA DE PRODUCOES SERVICOS DE PROPAGANDA E PUBLICIDADE LTDA;SERVICO DE DIVULGACAO E PUBLICACAO DE EDITAL EM JORNAL;1600.0;2026-08-19;2026-08-20;2026-12-31;2026-08-20T09:38:28;nao_classificado;indefinido;2026-08-24T23:15:04+00:00
46377800000127-2-005669/2026;2026NE000083;2026;46377800000127;SAO PAULO SECRETARIA DA SEGURANCA PUBLICA;3524808;18393309000154;KALI PROPAGANDA E PUBLICIDADE LTDA;SERVIÇO DE DIVULGAÇÃO EM JORNAL DE GRANDE CIRCULAÇÃO.;138.0;2026-08-18;2026-08-18;2026-08-31;2026-08-20T09:32:35;nao_classificado;indefinido;2026-08-24T23:15:04+00:00
46377800000127-2-005668/2026;00007;2026;46377800000127;SAO PAULO SECRETARIA DA SEGURANCA PUBLICA;3524808;37609080000197;3 PONTOS COMERCIO E SERVICOS DE ARTEFATOS DE METAL LTDA;CONTRATAÇÃO DO SERVIÇO DE CONFECÇÃO DO CONJUNTO DE MEDALHA MÉRITO MILITAR.;25278.0;2026-08-19;2026-08-19;2026-10-18;2026-08-20T09:16:51;textil_uniforme;produto;2026-08-24T23:15:04+00:00
46377800000127-2-005667/2026;00061;2026;46377800000127;SAO PAULO SECRETARIA DA SEGURANCA PUBLICA;3524808;03961467000196;MULTI QUADROS E VIDROS LTDA;PRODUÇÃO E INSTALAÇÃO DE QUADRO DE AVISOS PARA O COPOM DO CPI5;3998.0;2026-08-19;2026-08-20;2026-09-20;2026-08-20T09:00:50;nao_classificado;indefinido;2026-08-24T23:15:04+00:00
46377800000127-2-005666/2026;00060;2026;46377800000127;SAO PAULO SECRETARIA DA SEGURANCA PUBLICA;3524808;45793198000146;F. G. OLIVEIRA PUBLICIDADE;SERVIÇO DE IDENTIDADE VISUAL DA SEDE DO 16º BPMI;25000.0;2026-08-19;2026-08-20;2026-09-20;2026-08-20T08:57:23;nao_classificado;indefinido;2026-08-24T23:15:04+00:00
46377800000127-2-005665/2026;2026NE002233;2026;46377800000127;SAO PAULO SECRETARIA DA SEGURANCA PUBLICA;3524808;10915136000185;L.C. PRUDENTE - COMERCIO DE GAS E AGUA LTDA;GÁS DE COZINHA - ARP;2508.0;2026-08-18;2026-08-18;2026-08-25;2026-08-20T08:45:40;nao_classificado;indefinido;2026-08-24T23:15:04+00:00
46377800000127-2-005664/2026;00020;2026;46377800000127;SAO PAULO SECRETARIA DA SEGURANCA PUBLICA;3524808;05934885001604;SODRE SL DIAGNOSTICOS E PESQUISAS LABORATORIAIS LTDA;AQUISIÇÃO DE COTAS PARA REALIZAÇÃO DE EXAMES TOXICOLÓGICOS;680.0;2026-08-18;2026-08-18;2027-05-27;2026-08-19T17:44:06;nao_classificado;indefinido;2026-08-24T23:15:04+00:00
46377800000127-2-005663/2026;00019;2026;46377800000127;SAO PAULO SECRETARIA DA SEGURANCA PUBLICA;3524808;15453449000930;RESGATECNICA COMERCIO DE EQUIPAMENTOS DE RESGATE LTDA;AQUISIÇÃO DE 342 UNIDADES DE MÁSCARA PARA COMBATE A INCÊNDIO FLORESTAL.;52326.0;2026-08-18;2026-08-18;2026-11-16;2026-08-19T17:37:59;nao_classificado;indefinido;2026-08-24T23:15:04+00:00
46377800000127-2-005662/2026;2026NE000829;2026;46377800000127;SAO PAULO SECRETARIA DA SEGURANCA PUBLICA;3524808;38413445000176;DRK COMERCIO E SERVICOS LTDA;ITEM 6- 10 MOCHILA DEDICADA;3696.7;2026-08-06;2026-08-06;2026-08-21;2026-08-19T17:34:11;nao_classificado;indefinido;2026-08-24T23:15:04+00:00
46377800000127-2-005661/2026;2026NE000828;2026;46377800000127;SAO PAULO SECRETARIA DA SEGURANCA PUBLICA;3524808;39757934000108;NEXT SOLUCOES INTEGRADAS LTDA;ITEM 5 - 70 BOLSA IFAK;9660.0;2026-08-06;2026-08-06;2026-08-21;2026-08-19T17:30:39;nao_classificado;indefinido;2026-08-24T23:15:04+00:00
46377800000127-2-005660/2026;2026NE000827;2026;46377800000127;SAO PAULO SECRETARIA DA SEGURANCA PUBLICA;3524808;61148037000156;ORTOPRATIKA INDUSTRIA E COMERCIO LTDA;"ITEM 07 - 100 MANTA ALUMINIZADA
ITEM 9 - 10 MANTA DE EXTRICAÇÃO";2589.9;2026-08-06;2026-08-06;2026-08-21;2026-08-19T17:26:38;nao_classificado;indefinido;2026-08-24T23:15:04+00:00
46377800000127-2-005659/2026;2026NE00185;2026;46377800000127;SAO PAULO SECRETARIA DA SEGURANCA PUBLICA;3524808;53415929000148;53.415.929 VILMA DE MATTOS CARNEIRO CORREA;Aquisição de material de consumo para abastecer o almoxarifado da Delegacia Seccional de Polícia de Itapeva e unidades policiais subordinadas.;9750.0;2026-07-24;2026-07-24;2026-08-24;2026-08-19T16:48:01;nao_classificado;indefinido;2026-08-24T23:15:04+00:00
46377800000127-2-005658/2026;2026NE00194;2026;46377800000127;SAO PAULO SECRETARIA DA SEGURANCA PUBLICA;3524808;05291541000130;TY BORTHOLIN COMERCIAL LTDA;Aquisição de material de consumo para abastecer o almoxarifado da Delegacia Seccional de Polícia de Itapeva e unidades policiais subordinadas.;295.0;2026-07-27;2026-07-27;2026-08-27;2026-08-19T16:38:24;nao_classificado;indefinido;2026-08-24T23:15:04+00:00
46377800000127-2-005657/2026;2026NE00177;2026;46377800000127;SAO PAULO SECRETARIA DA SEGURANCA PUBLICA;3524808;64834032000175;64.834.032 TALITA GARCIA NEVES;Aquisição de material de consumo para abastecer o almoxarifado da Delegacia Seccional de Polícia de Itapeva e unidades policiais subordinadas.;459.28;2026-07-24;2026-07-24;2026-08-24;2026-08-19T16:33:33;nao_classificado;indefinido;2026-08-24T23:15:04+00:00
45138070000149-2-000899/2026;6310;2026;45138070000149;MUNICIPIO DE SANTA FE DO SUL;3546603;50547348000171;IANELO & ROSSIGALLI LTDA-ME;"Aquisição de:
Risperidona 1mg/ml 30ml;
Cloridrato de metilfenidato;
Risperidona 1mg com 30 comprimidos;
Neozine 25mg com 20 comprimidos;
Oxibutina 5mg com 60 comprimidos;
Olanzapina 10mg caixa com 30 comprimidos;
Tantin 28 comprimidos;
Azitromicina 500 mg;
Cimegripe;
Ibuprofeno 400 mg;
Fralda Personalidade XXG;
para as crianças que residem na Casa Lar.
De Acordo com o processo SEI nº 3546603.437.00001447/2026-82.
Os medicamentos deverão ser entregues na Casa Lar, localizado na Rua 04, nº 544 – bairro: Centro, localizado na cidade de Santa Fé do Sul – São Paulo";1111.7;2026-08-19;2026-08-19;2026-08-19;2026-08-19T16:32:55;medicamentos;produto;2026-08-24T19:23:58+00:00
45138070000149-2-000898/2026;6309;2026;45138070000149;MUNICIPIO DE SANTA FE DO SUL;3546603;14654962000179;VANDERLEI A BUZON - ME;Compras de material para manutenção de portas de vidro das ESF (13 DE MAIO, VILA MARIANA, CENTRO III, CENTRO II) CAPS E CLINICA DA MULHER, Número do processo nº Sei: 3546603.437.00000670/2026-11;3200.0;2026-08-19;2026-08-19;2026-08-19;2026-08-19T16:32:31;nao_classificado;indefinido;2026-08-24T19:23:58+00:00
45138070000149-2-000897/2026;6308;2026;45138070000149;MUNICIPIO DE SANTA FE DO SUL;3546603;40398718000100;40.398.718 MARCUS WEBER GONCALES;Contratação de empresa para locação de equipamento de som para campeonato de futebol SUB 17, conforme o Processo SEI n°3546603.437.00001433/2026-69.;3750.0;2026-08-19;2026-08-19;2026-08-19;2026-08-19T16:32:00;nao_classificado;indefinido;2026-08-24T19:23:58+00:00
46377800000127-2-005656/2026;2026NE00181;2026;46377800000127;SAO PAULO SECRETARIA DA SEGURANCA PUBLICA;3524808;56385366000180;STAR MIX COMERCIO DE PAPELARIA E VARIEDADES LTDA;Aquisição de material de consumo para abastecer o almoxarifado da Delegacia Seccional de Polícia de Itapeva e unidades policiais subordinadas.;389.0;2026-07-24;2026-07-24;2026-08-24;2026-08-19T16:31:45;nao_classificado;indefinido;2026-08-24T23:15:04+00:00
45138070000149-2-000896/2026;6305;2026;45138070000149;MUNICIPIO DE SANTA FE DO SUL;3546603;27869725000177;BALDAN AR CONDICIONADO E REFRIGERACAO LTDA;"Serviço de manutenção do freezer da ESF Centro III, conforme Processo SEI n° 3546603.437.00001424/2026-78;";765.0;2026-08-19;2026-08-19;2026-08-19;2026-08-19T16:31:40;nao_classificado;indefinido;2026-08-24T19:23:58+00:00
45138070000149-2-000895/2026;6304;2026;45138070000149;MUNICIPIO DE SANTA FE DO SUL;3546603;56097095000168;WANDERLEYA P G CELES & CIA LTDA;Aquisição de óculos e lentes para o NAS - Decreto n°2798/10, conforme Processo SEI n°3546603.437.00001408/2026-85.;205.0;2026-08-19;2026-08-19;2026-08-19;2026-08-19T16:31:22;nao_classificado;indefinido;2026-08-24T19:23:58+00:00
46377800000127-2-005655/2026;2026NE00206;2026;46377800000127;SAO PAULO SECRETARIA DA SEGURANCA PUBLICA;3524808;54027667000107;ROBERTO LEMOS VAZ COMERCIO E SERVICOS;Aquisição de material de consumo para abastecer o almoxarifado da Delegacia Seccional de Polícia de Itapeva e unidades policiais subordinadas.;1953.0;2026-07-27;2026-07-27;2026-08-27;2026-08-19T16:28:47;nao_classificado;indefinido;2026-08-24T23:15:04+00:00
46377800000127-2-005654/2026;2026NE00209;2026;46377800000127;SAO PAULO SECRETARIA DA SEGURANCA PUBLICA;3524808;52386933000162;REFINAR EMPRESARIAL ASSESSORIA EM CONTROLES ADMINISTRATIVOS LTDA;Aquisição de material de consumo para abastecer o almoxarifado da Delegacia Seccional de Polícia de Itapeva e unidades policiais subordinadas.;974.4;2026-07-27;2026-07-27;2026-08-27;2026-08-19T16:24:40;nao_classificado;indefinido;2026-08-24T23:15:04+00:00
46377800000127-2-005653/2026;2026NE000826;2026;46377800000127;SAO PAULO SECRETARIA DA SEGURANCA PUBLICA;3524808;37954697000140;TYR MEDICAL LTDA;"ITEM 2 - 110 - BANDAGEM ISRAELENSE
ITEM 3 - GAZE C/ AGENTE HEMOSTÁTICO, 
 ITEM 4 - 110 - CURATIVO SELO TÓRAXITEM
 8 - TESOURA   
 A DE RESGATE";80753.0;2026-08-06;2026-08-06;2026-08-21;2026-08-19T16:21:27;material_medico_hospitalar;produto;2026-08-24T23:15:04+00:00
46377800000127-2-005652/2026;2026NE00175;2026;46377800000127;SAO PAULO SECRETARIA DA SEGURANCA PUBLICA;3524808;08822824000159;RD PAPEIS & EPI LTDA;Aquisição de material de consumo para abastecer o almoxarifado da Delegacia Seccional de Polícia de Itapeva e unidades policiais subordinadas.;45345.0;2026-07-24;2026-07-24;2026-08-24;2026-08-19T16:20:50;nao_classificado;indefinido;2026-08-24T23:15:04+00:00
46377800000127-2-005651/2026;2026NE000867;2026;46377800000127;SAO PAULO SECRETARIA DA SEGURANCA PUBLICA;3524808;61711541000112;TURI CAR CENTRO AUTOMOTIVO LTDA;CONTRATAÇÃO DO SERVIÇO DE MANUTENÇÃO DE VIATURAS NÃO CONTEMPLADAS POR ARP PERTENCENTES A SUBFROTA DO CPA/M-6;18000.0;2026-08-13;2026-08-13;2026-09-14;2026-08-19T16:19:51;nao_classificado;indefinido;2026-08-24T23:15:04+00:00
46377800000127-2-005650/2026;2026NE00176;2026;46377800000127;SAO PAULO SECRETARIA DA SEGURANCA PUBLICA;3524808;08822824000159;RD PAPEIS & EPI LTDA;Aquisição de material de consumo para abastecer o almoxarifado da Delegacia Seccional de Polícia de Itapeva e unidades policiais subordinadas.;4176.0;2026-07-24;2026-07-24;2026-08-24;2026-08-19T16:18:57;nao_classificado;indefinido;2026-08-24T23:15:04+00:00
46377800000127-2-005649/2026;00124;2026;46377800000127;SAO PAULO SECRETARIA DA SEGURANCA PUBLICA;3524808;10658360000139;ATENAS ELEVADORES LTDA;MANUTENÇÃO PREVENTIVA E CORRETIVA EM UM ELEVADOR DE PESSOAS NPC/NPML BAURU;17400.0;2026-08-02;2026-08-07;2029-02-06;2026-08-19T16:18:46;nao_classificado;indefinido;2026-08-24T23:15:04+00:00
46377800000127-2-005648/2026;2026NE00200;2026;46377800000127;SAO PAULO SECRETARIA DA SEGURANCA PUBLICA;3524808;56921200000131;PRISCILA DE CAMPOS PRODUTOS E EMBALAGENS;Aquisição de material de consumo para abastecer o almoxarifado da Delegacia Seccional de Polícia de Itapeva e unidades policiais subordinadas.;4172.85;2026-07-27;2026-07-27;2026-08-27;2026-08-19T16:16:44;nao_classificado;indefinido;2026-08-24T23:15:04+00:00
46377800000127-2-005647/2026;2026NE000889;2026;46377800000127;SAO PAULO SECRETARIA DA SEGURANCA PUBLICA;3524808;29418316000180;ADINP DISTRIBUIDORA DE DIARIOS OFICIAIS LTDA M/E;06 (SEIS) PUBLICAÇÕES ME JORNAL DE GRANDE CIRCULAÇÃO;560.58;2026-08-17;2026-08-17;2026-08-17;2026-08-19T16:15:36;nao_classificado;indefinido;2026-08-24T23:15:04+00:00
46377800000127-2-005646/2026;2026NE00207;2026;46377800000127;SAO PAULO SECRETARIA DA SEGURANCA PUBLICA;3524808;09138326000154;PABLO LUIS MARTINS;Aquisição de material de consumo para abastecer o almoxarifado da Delegacia Seccional de Polícia de Itapeva e unidades policiais subordinadas.;1650.0;2026-07-27;2026-07-27;2026-08-27;2026-08-19T16:14:52;nao_classificado;indefinido;2026-08-24T23:15:04+00:00
46377800000127-2-005645/2026;2026NE00190;2026;46377800000127;SAO PAULO SECRETARIA DA SEGURANCA PUBLICA;3524808;61626778000103;NUTRIR CONSULTORIA EM NUTRICAO LTDA;Aquisição de material de consumo para abastecer o almoxarifado da Delegacia Seccional de Polícia de Itapeva e unidades policiais subordinadas.;3135.0;2026-07-27;2026-07-27;2026-08-27;2026-08-19T16:11:54;nao_classificado;indefinido;2026-08-24T23:15:04+00:00
46377800000127-2-005644/2026;00004;2026;46377800000127;SAO PAULO SECRETARIA DA SEGURANCA PUBLICA;3524808;00946478000109;COPIMAQ LOCACOES LTDA;CONTRATAÇÃO DE EMPRESA ESPECIALIZADA NA PRESTAÇÃO DE SERVIÇOS DE IMPRESSÃO CORPORATIVA POR MEIO DE OUTSOURCING, INCLUINDO A CESSÃO DO DIREITO DE USO DE EQUIPAMENTOS, BEM COMO SERVIÇOS DE MANUTENÇÃO PREVENTIVA E CORRETIVA, COM FORNECIMENTO DE PEÇAS E SUPRIMENTOS NECESSÁRIOS (EXCETO PAPEL);61350.0;2026-08-19;2026-08-31;2029-02-28;2026-08-19T16:11:09;nao_classificado;indefinido;2026-08-24T23:15:04+00:00
46377800000127-2-005643/2026;2026NE000825;2026;46377800000127;SAO PAULO SECRETARIA DA SEGURANCA PUBLICA;3524808;08651657000120;ALL SOLUTIONS MEDICAL - PRODUTOS MEDICOS HOSPITALARES LTDA;AQUISIÇÃO DE GAZE SEM AGENTE  HEMOSTÁTICA;3300.0;2026-08-06;2026-08-06;2026-08-21;2026-08-19T16:11:08;material_medico_hospitalar;produto;2026-08-24T23:15:04+00:00
46377800000127-2-005642/2026;2026NE00210;2026;46377800000127;SAO PAULO SECRETARIA DA SEGURANCA PUBLICA;3524808;46888037000107;NUCCI & HOMSI CONSULTORIA E NEGOCIOS LTDA;Aquisição de material de consumo para abastecer o almoxarifado da Delegacia Seccional de Polícia de Itapeva e unidades policiais subordinadas.;1633.2;2026-07-27;2026-07-27;2026-08-27;2026-08-19T16:07:15;nao_classificado;indefinido;2026-08-24T23:15:04+00:00
46377800000127-2-005641/2026;2026NE00199;2026;46377800000127;SAO PAULO SECRETARIA DA SEGURANCA PUBLICA;3524808;12811487000171;MULTISUL COMERCIO E DISTRIBUICAO LTDA;Aquisição de material de consumo para abastecer o almoxarifado da Delegacia Seccional de Polícia de Itapeva e unidades policiais subordinadas.;354.0;2026-07-27;2026-07-27;2026-08-27;2026-08-19T16:01:16;nao_classificado;indefinido;2026-08-24T23:15:04+00:00
46377800000127-2-005640/2026;2026NE00180;2026;46377800000127;SAO PAULO SECRETARIA DA SEGURANCA PUBLICA;3524808;67440461000156;MEGAPEL COMERCIAL LTDA;Aquisição de material de consumo para abastecer o almoxarifado da Delegacia Seccional de Polícia de Itapeva e unidades policiais subordinadas.;2509.2;2026-07-24;2026-07-24;2026-08-24;2026-08-19T15:55:06;nao_classificado;indefinido;2026-08-24T23:15:04+00:00
46377800000127-2-005639/2026;2026NE000904;2026;46377800000127;SAO PAULO SECRETARIA DA SEGURANCA PUBLICA;3524808;39371405000171;ARNE ENGENHARIA LTDA;MANUTENÇÃO DA FT DO 6º BPMM;112000.0;2026-08-19;2026-09-03;2026-12-02;2026-08-19T15:54:55;nao_classificado;indefinido;2026-08-24T23:15:04+00:00
46377800000127-2-005638/2026;2026NE00179;2026;46377800000127;SAO PAULO SECRETARIA DA SEGURANCA PUBLICA;3524808;39700820000121;MBEM COMERCIO E DISTRIBUICAO DE MATERIAIS ESCOLARES LTDA;Aquisição de material de consumo para abastecer o almoxarifado da Delegacia Seccional de Polícia de Itapeva e unidades policiais subordinadas.;864.0;2026-07-24;2026-07-24;2026-08-24;2026-08-19T15:51:32;nao_classificado;indefinido;2026-08-24T23:15:04+00:00
46377800000127-2-005637/2026;2026NE00195;2026;46377800000127;SAO PAULO SECRETARIA DA SEGURANCA PUBLICA;3524808;46636768000157;MAED COMERCIO E SERVICOS ADMINISTRATIVOS LTDA;Aquisição de material de consumo para abastecer o almoxarifado da Delegacia Seccional de Polícia de Itapeva e unidades policiais subordinadas.;2445.0;2026-07-27;2026-07-27;2026-08-27;2026-08-19T15:48:17;nao_classificado;indefinido;2026-08-24T23:15:04+00:00
46377800000127-2-005636/2026;2026NE000407;2026;46377800000127;SAO PAULO SECRETARIA DA SEGURANCA PUBLICA;3524808;03649725000101;SUPERMERCADO MORADA DO SOL LTDA;SUCO DE UVA INTEGRAL, SUCO DE LARANJA INTEGRAL E REQUEIJÃO.;10210.0;2026-08-17;2026-08-17;2026-09-17;2026-08-19T15:44:57;laticinios;produto;2026-08-24T23:15:04+00:00
46377800000127-2-005635/2026;2026NE00183;2026;46377800000127;SAO PAULO SECRETARIA DA SEGURANCA PUBLICA;3524808;57167758000136;57.167.758 LUCAS MILANI MENDONCA;Aquisição de material de consumo para abastecer o almoxarifado da Delegacia Seccional de Polícia de Itapeva e unidades policiais subordinadas.;579.0;2026-07-24;2026-07-24;2026-08-24;2026-08-19T15:43:53;nao_classificado;indefinido;2026-08-24T23:15:04+00:00
46377800000127-2-005634/2026;2026NE000406;2026;46377800000127;SAO PAULO SECRETARIA DA SEGURANCA PUBLICA;3524808;22077561000121;MR ALIMENTOS SAUDAVEIS LTDA;CHOCOLATE EM PÓ, BISCOITOS E TORRADAS.;13613.8;2026-08-17;2026-08-17;2026-09-17;2026-08-19T15:39:26;panificacao;produto;2026-08-24T23:15:04+00:00
46377800000127-2-005633/2026;2026NE00184;2026;46377800000127;SAO PAULO SECRETARIA DA SEGURANCA PUBLICA;3524808;50958011000157;LICITA SHOP COMERCIO E SERVICOS LTDA;Aquisição de material de consumo para abastecer o almoxarifado da Delegacia Seccional de Polícia de Itapeva e unidades policiais subordinadas.;423.1;2026-07-24;2026-07-24;2026-08-24;2026-08-19T15:38:25;nao_classificado;indefinido;2026-08-24T23:15:04+00:00
46377800000127-2-005632/2026;2026NE00174;2026;46377800000127;SAO PAULO SECRETARIA DA SEGURANCA PUBLICA;3524808;64490977000117;64.490.977 LEONARDO DE OLIVEIRA COELHO;Aquisição de material de consumo para abastecer o almoxarifado da Delegacia Seccional de Polícia de Itapeva e unidades policiais subordinadas.;1048.0;2026-07-24;2026-07-24;2026-08-24;2026-08-19T15:23:51;nao_classificado;indefinido;2026-08-24T23:15:04+00:00
46377800000127-2-005631/2026;2026NE000405;2026;46377800000127;SAO PAULO SECRETARIA DA SEGURANCA PUBLICA;3524808;59779269000160;DISTRILEST DISTRIBUIDORA LTDA;AÇÚCAR, BISCOITOS E MANTEIGA.;23783.5;2026-08-17;2026-08-17;2026-09-17;2026-08-19T15:22:47;laticinios;produto;2026-08-24T23:15:04+00:00
46377800000127-2-005630/2026;2026NE00217;2026;46377800000127;SAO PAULO SECRETARIA DA SEGURANCA PUBLICA;3524808;43608649000100;LDNTECH AUTOMACAO COMERCIAL E TECNOLOGIA LTDA;Aquisição de material de consumo para abastecer o almoxarifado da Delegacia Seccional de Polícia de Itapeva e unidades policiais subordinadas.;3300.0;2026-07-30;2026-07-30;2026-08-30;2026-08-19T15:20:14;nao_classificado;indefinido;2026-08-24T23:15:04+00:00
46377800000127-2-005629/2026;226NE00186;2026;46377800000127;SAO PAULO SECRETARIA DA SEGURANCA PUBLICA;3524808;64873775000154;KRIM CENTER ATACADISTA LTDA;Aquisição de material de consumo para abastecer o almoxarifado da Delegacia Seccional de Polícia de Itapeva e unidades policiais subordinadas.;1157.4;2026-07-27;2026-07-27;2026-08-27;2026-08-19T15:17:26;nao_classificado;indefinido;2026-08-24T23:15:04+00:00
46377800000127-2-005628/2026;2026NE000404;2026;46377800000127;SAO PAULO SECRETARIA DA SEGURANCA PUBLICA;3524808;49670223000155;CAFE FRAGA LTDA;CAFÉ ESPECIAL GOURMET.;21000.0;2026-08-17;2026-08-17;2026-09-17;2026-08-19T15:15:14;generos_alimenticios;produto;2026-08-24T23:15:04+00:00
45138070000149-2-000894/2026;75;2026;45138070000149;MUNICIPIO DE SANTA FE DO SUL;3546603;36007976000133;VAGNER CARLOS DOS SANTOS 22053641894;Contratação de empresa especializada para prestação de serviços de orientação e monitoria para atendimento nas Escolinhas de Esportes, modalidades de futsal e voleibol, pelo período de 12 (doze) meses.;18000.0;2026-08-14;2026-08-14;2027-08-13;2026-08-19T15:13:17;nao_classificado;indefinido;2026-08-24T19:23:58+00:00
46377800000127-2-005627/2026;2026NE00189;2026;46377800000127;SAO PAULO SECRETARIA DA SEGURANCA PUBLICA;3524808;64873775000154;KRIM CENTER ATACADISTA LTDA;Aquisição de material de consumo para abastecer o almoxarifado da Delegacia Seccional de Polícia de Itapeva e unidades policiais subordinadas.;342.0;2026-07-27;2026-07-27;2026-08-27;2026-08-19T15:13:00;nao_classificado;indefinido;2026-08-24T23:15:04+00:00
46377800000127-2-005626/2026;2026NE00188;2026;46377800000127;SAO PAULO SECRETARIA DA SEGURANCA PUBLICA;3524808;64873775000154;KRIM CENTER ATACADISTA LTDA;Aquisição de material de consumo para abastecer o almoxarifado da Delegacia Seccional de Polícia de Itapeva e unidades policiais subordinadas.;1095.0;2026-07-27;2026-07-27;2026-08-27;2026-08-19T15:10:50;nao_classificado;indefinido;2026-08-24T23:15:04+00:00
46377800000127-2-005625/2026;2026NE0187;2026;46377800000127;SAO PAULO SECRETARIA DA SEGURANCA PUBLICA;3524808;64873775000154;KRIM CENTER ATACADISTA LTDA;Aquisição de material de consumo para abastecer o almoxarifado da Delegacia Seccional de Polícia de Itapeva e unidades policiais subordinadas.;7137.9;2026-07-27;2026-07-27;2026-08-27;2026-08-19T15:07:12;nao_classificado;indefinido;2026-08-24T23:15:04+00:00
46377800000127-2-005624/2026;2026NE00211;2026;46377800000127;SAO PAULO SECRETARIA DA SEGURANCA PUBLICA;3524808;39934009000105;KIAI COMERCIAL - SOCIEDADE UNIPESSOAL LTDA;Aquisição de material de consumo para abastecer o almoxarifado da Delegacia Seccional de Polícia de Itapeva e unidades policiais subordinadas.;1366.0;2026-07-27;2026-07-27;2026-08-27;2026-08-19T15:03:10;nao_classificado;indefinido;2026-08-24T23:15:04+00:00
46377800000127-2-005623/2026;00022;2026;46377800000127;SAO PAULO SECRETARIA DA SEGURANCA PUBLICA;3524808;33402892000106;ASSOCIACAO BRASILEIRA DE NORMAS TECNICAS ABNT;AQUISIÇÃO DE LICENÇAS DE ACESSO AO BANCO DAS NORMAS ABNT;12000.0;2026-06-17;2026-06-17;2029-08-31;2026-08-19T15:02:58;nao_classificado;indefinido;2026-08-24T23:15:04+00:00
46377800000127-2-005622/2026;2026NE00203;2026;46377800000127;SAO PAULO SECRETARIA DA SEGURANCA PUBLICA;3524808;50378977000115;JLG COMERCIAL LTDA;Aquisição de material de consumo para abastecer o almoxarifado da Delegacia Seccional de Polícia de Itapeva e unidades policiais subordinadas.;1351.35;2026-07-27;2026-07-27;2026-08-27;2026-08-19T14:59:25;nao_classificado;indefinido;2026-08-24T23:15:04+00:00
46377800000127-2-005621/2026;2026NE00193;2026;46377800000127;SAO PAULO SECRETARIA DA SEGURANCA PUBLICA;3524808;45708590000140;JETA LICITACOES LTDA;Aquisição de material de consumo para abastecer o almoxarifado da Delegacia Seccional de Polícia de Itapeva e unidades policiais subordinadas.;98.0;2026-07-27;2026-07-27;2026-08-27;2026-08-19T14:56:09;nao_classificado;indefinido;2026-08-24T23:15:04+00:00
46377800000127-2-005620/2026;2026NE000474;2026;46377800000127;SAO PAULO SECRETARIA DA SEGURANCA PUBLICA;3524808;55422477000157;NEXUS EQUIPAMENTOS LTDA;AQUISIÇÃO DE MATERIAIS DIVERSOS.;3015.0;2026-08-19;2026-08-19;2026-09-19;2026-08-19T14:55:47;nao_classificado;indefinido;2026-08-24T23:15:04+00:00
46377800000127-2-005619/2026;2026NE00173;2026;46377800000127;SAO PAULO SECRETARIA DA SEGURANCA PUBLICA;3524808;48560136000182;JET COMERCIO SOLUCOES INTEGRADAS LTDA.;Aquisição de material de consumo para abastecer o almoxarifado da Delegacia Seccional de Polícia de Itapeva e unidades policiais subordinadas.;385.76;2026-07-24;2026-07-24;2026-08-24;2026-08-19T14:53:02;nao_classificado;indefinido;2026-08-24T23:15:04+00:00
46377800000127-2-005618/2026;2026NE00202;2026;46377800000127;SAO PAULO SECRETARIA DA SEGURANCA PUBLICA;3524808;52647847000166;DONADI COMERCIO E REPRESENTACAO LTDA;Aquisição de material de consumo para abastecer o almoxarifado da Delegacia Seccional de Polícia de Itapeva e unidades policiais subordinadas.;171.0;2026-07-27;2026-07-27;2026-08-27;2026-08-19T14:49:33;nao_classificado;indefinido;2026-08-24T23:15:04+00:00
46377800000127-2-005617/2026;2026NE00178;2026;46377800000127;SAO PAULO SECRETARIA DA SEGURANCA PUBLICA;3524808;30866576000288;DM COMERCIAL IMPORTADORA E EXPORTADORA DE ARTIGOS DE ILUMINACAO LTDA;Aquisição de material de consumo para abastecer o almoxarifado da Delegacia Seccional de Polícia de Itapeva e unidades policiais subordinadas.;409.5;2026-07-24;2026-07-24;2026-08-24;2026-08-19T14:47:13;nao_classificado;indefinido;2026-08-24T23:15:04+00:00
46377800000127-2-005616/2026;2026NE00192;2026;46377800000127;SAO PAULO SECRETARIA DA SEGURANCA PUBLICA;3524808;49709450000147;DALO EMPREENDIMENTOS LTDA;Aquisição de material de consumo para abastecer o almoxarifado da Delegacia Seccional de Polícia de Itapeva e unidades policiais subordinadas.;1380.0;2026-07-27;2026-07-27;2026-08-27;2026-08-19T14:42:37;nao_classificado;indefinido;2026-08-24T23:15:04+00:00
46377800000127-2-005615/2026;2026NE000340;2026;46377800000127;SAO PAULO SECRETARIA DA SEGURANCA PUBLICA;3524808;45388474000190;AGHA ATACADO LTDA;AQUISIÇÃO DE MATERIAIS DE CONSUMO DIVERSOS - ITENS 18 E 19 (DISPENSER PARA COPOS DESCARTÁVEIS);2518.8;2026-07-28;2026-07-28;2026-08-11;2026-08-19T14:42:02;copa_cozinha;produto;2026-08-24T23:15:04+00:00
46377800000127-2-005614/2026;00011;2026;46377800000127;SAO PAULO SECRETARIA DA SEGURANCA PUBLICA;3524808;29259075000173;LIGA HOSPITALAR LTDA;AQUISIÇÃO DE REFRIGERADOR CIENTÍFICO”- PROCESSO ATRELADO AO CONVÊNIO FUNDESP – TERMO 2024;80700.0;2026-06-17;2026-06-17;2026-11-29;2026-08-19T14:41:43;nao_classificado;indefinido;2026-08-24T23:15:04+00:00
46377800000127-2-005613/2026;2026NE00216;2026;46377800000127;SAO PAULO SECRETARIA DA SEGURANCA PUBLICA;3524808;49417394000177;CONECTA ESTRATEGIAS E NEGOCIOS LTDA;Aquisição de material de consumo para abastecer o almoxarifado da Delegacia Seccional de Polícia de Itapeva e unidades policiais subordinadas.;10150.0;2026-07-30;2026-07-30;2026-08-30;2026-08-19T14:39:23;nao_classificado;indefinido;2026-08-24T23:15:04+00:00
46377800000127-2-005612/2026;2026NE00215;2026;46377800000127;SAO PAULO SECRETARIA DA SEGURANCA PUBLICA;3524808;49417394000177;CONECTA ESTRATEGIAS E NEGOCIOS LTDA;Aquisição de material de consumo para abastecer o almoxarifado da Delegacia Seccional de Polícia de Itapeva e unidades policiais subordinadas.;23807.4;2026-07-30;2026-07-30;2026-08-30;2026-08-19T14:36:57;nao_classificado;indefinido;2026-08-24T23:15:04+00:00
46377800000127-2-005611/2026;00003;2026;46377800000127;SAO PAULO SECRETARIA DA SEGURANCA PUBLICA;3524808;09609855000199;CENTRO AUTOMOTIVO RODRIGUES PONCE LTDA;SERVIÇO DE MANUTENÇÃO CORRETIVA EM 17 VIATURAS POLICIAIS, PERTENCENTES A FROTA DA DELEGACIA SECCIONAL DE POLICIA DE BOTUCATU.;129760.0;2026-08-17;2026-08-17;2026-11-16;2026-08-19T14:36:42;nao_classificado;indefinido;2026-08-24T23:15:04+00:00
46377800000127-2-005610/2026;2026NE00191;2026;46377800000127;SAO PAULO SECRETARIA DA SEGURANCA PUBLICA;3524808;00008089000132;COMPOSE TECIDOS LTDA;Aquisição de material de consumo para abastecer o almoxarifado da Delegacia Seccional de Polícia de Itapeva e unidades policiais subordinadas.;920.0;2026-07-27;2026-07-27;2026-08-27;2026-08-19T14:35:04;nao_classificado;indefinido;2026-08-24T23:15:04+00:00
46377800000127-2-005609/2026;2026NE000342;2026;46377800000127;SAO PAULO SECRETARIA DA SEGURANCA PUBLICA;3524808;62547527000198;REED7 COMERCIAL LTDA;AQUISIÇÃO DE MATERIAIS DE CONSUMO DIVERSOS - ITENS 23, 24 E 25 (BANDEIRAS);14640.87;2026-07-28;2026-07-28;2026-08-14;2026-08-19T14:30:07;nao_classificado;indefinido;2026-08-24T23:15:04+00:00
46377800000127-2-005608/2026;00108;2026;46377800000127;SAO PAULO SECRETARIA DA SEGURANCA PUBLICA;3524808;00573897000142;HIGHTEC INSTRUMENTACAO ANALITICA LTDA;SERVIÇOS DE DESINSTALAÇÃO, TRANSPORTE, INSTALAÇÃO E MANUTENÇÃO DE CROMATÓGRAFOS GASOSOS ACOPLADOS A ESPECTRÔMETRO DE MASSA (CG/MS);390959.0;2026-07-13;2026-07-13;2026-09-26;2026-08-19T14:28:28;nao_classificado;indefinido;2026-08-24T23:15:04+00:00
46377800000127-2-005607/2026;2026NE00182;2026;46377800000127;SAO PAULO SECRETARIA DA SEGURANCA PUBLICA;3524808;35000103000136;CALTI COMERCIO E SERVICOS LTDA;Aquisição de material de consumo para abastecer o almoxarifado da Delegacia Seccional de Polícia de Itapeva e unidades policiais subordinadas.;4800.0;2026-07-24;2026-07-24;2026-08-24;2026-08-19T14:20:33;nao_classificado;indefinido;2026-08-24T23:15:04+00:00
46377800000127-2-005606/2026;2026NE000352;2026;46377800000127;SAO PAULO SECRETARIA DA SEGURANCA PUBLICA;3524808;47821089000110;LICITATECH COMERCIO LTDA;AQUISIÇÃO DE MATERIAIS DE INFORMÁTICA - ITEM 9 (MOUSE USB);1388.16;2026-07-30;2026-07-30;2026-08-13;2026-08-19T14:19:59;nao_classificado;indefinido;2026-08-24T23:15:04+00:00
46377800000127-2-005605/2026;2026NE00172;2026;46377800000127;SAO PAULO SECRETARIA DA SEGURANCA PUBLICA;3524808;49670223000155;CAFE FRAGA LTDA;Aquisição de material de consumo para abastecer o almoxarifado da Delegacia Seccional de Polícia de Itapeva e unidades policiais subordinadas.;2952.6;2026-07-24;2026-07-24;2026-08-24;2026-08-19T14:14:33;nao_classificado;indefinido;2026-08-24T23:15:04+00:00
46377800000127-2-005604/2026;00115;2026;46377800000127;SAO PAULO SECRETARIA DA SEGURANCA PUBLICA;3524808;36399751000170;DCS DISTRIBUIDORA DE CORRELATOS E SANEANTES LTDA;AQUISIÇÃO DE LUVAS DE LIMPEZA E NITRÍLICA;82600.14;2026-07-06;2026-07-06;2027-07-06;2026-08-19T14:10:29;nao_classificado;indefinido;2026-08-24T23:15:04+00:00
46377800000127-2-005603/2026;2026NE00204;2026;46377800000127;SAO PAULO SECRETARIA DA SEGURANCA PUBLICA;3524808;30611004000177;AZ IMPORTACAO E DISTRIBUICAO LTDA;Aquisição de material de consumo para abastecer o almoxarifado da Delegacia Seccional de Polícia de Itapeva e unidades policiais subordinadas.;2127.2;2026-07-27;2026-07-27;2026-08-27;2026-08-19T14:08:56;nao_classificado;indefinido;2026-08-24T23:15:04+00:00
46377800000127-2-005602/2026;2026NE00205;2026;46377800000127;SAO PAULO SECRETARIA DA SEGURANCA PUBLICA;3524808;49299108000116;APEX ELEVARE COMERCIAL LTDA;Aquisição de material de consumo para abastecer o almoxarifado da Delegacia Seccional de Polícia de Itapeva e unidades policiais subordinadas.;308.8;2026-07-27;2026-07-27;2026-08-27;2026-08-19T14:04:49;nao_classificado;indefinido;2026-08-24T23:15:04+00:00
46377800000127-2-005601/2026;2026NE00212;2026;46377800000127;SAO PAULO SECRETARIA DA SEGURANCA PUBLICA;3524808;60206757000168;ANA CLEIA CAETANO DE PONTES VILELA;Aquisição de material de consumo para abastecer o almoxarifado da Delegacia Seccional de Polícia de Itapeva e unidades policiais subordinadas.;8824.7;2026-07-27;2026-07-27;2026-08-27;2026-08-19T14:02:58;nao_classificado;indefinido;2026-08-24T23:15:04+00:00
46377800000127-2-005600/2026;00113;2026;46377800000127;SAO PAULO SECRETARIA DA SEGURANCA PUBLICA;3524808;36399751000170;DCS DISTRIBUIDORA DE CORRELATOS E SANEANTES LTDA;AQUISIÇÃO DE LUVAS DE LIMPEZA E NITRÍLICAS;32460.0;2026-07-06;2026-07-06;2027-07-06;2026-08-19T14:00:48;nao_classificado;indefinido;2026-08-24T23:15:04+00:00
46377800000127-2-005599/2026;2026NE000351;2026;46377800000127;SAO PAULO SECRETARIA DA SEGURANCA PUBLICA;3524808;27274178000187;TJ COMERCIO DE PRODUTOS LTDA;AQUISIÇÃO DE MATERIAIS DE INFORMÁTICA - ITEM 7 (CABO PAR TRANÇADO);2701.11;2026-07-30;2026-07-30;2026-08-13;2026-08-19T13:56:28;nao_classificado;indefinido;2026-08-24T23:15:04+00:00
46377800000127-2-005597/2026;00114;2026;46377800000127;SAO PAULO SECRETARIA DA SEGURANCA PUBLICA;3524808;05847630000110;SOMA/SP PRODUTOS HOSPITALARES LTDA;AQUISIÇÃO DE LUVAS DE LIMPEZA E NITRÍLICAS;222286.68;2026-07-13;2026-07-13;2027-07-13;2026-08-19T13:40:39;nao_classificado;indefinido;2026-08-24T23:15:04+00:00
46377800000127-2-005596/2026;2026NE000333;2026;46377800000127;SAO PAULO SECRETARIA DA SEGURANCA PUBLICA;3524808;18791300000100;EUNICE DE OLIVEIRA RODRIGUES DOS SANTOS;AQUISIÇÃO DE MATERIAIS DE INFORMÁTICA - ITEM 2 (ADAPTADOR BLUETOOTH);780.0;2026-07-28;2026-07-28;2026-08-14;2026-08-19T13:37:02;nao_classificado;indefinido;2026-08-24T23:15:04+00:00
46377800000127-2-005595/2026;2026NE000281;2026;46377800000127;SAO PAULO SECRETARIA DA SEGURANCA PUBLICA;3524808;63317122000126;63.317.122 LEILA VIEIRA DE OLIVEIRA;AQUISIÇÃO DE MATERIAIS DE CONSUMO DIVERSOS - ITENS 1 E 2 (COPOS DESCARTÁVEIS DE 180ML E 80ML);15384.69;2026-06-25;2026-06-25;2026-08-12;2026-08-19T13:25:26;copa_cozinha;produto;2026-08-24T23:15:04+00:00
46377800000127-2-005594/2026;90080;2026;46377800000127;SAO PAULO SECRETARIA DA SEGURANCA PUBLICA;3524808;14414633000150;INFRASEG PROTECAO E SERVICOS LTDA;SERVIÇOS DE LIMPEZA PREDIAL NA SEDE DO 16º BPM/I;309949.8;2026-08-18;2026-08-19;2029-02-18;2026-08-19T12:10:49;nao_classificado;indefinido;2026-08-24T23:15:04+00:00
46377800000127-2-005593/2026;00101;2026;46377800000127;SAO PAULO SECRETARIA DA SEGURANCA PUBLICA;3524808;55906665000150;FORTE ALIANCA SERVICOS TERCEIRIZADOS LTDA;CONTROLE, OPERAÇÃO E FISCALIZAÇÃO DE PORTARIAS E EDIFÍCIOS PARA O NPC E NPML DE PRESIDENTE PRUDENTE;201600.0;2026-06-17;2026-07-01;2027-06-30;2026-08-19T12:03:50;nao_classificado;indefinido;2026-08-24T23:15:04+00:00
46377800000127-2-005592/2026;2026NE00196;2026;46377800000127;SAO PAULO SECRETARIA DA SEGURANCA PUBLICA;3524808;28352232000128;ALTO GIRO DISTRIBUIDORA E LOGISTICA LTDA;Aquisição de material de consumo para abastecer o almoxarifado da Delegacia Seccional de Polícia de Itapeva e unidades policiais subordinadas.;2172.84;2026-07-27;2026-07-27;2026-08-27;2026-08-19T11:34:23;nao_classificado;indefinido;2026-08-24T23:15:04+00:00
46377800000127-2-005591/2026;2026NE00198;2026;46377800000127;SAO PAULO SECRETARIA DA SEGURANCA PUBLICA;3524808;28352232000128;ALTO GIRO DISTRIBUIDORA E LOGISTICA LTDA;Aquisição de material de consumo para abastecer o almoxarifado da Delegacia Seccional de Polícia de Itapeva e unidades policiais subordinadas.;1716.0;2026-07-27;2026-07-27;2026-08-27;2026-08-19T11:32:16;nao_classificado;indefinido;2026-08-24T23:15:04+00:00
46377800000127-2-005590/2026;2026NE00197;2026;46377800000127;SAO PAULO SECRETARIA DA SEGURANCA PUBLICA;3524808;28352232000128;ALTO GIRO DISTRIBUIDORA E LOGISTICA LTDA;Aquisição de material de consumo para abastecer o almoxarifado da Delegacia Seccional de Polícia de Itapeva e unidades policiais subordinadas.;404.64;2026-07-27;2026-07-27;2026-08-27;2026-08-19T11:26:13;nao_classificado;indefinido;2026-08-24T23:15:04+00:00
46377800000127-2-005589/2026;2026NE00068;2026;46377800000127;SAO PAULO SECRETARIA DA SEGURANCA PUBLICA;3524808;59637598000177;DISTRIBUIDORA TIBRI LTDA;AGUA MINERAL, NATURAL SEM GAS, EMBALAGEM PRIMARIA GARRAFA PET VEDADA COM TAMP A DE ROSCA, EMBALAGEM SECUNDARIA APROPRIADA PARA ALIMENTOS, COM VALIDADE MINI MA DE 9 MESES NA DATA DA ENTREGA, E SUAS CONDICOES DEVERAO ESTAR DE ACORDO CO M A RDC 274/05, RDC 275/05, RDC 259/02, PORTARIA 470/99 (MME) E SUAS ALTERACO ES POSTERIORES, PRODUTO SUJEITO A VERIFICACAO NO ATO DA ENTREGA AOS PROCED. A DMINISTRATIVOS DETERMINADOS PELA ANVISA.;5920.0;2026-07-17;2026-07-17;2026-08-15;2026-08-19T11:25:11;panificacao;produto;2026-08-24T23:15:04+00:00
46377800000127-2-005588/2026;2026NE00243;2026;46377800000127;SAO PAULO SECRETARIA DA SEGURANCA PUBLICA;3524808;35991410000126;ALPICK COMERCIO DE ALIMENTOS E SERVICOS LTDA;Aquisição de material de consumo para abastecer o almoxarifado da Delegacia Seccional de Polícia de Itapeva e unidades policiais subordinadas.;24771.6;2026-08-13;2026-08-13;2026-09-13;2026-08-19T11:23:58;nao_classificado;indefinido;2026-08-24T23:15:04+00:00
46377800000127-2-005587/2026;2026NE00201;2026;46377800000127;SAO PAULO SECRETARIA DA SEGURANCA PUBLICA;3524808;45388474000190;AGHA ATACADO LTDA;Aquisição de material de consumo para abastecer o almoxarifado da Delegacia Seccional de Polícia de Itapeva e unidades policiais subordinadas.;529.2;2026-07-27;2026-07-27;2026-08-27;2026-08-19T11:21:41;nao_classificado;indefinido;2026-08-24T23:15:04+00:00
46377800000127-2-005586/2026;00012;2026;46377800000127;SAO PAULO SECRETARIA DA SEGURANCA PUBLICA;3524808;61080883000181;CONFEX BEL TECIDOS E ARMARINHOS LTDA;SERVIÇO DE CONFECÇÃO DE FARDAS DE GALA MASCULINA E FEMININA (G-1);22430.0;2026-08-19;2026-08-20;2026-10-19;2026-08-19T11:11:06;textil_uniforme;produto;2026-08-24T23:15:04+00:00
46377800000127-2-005585/2026;2026NE00208;2026;46377800000127;SAO PAULO SECRETARIA DA SEGURANCA PUBLICA;3524808;44883034000147;MARCELO SOUSA GONCALVES;Aquisição de material de consumo para abastecer o almoxarifado da Delegacia Seccional de Polícia de Itapeva e unidades policiais subordinadas.;402.6;2026-07-27;2026-07-27;2026-08-27;2026-08-19T11:07:42;nao_classificado;indefinido;2026-08-24T23:15:04+00:00
46377800000127-2-005583/2026;2026NE00069;2026;46377800000127;SAO PAULO SECRETARIA DA SEGURANCA PUBLICA;3524808;78126950001126;MICROSENS S/A;TELEVISAO, A CORES, SMART TV, COM CONVERSOR DIGITAL, TELA LED, DE 55 POLEGADA S, COM RESOLUCAO DE 3840 X 2160 PIXELS, TAXA DE ATUALIZACAO MINIMA DE60 HZ, P ROCESSADOR QUAD-CORE, ULTRA SURROUND COM NO MINIMO 20W DE POTENCIA, SMART TV, WI-FI INTEGRADO, WEBOS, 02 USB,03 HDMI,01 ETHERNET (LAN),01 VIDEO COMPONENTE ,01 ENTRADA RF., 01 SAIDA DIGITAL OPTICA, COM RECEPCAO PARA CANAIS DIGITAIS ( CONVERSOR DIGITAL INTEGRADOS), SISTEMA DE CORES PAL-M NTSC, CONTROLE REMOTO I NCLUSO, VOLTAGEM BIVOLT, CONSUMO APROXIMADO DE 160W, MEDINDO  ROXIMADAMENTE (1244 X 726 X 88), PESANDO NO MAXIMO 15 KG, COM GARANTIA MINIMA DE 12 MESES, MANUAL EM MANUAL EM PORTUGUES, FORNECIDO COM BASE PARA MESA, CONTROLE REMOTO , CABO DE FORCA, FIXACAO COM FURAÇÃO VESA 300X300;67104.0;2026-07-21;2026-07-21;2026-08-18;2026-08-19T10:50:33;nao_classificado;indefinido;2026-08-24T23:15:04+00:00
46377800000127-2-005582/2026;2026NE00490;2026;46377800000127;SAO PAULO SECRETARIA DA SEGURANCA PUBLICA;3524808;42704883000160;FONSECA SOLUCOES E VARIEDADES LTDA;AQUISIÇÃO DE CHALEIRAS ELETRICAS PARA A DELEGACIA SECCIONAL DE POLÍCIA DE BAURU E UNIDADES SUBORDINADAS.;1188.88;2026-08-12;2026-08-12;2026-09-12;2026-08-19T10:45:05;nao_classificado;indefinido;2026-08-24T23:15:04+00:00
46377800000127-2-005581/2026;2026NE000069;2026;46377800000127;SAO PAULO SECRETARIA DA SEGURANCA PUBLICA;3524808;00662315000102;PHABRICA DE PRODUCOES SERVICOS DE PROPAGANDA E PUBLICIDADE LTDA;SERVIÇO DE PUBLICAÇÃO EM JORNAL, DIARIO DE GRANDE CIRCULAÇÃO.;180.0;2026-08-18;2026-08-18;2026-08-20;2026-08-19T10:25:45;nao_classificado;indefinido;2026-08-24T23:15:04+00:00
46377800000127-2-005580/2026;2026NE002210;2026;46377800000127;SAO PAULO SECRETARIA DA SEGURANCA PUBLICA;3524808;18393309000154;KALI PROPAGANDA E PUBLICIDADE LTDA;JORNAL DE GRANDE CIRCULAÇÃO;162.0;2026-08-17;2026-08-17;2026-09-12;2026-08-19T10:15:12;nao_classificado;indefinido;2026-08-24T23:15:04+00:00
46377800000127-2-005579/2026;2026NE002209;2026;46377800000127;SAO PAULO SECRETARIA DA SEGURANCA PUBLICA;3524808;18393309000154;KALI PROPAGANDA E PUBLICIDADE LTDA;JORNALD DE GRANDE CIRCULAÇÃO;162.0;2026-08-17;2026-08-17;2026-09-12;2026-08-19T10:11:39;nao_classificado;indefinido;2026-08-24T23:15:04+00:00
46377800000127-2-005578/2026;2026NE002208;2026;46377800000127;SAO PAULO SECRETARIA DA SEGURANCA PUBLICA;3524808;18393309000154;KALI PROPAGANDA E PUBLICIDADE LTDA;JORNAL DE GRANE CIRCULAÇÃO;162.0;2026-08-17;2026-08-17;2026-09-12;2026-08-19T10:10:01;nao_classificado;indefinido;2026-08-24T23:15:04+00:00
46377800000127-2-005577/2026;2026NE002207;2026;46377800000127;SAO PAULO SECRETARIA DA SEGURANCA PUBLICA;3524808;18393309000154;KALI PROPAGANDA E PUBLICIDADE LTDA;JORNAL DE GRANDE CIRCULAÇÃO;162.0;2026-08-17;2026-08-17;2026-09-12;2026-08-19T10:07:55;nao_classificado;indefinido;2026-08-24T23:15:04+00:00
46377800000127-2-005576/2026;2026NE002206;2026;46377800000127;SAO PAULO SECRETARIA DA SEGURANCA PUBLICA;3524808;18393309000154;KALI PROPAGANDA E PUBLICIDADE LTDA;SERVIÇO DE JORNAL DE GRANDE CIRCULAÇÃO;162.0;2026-08-17;2026-08-17;2026-09-12;2026-08-19T10:05:41;nao_classificado;indefinido;2026-08-24T23:15:04+00:00
46377800000127-2-005575/2026;2026NE002205;2026;46377800000127;SAO PAULO SECRETARIA DA SEGURANCA PUBLICA;3524808;18393309000154;KALI PROPAGANDA E PUBLICIDADE LTDA;SERVIÇO DE JORNAL DE GRANDE CIRCULAÇÃO;162.0;2026-08-17;2026-08-17;2026-09-12;2026-08-19T10:01:26;nao_classificado;indefinido;2026-08-24T23:15:04+00:00
46377800000127-2-005574/2026;2026NE002204;2026;46377800000127;SAO PAULO SECRETARIA DA SEGURANCA PUBLICA;3524808;18393309000154;KALI PROPAGANDA E PUBLICIDADE LTDA;SERVIÇOS DE JORNAL DE GRANDE CIRCULAÇÃO;162.0;2026-08-17;2026-08-17;2026-09-12;2026-08-19T09:59:47;nao_classificado;indefinido;2026-08-24T23:15:04+00:00
46377800000127-2-005573/2026;2026NE002203;2026;46377800000127;SAO PAULO SECRETARIA DA SEGURANCA PUBLICA;3524808;18393309000154;KALI PROPAGANDA E PUBLICIDADE LTDA;SERVIÇOS DE JORNAL DE GRANDE CIRCULAÇÃO;162.0;2026-08-17;2026-08-17;2026-09-12;2026-08-19T09:57:43;nao_classificado;indefinido;2026-08-24T23:15:04+00:00
46377800000127-2-005572/2026;2026NE002202;2026;46377800000127;SAO PAULO SECRETARIA DA SEGURANCA PUBLICA;3524808;18393309000154;KALI PROPAGANDA E PUBLICIDADE LTDA;SERVIÇO DE JORNAL DE GRANDE CIRCULAÇÃO;162.0;2026-08-17;2026-08-17;2026-09-12;2026-08-19T09:55:51;nao_classificado;indefinido;2026-08-24T23:15:04+00:00
46377800000127-2-005571/2026;2026NE002201;2026;46377800000127;SAO PAULO SECRETARIA DA SEGURANCA PUBLICA;3524808;18393309000154;KALI PROPAGANDA E PUBLICIDADE LTDA;SERVIÇOS DE JORNAL DE GRANDE CIRCULAÇÃO;162.0;2026-08-17;2026-08-17;2026-09-12;2026-08-19T09:53:18;nao_classificado;indefinido;2026-08-24T23:15:04+00:00
46377800000127-2-005570/2026;00006;2026;46377800000127;SAO PAULO SECRETARIA DA SEGURANCA PUBLICA;3524808;66444622000117;PROTECFIRE CONSULTORIA E PROJETOS LTDA;SERVIÇO DE RENOVAÇÃO DOS CLCB'S DOS PRÉDIOS DAS DELEGACIAS DE POLÍCIA DOS MUNICÍPIOS DE FLORA RICA, INÚBIA PAULISTA E IRAPURU;1500.0;2026-08-17;2026-08-17;2026-11-15;2026-08-19T09:10:25;nao_classificado;indefinido;2026-08-24T23:15:04+00:00
46377800000127-2-005569/2026;00005;2026;46377800000127;SAO PAULO SECRETARIA DA SEGURANCA PUBLICA;3524808;66444622000117;PROTECFIRE CONSULTORIA E PROJETOS LTDA;SERVIÇO DE RENOVAÇÃO DO AVCB DO PRÉDIO DA DELEGACIA SECCIONAL DE POLÍCIA DE ADAMANTINA;3339.0;2026-08-17;2026-08-17;2026-11-15;2026-08-19T09:05:41;nao_classificado;indefinido;2026-08-24T23:15:04+00:00
46377800000127-2-005568/2026;00082;2026;46377800000127;SAO PAULO SECRETARIA DA SEGURANCA PUBLICA;3524808;12408129000112;DRD MARTINS COMERCIO E SERVICO LTDA;MANUTENÇÃO EM EMBARCAÇÕES;454017.0;2026-08-06;2026-08-06;;2026-08-19T08:54:30;nao_classificado;indefinido;2026-08-24T23:15:04+00:00
46377800000127-2-005567/2026;2026NE000472;2026;46377800000127;SAO PAULO SECRETARIA DA SEGURANCA PUBLICA;3524808;23674554000170;JOSE EDUARDO SOARES DA SILVA ME;CONTRATAÇÃO DE SERVIÇO DE COMUNICAÇÃO VISUAL;17228.05;2026-08-14;2026-08-14;2026-08-24;2026-08-18T18:00:58;nao_classificado;indefinido;2026-08-24T23:15:04+00:00
46377800000127-2-005566/2026;2026NE000324;2026;46377800000127;SAO PAULO SECRETARIA DA SEGURANCA PUBLICA;3524808;00662315000102;PHABRICA DE PRODUCOES SERVICOS DE PROPAGANDA E PUBLICIDADE LTDA;PUBLICAÇÃO EM JORNAL DE GRANDE CIRCULAÇÃO;145.0;2026-08-18;2026-08-18;2026-08-19;2026-08-18T17:02:16;nao_classificado;indefinido;2026-08-24T23:15:04+00:00
45138070000149-2-000893/2026;6232;2026;45138070000149;MUNICIPIO DE SANTA FE DO SUL;3546603;07820902000113;DROGRASUL SANTA FE DO SUL LTDA;"Aquisição de remédios para o Núcleo de Assistência à Saúde – NAS - Decreto Municipal 2798/2010, conforme Processo SEI n° 3546603.437.00001407/2026-31;";272.3;2026-08-18;2026-08-18;2026-08-18;2026-08-18T16:49:36;nao_classificado;indefinido;2026-08-24T19:23:58+00:00
45138070000149-2-000892/2026;6233;2026;45138070000149;MUNICIPIO DE SANTA FE DO SUL;3546603;26925724000130;FERNANDO RODRIGO ARAUJO;"Aquisição de: 
- Cartucho Toner compatível - 258x c/ Chip;
- Cartucho Toner compatível - 255a;
- Cartucho Toner compatível - 217a;
- Refil de tinta compatível T664 - Corante - Preto - 100ml;
de acordo com processo SEI nº 3546603.437.00001404/2026-05.
Os itens deverão ser entregues na Secretaria De Educação (SME), situado na Avenida Paulo Nunes n°240, Centro, Santa Fé do Sul, Estado de São Paulo, CEP nº 15.775-005.";3670.0;2026-08-18;2026-08-18;2026-08-18;2026-08-18T16:38:05;papelaria_expediente;produto;2026-08-24T19:23:58+00:00
45138070000149-2-000890/2026;6230;2026;45138070000149;MUNICIPIO DE SANTA FE DO SUL;3546603;12399583000154;F. DE ASSIS FONTINELE & CIA. LTDA;"Aquisição de remédios para o Núcleo de Assistência à Saúde – NAS - Decreto Municipal 2798/2010, conforme Processo SEI n° 3546603.437.00001407/2026-31;";207.97;2026-08-18;2026-08-18;2026-08-18;2026-08-18T16:37:46;nao_classificado;indefinido;2026-08-24T19:23:58+00:00
45138070000149-2-000891/2026;6231;2026;45138070000149;MUNICIPIO DE SANTA FE DO SUL;3546603;05677457000159;JOELTON LOPES VILASBOAS & CIA LTDA;"Aquisição de remédios para o Núcleo de Assistência à Saúde – NAS - Decreto Municipal 2798/2010, conforme Processo SEI n° 3546603.437.00001407/2026-31;";232.32;2026-08-18;2026-08-18;2026-08-18;2026-08-18T16:37:46;nao_classificado;indefinido;2026-08-24T19:23:58+00:00
45138070000149-2-000889/2026;6229;2026;45138070000149;MUNICIPIO DE SANTA FE DO SUL;3546603;01159000000100;GJPR JORNAL REGIONAL LTDA;"Serviço de encadernação de seis arquivos de capa dura, plastificado em tamanho standard, dos anos de 2020, 2021, 2022, 2023, 2024 e 2025, conforme Processo SEI n° 3546603.437.00001268/2026-45;";7200.0;2026-08-18;2026-08-18;2026-08-18;2026-08-18T16:36:52;nao_classificado;indefinido;2026-08-24T19:23:58+00:00
46377800000127-2-005565/2026;00058;2026;46377800000127;SAO PAULO SECRETARIA DA SEGURANCA PUBLICA;3524808;41912954000158;MEGA SOLUCOES OBRAS E COMERCIO LTDA;REFORMA SALÃO NOBRE, SALA DO CH EM E SALA DO COMANDANTE DO CPI5;102960.0;2026-08-18;2026-08-19;2026-09-19;2026-08-18T16:24:24;nao_classificado;indefinido;2026-08-24T23:15:04+00:00
46377800000127-2-005564/2026;00019;2026;46377800000127;SAO PAULO SECRETARIA DA SEGURANCA PUBLICA;3524808;60122530000134;TRON IMUNIZACAO E CONTROLE DE PRAGAS E VETORES LTDA;PRESTAÇÃO DE SERVIÇOS DE CONTROLE DE PRAGAS URBANAS, PARA A SEDE DA DELEGACIA SECCIONAL DE POLÍCIA DE PRESIDENTE PRUDENTE E SUAS UNIDADES SUBORDINADAS;50000.0;2026-08-17;2026-08-17;2029-02-17;2026-08-18T15:31:00;nao_classificado;indefinido;2026-08-24T23:15:04+00:00
46377800000127-2-005563/2026;2026NE001153;2026;46377800000127;SAO PAULO SECRETARIA DA SEGURANCA PUBLICA;3524808;00662270000320;INSTITUTO NACIONAL DE METROLOGIA, QUALIDADE E TECNOLOGIA - INMETRO.;SERVIÇO DE AFERIÇÃO DE ETILÔMETROS;20412.91;2026-08-17;2026-08-17;2026-09-17;2026-08-18T15:15:38;nao_classificado;indefinido;2026-08-24T23:15:04+00:00
45138070000149-2-000887/2026;6205;2026;45138070000149;MUNICIPIO DE SANTA FE DO SUL;3546603;12399583000154;F. DE ASSIS FONTINELE & CIA. LTDA;"Processo SEI nº 3546603.437.00001362/2026-02;
Aquisição de medicamentos para o Núcleo de Assistência à Saúde - NAS.";142.48;2026-08-14;2026-08-14;2026-08-14;2026-08-18T15:09:48;medicamentos;produto;2026-08-24T19:23:58+00:00
45138070000149-2-000888/2026;6204;2026;45138070000149;MUNICIPIO DE SANTA FE DO SUL;3546603;07820902000113;DROGRASUL SANTA FE DO SUL LTDA;"Processo SEI nº 3546603.437.00001362/2026-02;
Aquisição de medicamentos para o Núcleo de Assistência à Saúde - NAS.";465.0;2026-08-14;2026-08-14;2026-08-14;2026-08-18T15:09:48;medicamentos;produto;2026-08-24T19:23:58+00:00
46377800000127-2-005562/2026;2026NE001574;2026;46377800000127;SAO PAULO SECRETARIA DA SEGURANCA PUBLICA;3524808;10943564000111;COMERCIAL DE DESCARTAVEIS E MATERIAIS DE LIMPEZA LTDA;AQUISIÇÃO DE MATERIAIS DE CONSUMO PARA SSP;1078.2;2026-08-13;2026-08-13;2026-08-23;2026-08-18T14:57:27;nao_classificado;indefinido;2026-08-24T23:15:04+00:00
46377800000127-2-005561/2026;2026NE001573;2026;46377800000127;SAO PAULO SECRETARIA DA SEGURANCA PUBLICA;3524808;35991410000126;ALPICK COMERCIO DE ALIMENTOS E SERVICOS LTDA;AQUISIÇÃO DE MATERIAIS DE CONSUMO PARA SSP;43207.6;2026-08-13;2026-08-13;2026-08-23;2026-08-18T14:50:03;nao_classificado;indefinido;2026-08-24T23:15:04+00:00
46377800000127-2-005560/2026;2026NE001572;2026;46377800000127;SAO PAULO SECRETARIA DA SEGURANCA PUBLICA;3524808;47669521000108;VF TECH STORE LTDA;AQUISIÇÃO DE MATERIAIS DE CONSUMO PARA SSP;9537.6;2026-08-13;2026-08-13;2026-08-23;2026-08-18T14:38:50;nao_classificado;indefinido;2026-08-24T23:15:04+00:00
46377800000127-2-005559/2026;2026NE000184;2026;46377800000127;SAO PAULO SECRETARIA DA SEGURANCA PUBLICA;3524808;15504692000182;BRISAMAX COMERCIO, INSTALACAO E MANUTENCAO DE AR CONDICIONADO LTDA;"CONTRATAÇÃO DE SERVIÇO PARA EXECUÇÃO DE MANUTENÇÃO CORRETIVA DE 5 (CINCO) EQUIPAMENTOS DOS SISTEMAS DE CLIMATIZAÇÃO INSTALADOS NO 7º ANDAR DO COMANDO DO CORPO DE BOMBEIROS, COMPREENDENDO LIMPEZA, HIGIENIZAÇÃO, DESOBSTRUÇÃO,
MONTAGEM, TESTES OPERACIONAIS E DEMAIS PROCEDIMENTOS NECESSÁRIOS AO RESTABELECIMENTO DA EFICIÊNCIA DOS EQUIPAMENTOS.";14925.0;2026-08-17;2026-08-18;2026-09-17;2026-08-18T14:14:38;nao_classificado;indefinido;2026-08-24T23:15:04+00:00
46377800000127-2-005558/2026;2026NE000165;2026;46377800000127;SAO PAULO SECRETARIA DA SEGURANCA PUBLICA;3524808;62551771000124;EJ DISTRIBUICAO LTDA;COPOS DESCARTÁVEIS;14700.0;2026-07-30;2026-07-30;2026-09-30;2026-08-18T11:56:21;copa_cozinha;produto;2026-08-24T23:15:04+00:00
46377800000127-2-005557/2026;2026NE000163;2026;46377800000127;SAO PAULO SECRETARIA DA SEGURANCA PUBLICA;3524808;24113871000180;G B LEITE COMERCIO E MERCEARIA LTDA.;PASTAS C/ ABA ELASSTICO;2467.8;2026-07-21;2026-07-21;2026-09-21;2026-08-18T11:51:48;nao_classificado;indefinido;2026-08-24T23:15:04+00:00
46377800000127-2-005556/2026;00003;2026;46377800000127;SAO PAULO SECRETARIA DA SEGURANCA PUBLICA;3524808;34042926000161;RESILI SOLUCOES EM TECNOLOGIA LTDA;SERVIÇOS  DE SUPORTE TÉCNICO PARA SOFTWARE DE GERENCIAMENTO DE ENSINO (SGE);149010.0;2026-08-12;2026-08-12;2029-02-12;2026-08-18T11:48:54;nao_classificado;indefinido;2026-08-24T23:15:04+00:00
46377800000127-2-005555/2026;2026NE000164;2026;46377800000127;SAO PAULO SECRETARIA DA SEGURANCA PUBLICA;3524808;46783253000180;CONNECTED PRODUTOS E SERVICOS LTDA;SUPPRIMENTO DE INFORMÁTICA;9444.6;2026-07-23;2026-07-23;2026-09-23;2026-08-18T11:48:16;nao_classificado;indefinido;2026-08-24T23:15:04+00:00
46377800000127-2-005554/2026;00008;2026;46377800000127;SAO PAULO SECRETARIA DA SEGURANCA PUBLICA;3524808;60968630000186;60.968.630 KESIA AGUIAR GONCALVES;AQUISIÇÃO DE MONITORES;35800.0;2026-06-22;2026-06-22;2026-08-13;2026-08-18T11:41:41;nao_classificado;indefinido;2026-08-24T23:15:04+00:00
46377800000127-2-005553/2026;00052;2026;46377800000127;SAO PAULO SECRETARIA DA SEGURANCA PUBLICA;3524808;09480975000139;CENTRO AUTOMOTIVO JR BOLOGNANI LTDA;CONTRATAÇÃO DE EMPRESAS ESPECIALIZADAS EM MANUTENÇÃO PREVENTIVA E CORRETIVA DE VIATURAS POLICIAIS DA FROTA DO CPI-9 E UNIDADES SUBORDINADAS.;117650.0;2026-08-04;2026-08-04;2026-09-21;2026-08-18T11:30:13;nao_classificado;indefinido;2026-08-24T23:15:04+00:00
46377800000127-2-005552/2026;2026NE001571;2026;46377800000127;SAO PAULO SECRETARIA DA SEGURANCA PUBLICA;3524808;47669521000108;VF TECH STORE LTDA;AQUISIÇÃO DE MATERIAIS DE CONSUMO PARA SSP;4930.0;2026-08-13;2026-08-13;2026-08-23;2026-08-18T11:24:43;nao_classificado;indefinido;2026-08-24T23:15:04+00:00
46377800000127-2-005551/2026;00051;2026;46377800000127;SAO PAULO SECRETARIA DA SEGURANCA PUBLICA;3524808;67950709000129;CAIME CASALE COMERCIAL LTDA;CONTRATAÇÃO DE EMPRESAS ESPECIALIZADAS EM MANUTENÇÃO PREVENTIVA E CORRETIVA DE VIATURAS POLICIAIS DA FROTA DO CPI-9 E UNIDADES SUBORDINADAS.;8456.0;2026-08-04;2026-08-04;2026-08-11;2026-08-18T11:21:33;nao_classificado;indefinido;2026-08-24T23:15:04+00:00
46377800000127-2-005550/2026;00050;2026;46377800000127;SAO PAULO SECRETARIA DA SEGURANCA PUBLICA;3524808;05010446000110;AUTO PECAS & MECANICA EDINHO LTDA;CONTRATAÇÃO DE EMPRESAS ESPECIALIZADAS EM MANUTENÇÃO PREVENTIVA E CORRETIVA DE VIATURAS POLICIAIS DA FROTA DO CPI-9 E UNIDADES SUBORDINADAS.;9800.0;2026-08-04;2026-08-04;2026-08-13;2026-08-18T11:13:01;nao_classificado;indefinido;2026-08-24T23:15:04+00:00
46377800000127-2-005549/2026;2026NE000493;2026;46377800000127;SAO PAULO SECRETARIA DA SEGURANCA PUBLICA;3524808;60968630000186;60.968.630 KESIA AGUIAR GONCALVES;AQUISIÇÃO DE MONITORES;35800.0;2026-06-22;2026-06-22;2026-08-13;2026-08-18T11:10:48;nao_classificado;indefinido;2026-08-24T23:15:04+00:00
46377800000127-2-005548/2026;00049;2026;46377800000127;SAO PAULO SECRETARIA DA SEGURANCA PUBLICA;3524808;65724395000110;AUTO MECANICA MECATTI LTDA;CONTRATAÇÃO DE EMPRESAS ESPECIALIZADAS EM MANUTENÇÃO PREVENTIVA E CORRETIVA DE VIATURAS POLICIAIS DA FROTA DO CPI-9 E UNIDADES SUBORDINADAS.;233600.0;2026-08-05;2026-08-05;2026-09-21;2026-08-18T11:01:39;nao_classificado;indefinido;2026-08-24T23:15:04+00:00
46377800000127-2-005546/2026;00059;2026;46377800000127;SAO PAULO SECRETARIA DA SEGURANCA PUBLICA;3524808;14738425000107;TATAMI PONTO COM LTDA;CONTRATAÇÃO DE SERVIÇO PARA INSTALAÇÃO DE TATAME REVESTIDO EM LONA COM PROTEÇÃO DE PAREDE, MEDIANTE O FORNECIMENTO DE TODO MATERIAL E MÃO DE OBRA, PARA SALA DE TREINAMENTO DA SEDE DO COMANDO DE POLICIAMENTO DO INTERIOR CINCO - CPI-5;18500.0;2026-08-10;2026-08-10;2026-09-11;2026-08-18T10:11:12;nao_classificado;indefinido;2026-08-24T23:15:04+00:00
46377800000127-2-005544/2026;2026NE000160;2026;46377800000127;SAO PAULO SECRETARIA DA SEGURANCA PUBLICA;3524808;55088157001001;FK GRUPO S/A;CADEIRAS GIRATÓRIAS;2610.0;2026-08-18;2026-08-18;2026-09-18;2026-08-18T09:44:55;nao_classificado;indefinido;2026-08-24T23:15:04+00:00
45138070000149-2-000885/2026;6191;2026;45138070000149;MUNICIPIO DE SANTA FE DO SUL;3546603;14096880000156;SOLAR SULMATEL PLACAS SOLARES LTDA;Aquisição de Kit Parafusadeira esmerilhadeira e martelete para Secretaria Municipal de Educação, conforme Processo SEI n° 3546603.437.00001326/2026-31;2000.0;2026-08-14;2026-08-14;2026-08-14;2026-08-18T09:27:43;nao_classificado;indefinido;2026-08-24T19:23:58+00:00
45138070000149-2-000886/2026;6193;2026;45138070000149;MUNICIPIO DE SANTA FE DO SUL;3546603;23918889000196;SHIRLEY FATIMA ROVEDA LAINE 10018448828;Aquisição de lençóis para as macas de ambulâncias, conforme Processo SEI n°3546603.437.00001288/2026-16.;1538.0;2026-08-14;2026-08-14;2026-08-14;2026-08-18T09:27:43;nao_classificado;indefinido;2026-08-24T19:23:58+00:00
45138070000149-2-000883/2026;6185;2026;45138070000149;MUNICIPIO DE SANTA FE DO SUL;3546603;32447888000100;SUPERMERCADO PONTO CERTO DO ITAMAR LTDA;Aquisição de açúcar cristal para a Secretaria de Saúde, conforme Processo SEI n°3546603.437.00001334/2026-87.;1139.4;2026-08-13;2026-08-13;2026-08-13;2026-08-18T09:27:42;generos_alimenticios;produto;2026-08-24T19:23:58+00:00
45138070000149-2-000884/2026;6182;2026;45138070000149;MUNICIPIO DE SANTA FE DO SUL;3546603;36444343000192;PLACA SUL COMERCIO, INST.PLACAS LTDA;Contratação de empresa especializada para confecção e instalação de placas de identificação veicular no padrão Mercosul para veículo oficial da Secretaria Municipal de Cultura e Turismo. Processo SEI 3546603.437.00001263/2026-12;200.0;2026-08-13;2026-08-13;2026-08-13;2026-08-18T09:27:42;textil_uniforme;produto;2026-08-24T19:23:58+00:00
45138070000149-2-000882/2026;6179;2026;45138070000149;MUNICIPIO DE SANTA FE DO SUL;3546603;74384231000182;C.C. CALEJON DOS SANTOS;Aquisição de fonte de alimentação compatível com relógio de ponto eletrônico das escolas EMEI Afra Venina Pagoto Florêncio e EM Profª Marina de Oliveira, conforme Processo SEI n° 3546603.437.00001344/2026-12;165.0;2026-08-13;2026-08-13;2026-08-13;2026-08-18T09:27:41;nao_classificado;indefinido;2026-08-24T19:23:58+00:00
45138070000149-2-000880/2026;6183;2026;45138070000149;MUNICIPIO DE SANTA FE DO SUL;3546603;26925724000130;FERNANDO RODRIGO ARAUJO;"Projeto de aquisição de materiais permanentes para a Casa da Juventude , conforme Processo SEI n° 3546603.437.00001351/2026-14.
A Nota Fiscal deverá conter os seguintes dizeres : ""Estes materiais foram adquiridos pela Emenda Impositiva n° 02/2025 do Vereador Wagner Lopes""";8500.0;2026-08-13;2026-08-13;2026-08-13;2026-08-18T09:27:40;nao_classificado;indefinido;2026-08-24T19:23:58+00:00
45138070000149-2-000881/2026;6180;2026;45138070000149;MUNICIPIO DE SANTA FE DO SUL;3546603;74384231000182;C.C. CALEJON DOS SANTOS;Aquisição de fonte de alimentação compatível com relógio de ponto eletrônico das escolas EMEI Afra Venina Pagoto Florêncio e EM Profª Marina de Oliveira, conforme Processo SEI n° 3546603.437.00001344/2026-12;165.0;2026-08-13;2026-08-13;2026-08-13;2026-08-18T09:27:40;nao_classificado;indefinido;2026-08-24T19:23:58+00:00
45138070000149-2-000878/2026;6164;2026;45138070000149;MUNICIPIO DE SANTA FE DO SUL;3546603;12399583000154;F. DE ASSIS FONTINELE & CIA. LTDA;"Aquisição de remédios para o Núcleo de Assistência à Saúde – NAS - Decreto Municipal 2798/2010, conforme Processo SEI n° 3546603.437.00001303/2026-26;";1199.7;2026-08-13;2026-08-13;2026-08-13;2026-08-18T09:27:39;nao_classificado;indefinido;2026-08-24T19:23:58+00:00
45138070000149-2-000879/2026;6177;2026;45138070000149;MUNICIPIO DE SANTA FE DO SUL;3546603;21660059000186;DANILO PAZINE AUGUSTO MARQUES - ME;"Processo SEI nº 3546603.437.00001389/2026-97;
Aquisição de pão francês aos servidores do Almoxarifado e Setor de Limpeza Pública.";5759.91;2026-08-13;2026-08-13;2026-08-13;2026-08-18T09:27:39;panificacao;produto;2026-08-24T19:23:58+00:00
45138070000149-2-000876/2026;6166;2026;45138070000149;MUNICIPIO DE SANTA FE DO SUL;3546603;05677457000159;JOELTON LOPES VILASBOAS & CIA LTDA;"Aquisição de remédios para o Núcleo de Assistência à Saúde – NAS - Decreto Municipal 2798/2010, conforme Processo SEI n° 3546603.437.00001303/2026-26;";264.39;2026-08-13;2026-08-13;2026-08-13;2026-08-18T09:27:38;nao_classificado;indefinido;2026-08-24T19:23:58+00:00
45138070000149-2-000877/2026;6163;2026;45138070000149;MUNICIPIO DE SANTA FE DO SUL;3546603;07820902000113;DROGRASUL SANTA FE DO SUL LTDA;"Aquisição de remédios para o Núcleo de Assistência à Saúde – NAS - Decreto Municipal 2798/2010, conforme Processo SEI n° 3546603.437.00001303/2026-26;";609.0;2026-08-13;2026-08-13;2026-08-13;2026-08-18T09:27:38;nao_classificado;indefinido;2026-08-24T19:23:58+00:00
45138070000149-2-000874/2026;6176;2026;45138070000149;MUNICIPIO DE SANTA FE DO SUL;3546603;50727396000141;50.727.396 MARCIA ADRIANA DA SILVA VITTA;"Manutenção de impressora LEpson L5590 Secretaria da Agricultura.
Número do processo nº Sei: 3546603.437.00001294/2026-73.";330.0;2026-08-13;2026-08-13;2026-08-13;2026-08-18T09:27:37;informatica;produto;2026-08-24T19:23:58+00:00
45138070000149-2-000875/2026;6165;2026;45138070000149;MUNICIPIO DE SANTA FE DO SUL;3546603;05677457000159;JOELTON LOPES VILASBOAS & CIA LTDA;Aquisição de teste rápido para detecção qualitativa HCG (gravidez), conforme Processo SEI n°3546603.437.00001275/2026-47.;500.0;2026-08-13;2026-08-13;2026-08-13;2026-08-18T09:27:37;testes_rapidos;produto;2026-08-24T19:23:58+00:00
45138070000149-2-000872/2026;6157;2026;45138070000149;MUNICIPIO DE SANTA FE DO SUL;3546603;06256356000177;ANTONIO CARLOS PIRES INSUFILM - ME;"Serviço de instalação de adesivos brancos em portas e janelas da unidade ESF Centro II – EMENDA 2024.269.60659, conforme Processo SEI n° 3546603.437.00001352/2026-69;";1462.0;2026-08-13;2026-08-13;2026-08-13;2026-08-18T09:27:36;nao_classificado;indefinido;2026-08-24T19:23:58+00:00
45138070000149-2-000873/2026;6158;2026;45138070000149;MUNICIPIO DE SANTA FE DO SUL;3546603;43277100000172;43.277.100 SIRLEI APARECIDA MUNIZ ALVES;"Contratação de serviço de roçada e limpeza de árvore;
contratação de serviço de decoração de ambiente. 
De acordo com processo Sei n° 3546603.437.00001282/2026-49.";8480.0;2026-08-13;2026-08-13;2026-08-13;2026-08-18T09:27:36;nao_classificado;indefinido;2026-08-24T19:23:58+00:00
45138070000149-2-000871/2026;6194;2026;45138070000149;MUNICIPIO DE SANTA FE DO SUL;3546603;48360399000148;48.360.399 JAQUES CELIO ROCHA PASTLEN;"Contratação de serviço de mão de obra de manutenção de motor de portão para a entrada do Viveiro de Mudas Municipal, conforme Processo SEI n° 3546603.437.00001199/2026-70;";370.0;2026-08-14;2026-08-14;2026-08-14;2026-08-18T09:07:51;nao_classificado;indefinido;2026-08-24T19:23:58+00:00
45138070000149-2-000870/2026;6170;2026;45138070000149;MUNICIPIO DE SANTA FE DO SUL;3546603;52781335000198;52.781.335 EDMILSON EURICO DE QUEIROZ;"Processo SEI n° 3546603.437.00001242/2026-05

Local: Almoxarifado Central
- Limpeza e desentupimento de calhas e desobstrução da saída de água
- Alinhamento das Calhas

Local: Paço Municipal 
- Limpeza geral nos telhados, limpeza geral das
Calhas e desobstruir os bocais de saída fluviais das calhas.

Local: Sala da Comunicação
- Instalação de Porta de Madeira de 80 x 2,10";5900.0;2026-08-13;2026-08-13;2026-08-13;2026-08-18T09:02:50;madeira_construcao;produto;2026-08-24T19:23:58+00:00
45138070000149-2-000868/2026;6186;2026;45138070000149;MUNICIPIO DE SANTA FE DO SUL;3546603;57089175000134;KS7 IMPORTACAO E EXPORTACAO LTDA;"Aquisição de Equipamentos de Salvamento e Mergulho para o Corpo de Bombeiros, conforme Processo SEI n°3546603.437.00001142/2026-71
""A aquisição dos equipamentos será realizada através de emenda impositiva dos vereadores José Rollemberg, Maicon da Silva, Marcos Favaleça, Murilo Basi, Patrícia Tsutsume, Ronaldo Lima, Samuel da Silva, Teresinha Aparecida e Wagner Lopes""";11888.38;2026-08-14;2026-08-14;2026-08-14;2026-08-18T08:48:49;nao_classificado;indefinido;2026-08-24T19:23:58+00:00
45138070000149-2-000869/2026;6187;2026;45138070000149;MUNICIPIO DE SANTA FE DO SUL;3546603;57089175000134;KS7 IMPORTACAO E EXPORTACAO LTDA;"Aquisição de Equipamentos de Salvamento e Mergulho para o Corpo de Bombeiros, conforme Processo SEI n°3546603.437.00001142/2026-71
""A aquisição dos equipamentos será realizada através de emenda impositiva dos vereadores José Rollemberg, Maicon da Silva, Marcos Favaleça, Murilo Basi, Patrícia Tsutsume, Ronaldo Lima, Samuel da Silva, Teresinha Aparecida e Wagner Lopes""";1913.26;2026-08-14;2026-08-14;2026-08-14;2026-08-18T08:48:49;nao_classificado;indefinido;2026-08-24T19:23:58+00:00
45138070000149-2-000867/2026;6196;2026;45138070000149;MUNICIPIO DE SANTA FE DO SUL;3546603;66102310000125;DEAÇO COM. DE FERRO E AÇO LTDA.;"Aquisição de materiais de ferragem para o Sonho de Natal, conforme Processo SEI n° 3546603.437.00001169/2026-63;";15113.79;2026-08-13;2026-08-14;2026-08-14;2026-08-18T08:11:13;nao_classificado;indefinido;2026-08-24T19:23:58+00:00
46377800000127-2-005543/2026;2026NE001183;2026;46377800000127;SAO PAULO SECRETARIA DA SEGURANCA PUBLICA;3524808;54230798000197;MAJU DISTRIBUIDORA LTDA;CONSTITUIÇÃO DE SISTEMA DE REGISTRO DE PREÇO PARA FUTURAS AQUISIÇÕES DE GÊNEROS ALIMENTÍCIOS - ÁGUA MINERAL NATURAL, PARA ATENDER AS NECESSIDADES DO CPI-10 E UNIDADES SUBORDINADAS.;1951.2;2026-08-17;2026-08-17;2027-05-26;2026-08-17T17:40:03;nao_classificado;indefinido;2026-08-24T23:15:04+00:00
46377800000127-2-005542/2026;2026NE00162;2026;46377800000127;SAO PAULO SECRETARIA DA SEGURANCA PUBLICA;3524808;49670223000155;CAFE FRAGA LTDA;Aquisição de 2.000 unidades de pó de café de 500 gramas.;32000.0;2026-08-14;2026-08-14;2026-09-15;2026-08-17T17:13:48;generos_alimenticios;produto;2026-08-24T23:15:04+00:00
46377800000127-2-005541/2026;2026NE00506;2026;46377800000127;SAO PAULO SECRETARIA DA SEGURANCA PUBLICA;3524808;01414675000140;CAFE DUARTE LTDA;"CAFE ESPECIAL, SUPERIOR, TORRADO E MOIDO, CONSTITUIDO DE GRAOS ARABICAS PODEN DO CONTER 15% DE GRAOS CONILLON, 10%DE GRAOS
PRETOS/VERDES/ARDIDOS, GRAOS PRE TO-VERDES/FERMENTADOS, LIVRE DE SABOR ESTRANHO, BEBIDA DURA OU MELHOR, AROMA CARACTERISTICO, SABOR
CARACTERISTICO E EQUILIBRADO, COR MEDIO/MODERADAMENTE E SCURO A MEDIO CLARO, QUALIDADE GLOBAL SUPERIOR MINIMA DE 6,00 PONTOS NA ESCAL A
SENSORIAL, IMPUREZAS(CASCAS E PAUS) EM G/100G MAXIMA DE 1%, EMBALAGEM A VAC UO, COM VALIDADE MINIMA NA DATA DA ENTREGA DE 10 MESES, E SUAS
CONDICOES DEVE RAO ESTAR DE ACORDO COM A RES.SAA-28 DE 01/06/2007, RES.SAA-30, DE 22/06/2007 , RDC 277/05, RDC 259/02, RDC 07/11, RDC 14/14 E
ALTERACOES POSTERIORES, PRO DUTO SUJEITO A VERIFICACAO NO ATO DA ENTREGA AOS PROCEDIMENTOS ADM. DETERMINA DOS PELA ANVISA, ELABORACAO DE
LAUDO APOS ENTREGA E DISPENSADO DE ANALISE, SE CERTIFICADO NO SISTEMA DE QUALIDADE DE SAO PAULO";45800.0;2026-08-14;2026-08-14;2026-09-14;2026-08-17T16:50:04;generos_alimenticios;produto;2026-08-24T23:15:04+00:00
46377800000127-2-005540/2026;2026NE00473;2026;46377800000127;SAO PAULO SECRETARIA DA SEGURANCA PUBLICA;3524808;54589560000152;MAP BRASIL REPRESENTACOES E SERVICOS TECNICOS LTDA;AQUISIÇÃO DE PILHAS AA E AAA PARA A DELEGACIA SECCIONAL DE POLÍCIA DE BAURU E UNIDADES SUBORDINADAS.;494.4;2026-08-10;2026-08-10;2026-09-10;2026-08-17T16:42:46;nao_classificado;indefinido;2026-08-24T23:15:04+00:00
46377800000127-2-005539/2026;2026NE00468;2026;46377800000127;SAO PAULO SECRETARIA DA SEGURANCA PUBLICA;3524808;24803547000193;ECOFOREST INDUSTRIA E COMERCIO DE PLASTICOS LTDA;AQUISIÇÃO DE LUVA DE PROTEÇÃO PARA A DELEGACIA SECCIONAL DE POLÍCIA DE BAURU E UNIDADES SUBORDINADAS.;1899.0;2026-08-07;2026-08-07;2026-09-08;2026-08-17T16:39:25;nao_classificado;indefinido;2026-08-24T23:15:04+00:00
46377800000127-2-005538/2026;2026NE00469;2026;46377800000127;SAO PAULO SECRETARIA DA SEGURANCA PUBLICA;3524808;13331317000152;ANA VALERIA TONELOTTO;AQUISIÇÃO DE ÁLCOOL ETÍLICO E SABONETE LIQUIDO PARA A DELEGACIA SECCIONAL DE POLÍCIA DE BAURU E UNIDADES SUBORDINADAS.;616.0;2026-08-07;2026-08-07;2026-09-08;2026-08-17T16:36:17;limpeza_higiene;produto;2026-08-24T23:15:04+00:00
46377800000127-2-005537/2026;2026NE00470;2026;46377800000127;SAO PAULO SECRETARIA DA SEGURANCA PUBLICA;3524808;46888037000107;NUCCI & HOMSI CONSULTORIA E NEGOCIOS LTDA;AQUISIÇÃO DE CADEADOS DE 50MM E 60MM PARA A DELEGACIA SECCIONAL DE POLÍCIA DE BAURU E UNIDADES SUBORDINADAS.;1210.0;2026-08-07;2026-08-07;2026-09-08;2026-08-17T16:33:16;nao_classificado;indefinido;2026-08-24T23:15:04+00:00
46377800000127-2-005536/2026;2026NE00471;2026;46377800000127;SAO PAULO SECRETARIA DA SEGURANCA PUBLICA;3524808;61908002000178;AMORIM PRODUTOS DE HIGIENE E LIMPEZA LTDA;AQUISIÇÃO DE LUSTRA MÓVEIS E DESODORIZADORES DE AMBIENTES PARA A DELEGACIA SECCIONAL DE POLÍCIA DE BAURU E UNIDADES SUBORDINADAS.;1833.0;2026-08-10;2026-08-10;2026-09-10;2026-08-17T16:28:44;nao_classificado;indefinido;2026-08-24T23:15:04+00:00
46377800000127-2-005535/2026;2026NE000643;2026;46377800000127;SAO PAULO SECRETARIA DA SEGURANCA PUBLICA;3524808;37670865000175;EXCLUSIVE FITPLAY FITNESS E PLAYGROUNDS LTDA;AQUISIÇÃO DE MATERIAS DE ACADEMIA PARA FORÇA TÁTICA DO 9ºBPM/M;28917.42;2026-08-17;2026-08-17;2026-09-17;2026-08-17T16:12:05;nao_classificado;indefinido;2026-08-24T23:15:04+00:00
46377800000127-2-005534/2026;2026NE001564;2026;46377800000127;SAO PAULO SECRETARIA DA SEGURANCA PUBLICA;3524808;00662315000102;PHABRICA DE PRODUCOES SERVICOS DE PROPAGANDA E PUBLICIDADE LTDA;PUBLICAÇÃO EM JORNAL PARA DIVULGAR LICITAÇÃO.;1600.0;2026-06-16;2026-08-17;2026-09-17;2026-08-17T16:02:38;nao_classificado;indefinido;2026-08-24T23:15:04+00:00
46377800000127-2-005533/2026;2026NE00472;2026;46377800000127;SAO PAULO SECRETARIA DA SEGURANCA PUBLICA;3524808;61908002000178;AMORIM PRODUTOS DE HIGIENE E LIMPEZA LTDA;AQUISIÇÃO DE MÁSCARAS DESCARTÁVEIS PARA A DELEGACIA SECCIONAL DE POLÍCIA DE BAURU E UNIDADES SUBORDINADAS.;237.6;2026-08-10;2026-08-10;2026-09-10;2026-08-17T15:57:03;nao_classificado;indefinido;2026-08-24T23:15:04+00:00
46377800000127-2-005532/2026;2026NE00257;2026;46377800000127;SAO PAULO SECRETARIA DA SEGURANCA PUBLICA;3524808;37093612000186;37.093.612 ODAIR BORGES JUNIOR;Serviços de Manutenção Predial;13480.0;2026-08-17;2026-08-17;2026-09-17;2026-08-17T15:46:20;servico_manutencao;servico;2026-08-24T23:15:04+00:00
46377800000127-2-005531/2026;2026NE00173;2026;46377800000127;SAO PAULO SECRETARIA DA SEGURANCA PUBLICA;3524808;65384366000157;MORIAH COMERCIO DE PRODUTOS E INSUMOS HOSPITALARES;GÊNEROS ALIMENTÍCIOS;8145.0;2026-08-14;2026-08-14;2026-09-14;2026-08-17T14:56:22;nao_classificado;indefinido;2026-08-24T23:15:04+00:00
46377800000127-2-005530/2026;2026NE00172;2026;46377800000127;SAO PAULO SECRETARIA DA SEGURANCA PUBLICA;3524808;03649725000101;SUPERMERCADO MORADA DO SOL LTDA;GÊNEROS ALIMENTÍCIOS;3283.5;2026-08-14;2026-08-14;2026-09-14;2026-08-17T14:55:14;nao_classificado;indefinido;2026-08-24T23:15:04+00:00
46377800000127-2-005529/2026;2026NE00171;2026;46377800000127;SAO PAULO SECRETARIA DA SEGURANCA PUBLICA;3524808;35991410000126;ALPICK COMERCIO DE ALIMENTOS E SERVICOS LTDA;GÊNEROS ALIMENTÍCIOS;44778.0;2026-08-14;2026-08-14;2026-09-14;2026-08-17T14:53:46;nao_classificado;indefinido;2026-08-24T23:15:04+00:00
46377800000127-2-005528/2026;2026NE00170;2026;46377800000127;SAO PAULO SECRETARIA DA SEGURANCA PUBLICA;3524808;59217881000140;VIBRAT COMERCIO E REPRESENTACOES LTDA;GÊNEROS ALIMENTÍCIOS;10140.0;2026-08-14;2026-08-14;2026-09-14;2026-08-17T14:52:38;nao_classificado;indefinido;2026-08-24T23:15:04+00:00
45138070000149-2-000866/2026;74;2026;45138070000149;MUNICIPIO DE SANTA FE DO SUL;3546603;05162885800;João Carlos dos Santos;Contratação direta por Dispensa de Licitação em razão do valor – Aquisição de uvas in natura provenientes da Agricultura Familiar para atendimento ao Programa Nacional de Alimentação Escolar – PNAE;39985.5;2026-08-13;2026-08-13;2026-12-31;2026-08-17T14:46:18;generos_alimenticios;produto;2026-08-24T19:23:58+00:00
45138070000149-2-000865/2026;6192;2026;45138070000149;MUNICIPIO DE SANTA FE DO SUL;3546603;50727396000141;50.727.396 MARCIA ADRIANA DA SILVA VITTA;"Manutenção de impressora da ESF Celso Xavier da Saúde
Número do processo nº Sei: 3546603.437.00001369/2026-16.";410.0;2026-08-14;2026-08-14;2026-08-14;2026-08-17T14:40:02;informatica;produto;2026-08-24T19:23:58+00:00
45138070000149-2-000864/2026;6167;2026;45138070000149;MUNICIPIO DE SANTA FE DO SUL;3546603;44407006000153;44.407.006 ESLAN JHONSON EUZEBIO;"Contratação de serviço de: 
- decoração e Instalação de arco de balões com bexigas para a Campanha de Multivacinação; 
de acordo com processo SEI nº: 3546603.437.00001336/2026-76.";400.0;2026-08-13;2026-08-13;2026-08-13;2026-08-17T14:26:12;nao_classificado;indefinido;2026-08-24T19:23:58+00:00
46377800000127-2-005527/2026;26;2026;46377800000127;SAO PAULO SECRETARIA DA SEGURANCA PUBLICA;3524808;50584141000177;A. D. MARCONDES LTDA;serviços contínuos de limpeza, asseio e conservação do prédio que abriga a Delegacia de Polícia de Miracatu;127243.5;2026-08-11;2026-09-01;2029-02-28;2026-08-17T11:14:01;nao_classificado;indefinido;2026-08-24T23:15:04+00:00
46377800000127-2-005526/2026;2026NE000081;2026;46377800000127;SAO PAULO SECRETARIA DA SEGURANCA PUBLICA;3524808;64490977000117;64.490.977 LEONARDO DE OLIVEIRA COELHO;AQUISIÇÃO DE MATERIAIS DE ESCRITÓRIO E PAPELARIA;232.5;2026-08-12;2026-08-12;2026-09-01;2026-08-17T10:26:13;papelaria_expediente;produto;2026-08-24T23:15:04+00:00
46377800000127-2-005525/2026;2026NE000080;2026;46377800000127;SAO PAULO SECRETARIA DA SEGURANCA PUBLICA;3524808;62551771000124;EJ DISTRIBUICAO LTDA;AQUISIÇÃO DE MATERIAIS DE ESCRITÓRIO E PAPELARIA;2016.0;2026-08-12;2026-08-12;2026-09-01;2026-08-17T10:22:48;papelaria_expediente;produto;2026-08-24T23:15:04+00:00
46377800000127-2-005524/2026;2026NE000079;2026;46377800000127;SAO PAULO SECRETARIA DA SEGURANCA PUBLICA;3524808;44092021000150;A LOJA PRODUTOS DESCARTAVEIS LTDA;AQUISIÇÃO DE MATERIAIS DE ESCRITÓRIO E PAPELARIA;135.0;2026-08-12;2026-08-12;2026-09-01;2026-08-17T10:19:07;papelaria_expediente;produto;2026-08-24T23:15:04+00:00
46377800000127-2-005523/2026;2026NE000491;2026;46377800000127;SAO PAULO SECRETARIA DA SEGURANCA PUBLICA;3524808;39304546000171;FABBRO IT IND COM E DISTRIBUICAO DE EQUIPAMENTOS LTDA;AQUISIÇÃO DE 2 (DOIS) COMPUTADORES DE ALTO DESEMPENHO, SENDO 1 (UM) DESTINADO À DELEGACIA DE INVESTIGAÇÕES GERAIS (DIG) DE ARARAQUARA E 1 (UM) DESTINADO À DELEGACIA DE INVESTIGAÇÕES SOBRE ENTORPECENTES (DISE) DE ARARAQUARA;42984.0;2026-07-21;2026-07-21;2026-08-21;2026-08-17T10:17:13;informatica;produto;2026-08-24T23:15:04+00:00
46377800000127-2-005522/2026;2026NE000078;2026;46377800000127;SAO PAULO SECRETARIA DA SEGURANCA PUBLICA;3524808;63336216000142;KEL PAPER COMERCIO E SERVICOS LTDA;AQUISIÇÃO DE MATERIAIS DE ESCRITÓRIO E PAPELARIA;11904.0;2026-08-11;2026-08-11;2026-08-31;2026-08-17T10:15:08;papelaria_expediente;produto;2026-08-24T23:15:04+00:00
46377800000127-2-005521/2026;2026NE000077;2026;46377800000127;SAO PAULO SECRETARIA DA SEGURANCA PUBLICA;3524808;64834032000175;64.834.032 TALITA GARCIA NEVES;AQUISIÇÃO DE MATERIAIS DE ESCRITÓRIO E PAPELARIA;64.5;2026-08-11;2026-08-11;2026-08-31;2026-08-17T09:59:26;papelaria_expediente;produto;2026-08-24T23:15:04+00:00
46377800000127-2-005520/2026;2026NE000076;2026;46377800000127;SAO PAULO SECRETARIA DA SEGURANCA PUBLICA;3524808;18112610000142;LA LUNA COMERCIO DE PRODUTOS E ACESSORIOS LTDA;AQUISIÇÃO DE MATERIAIS DE ESCRITÓRIO E PAPELARIA;115.67;2026-08-11;2026-08-11;2026-08-31;2026-08-17T09:48:57;papelaria_expediente;produto;2026-08-24T23:15:04+00:00
46377800000127-2-005519/2026;2026NE000075;2026;46377800000127;SAO PAULO SECRETARIA DA SEGURANCA PUBLICA;3524808;55696882000163;PHSOLUCIONA LTDA;AQUISIÇÃO DE MATERIAIS DE ESCRITÓRIO E PAPELARIA;764.8;2026-08-11;2026-08-11;2026-08-31;2026-08-17T09:38:09;papelaria_expediente;produto;2026-08-24T23:15:04+00:00
46377800000127-2-005518/2026;2026NE000074;2026;46377800000127;SAO PAULO SECRETARIA DA SEGURANCA PUBLICA;3524808;52604513000105;52.604.513 JULIANA MORAIS DE ARAUJO;AQUISIÇÃO DE MATERIAIS DE ESCRITÓRIO E PAPELARIA;804.0;2026-08-11;2026-08-11;2026-08-31;2026-08-17T09:32:46;papelaria_expediente;produto;2026-08-24T23:15:04+00:00
46377800000127-2-005517/2026;2026NE000073;2026;46377800000127;SAO PAULO SECRETARIA DA SEGURANCA PUBLICA;3524808;67440461000156;MEGAPEL COMERCIAL LTDA;AQUISIÇÃO DE MATERIAIS DE ESCRITÓRIO E PAPELARIA;4346.0;2026-08-11;2026-08-11;2026-09-01;2026-08-17T09:28:30;papelaria_expediente;produto;2026-08-24T23:15:04+00:00
46377800000127-2-005516/2026;2026NE000072;2026;46377800000127;SAO PAULO SECRETARIA DA SEGURANCA PUBLICA;3524808;18393309000154;KALI PROPAGANDA E PUBLICIDADE LTDA;SERVIÇO DE PUBLICIDADE LEGAL EM JORNAL DE GRANDE CIRCULAÇÃO;414.0;2026-08-10;2026-08-10;2026-12-31;2026-08-17T09:19:02;nao_classificado;indefinido;2026-08-24T23:15:04+00:00
46377800000127-2-005515/2026;2026NE000358;2026;46377800000127;SAO PAULO SECRETARIA DA SEGURANCA PUBLICA;3524808;37955490000190;LIMPANDO O SETE HIGIENE E LIMPEZA LTDA.;MATERIAL DE LIMPEZA;1750.0;2026-08-10;2026-08-10;2026-08-16;2026-08-17T09:02:25;limpeza_higiene;produto;2026-08-24T23:15:04+00:00
46377800000127-2-005514/2026;2026NE000355;2026;46377800000127;SAO PAULO SECRETARIA DA SEGURANCA PUBLICA;3524808;39700820000121;MBEM COMERCIO E DISTRIBUICAO DE MATERIAIS ESCOLARES LTDA;MATERIAL DE ESCRITORIO;1174.0;2026-08-10;2026-08-10;2026-08-16;2026-08-17T08:57:02;nao_classificado;indefinido;2026-08-24T23:15:04+00:00
46377800000127-2-005513/2026;2026NE000354;2026;46377800000127;SAO PAULO SECRETARIA DA SEGURANCA PUBLICA;3524808;39700820000121;MBEM COMERCIO E DISTRIBUICAO DE MATERIAIS ESCOLARES LTDA;MATERIAL DE ESCRITORIO;150.0;2026-08-10;2026-08-10;2026-08-16;2026-08-17T08:54:58;nao_classificado;indefinido;2026-08-24T23:15:04+00:00
46377800000127-2-005512/2026;2026NE000353;2026;46377800000127;SAO PAULO SECRETARIA DA SEGURANCA PUBLICA;3524808;32700217000109;AL LICITA MAX LTDA;MATERIAL DE ESCRITORIO;967.5;2026-08-10;2026-08-10;2026-08-16;2026-08-17T08:52:38;nao_classificado;indefinido;2026-08-24T23:15:04+00:00
65712077000130-2-000028/2026;0032/26;2026;65712077000130;MUNICIPIO DE PONTALINDA;3540259;13667864000103;SIMSAUDE SERVICOS SA;A presente licitação tem por objetivo a contratação de empresa especializada para prestação de serviços Médicos na área de ultrassonografia, com carga horária de 08 (oito) horas semanais, objetivando a necessidade das ações desenvolvidas, prevenção e promoção á saúde para atendimento junto a Unidade Básica de Saúde deste Município de Pontalinda, ficando ajustado o  serviços  em questão, de acordo com os dispositivos da Lei nº 14.133/2021 e suas alterações;126000.0;2026-08-10;2026-08-10;2027-08-09;2026-08-17T07:48:16;servico_saude_assistencial;servico;2026-08-24T23:15:11+00:00
46377800000127-2-005511/2026;003;2026;46377800000127;SAO PAULO SECRETARIA DA SEGURANCA PUBLICA;3524808;00662315000102;PHABRICA DE PRODUCOES SERVICOS DE PROPAGANDA E PUBLICIDADE LTDA;Contratação de serviços de publicação em jornal de grande circulação;19200.0;2026-05-14;2026-05-14;2031-05-13;2026-08-14T18:55:41;nao_classificado;indefinido;2026-08-24T23:15:04+00:00
46377800000127-2-005510/2026;2026NE001165;2026;46377800000127;SAO PAULO SECRETARIA DA SEGURANCA PUBLICA;3524808;02044526000360;SMALL DISTRIBUIDORA DE DERIVADOS DE PETROLEO LTDA;COMPRA DE COMBUSTIOVEL PARA O CPI-10;20020.0;2026-08-12;2026-08-12;2026-09-12;2026-08-14T18:23:01;nao_classificado;indefinido;2026-08-24T23:15:04+00:00
46377800000127-2-005509/2026;2026NE001599;2026;46377800000127;SAO PAULO SECRETARIA DA SEGURANCA PUBLICA;3524808;46901623000136;MINAS SUL COMERCIO AGRICOLA LTDA;AQUISIÇÃO DE LUBRIFICANTE AEROSOL;282.15;2026-08-14;2026-08-14;2026-09-14;2026-08-14T18:19:13;nao_classificado;indefinido;2026-08-24T23:15:04+00:00
46377800000127-2-005508/2026;2026NE001164;2026;46377800000127;SAO PAULO SECRETARIA DA SEGURANCA PUBLICA;3524808;02044526000360;SMALL DISTRIBUIDORA DE DERIVADOS DE PETROLEO LTDA;COMPRA DE COMBUSTIVEIS PARA O CPI-10;53900.0;2026-08-12;2026-08-12;2026-09-12;2026-08-14T18:18:49;nao_classificado;indefinido;2026-08-24T23:15:04+00:00
46377800000127-2-005507/2026;2026NE001592;2026;46377800000127;SAO PAULO SECRETARIA DA SEGURANCA PUBLICA;3524808;53323975000117;FEDERAL COMERCIO E SERVICOS LTDA;AQUISIÇÃO DE CAIXA ORGANIZADORA;1477.5;2026-08-14;2026-08-14;2026-09-14;2026-08-14T18:17:20;nao_classificado;indefinido;2026-08-24T23:15:04+00:00
46377800000127-2-005506/2026;2026NE001591;2026;46377800000127;SAO PAULO SECRETARIA DA SEGURANCA PUBLICA;3524808;18674896000150;BAX COMPANY COMERCIO E SERVICO DE EQUIPAMENTOS LTDA;AQUISIÇÃO DE CINTA PARA AMARRAÇÃO;490.72;2026-08-14;2026-08-14;2026-09-14;2026-08-14T18:15:27;nao_classificado;indefinido;2026-08-24T23:15:04+00:00
46377800000127-2-005505/2026;2026NE001590;2026;46377800000127;SAO PAULO SECRETARIA DA SEGURANCA PUBLICA;3524808;57763132000192;NWL VARIEDADES LTDA;AQUISIÇÃO DE TOMADA ELÉTRICA;510.0;2026-08-14;2026-08-14;2026-09-14;2026-08-14T18:11:07;nao_classificado;indefinido;2026-08-24T23:15:04+00:00
46377800000127-2-005504/2026;2026NE001588;2026;46377800000127;SAO PAULO SECRETARIA DA SEGURANCA PUBLICA;3524808;49280184000180;49.280.184 SUERALVA MARIA DA SILVA;AQUISIÇÃO DE ADESIVO MULTISSELANTE;364.8;2026-08-14;2026-08-14;2026-09-14;2026-08-14T18:09:18;nao_classificado;indefinido;2026-08-24T23:15:04+00:00
46377800000127-2-005503/2026;2026NE001587;2026;46377800000127;SAO PAULO SECRETARIA DA SEGURANCA PUBLICA;3524808;36310930000199;Y S DIAS COMERCIO DE PAPELARIA;AQUISIÇÃO DE FECHADURA EXTERNA;1544.09;2026-08-14;2026-08-14;2026-09-14;2026-08-14T18:07:05;nao_classificado;indefinido;2026-08-24T23:15:04+00:00
46377800000127-2-005502/2026;2026NE001586;2026;46377800000127;SAO PAULO SECRETARIA DA SEGURANCA PUBLICA;3524808;64655198000124;GARDA COMERCIAL LTDA;AQUISIÇÃO DE FECHADURA PARA MOBILIÁRIO;2566.2;2026-08-14;2026-08-14;2026-09-14;2026-08-14T18:01:42;nao_classificado;indefinido;2026-08-24T23:15:04+00:00
46377800000127-2-005501/2026;2026NE001585;2026;46377800000127;SAO PAULO SECRETARIA DA SEGURANCA PUBLICA;3524808;52604513000105;52.604.513 JULIANA MORAIS DE ARAUJO;AQUISIÇÃO DE CADEADO;696.0;2026-08-14;2026-08-14;2026-09-14;2026-08-14T17:56:41;nao_classificado;indefinido;2026-08-24T23:15:04+00:00
46377800000127-2-005500/2026;2026NE001596;2026;46377800000127;SAO PAULO SECRETARIA DA SEGURANCA PUBLICA;3524808;61593587000184;P&P SUPRIMENTOS CORPORATIVOS LTDA;AQUISIÇÃO DE PAPEL TOALHA;7600.0;2026-08-14;2026-08-15;2026-09-15;2026-08-14T17:27:39;nao_classificado;indefinido;2026-08-24T23:15:04+00:00
46377800000127-2-005499/2026;2026NE001595;2026;46377800000127;SAO PAULO SECRETARIA DA SEGURANCA PUBLICA;3524808;07359456000191;DISTRIBUIDORA FAIANA LTDA;AQUISIÇÃO DE SABONETE LÍQUIDO ERVA DOCE;2376.0;2026-08-14;2026-08-15;2026-09-15;2026-08-14T17:25:44;limpeza_higiene;produto;2026-08-24T23:15:04+00:00
46377800000127-2-005498/2026;2026NE001594;2026;46377800000127;SAO PAULO SECRETARIA DA SEGURANCA PUBLICA;3524808;56266403000131;AGIL COMERCIO DIGITAL LTDA;AQUISIÇÃO DE DESODORIZADOR AMBIENTAL;962.4;2026-08-14;2026-08-14;2026-09-14;2026-08-14T17:23:35;nao_classificado;indefinido;2026-08-24T23:15:04+00:00
46377800000127-2-005497/2026;2026NE001593;2026;46377800000127;SAO PAULO SECRETARIA DA SEGURANCA PUBLICA;3524808;19827002000187;FLASH COMERCIO DE PRODUTOS DE HIGIENE LTDA;AQUISIÇÃO DE PAPEL HIGIÊNICO;9899.0;2026-08-14;2026-08-14;2026-09-14;2026-08-14T17:21:08;limpeza_higiene;produto;2026-08-24T23:15:04+00:00
46377800000127-2-005496/2026;2026NE000624;2026;46377800000127;SAO PAULO SECRETARIA DA SEGURANCA PUBLICA;3524808;63336216000142;KEL PAPER COMERCIO E SERVICOS LTDA;AQUISIÇÃO PAPEL SULFITE;47616.0;2026-07-03;2026-08-13;2026-09-13;2026-08-14T17:19:17;papelaria_expediente;produto;2026-08-24T23:15:04+00:00
46377800000127-2-005495/2026;2026NE001597;2026;46377800000127;SAO PAULO SECRETARIA DA SEGURANCA PUBLICA;3524808;36469275000116;SO BATERIAS - COMERCIO DE BATERIAS LTDA;AQUISIÇÃO DE BATERIAS AUTOMOTIVAS 60 AH;6719.76;2026-08-14;2026-08-14;2026-09-14;2026-08-14T16:59:36;nao_classificado;indefinido;2026-08-24T23:15:04+00:00
46377800000127-2-005494/2026;2026NE000182;2026;46377800000127;SAO PAULO SECRETARIA DA SEGURANCA PUBLICA;3524808;00662315000102;PHABRICA DE PRODUCOES SERVICOS DE PROPAGANDA E PUBLICIDADE LTDA;PUBLICAÇÃO DE 4 EDITAIS DE ABERTURA DE LICITAÇÃO EM JORNAL DE GRANDE CIRCULAÇÃO;640.0;2026-08-13;2026-08-13;2026-12-31;2026-08-14T16:55:25;nao_classificado;indefinido;2026-08-24T23:15:04+00:00
46377800000127-2-005493/2026;2026NE00257;2026;46377800000127;SAO PAULO SECRETARIA DA SEGURANCA PUBLICA;3524808;31005611000156;ISLA COMERCIO VAREJISTA DE PNEUS E RODAS LTDA;AQUISIÇÃO DE PNEUS AUTOMOTIVOS DIVERSOS, CONFORME NOTA DE EMPENHO.;3680.0;2026-07-30;2026-07-30;2026-07-30;2026-08-14T16:44:20;nao_classificado;indefinido;2026-08-24T23:15:04+00:00
46377800000127-2-005492/2026;2026NE00256;2026;46377800000127;SAO PAULO SECRETARIA DA SEGURANCA PUBLICA;3524808;56933664000168;LAURO E-COMMERCE DE PNEUS LTDA;AQUISIÇÃO DE PNEUS AUTOMOTIVOS DIVERSOS, CONFORME NOTA DE EMPENHO.;7140.0;2026-07-30;2026-07-30;2026-07-30;2026-08-14T16:40:20;nao_classificado;indefinido;2026-08-24T23:15:04+00:00
46377800000127-2-005491/2026;2026NE00252;2026;46377800000127;SAO PAULO SECRETARIA DA SEGURANCA PUBLICA;3524808;65784664000134;LICITPNEUS COMERCIO E REPRESENTACAO LTDA;AQUISIÇÃO DE PNEUS DIVERSOS CONFORME NOTA DE EMPENHO.;16340.4;2026-07-15;2026-07-15;2026-07-15;2026-08-14T16:36:48;nao_classificado;indefinido;2026-08-24T23:15:04+00:00
46377800000127-2-005490/2026;2026NE00202;2026;46377800000127;SAO PAULO SECRETARIA DA SEGURANCA PUBLICA;3524808;49670223000155;CAFE FRAGA LTDA;AQUISIÇÃO DE CAFÉ ESPECIAL SUPERIOR, TORRADO E MOÍDO.;34920.0;2026-06-17;2026-06-17;2026-06-17;2026-08-14T16:29:10;generos_alimenticios;produto;2026-08-24T23:15:04+00:00
46377800000127-2-005489/2026;2026NE00201;2026;46377800000127;SAO PAULO SECRETARIA DA SEGURANCA PUBLICA;3524808;35991410000126;ALPICK COMERCIO DE ALIMENTOS E SERVICOS LTDA;AQUISIÇÃO DE CHÁ DE ERVA MATE QUEIMADO OU TOSTADO.;748.5;2026-06-17;2026-06-17;2026-06-17;2026-08-14T16:25:26;nao_classificado;indefinido;2026-08-24T23:15:04+00:00
46377800000127-2-005488/2026;2026NE000067;2026;46377800000127;SAO PAULO SECRETARIA DA SEGURANCA PUBLICA;3524808;21163633000190;SB MULTICOM COMERCIO LTDA;DESCENSOR PARA SALVAMENTO,;24599.9;2026-08-11;2026-08-11;2026-09-10;2026-08-14T16:13:20;nao_classificado;indefinido;2026-08-24T23:15:04+00:00
46377800000127-2-005487/2026;2026NE001565;2026;46377800000127;SAO PAULO SECRETARIA DA SEGURANCA PUBLICA;3524808;36468119000130;36.468.119 RENATA DA SILVA GOMES;CONTRATAÇÃO DE COPOS DESCARTÁVEIS;3628.8;2026-08-12;2026-08-12;2026-09-10;2026-08-14T16:05:49;copa_cozinha;produto;2026-08-24T23:15:04+00:00
46377800000127-2-005486/2026;2026NE00200;2026;46377800000127;SAO PAULO SECRETARIA DA SEGURANCA PUBLICA;3524808;51560262000141;TERRA NOVA BEBIDAS LTDA;AQUISIÇÃO DE ÁGUA MINERAL NATURAL COM GÁS E ÁGUA MINERAL NATURAL SEM GÁS.;3842.4;2026-06-17;2026-06-17;2026-06-17;2026-08-14T16:05:29;nao_classificado;indefinido;2026-08-24T23:15:04+00:00
46377800000127-2-000014/2023;2026NE00254;2023;46377800000127;SAO PAULO SECRETARIA DA SEGURANCA PUBLICA;3524808;62923014000134;62.923.014 JESSICA PRISCILA OLIVEIRA;Adoçante dietético líquido.;1494.0;2026-07-23;2026-07-23;2026-07-23;2026-08-14T15:59:05;nao_classificado;indefinido;2026-08-24T23:15:04+00:00
46377800000127-2-005485/2026;2026NE000302;2026;46377800000127;SAO PAULO SECRETARIA DA SEGURANCA PUBLICA;3524808;41244330000100;SOLANGE VIDAL MANN LTDA;SERVIÇOS GRÁFICOS - LIVRO DE INQUÉRITO POLICIAL;5400.0;2026-06-10;2026-07-07;2026-12-31;2026-08-14T15:54:57;nao_classificado;indefinido;2026-08-24T23:15:04+00:00
46377800000127-2-005484/2026;2026NE00198;2026;46377800000127;SAO PAULO SECRETARIA DA SEGURANCA PUBLICA;3524808;62923014000134;62.923.014 JESSICA PRISCILA OLIVEIRA;Açúcar refinado;871.0;2026-06-17;2026-06-17;2026-06-17;2026-08-14T15:54:02;generos_alimenticios;produto;2026-08-24T23:15:04+00:00
46377800000127-2-005483/2026;2026NE000911;2026;46377800000127;SAO PAULO SECRETARIA DA SEGURANCA PUBLICA;3524808;11262969000157;SUPRAMIL COMERCIAL LTDA;MEDICAMENTOS E INSUMOS VETERINÁRIOS;38806.74;2026-07-23;2026-07-23;2026-08-23;2026-08-14T15:51:48;medicamentos;produto;2026-08-24T23:15:04+00:00
46377800000127-2-005482/2026;00002;2026;46377800000127;SAO PAULO SECRETARIA DA SEGURANCA PUBLICA;3524808;32454370000195;GRUPO JKM ALIMENTACAO LTDA;"SERVIÇOS DE NUTRIÇÃO E ALIMENTAÇÃO
DE PRESOS CUSTODIADOS PELA 1ª DELEGACIA SECCIONAL DE POLÍCIA DA CAPITAL/DECAP";2257710.6;2026-05-15;2026-05-25;2028-11-25;2026-08-14T15:49:17;nao_classificado;indefinido;2026-08-24T23:15:04+00:00
46377800000127-2-005481/2026;2026NE000034;2026;46377800000127;SAO PAULO SECRETARIA DA SEGURANCA PUBLICA;3524808;13032372000141;GRAFICA E SERVICOS DE COMUNICACAO VISUAL 5 ESTRELAS LTDA.;SERVIÇOS GRÁFICOS - LIVRO DE BO;1320.0;2026-01-28;2026-02-12;2026-12-31;2026-08-14T15:42:15;nao_classificado;indefinido;2026-08-24T23:15:04+00:00
46377800000127-2-005480/2026;2026NE000312;2026;46377800000127;SAO PAULO SECRETARIA DA SEGURANCA PUBLICA;3524808;54851352000180;MATIOLI COMÉRCIO DE GÁS E ÁGUA MINERAL DRACENA LTDA;AQUISIÇÃO DE GÁS;2280.0;2026-07-14;2026-07-24;2026-12-31;2026-08-14T15:32:21;nao_classificado;indefinido;2026-08-24T23:15:04+00:00
45131885000104-2-000085/2026;0202/26;2026;45131885000104;MUNICIPIO DE JALES;3524808;05652247000106;LUMIAR HEALTH BUILDERS EQUIPAMENTOS HOSPITALARES L;Contratação de empresa especializada em locação, manutenção (suporte) e monitoramento de equipamento de BIPAP, com entrega parcelada, por tempo determinado, conforme Termo de Referência – Anexo I.;14868.0;2026-08-05;2026-08-05;2027-08-04;2026-08-14T15:25:10;nao_classificado;indefinido;2026-08-24T23:14:48+00:00
46377800000127-2-011341/2025;00067;2025;46377800000127;SAO PAULO SECRETARIA DA SEGURANCA PUBLICA;3524808;54709874000141;74 DISTRIBUIDORA DE BEBIDAS LTDA;"AQUISIÇÃO DE 180 GALÕES (ANO) DE ÁGUA MINERAL COM FORNECIMENTO
CONTÍNUO – REFERENTE AO ITEM N° 4 – UNIDADE DEMANDANTE: EQUIPE DE PERÍCIAS CRIMINALÍSTICAS DE GUARULHOS";1580.4;2025-09-04;2025-09-04;2026-09-03;2026-08-14T15:23:51;nao_classificado;indefinido;2026-08-24T23:15:04+00:00
46377800000127-2-005479/2026;2026NE000888;2026;46377800000127;SAO PAULO SECRETARIA DA SEGURANCA PUBLICA;3524808;33603719000176;HIDRAULICA SAO PAULO COMERCIO DE MATERIAIS DE CONSTRUCAO LTDA;MATERIAL HIDRÁULICO;8955.0;2026-07-20;2026-07-20;2026-08-20;2026-08-14T15:14:12;nao_classificado;indefinido;2026-08-24T23:15:04+00:00
46377800000127-2-005478/2026;2026NE000887;2026;46377800000127;SAO PAULO SECRETARIA DA SEGURANCA PUBLICA;3524808;52824275000143;J ALVES CONTRUCOES LTDA;MATERIAL HIDRÁULICO;1431.3;2026-07-17;2026-07-17;2026-08-17;2026-08-14T15:03:51;nao_classificado;indefinido;2026-08-24T23:15:04+00:00
46377800000127-2-005477/2026;2026NE000284;2026;46377800000127;SAO PAULO SECRETARIA DA SEGURANCA PUBLICA;3524808;39999415000156;BARBIN EMPRESARIAL LTDA;"OXIMETRO DE DEDO, APRESENTANDO MEDICAO DO NIVEL DE SATURACAO DE OXIGENIO DO S ANGUE E FREQUENCIA CARDIACA, COM ESCALA DE SAO2 DE SPO2
VARIACAO DE TELA 0-10 0%, FC 0-250 BPM, SP02 FAIXA MEDICAO 70-100%, FC FAIXA MEDICAO 30-250 BPM, CO M RESOLUÇÃO DE SP01%, FREQUENCIA CARDIACA1 BPM,
COM TOLERANCIA DE SPO2 PRECIS AO 70-100% - ± 2% / 0-69% - NAO DEFINIDO, FC PRECISAO 30-99BPM:± 2BPM/100-250 BPM,:± 2%, COM SENSORES DE TRANSMISSAO
DE LUZ ATRAVES DA HEMOGLOBINA EMISSOR DE LUZ VERMELHA E INFRAVERMELHA, ALIMENTAÇÃO 2 PILHAS ALCALINAS AAA 1.5V, AUT ONOMIA DE APROX. 18 HORAS (
USO CONTINUO), CONDICOES DE OPERACAO 5°C 40° C, 15-93% UMIDADE,SEM CONDENSACAO, DIMENSÕES DIMENSOES APROXIMADAS 50 X 30 X 25 MM (C X L X A,
INCLUI: GARANTIA MINIMA DE 12 MESES A CONTAR DA DATA DE ENTREGA";101.58;2026-08-13;2026-08-17;2026-09-16;2026-08-14T14:55:24;nao_classificado;indefinido;2026-08-24T23:15:04+00:00
46377800000127-2-005476/2026;2026NE000311;2026;46377800000127;SAO PAULO SECRETARIA DA SEGURANCA PUBLICA;3524808;07696853000159;PHS PIMENTEL INFORMATICA LTDA;OBJETOS DE INFORMÁTICA;450.8;2026-07-14;2026-07-22;2026-12-31;2026-08-14T14:55:08;nao_classificado;indefinido;2026-08-24T23:15:04+00:00
65712077000130-2-000027/2026;0031/26;2026;65712077000130;MUNICIPIO DE PONTALINDA;3540259;48466658000110;RIHAN EDUARDO SANTANA CABELLO;A Presente licitação tem por objetivo a aquisição de materiais esportivos de qualidade destinados ao Departamento de Esportes desta Municipalidade, com fornecimento de forma parcelada, conforme a necessidade, os quais deverão observar os padrões de qualidade exigíveis bem como as demais condições e normas estabelecidas pelo mercado nacional.;37299.0;2026-08-07;2026-08-07;2027-08-06;2026-08-14T14:51:20;nao_classificado;indefinido;2026-08-24T23:15:11+00:00
46377800000127-2-005475/2026;2026NE000285;2026;46377800000127;SAO PAULO SECRETARIA DA SEGURANCA PUBLICA;3524808;64640398000103;64.640.398 DOUGLAS DE OLIVEIRA SAVI;"PROTETOR AUDITIVO, DO TIPO INSERÇÃO PRÉ MOLDÁVEL, NA COR LARANJA, TAMANHO UNICO, EM CAIXA PLÁSTICA COM CLIPE, COMPOSTO DE SILICONE, NO FORMATO
CÔNICO COM TRÊS FLANGES CONCÊNTRICOS, DE DIÂMETROS VARIÁVEIS, COM NIVEL DE PROTECAO DE 19DB NRRSF, CONTENDO UM ORIFÍCIO EM SEU INTERIOR,
INTERLIGADOS ATRAVES DE CORDÃO EM PVC NA COR BRANCA, E SUAS CONDICOES DEVERAO ATENDER A ABNT/NBR 16.076:2016, MÉTODO B";4300.0;2026-08-13;2026-08-17;2026-09-16;2026-08-14T14:51:06;nao_classificado;indefinido;2026-08-24T23:15:04+00:00
65712077000130-2-000026/2026;0030/26;2026;65712077000130;MUNICIPIO DE PONTALINDA;3540259;19724157000198;ROBERTO APARECIDO FERREIRA PROMOTOR DE VENDAS;A Presente licitação tem por objetivo a aquisição de materiais esportivos de qualidade destinados ao Departamento de Esportes desta Municipalidade, com fornecimento de forma parcelada, conforme a necessidade, os quais deverão observar os padrões de qualidade exigíveis bem como as demais condições e normas estabelecidas pelo mercado nacional.;13510.0;2026-08-07;2026-08-07;2027-08-06;2026-08-14T14:49:22;nao_classificado;indefinido;2026-08-24T23:15:11+00:00
46377800000127-2-005474/2026;2026NE000283;2026;46377800000127;SAO PAULO SECRETARIA DA SEGURANCA PUBLICA;3524808;49643480000106;PAPERMAX COMERCIAL LTDA;"TOALHA DE PAPEL-DUPLA-INTERFOLHADA INSTITUCIONAL, CLASSE TOALHA DE PAPEL DUPL A INTERFOLHADA INSTITUCIONAL, QUANTIDADE DE DOBRAS 2 DOBRAS, NA
COR BRANCA, A LVURA ISO ISO IGUAL OU MAIOR QUE 85%, INDICE DE MACIEZ IGUAL OU MENOR QUE 8NM /G (NEWTON-METRO POR GRAMA)MACIA, QUANTIDADE DE
PINTAS IGUAL OU MENOR QUE 5MM 2/M2, TEMPO DE ABSORCAO DE AGUA IGUAL OU MENOR 4S (SEGUNDOS), CAPACIDADE DE A BSORCAO DE AGUA IGUAL OU MAIOR
7G/G (GRAMA POR GRAMA), RESISTENCIA A TRACAO A UMIDO IGUAL OU MAIOR 70 N/M (NEWTON POR METRO), CONFORME NORMA DA ABNT NBR A BNT NBR 15464-8
E 15134, CARACTERISTICAS COMPLEMENTARES: MATERIA PRIMA 100% F IBRA VEGETAL, DIMENSAO DA FOLHA 23X21 CM, EMBALADAS INDIVIDUALMENTE EM PACOTE ,
GOFRADO, ROTULAGEM CONTENDO: C/IDENTIFICACAO DA CLASSE, CLASSE, MARCA, QUAN TIDADE DE FOLHAS, DIMENSÕES DAFOLHA, NOME DO FABRICANTE E
FANTASIA, CNPJ, E-M AIL, TELEFONE SAC (SERVICO DE ATENDIMENTO AO CONSUMIDOR)";7065.0;2026-08-13;2026-08-17;2026-09-16;2026-08-14T14:46:15;nao_classificado;indefinido;2026-08-24T23:15:04+00:00
46377800000127-2-005473/2026;2026NE000307;2026;46377800000127;SAO PAULO SECRETARIA DA SEGURANCA PUBLICA;3524808;53249470000150;SISTECNICA INFORMATICA E SERVICOS LTDA;AQUISIÇÃO DE ITENS DE INFORMÁTICA;1118.68;2026-07-14;2026-07-22;2026-12-31;2026-08-14T14:46:05;nao_classificado;indefinido;2026-08-24T23:15:04+00:00
46377800000127-2-011340/2025;00061;2025;46377800000127;SAO PAULO SECRETARIA DA SEGURANCA PUBLICA;3524808;32727217000194;DC INFINITY COMERCIALIZADORA E DISTRIBUIDORA LTDA;AQUISIÇÃO DE GALÕES DE ÁGUA MINERAL COM FORNECIMENTO CONTÍNUO – REFERENTE AO ITEM N°07 – UNIDADE DEMANDANTE: EQUIPE DE PERÍCIAS CRIMINALÍSTICAS DE SANTO ANDRÉ.;1915.2;2025-08-14;2025-08-14;2027-08-14;2026-08-14T14:45:16;nao_classificado;indefinido;2026-08-24T23:15:04+00:00
65712077000130-2-000025/2026;0029/26;2026;65712077000130;MUNICIPIO DE PONTALINDA;3540259;07187946000158;POLY SPORT - SAME COMERCIO DE MATERIAIS ESPORTIVOS;A Presente licitação tem por objetivo a aquisição de materiais esportivos de qualidade destinados ao Departamento de Esportes desta Municipalidade, com fornecimento de forma parcelada, conforme a necessidade, os quais deverão observar os padrões de qualidade exigíveis bem como as demais condições e normas estabelecidas pelo mercado nacional.;21778.0;2026-08-07;2026-08-07;2027-08-06;2026-08-14T14:45:04;nao_classificado;indefinido;2026-08-24T23:15:11+00:00
46377800000127-2-005472/2026;2026NE000282;2026;46377800000127;SAO PAULO SECRETARIA DA SEGURANCA PUBLICA;3524808;38732826000118;DONNOS VENDAS E SERVICOS INTEGRADOS LTDA;"ESTABILIZADOR P/EQUIPAMENTO DE INFORMATICA, MICROPROCESSADO, DE 1500VA/1500W, COM 3 ESTAGIOS, TENSAO DE ENTRADA 115V/220V, TENSAO DE SAIDA
115V, CORRENTE NOMINAL 14,0 VAC, VARIACAO DE TENSAO DE ENTRADA 89,1 A 140,9, REGULACAO DE SA IDA +/- 6%, TEMPO DE RESPOSTA </= 3 CICLOS, RENDIMENTO
DA CARGA NOMINAL >93%, FREQUENCIA NOMINAL 60HZ, NAO INTRODUZ, COM LEDS DE SINALIZACAO PARA REDE ALT A, NORMAL OU BAIXA NA ENTRADA, CHAVE
LIGA/DESLIGA LIGA/DESLIGA, EMBUTIDO, COM 6 TOMADAS DE SAIDA,PADRAO NEMA 5/15, COM PROTECAO PARA SOBRECARGA COM REARME AUTOMATICO, PROTETOR
TERMICO, FILTRO DE LINHA, SISTEMA RMS, SENSOR DE POTENC IA, COM CABOS NBR 14136, MANUAIS TECNICOS, GARANTIA MINIMA 1 ANO, COM SELO I NMETRO, NBR
14373:2006";3752.4;2026-08-13;2026-08-17;2026-09-16;2026-08-14T14:32:18;informatica;produto;2026-08-24T23:15:04+00:00
46377800000127-2-005471/2026;2026NE000886;2026;46377800000127;SAO PAULO SECRETARIA DA SEGURANCA PUBLICA;3524808;52824275000143;J ALVES CONTRUCOES LTDA;MATERIAIS HIDRÁULICOS;3121.8;2026-07-17;2026-07-17;2026-08-17;2026-08-14T14:31:03;nao_classificado;indefinido;2026-08-24T23:15:04+00:00
46377800000127-2-005470/2026;2026NE000885;2026;46377800000127;SAO PAULO SECRETARIA DA SEGURANCA PUBLICA;3524808;33603719000176;HIDRAULICA SAO PAULO COMERCIO DE MATERIAIS DE CONSTRUCAO LTDA;MATERIAIS HIDRÁULICOS;18135.7;2026-07-17;2026-07-17;2026-08-17;2026-08-14T14:13:17;nao_classificado;indefinido;2026-08-24T23:15:04+00:00
46377800000127-2-005469/2026;2026NE000281;2026;46377800000127;SAO PAULO SECRETARIA DA SEGURANCA PUBLICA;3524808;18791300000100;EUNICE DE OLIVEIRA RODRIGUES DOS SANTOS;"DISPOSITIVO DE ARMAZENAMENTO; PENDRIVE USB 3.0; VELOCIDADE DE LEITURA
ATÉ 130 MB/S, INTERFACE USB 3.0, COMPATÍVEL COM USB 2.0; TAMANHO
MÍNIMO DE 5CM; CAPACIDADE 64GB, COM SOFTWARE DE CRIPTOGRAFIA, GARANTIA
12 MESES;";7362.0;2026-08-13;2026-08-17;2026-09-16;2026-08-14T14:06:33;nao_classificado;indefinido;2026-08-24T23:15:04+00:00
46377800000127-2-005468/2026;2026NE000642;2026;46377800000127;SAO PAULO SECRETARIA DA SEGURANCA PUBLICA;3524808;61239246000105;WELLFIT  COMERCIO E MANUTENCAO DE EQUIPAMENTOS LTDA;AQUISIÇÃO DE ESTEIRAS;30030.0;2026-08-13;2026-08-13;2026-09-13;2026-08-14T13:53:04;nao_classificado;indefinido;2026-08-24T23:15:04+00:00
46377800000127-2-005467/2026;2026NE000641;2026;46377800000127;SAO PAULO SECRETARIA DA SEGURANCA PUBLICA;3524808;42418039000173;BRAVA SUL COMERCIO DE EQUIPAMENTOS DE ESCRITORIO LTDA;AQUISIÇÃO DE BICICLETA;7999.99;2026-08-11;2026-08-11;2026-09-11;2026-08-14T13:49:49;nao_classificado;indefinido;2026-08-24T23:15:04+00:00
46377800000127-2-005466/2026;2026NE000640;2026;46377800000127;SAO PAULO SECRETARIA DA SEGURANCA PUBLICA;3524808;62186091000159;LOCAFIT-PRO LTDA;AQUISIÇÃO DE EQUIPAMENTOS PARA ACADEMIA PARA CPA/M-3;7498.0;2026-08-11;2026-08-11;2026-09-11;2026-08-14T13:45:44;nao_classificado;indefinido;2026-08-24T23:15:04+00:00
65712077000130-2-000024/2026;0033/26;2026;65712077000130;MUNICIPIO DE PONTALINDA;3540259;41470763000183;VIEL MATERIAIS PARA CONSTRUCAO LTDA;A Presente licitação tem por objetivo a aquisição de tinta para demarcação viária e materiais de qualidade a serem destinados a manutenção, reparos, revitalização e implantação de sinalização horizontal nas vias urbanas desta Municipalidade, com entrega de forma imediata, conforme a necessidade, os quais deverão observar os padrões de qualidade exigíveis bem como as demais condições e normas estabelecidas pelo mercado nacional, conforme descrição neste Termo de Referência.;26930.99;2026-08-10;2026-08-10;2027-08-09;2026-08-14T13:39:09;nao_classificado;indefinido;2026-08-24T23:15:11+00:00
65712077000130-2-000023/2026;0034/26;2026;65712077000130;MUNICIPIO DE PONTALINDA;3540259;36186243000103;BRUNO MERIGHI;A Presente licitação tem por objetivo a aquisição de tinta para demarcação viária e materiais de qualidade a serem destinados a manutenção, reparos, revitalização e implantação de sinalização horizontal nas vias urbanas desta Municipalidade, com entrega de forma imediata, conforme a necessidade, os quais deverão observar os padrões de qualidade exigíveis bem como as demais condições e normas estabelecidas pelo mercado nacional, conforme descrição neste Termo de Referência.;160.0;2026-08-10;2026-08-10;2027-08-09;2026-08-14T13:37:25;nao_classificado;indefinido;2026-08-24T23:15:11+00:00
65712077000130-2-000022/2026;0028/26;2026;65712077000130;MUNICIPIO DE PONTALINDA;3540259;19535174000187;HIDRAL TRACTOR - CIRO SAMUEL PINHO SILVA ME;Contratação de empresa especializada para prestação de serviços mecânicos com fornecimento de peças para manutenção da Pá Carregadeira FR 12B , marca/modelo Fiatallis, Placa PFR-0012 ano 2002/2002, pertencente a esta Municipalidade, usada na manutenção, limpeza e conservação de vias urbanas desta Municipalidade, sendo que as peças deverão ser genuínas e originais de fabrica, os quais deverão observar os padrões de qualidade exigíveis bem como as demais condições e normas estabelecidas pelo mercado nacional;35986.62;2026-08-04;2026-08-04;2027-01-31;2026-08-14T13:32:18;nao_classificado;indefinido;2026-08-24T23:15:10+00:00
45138070000149-2-000863/2026;73;2026;45138070000149;MUNICIPIO DE SANTA FE DO SUL;3546603;44769803000180;44.769.803 KATIA APARECIDA CONSTANTINO DA SILVA CAMPOS;O objeto do presente instrumento é a contratação de serviço de terceiro para a realização da Apresentação do espetáculo teatral Simplesmente Mulheres e do cortejo Passos da Resistência – Pelo Fim da Violência Contra a Mulher, conforme o Processo SEI n 3546603.437.00001174/2026-76 e o 3546603.437.00001176/2026-65.;10800.0;2026-08-10;2026-08-10;2026-10-09;2026-08-14T13:17:27;nao_classificado;indefinido;2026-08-24T19:23:58+00:00
46377800000127-2-005465/2026;2026NE001569;2026;46377800000127;SAO PAULO SECRETARIA DA SEGURANCA PUBLICA;3524808;11552540000102;F.S. COMERCIO E SERVICOS LTDA;AQUISIÇÃO DE DISCO RIGIDO EXTERNO PORTAÁTIL HD;11690.0;2026-08-13;2026-08-13;2026-09-13;2026-08-14T12:07:19;nao_classificado;indefinido;2026-08-24T23:15:04+00:00
46377800000127-2-005463/2026;2026NE000269;2026;46377800000127;SAO PAULO SECRETARIA DA SEGURANCA PUBLICA;3524808;67440461000156;MEGAPEL COMERCIAL LTDA;AQUISIÇÃO DE MATERIAIS PARA ESCRITÓRIO;2024.4;2026-06-16;2026-06-23;2026-12-31;2026-08-14T10:11:04;nao_classificado;indefinido;2026-08-24T23:15:04+00:00
46377800000127-2-005462/2026;2026NE000268;2026;46377800000127;SAO PAULO SECRETARIA DA SEGURANCA PUBLICA;3524808;21573652000195;UNITECH SOLUCOES TECNOLOGICAS LTDA;AQUISIÇÃO DE MATERIAIS PARA ESCRITÓRIO;22.8;2026-06-16;2026-06-23;2026-12-31;2026-08-14T10:07:07;nao_classificado;indefinido;2026-08-24T23:15:04+00:00
46377800000127-2-005459/2026;00041;2026;46377800000127;SAO PAULO SECRETARIA DA SEGURANCA PUBLICA;3524808;37609080000197;3 PONTOS COMERCIO E SERVICOS DE ARTEFATOS DE METAL LTDA;CONTRATAÇÃO DE SERVIÇOS DE CONFECÇÃO DE MEDALHAS E PORTA CERTIFICADOS PARA O CENTRO DE MOTOMECANIZAÇÃO;30650.0;2026-07-18;2026-07-18;2027-07-18;2026-08-14T09:40:56;textil_uniforme;produto;2026-08-24T23:15:04+00:00
46377800000127-2-005458/2026;2026NE00223;2026;46377800000127;SAO PAULO SECRETARIA DA SEGURANCA PUBLICA;3524808;18791300000100;EUNICE DE OLIVEIRA RODRIGUES DOS SANTOS;Aquisição de componentes elétricos, eletrônicos e de informática;8722.0;2026-08-11;2026-08-14;2026-08-14;2026-08-13T18:16:11;nao_classificado;indefinido;2026-08-24T23:15:04+00:00
46377800000127-2-005457/2026;2026NE00222;2026;46377800000127;SAO PAULO SECRETARIA DA SEGURANCA PUBLICA;3524808;02487416000101;PHONOWAY SERVICOS LTDA;Aquisição de componentes elétricos, eletrônicos e de informática;7000.0;2026-08-11;2026-08-14;2026-08-14;2026-08-13T18:13:31;nao_classificado;indefinido;2026-08-24T23:15:04+00:00
46377800000127-2-005456/2026; 2026NE00221;2026;46377800000127;SAO PAULO SECRETARIA DA SEGURANCA PUBLICA;3524808;31724820000150;ELETRICA VILEMAR LTDA;Aquisição de componentes elétricos, eletrônicos e de informática;869.0;2026-08-11;2026-08-14;2026-08-14;2026-08-13T18:10:52;nao_classificado;indefinido;2026-08-24T23:15:04+00:00
46377800000127-2-005455/2026;2026NE00220;2026;46377800000127;SAO PAULO SECRETARIA DA SEGURANCA PUBLICA;3524808;64615951000158;64.615.951 TAYNA NEIVA VIEIRA;Aquisição de componentes elétricos, eletrônicos e de informática;1180.0;2026-08-11;2026-08-14;2026-08-14;2026-08-13T18:08:52;nao_classificado;indefinido;2026-08-24T23:15:04+00:00
46377800000127-2-005454/2026;2026NE00219;2026;46377800000127;SAO PAULO SECRETARIA DA SEGURANCA PUBLICA;3524808;27563666000104;AC COMERCIO E SERVICOS LTDA;Aquisição de componentes elétricos, eletrônicos e de informática;1467.0;2026-08-11;2026-08-14;2026-08-14;2026-08-13T18:06:47;nao_classificado;indefinido;2026-08-24T23:15:04+00:00
46377800000127-2-005453/2026; 2026NE00218;2026;46377800000127;SAO PAULO SECRETARIA DA SEGURANCA PUBLICA;3524808;51050209000109;INOVE VARIEDADES LTDA;"Aquisição de componentes elétricos, eletrônicos e de informática

";4792.5;2026-08-11;2026-08-14;2026-08-14;2026-08-13T18:04:20;nao_classificado;indefinido;2026-08-24T23:15:04+00:00
46377800000127-2-005452/2026; 2026NE00217;2026;46377800000127;SAO PAULO SECRETARIA DA SEGURANCA PUBLICA;3524808;63106245000118;63.106.245 JENIFFER GODOY WILL LOPES;Aquisição de componentes elétricos, eletrônicos e de informática;1035.0;2026-08-11;2026-08-14;2026-08-14;2026-08-13T18:00:38;nao_classificado;indefinido;2026-08-24T23:15:04+00:00
46377800000127-2-005451/2026;2026NE00215;2026;46377800000127;SAO PAULO SECRETARIA DA SEGURANCA PUBLICA;3524808;37478920000120;DANIEL PATRICIO DA SILVA CAETANO;Aquisição de componentes elétricos, eletrônicos e de informática;2625.0;2026-08-11;2026-08-12;2026-08-12;2026-08-13T17:50:24;nao_classificado;indefinido;2026-08-24T23:15:04+00:00
46377800000127-2-005450/2026;2026NE000400;2026;46377800000127;SAO PAULO SECRETARIA DA SEGURANCA PUBLICA;3524808;05449351000106;MURADI BUFFET LTDA;SERVICO EVENTUAL DE BUFFET, COFFEE BREAK;12500.0;2026-07-29;2026-07-29;2026-08-12;2026-08-13T17:23:19;nao_classificado;indefinido;2026-08-24T23:15:04+00:00
46377800000127-2-005449/2026;00008;2026;46377800000127;SAO PAULO SECRETARIA DA SEGURANCA PUBLICA;3524808;22526199000129;TETI & MACIEL ADMNISTRAÇÃO DE BENS IMÓVEIS LTDA;LOCAÇÃO DE IMÓVEL PARA ABRIGAR A DELEGACIA DE POLÍCIA DO MUNICÍPIO DE VÁRZEA PAULISTA, A DELEGACIA DA MULHER DO MUNICÍPIO DE VÁRZEA PAULISTA E O 1° DISTRITO POLICIAL DE VÁRZEA PAULISTA;1820364.6;2026-08-05;2026-08-05;2031-08-04;2026-08-13T16:59:04;nao_classificado;indefinido;2026-08-24T23:15:04+00:00
46377800000127-2-005448/2026;00121;2026;46377800000127;SAO PAULO SECRETARIA DA SEGURANCA PUBLICA;3524808;19812778000123;CSE CONSTRUTORA LTDA;SERVIÇOS CONTINUADOS DE MANUTENÇÃO PREDIAL, PREVENTIVA E CORRETIVA, COMPREENDENDO O FORNECIMENTO DE MÃO DE OBRA, FERRAMENTAS E EQUIPAMENTOS PARA ATENDER AS NECESSIDADES DAS UNIDADES DA SUPERINTENDÊNCIA DA POLÍCIA TÉCNICO-CIENTÍFICA - CIDADE DE SÃO PAULO E REGIÃO METROPOLITANA;4267033.24;2025-08-03;2026-08-03;2036-08-02;2026-08-13T16:18:12;servico_manutencao;servico;2026-08-24T23:15:04+00:00
46377800000127-2-005447/2026;2026NE000267;2026;46377800000127;SAO PAULO SECRETARIA DA SEGURANCA PUBLICA;3524808;04708626000108;DISTRIBUIDORA DE SUPRIMENTOS ETICA LTDA;AQUISIÇÃO DE MATERIAIS DE ESCRITÓRIO;1057.4;2026-06-16;2026-06-23;2026-12-31;2026-08-13T15:52:32;nao_classificado;indefinido;2026-08-24T23:15:04+00:00
46377800000127-2-005446/2026;02573;2026;46377800000127;SAO PAULO SECRETARIA DA SEGURANCA PUBLICA;3524808;05325362000176;ODONTOBAU - EQUIPAMENTOS ODONTOLOGICOS LTDA.;AQUISIÇÃO DE CONJUNTO ODONTOLÓGICO PARA A UIS DO CPI-3, INCLUI A MONTAGE/DESMONATGEM DO CONJUNTO E FILTRO DE AR ODONTOLÓGICO;35990.0;2026-07-30;2026-08-01;2026-08-30;2026-08-13T15:36:48;nao_classificado;indefinido;2026-08-24T23:15:04+00:00
46377800000127-2-005445/2026;2026NE00262;2026;46377800000127;SAO PAULO SECRETARIA DA SEGURANCA PUBLICA;3524808;49584483000108;CELSO APARECIDO BORGES  LTDA;AQUISIÇÃO DE MATERIAL DE CONSUMO - CAPAS DE ´PROCESSO - PARA A DELEGACIA SECCIONAL DE POLÍCIA DE BAURU;16900.0;2026-04-30;2026-04-30;2026-05-30;2026-08-13T15:21:54;nao_classificado;indefinido;2026-08-24T23:15:04+00:00
46377800000127-2-005444/2026;2026NE00332;2026;46377800000127;SAO PAULO SECRETARIA DA SEGURANCA PUBLICA;3524808;55276413000195;NEVOLITECH LTDA;AQUISIÇÃO DE MATERIAL DE CONSUMO - NOBREAKS PARA A DELEGACIA SECCIONAL DE POLÍCIA DE BAURU;15889.7;2026-06-26;2026-06-26;2026-07-26;2026-08-13T15:16:23;informatica;produto;2026-08-24T23:15:04+00:00
46377800000127-2-005443/2026;2026NE00180;2026;46377800000127;SAO PAULO SECRETARIA DA SEGURANCA PUBLICA;3524808;46423434000103;ATRIUM INDUSTRIA E COMERCIO DE FERRAGENS LTDA;AQUISIÇÃO DE MATERIAL DE CONSUMO PARA A DELEGACIA SECCIONAL DE POLÍCIA DE BAURU E UNIDADES SUBORDINADAS - LAMPADAS LED;1192.8;2026-04-16;2026-04-16;2026-05-16;2026-08-13T15:14:07;nao_classificado;indefinido;2026-08-24T23:15:04+00:00
46377800000127-2-005442/2026;2026NE000266;2026;46377800000127;SAO PAULO SECRETARIA DA SEGURANCA PUBLICA;3524808;55696882000163;PHSOLUCIONA LTDA;AQUISIÇÃO DE MATERIAIS DE ESCRITÓRIO;109.8;2026-06-09;2026-06-16;2026-12-31;2026-08-13T15:12:44;nao_classificado;indefinido;2026-08-24T23:15:04+00:00
46377800000127-2-005441/2026;2026NE00179;2026;46377800000127;SAO PAULO SECRETARIA DA SEGURANCA PUBLICA;3524808;42468977000188;AEF BID COMERCIO LTDA;AQUISIÇÃO DE MATERIAL DE CONSUMO - LÂMPADAS PARA A DELEGACIA SECCIONAL DE POLÍCIA DE BAURU E UNIDADES SUBORDINADAS;48.9;2026-04-16;2026-04-16;2026-05-16;2026-08-13T15:11:45;nao_classificado;indefinido;2026-08-24T23:15:04+00:00
46377800000127-2-005440/2026;2026NE000265;2026;46377800000127;SAO PAULO SECRETARIA DA SEGURANCA PUBLICA;3524808;55808167000175;LUPIAN ATACADO E VAREJO LTDA;AQUISIÇÃO DE MATERIAIS PARA ESCRITORIO;906.31;2026-06-09;2026-06-16;2026-12-31;2026-08-13T15:09:11;nao_classificado;indefinido;2026-08-24T23:15:04+00:00
46377800000127-2-005439/2026;2026NE00178;2026;46377800000127;SAO PAULO SECRETARIA DA SEGURANCA PUBLICA;3524808;13331317000152;ANA VALERIA TONELOTTO;AQUISIÇÃO DE MATERIAL DE CONSUMO -  CANETAS E FITAS CREPE PARA A DELEGACIA SECCINAL DE POLÍCIA DE BAURU E UNIDADES SUBORDINADAS;172.5;2026-04-16;2026-04-16;2026-05-16;2026-08-13T15:08:37;papelaria_expediente;produto;2026-08-24T23:15:04+00:00
46377800000127-2-005438/2026;2026NE00202;2026;46377800000127;SAO PAULO SECRETARIA DA SEGURANCA PUBLICA;3524808;27215469000102;COMERCIAL KHALILI LTDA;AQUISIÇÃO DE MATERIAL DE CONSUMO PARA A DELEGACIA SECCIONAL DE POLÍCIA DE BAURU - PRANCHETAS E APONTADORES;702.0;2026-04-27;2026-04-27;2026-05-27;2026-08-13T15:01:04;nao_classificado;indefinido;2026-08-24T23:15:04+00:00
46377800000127-2-005437/2026;2026NE000264;2026;46377800000127;SAO PAULO SECRETARIA DA SEGURANCA PUBLICA;3524808;39700820000121;MBEM COMERCIO E DISTRIBUICAO DE MATERIAIS ESCOLARES LTDA;AQUISIÇÃO DE MATERIAIS PARA ESCRITÓRIO;700.0;2026-06-09;2026-06-16;2026-12-31;2026-08-13T14:59:12;nao_classificado;indefinido;2026-08-24T23:15:04+00:00
46377800000127-2-005436/2026;2026NE00201;2026;46377800000127;SAO PAULO SECRETARIA DA SEGURANCA PUBLICA;3524808;25054760000102;GMIS COMERCIAL DE FERRAMENTAS LTDA;AQUISIÇÃO DE MATERIAL DE CONSUMO - LÂMPADAS PARA A DELEGACIA SECCIONAL DE POLÍCIA DE BAURU E UNIDADES SUBORDINAS.;576.8;2026-04-24;2026-04-24;2026-05-24;2026-08-13T14:53:09;nao_classificado;indefinido;2026-08-24T23:15:04+00:00
46377800000127-2-005434/2026;2026NE000095;2026;46377800000127;SAO PAULO SECRETARIA DA SEGURANCA PUBLICA;3524808;41076427000150;ATIVA MAQUINAS COMERCIO DE PRODUTOS AGRICOLAS LTDA;AQUISIÇÃO DE 02 (DUAS) MOTOSSERAS QUE SERÃO UTILIZADOS PARA TREINAMENTOS E OCORRÊNCIAS DE SALVAMENTO PELAS EQUIPES DAS ESTAÇÕES DE BOMBEIROS DO 1º SGB, DO 13º GRUPAMENTO DE BOMBEIROS.;7440.0;2026-08-13;2026-08-13;2026-09-12;2026-08-13T14:20:18;nao_classificado;indefinido;2026-08-24T23:15:04+00:00
46377800000127-2-005433/2026;05041;2026;46377800000127;SAO PAULO SECRETARIA DA SEGURANCA PUBLICA;3524808;27609549000134;BRUNA R DA SILVA MECANICA LTDA;SERVIÇO DE MANUTENÇÃO DE VTR DO 43.BPMI;195500.0;2026-08-13;2026-08-17;2026-09-17;2026-08-13T14:18:04;nao_classificado;indefinido;2026-08-24T23:15:04+00:00
46377800000127-2-005432/2026;2026NE00199;2026;46377800000127;SAO PAULO SECRETARIA DA SEGURANCA PUBLICA;3524808;48558302000106;BLA - SOLUCOES INTEGRADAS LTDA;AQUISIÇÃO DE MOUSES PARA A DELEGACIA SECCIONAL DE POLÍCIA DE BAURU E UNIDADES SUBORDINADAS.;445.5;2026-04-24;2026-04-24;2026-05-24;2026-08-13T13:37:23;nao_classificado;indefinido;2026-08-24T23:15:04+00:00
46377800000127-2-005431/2026;02;2026;46377800000127;SAO PAULO SECRETARIA DA SEGURANCA PUBLICA;3524808;51440040000195;CALAZANS GRILL FRANCHISING LTDA;PRESTACAO DE SERVICOS DE NUTRIÇÃO E ALIMENTAÇÃO DOS PRESOS NAS DEPENDÊNCIAS DO 26º DISTRITO POLICIAL - SACOMÃ, UNIDADE PERTENCENTE À 2ª DELEGACIA SECCIONAL DA CAPITAL;1903770.0;2026-07-06;2026-07-25;2029-01-25;2026-08-13T12:29:39;nao_classificado;indefinido;2026-08-24T23:15:04+00:00
46377800000127-2-005430/2026;002;2026;46377800000127;SAO PAULO SECRETARIA DA SEGURANCA PUBLICA;3524808;25305965000113;SUNSHINE SERVICOS TERCEIRIZADOS LTDA;Contratação de serviços contínuos de limpeza, asseio e conservação predial, visando à obtenção de adequadas condições de salubridade e higiene, com disponibilização de mão de obra em regime de dedicação exclusiva, saneantes domissanitários, materiais e equipamentos, nas dependências da na Sede da Delegacia Seccional de Polícia de Mogi das Cruzes e unidades subordinadas.;1940748.0;2026-07-28;2026-08-03;2029-02-02;2026-08-13T12:14:32;nao_classificado;indefinido;2026-08-24T23:15:04+00:00
46377800000127-2-005429/2026;00028;2026;46377800000127;SAO PAULO SECRETARIA DA SEGURANCA PUBLICA;3524808;03619767000515;TORINO INFORMATICA LTDA..;AQUISIÇÃO DE WORKSTATIONS PARA NPI/IC;2561686.4;2026-05-13;2026-05-13;2026-10-10;2026-08-13T12:14:25;nao_classificado;indefinido;2026-08-24T23:15:04+00:00
46377800000127-2-005428/2026;2026NE000104;2026;46377800000127;SAO PAULO SECRETARIA DA SEGURANCA PUBLICA;3524808;33487168000122;AUTOLEX COMERCIAL LTDA;AQUISIÇÃO DE MATERIAIS DE CONSUMO, MATERIAIS DE HIGIENE E LIMPZA UTENSÍLIOS DE COZINHA E DE ESCRITÓRIO.;960.0;2026-08-13;2026-08-13;2026-08-14;2026-08-13T11:45:21;nao_classificado;indefinido;2026-08-24T23:15:04+00:00
46377800000127-2-005427/2026;2026NE000103;2026;46377800000127;SAO PAULO SECRETARIA DA SEGURANCA PUBLICA;3524808;33487168000122;AUTOLEX COMERCIAL LTDA;AQUISIÇÃO DE MATERIAIS DE CONSUMO, MATERIAIS DE HIGIENE E LIMPZA UTENSÍLIOS DE COZINHA E DE ESCRITÓRIO.;620.0;2026-08-13;2026-08-13;2026-09-12;2026-08-13T11:41:45;nao_classificado;indefinido;2026-08-24T23:15:04+00:00
46377800000127-2-005426/2026;2026NE000102;2026;46377800000127;SAO PAULO SECRETARIA DA SEGURANCA PUBLICA;3524808;33487168000122;AUTOLEX COMERCIAL LTDA;AQUISIÇÃO DE MATERIAIS DE CONSUMO, MATERIAIS DE HIGIENE E LIMPZA UTENSÍLIOS DE COZINHA E DE ESCRITÓRIO.;1375.0;2026-08-13;2026-08-13;2026-08-14;2026-08-13T11:35:50;nao_classificado;indefinido;2026-08-24T23:15:04+00:00
46377800000127-2-005425/2026;2026NE000101;2026;46377800000127;SAO PAULO SECRETARIA DA SEGURANCA PUBLICA;3524808;33487168000122;AUTOLEX COMERCIAL LTDA;AQUISIÇÃO DE MATERIAIS DE CONSUMO, MATERIAIS DE HIGIENE E LIMPZA UTENSÍLIOS DE COZINHA E DE ESCRITÓRIO.;700.0;2026-08-13;2026-08-13;2026-09-12;2026-08-13T11:31:59;nao_classificado;indefinido;2026-08-24T23:15:04+00:00
46377800000127-2-005424/2026;2026NE000366;2026;46377800000127;SAO PAULO SECRETARIA DA SEGURANCA PUBLICA;3524808;45729971000105;GOMES & SUCHENSKI LTDA;DISCO RIGIDO SSD INTERNO;21056.0;2026-08-11;2026-08-11;2026-09-11;2026-08-13T11:14:37;nao_classificado;indefinido;2026-08-24T23:15:04+00:00
46377800000127-2-005423/2026;2026NE000365;2026;46377800000127;SAO PAULO SECRETARIA DA SEGURANCA PUBLICA;3524808;35911911000155;LOVRIM COMERCIO LTDA;MEMORIA RAM DDR4;28534.8;2026-08-11;2026-08-11;2026-09-11;2026-08-13T11:10:36;nao_classificado;indefinido;2026-08-24T23:15:04+00:00
46377800000127-2-005422/2026;2026NE000364;2026;46377800000127;SAO PAULO SECRETARIA DA SEGURANCA PUBLICA;3524808;47821089000110;LICITATECH COMERCIO LTDA;PEN DRIVE 8GB;4578.0;2026-08-11;2026-08-11;2026-09-11;2026-08-13T11:05:47;nao_classificado;indefinido;2026-08-24T23:15:04+00:00
46377800000127-2-005421/2026;2026NE000223;2026;46377800000127;SAO PAULO SECRETARIA DA SEGURANCA PUBLICA;3524808;41244330000100;SOLANGE VIDAL MANN LTDA;AQUISIÇÃO DE MATERIAIS DE ESCRITÓRIO;1160.0;2026-05-26;2026-06-03;2026-12-31;2026-08-13T11:01:29;nao_classificado;indefinido;2026-08-24T23:15:04+00:00
46377800000127-2-005420/2026;2026NE000106;2026;46377800000127;SAO PAULO SECRETARIA DA SEGURANCA PUBLICA;3524808;60403604000100;60.403.604 EDUARDO DE PAULA SOARES;AQUISIÇÃO DE FITA VINILICA ADESIVA;3296.7;2026-03-06;2026-03-09;2026-04-09;2026-08-13T11:01:18;nao_classificado;indefinido;2026-08-24T23:15:04+00:00
46377800000127-2-005419/2026;2026NE000100;2026;46377800000127;SAO PAULO SECRETARIA DA SEGURANCA PUBLICA;3524808;33487168000122;AUTOLEX COMERCIAL LTDA;AQUISIÇÃO DE MATERIAIS DE CONSUMO, MATERIAIS DE HIGIENE E LIMPZA UTENSÍLIOS DE COZINHA E DE ESCRITÓRIO.;980.0;2026-08-13;2026-08-13;2026-09-12;2026-08-13T10:43:24;nao_classificado;indefinido;2026-08-24T23:15:04+00:00
46377800000127-2-005418/2026;2026NE00198;2026;46377800000127;SAO PAULO SECRETARIA DA SEGURANCA PUBLICA;3524808;57812230000172;GLOBAL COMERCIO DE ARTIGOS EM GERAL LTDA;AQUISIÇÃO DE MATERIAL DE CONSUMO - ADOÇANTE - PARA A DELEGACIA SECCIONAL DE POLÍCIA DE BAURU E UNIDADES SUBORDINADAS.;1800.0;2026-04-23;2026-04-23;2026-05-23;2026-08-13T10:42:14;nao_classificado;indefinido;2026-08-24T23:15:04+00:00
51337970000118-2-000012/2026;0013/26;2026;51337970000118;SERVICO AUTONOMO DE AGUA, ESGOTOS E MEIO AMBIENTE - SAAE AMBIENTAL;3546603;10946115000127;HELIO DE SOUZA LIMA LTDA;CONTRATAÇÃO DE EMPRESA ESPECIALIZADA PARA PRESTAÇÃO DE SERVIÇO DE LICENCIAMENTO DE SISTEMA PARA VIDEOMONITORAMENTO COM ARMAZENAMENTO EM NUVEM E INTEGRAÇÃO DE CERCO DIGITAL A SER APLICADO NAS CÂMERAS INSTALADAS NOS POÇOS E ESTAÇÕES ELEVATÓRIAS DE ESGOTO DO SAAE AMBIENTAL;64320.0;2026-08-10;2026-08-10;2027-08-09;2026-08-13T10:41:31;nao_classificado;indefinido;2026-08-24T19:24:04+00:00
46377800000127-2-005417/2026;2026NE00205;2026;46377800000127;SAO PAULO SECRETARIA DA SEGURANCA PUBLICA;3524808;58508063000133;MARCIA M. DA SILVA SOLUCOES EM COMERCIO E SERVICOS;AQUISIÇÃO DE MATERIAL DE CONSUMO - AÇÚCAR - PARA A DELEGACIA SECCIONAL DE POLÍCIA DE BAURU.;1225.0;2026-04-27;2026-04-27;2026-05-27;2026-08-13T10:34:48;generos_alimenticios;produto;2026-08-24T23:15:04+00:00
46377800000127-2-005416/2026;2026NE000019;2026;46377800000127;SAO PAULO SECRETARIA DA SEGURANCA PUBLICA;3524808;44669141000177;JOBE LUV INDUSTRIA E COMERCIO LTDA;PARES DE LUVAS DE INCÊNDIO;132073.0;2026-02-25;2026-02-25;2026-06-25;2026-08-13T10:33:35;nao_classificado;indefinido;2026-08-24T23:15:04+00:00
46377800000127-2-005415/2026;2026NE00206;2026;46377800000127;SAO PAULO SECRETARIA DA SEGURANCA PUBLICA;3524808;58508063000133;MARCIA M. DA SILVA SOLUCOES EM COMERCIO E SERVICOS;AQUISIÇÃO DE MATERIAL DE CONSUMO - PERFURADORES DE PAPEL PARA A DELEGACIA SECCIONAL DE POL´ÍCIA DE BAURU E UNIDADES SUBORDINADAS.;945.0;2026-04-27;2026-04-27;2026-05-27;2026-08-13T10:24:18;nao_classificado;indefinido;2026-08-24T23:15:04+00:00
46377800000127-2-005414/2026;00027;2026;46377800000127;SAO PAULO SECRETARIA DA SEGURANCA PUBLICA;3524808;55906665000150;FORTE ALIANCA SERVICOS TERCEIRIZADOS LTDA;PRESTAÇÃO DE SERVIÇOS CONTÍNUOS DE CONTROLE, OPERAÇÃO E FISCALIZAÇÃO DE PORTARIAS E EDIFICIOS PARA O NPC E NPML DE SANTOS;201600.0;2026-06-17;2026-07-01;2027-06-30;2026-08-13T10:23:06;nao_classificado;indefinido;2026-08-24T23:15:04+00:00
46377800000127-2-005413/2026;2026NE00210;2026;46377800000127;SAO PAULO SECRETARIA DA SEGURANCA PUBLICA;3524808;49506420000133;MAK COMERCIO E DISTRIBUIDORA LTDA;AQUISIÇÃO DE GRAMPEADORES PARA A DELEGACIA SECCIONAL DE POLÍCIA DE BAURU E UNIDADES SUBORDINADAS.;769.2;2026-04-27;2026-04-27;2026-05-27;2026-08-13T10:22:00;papelaria_expediente;produto;2026-08-24T23:15:04+00:00
46377800000127-2-005412/2026;2026NE00200;2026;46377800000127;SAO PAULO SECRETARIA DA SEGURANCA PUBLICA;3524808;30611004000177;AZ IMPORTACAO E DISTRIBUICAO LTDA;AQUISIÇÃO DE LÂMPADAS PARA A DELEGACIA SECCIONAL DE POLÍCIA DE BAURU.;1428.0;2026-04-24;2026-04-24;2026-05-24;2026-08-13T10:18:14;nao_classificado;indefinido;2026-08-24T23:15:04+00:00
46377800000127-2-005411/2026;2026NE000105;2026;46377800000127;SAO PAULO SECRETARIA DA SEGURANCA PUBLICA;3524808;67440461000156;MEGAPEL COMERCIAL LTDA;AQUISIÇÃO DE FITA ADESIVA / GRAMPO GALVANIZADO / LIVRO ATA;1375.6;2026-03-06;2026-03-09;2026-04-09;2026-08-13T10:17:10;nao_classificado;indefinido;2026-08-24T23:15:04+00:00
46377800000127-2-005410/2026;2026NE000104;2026;46377800000127;SAO PAULO SECRETARIA DA SEGURANCA PUBLICA;3524808;18112610000142;LA LUNA COMERCIO DE PRODUTOS E ACESSORIOS LTDA;AQUISIÇÃO DE LIXEIRA;437.2;2026-03-06;2026-03-09;2026-04-09;2026-08-13T10:08:21;nao_classificado;indefinido;2026-08-24T23:15:04+00:00
46377800000127-2-005409/2026;2026NE000222;2026;46377800000127;SAO PAULO SECRETARIA DA SEGURANCA PUBLICA;3524808;60424398000115;ROBERTSON DANIEL RAUTER DA SILVA FILHO;AQUISIÇÃO DE MATERIAIS PARA ESCRITORIO;2400.0;2026-05-26;2026-06-03;2026-12-31;2026-08-13T10:06:50;nao_classificado;indefinido;2026-08-24T23:15:04+00:00
46377800000127-2-005408/2026;2026NE000221;2026;46377800000127;SAO PAULO SECRETARIA DA SEGURANCA PUBLICA;3524808;21573652000195;UNITECH SOLUCOES TECNOLOGICAS LTDA;AQUISIÇÃO DE MATERIAIS PARA ESCRITÓRIO;16734.84;2026-05-26;2026-06-03;2026-06-03;2026-08-13T09:54:16;nao_classificado;indefinido;2026-08-24T23:15:04+00:00
46377800000127-2-005407/2026;2026NE000103;2026;46377800000127;SAO PAULO SECRETARIA DA SEGURANCA PUBLICA;3524808;18112610000142;LA LUNA COMERCIO DE PRODUTOS E ACESSORIOS LTDA;AQUISIÇÃO DE CANETA MARCA TEXTO;1509.9;2026-03-06;2026-03-09;2026-04-09;2026-08-13T09:54:11;papelaria_expediente;produto;2026-08-24T23:15:04+00:00
46377800000127-2-005406/2026;2026NE000206;2026;46377800000127;SAO PAULO SECRETARIA DA SEGURANCA PUBLICA;3524808;31005611000156;ISLA COMERCIO VAREJISTA DE PNEUS E RODAS LTDA;AQUISIÇÃO DE PNEUS;1320.0;2026-05-12;2026-05-19;2026-12-31;2026-08-13T09:42:26;nao_classificado;indefinido;2026-08-24T23:15:04+00:00
46377800000127-2-005405/2026;2026NE000205;2026;46377800000127;SAO PAULO SECRETARIA DA SEGURANCA PUBLICA;3524808;65784664000134;LICITPNEUS COMERCIO E REPRESENTACAO LTDA;AQUISIÇÃO DE PNEUS;7870.2;2026-05-12;2026-05-19;2026-12-31;2026-08-13T09:39:11;nao_classificado;indefinido;2026-08-24T23:15:04+00:00
65712077000130-2-000020/2026;0036/26;2026;65712077000130;MUNICIPIO DE PONTALINDA;3540259;51439523000170;MARCELO SANA DE CAMARGO ENTRETENIMENTO - LTDA;Contratação de empresa especializada para locação, instalação e remoção de estruturas, com fornecimento de equipamentos e mão de obra qualificada, na promoção do evento para realização da festividade de aniversário desta Municipalidade, a serem realizados entre os dias 13 a 15 de agosto de 2026, na Praça Central, os quais deverão observar os padrões de qualidade exigíveis bem como as demais condições e normas estabelecidas pelo mercado nacional;26900.0;2026-08-13;2026-08-13;2026-11-10;2026-08-13T09:19:03;nao_classificado;indefinido;2026-08-24T23:15:11+00:00
65712077000130-2-000019/2026;0035/26;2026;65712077000130;MUNICIPIO DE PONTALINDA;3540259;45297920000151;EDILSON FURLAN VIEL;Contratação de empresa especializada para locação, instalação e remoção de estruturas, com fornecimento de equipamentos e mão de obra qualificada, na promoção do evento para realização da festividade de aniversário desta Municipalidade, a serem realizados entre os dias 13 a 15 de agosto de 2026, na Praça Central, os quais deverão observar os padrões de qualidade exigíveis bem como as demais condições e normas estabelecidas pelo mercado nacional;14800.0;2026-08-13;2026-08-13;2026-11-10;2026-08-13T08:53:36;nao_classificado;indefinido;2026-08-24T23:15:11+00:00
46377800000127-2-005404/2026;00010;2026;46377800000127;SAO PAULO SECRETARIA DA SEGURANCA PUBLICA;3524808;46304076000101;RODRIGO DA GRACA ARANHA BOITEUX;"ESPADA DE CAVALARIA;
FIADOR; DE CORDÃO DE SEDA DOURADO.";42638.32;2026-08-12;2026-08-13;2026-09-14;2026-08-13T08:03:08;nao_classificado;indefinido;2026-08-24T23:15:04+00:00
45138070000149-2-000861/2026;6122;2026;45138070000149;MUNICIPIO DE SANTA FE DO SUL;3546603;51378988000168;51.378.988 MARLON FOLCONI;Contratação de empresa especializada para realizar o evento de Juramento à Bandeira, com equipamentos inclusos, conforme Processo SEI n°3546603.437.00001387/2026-06.;6150.0;2026-08-12;2026-08-12;2026-08-12;2026-08-13T07:57:28;nao_classificado;indefinido;2026-08-24T19:23:58+00:00
46377800000127-2-005403/2026;2026NE001166;2026;46377800000127;SAO PAULO SECRETARIA DA SEGURANCA PUBLICA;3524808;32881170000119;AQUA MART DISTRIBUIDORA DE PRODUTOS DE AQUARISMO LTDA;AQUISIÇÃO DE AGUA MINERAL PARA A 5ª CIA DO 2° BPM/I EM GUARARAPES-SP.;708.0;2026-08-12;2026-08-12;2027-05-26;2026-08-12T16:56:54;nao_classificado;indefinido;2026-08-24T23:15:04+00:00
46377800000127-2-005402/2026;00037;2026;46377800000127;SAO PAULO SECRETARIA DA SEGURANCA PUBLICA;3524808;60978393000134;CONSORCIO UNIAO SAO PAULO;contratação de serviços não contínuos de manutenção preventiva e corretiva, com a aplicação de peças e acessórios genuínos e/ou de reposições originais nos veículos oficiais pertencentes a frota da Secretaria da Segurança Pública (SSP/SP);29152.46;2026-08-07;2026-08-07;2026-08-20;2026-08-12T16:50:40;nao_classificado;indefinido;2026-08-24T23:15:04+00:00
45138070000149-2-000860/2026;6119;2026;45138070000149;MUNICIPIO DE SANTA FE DO SUL;3546603;42955511000107;ALVES FERREIRA CONSTRUCOES LTDA;"Contratação de serviço de manutenção nas escolas E.M Prof Agnes Rondon Ribeiro, EMPI Prof Dirce Aparecida Pedrassa Contieiro e EM Prof Benedicto de Lima, conforme Processo SEI n° 3546603.437.00001190/2026-69;";3750.0;2026-08-12;2026-08-12;2026-08-12;2026-08-12T16:35:27;nao_classificado;indefinido;2026-08-24T19:23:58+00:00
46377800000127-2-006457/2024;00012;2024;46377800000127;SAO PAULO SECRETARIA DA SEGURANCA PUBLICA;3524808;03111558000302;AXIAL AVIAÇÃO LTDA;2º TERMO DE ADITAMENTO AO CONTRATO DOPE N. 12/2024;918973.12;2026-08-10;2026-09-06;2027-09-06;2026-08-12T16:34:02;nao_classificado;indefinido;2026-08-24T23:15:04+00:00
46377800000127-2-005401/2026;2026NE000047;2026;46377800000127;SAO PAULO SECRETARIA DA SEGURANCA PUBLICA;3524808;14459158000139;RVN DISTRIBUIDORA DE PRODUTOS LTDA;AQUISIÇÃO DE SABONETE LÍQUIDO;1960.0;2026-02-19;2026-02-20;2026-04-20;2026-08-12T16:32:45;limpeza_higiene;produto;2026-08-24T23:15:04+00:00
45138070000149-2-000859/2026;6118;2026;45138070000149;MUNICIPIO DE SANTA FE DO SUL;3546603;42955511000107;ALVES FERREIRA CONSTRUCOES LTDA;"Contratação de serviço de manutenção nas escolas E.M Prof Agnes Rondon Ribeiro, EMPI Prof Dirce Aparecida Pedrassa Contieiro e EM Prof Benedicto de Lima, conforme Processo SEI n° 3546603.437.00001190/2026-69;";3500.0;2026-08-12;2026-08-12;2026-08-12;2026-08-12T16:31:10;nao_classificado;indefinido;2026-08-24T19:23:58+00:00
46377800000127-2-006456/2024;00011;2024;46377800000127;SAO PAULO SECRETARIA DA SEGURANCA PUBLICA;3524808;17210856000194;HANGAR BRAVO MANUTENCAO, IMPORTACAO E EXPORTACAO DE AERONAVES LTDA;2º TERMO DE ADITAMENTO AO CONTRATO DOPE Nº 11/2024;1790000.0;2026-08-10;2026-09-10;2027-09-10;2026-08-12T16:28:54;nao_classificado;indefinido;2026-08-24T23:15:04+00:00
45138070000149-2-000858/2026;6113;2026;45138070000149;MUNICIPIO DE SANTA FE DO SUL;3546603;46403332000118;U. F. COMERCIO VAR DE ILUMINACAO LTDA.;Aquisição de refletores para Praça Stélio Machado, conforme Processo SEI n° 3546603.437.00001321/2026-16;479.4;2026-08-12;2026-08-12;2026-08-12;2026-08-12T16:25:00;nao_classificado;indefinido;2026-08-24T19:23:58+00:00
46377800000127-2-005400/2026;2026NE000046;2026;46377800000127;SAO PAULO SECRETARIA DA SEGURANCA PUBLICA;3524808;62551771000124;EJ DISTRIBUICAO LTDA;AQUISIÇÃO DE TOALHA DE PAPEL INTERFOLHA;4361.6;2026-02-19;2026-02-20;2026-04-20;2026-08-12T16:24:33;nao_classificado;indefinido;2026-08-24T23:15:04+00:00
46377800000127-2-005399/2026;2026NE000045;2026;46377800000127;SAO PAULO SECRETARIA DA SEGURANCA PUBLICA;3524808;24077447000127;FLEXXLIMP COMERCIAL LTDA;AQUISIÇÃO DE PAPEL HIGIÊNICO;4092.0;2026-02-19;2026-02-20;2026-04-20;2026-08-12T16:16:46;limpeza_higiene;produto;2026-08-24T23:15:04+00:00
46377800000127-2-005398/2026;2026NE000015;2026;46377800000127;SAO PAULO SECRETARIA DA SEGURANCA PUBLICA;3524808;43679378000176;QUALIDADE INDUSTRIA QUIMICA LTDA;TINTA CRÍLICA PARA PISOS A BASE DE RESINA EMULSIONADA EM ÁGUA RESITENTE A ABRASÃO, ACABAMENTO ANTIDERRAPANTE, DIVERSAS CORES.;13425.3;2026-02-11;2026-03-18;2026-03-30;2026-08-12T16:14:31;nao_classificado;indefinido;2026-08-24T23:15:04+00:00
46377800000127-2-005397/2026;2026NE000014;2026;46377800000127;SAO PAULO SECRETARIA DA SEGURANCA PUBLICA;3524808;40688403000190;COMERCIAL MILENIUM LTDA;"AQUISIÇÃO DE TINTA LÁTEX A BASE DE RESINA ACRILICA NA COR CINZA; AQUISIÇÃO DE TINTA LÁTEX A BASE DE RESINA ACRILICA NA COR  AZUL; AQUISIÇÃO DE TINTA LÁTEX A BASE DE RESINA ACRILICA NA COR  AMARELA;
AQUISIÇÃO DE TINTA LÁTEX A BASE DE RESINA ACRILICA NA COR VERMELHA.";21600.0;2026-03-18;2026-03-18;2026-03-30;2026-08-12T16:01:20;nao_classificado;indefinido;2026-08-24T23:15:04+00:00
46377800000127-2-005396/2026;2026NE000189;2026;46377800000127;SAO PAULO SECRETARIA DA SEGURANCA PUBLICA;3524808;18878698000108;18.878.698 ARISTOTELES GOMES ROCHA;MATERIAIS DIVERSOS;2771.0;2026-04-28;2026-05-06;2026-12-31;2026-08-12T15:59:57;nao_classificado;indefinido;2026-08-24T23:15:04+00:00
46377800000127-2-005395/2026;2026NE000188;2026;46377800000127;SAO PAULO SECRETARIA DA SEGURANCA PUBLICA;3524808;60155336000155;60.155.336 FRANCISCO VINICIUS MAIA LIRA;MATERIAIS DIVERSOS;3407.54;2026-04-28;2026-05-06;2026-12-31;2026-08-12T15:52:36;nao_classificado;indefinido;2026-08-24T23:15:04+00:00
46377800000127-2-005392/2026;00012;2026;46377800000127;SAO PAULO SECRETARIA DA SEGURANCA PUBLICA;3524808;15453449000859;RESGATECNICA COMERCIO DE EQUIPAMENTOS DE RESGATE LTDA;AQUISIÇÃO DE 01 (UM) CONJUNTO DE ESCORAS PARA ESTABILIZAÇÃO VEICULAR - LOTE 02 - MARCA HOLMATRO.;20000.0;2026-07-30;2026-07-30;2026-09-28;2026-08-12T15:06:14;nao_classificado;indefinido;2026-08-24T23:15:04+00:00
46377800000127-2-005391/2026;2026NE001527;2026;46377800000127;SAO PAULO SECRETARIA DA SEGURANCA PUBLICA;3524808;45793198000146;F. G. OLIVEIRA PUBLICIDADE;SERVIÇO DE CONFECÇÃO E INSTALAÇÃO DE COMUNICAÇÃO VISUAL;3498.0;2026-08-11;2026-08-11;2026-10-11;2026-08-12T14:56:47;textil_uniforme;produto;2026-08-24T23:15:04+00:00
46377800000127-2-005390/2026;00006;2026;46377800000127;SAO PAULO SECRETARIA DA SEGURANCA PUBLICA;3524808;13365229000171;PROATIVA COMERCIO DE PECAS E ACESSORIOS AUTOMOTORES LTDA;ITEM 01 PAT 26.879 JAGUARIUNA;31707.29;2026-08-05;2026-08-12;2026-09-12;2026-08-12T14:48:28;nao_classificado;indefinido;2026-08-24T23:15:04+00:00
46377800000127-2-005388/2026;2026NE000353;2026;46377800000127;SAO PAULO SECRETARIA DA SEGURANCA PUBLICA;3524808;18791300000100;EUNICE DE OLIVEIRA RODRIGUES DOS SANTOS;AQUISIÇÃO DE MATERIAIS DE INFORMÁTICA - ITEM 15 (CAIXA DE SOM PARA COMPUTADOR);1647.0;2026-07-30;2026-07-30;2026-08-11;2026-08-12T14:08:18;informatica;produto;2026-08-24T23:15:04+00:00
46377800000127-2-005387/2026;2026NE000334;2026;46377800000127;SAO PAULO SECRETARIA DA SEGURANCA PUBLICA;3524808;18791300000100;EUNICE DE OLIVEIRA RODRIGUES DOS SANTOS;AQUISIÇÃO DE MATERIAIS DE INFORMÁTICA - ITEM 11 (DVR 16 CANAIS);3015.28;2026-07-28;2026-07-28;2026-08-11;2026-08-12T14:01:58;nao_classificado;indefinido;2026-08-24T23:15:04+00:00
46377800000127-2-005386/2026;2026NE000332;2026;46377800000127;SAO PAULO SECRETARIA DA SEGURANCA PUBLICA;3524808;18791300000100;EUNICE DE OLIVEIRA RODRIGUES DOS SANTOS;AQUISIÇÃO DE MATERIAIS DE CONSUMO DIVERSOS - ITENS 5 E 6 (MÍDIA DVD-R E PENDRIVE 64GB);2066.4;2026-07-28;2026-07-28;2026-08-11;2026-08-12T13:57:37;nao_classificado;indefinido;2026-08-24T23:15:04+00:00
46377800000127-2-005385/2026;2026NE000508;2026;46377800000127;SAO PAULO SECRETARIA DA SEGURANCA PUBLICA;3524808;65811708000178;SANCAPLAST INDUSTRIA E COMERCIO DE EMBALAGENS LTDA;AQUISICAO DE MATERIAL DE CONSUMO ( CINCO PACOTES CONTENDO 100 UNIDADES CADA DE SACOS PLASTICOS MEDINDO 80 X 120 CM, COM ESPESSURA DE 0,25 MM;1950.0;2026-08-11;2026-08-11;2026-12-31;2026-08-12T13:21:55;nao_classificado;indefinido;2026-08-24T23:15:04+00:00
46377800000127-2-005384/2026;2026NE00507;2026;46377800000127;SAO PAULO SECRETARIA DA SEGURANCA PUBLICA;3524808;55144267000144;55.144.267 SILVANA REGINA MARIA VALVERDE;MATERIAL DE CONSUMO ( 40 PACOTES DE AÇUCAR DE 5 QUILOS);713.2;2026-08-11;2026-08-11;2026-12-31;2026-08-12T13:18:20;generos_alimenticios;produto;2026-08-24T23:15:04+00:00
46377800000127-2-005383/2026;2026NE001455;2026;46377800000127;SAO PAULO SECRETARIA DA SEGURANCA PUBLICA;3524808;50718368000168;PAULO HENRIQUE DA SILVA FERREIRA;AQUISIÇÃO DE MATERIAIS DE CONSUMO;698.55;2026-07-30;2026-07-30;2026-08-30;2026-08-12T11:26:24;nao_classificado;indefinido;2026-08-24T23:15:04+00:00
46377800000127-2-005382/2026;00004;2026;46377800000127;SAO PAULO SECRETARIA DA SEGURANCA PUBLICA;3524808;14516006000120;VECTOR MOVEIS CORPORATIVOS LTDA;AQUISIÇÃO DE MÓVEIS ATRAVÉS DA ARP 03/2025- DAP;3100.0;2026-04-23;2026-04-23;2026-05-22;2026-08-12T11:24:16;nao_classificado;indefinido;2026-08-24T23:15:04+00:00
46377800000127-2-005381/2026;2026NE001454;2026;46377800000127;SAO PAULO SECRETARIA DA SEGURANCA PUBLICA;3524808;05105430000191;CS TINTAS E FERRAGENS POA LTDA;AQUISIÇÃO DE MATERIAIS DE CONSUMO;1854.0;2026-07-30;2026-07-30;2026-08-30;2026-08-12T11:21:41;nao_classificado;indefinido;2026-08-24T23:15:04+00:00
46377800000127-2-005380/2026;2026NE001453;2026;46377800000127;SAO PAULO SECRETARIA DA SEGURANCA PUBLICA;3524808;46636768000157;MAED COMERCIO E SERVICOS ADMINISTRATIVOS LTDA;AQUISIÇÃO DE MATERIAIS DE CONSUMO;380.0;2026-07-30;2026-07-30;2026-08-30;2026-08-12T11:17:25;nao_classificado;indefinido;2026-08-24T23:15:04+00:00
46377800000127-2-005377/2026;00007;2026;46377800000127;SAO PAULO SECRETARIA DA SEGURANCA PUBLICA;3524808;10330160000152;PIVATO ENGTEC SOLUCOES EM ENGENHARIA LTDA;SERVIÇO COMUM DE ENGENHARIA PARA REFORMA DO TELHADO, DO ALMOXARIFADO DA SEDE DO DEPARTAMENTO DE POLÍCIA JUDICIÁRIA DA CAPITAL - DECAP SITUADO NA RUA FERREIRA DE ARAÚJO, 653, PINHEIROS - SÃO PAULO/CAPITAL;100000.0;2026-08-10;2026-08-12;2026-11-11;2026-08-12T10:56:52;nao_classificado;indefinido;2026-08-24T23:15:04+00:00
46377800000127-2-005376/2026;2026NE001450;2026;46377800000127;SAO PAULO SECRETARIA DA SEGURANCA PUBLICA;3524808;00008089000132;COMPOSE TECIDOS LTDA;AQUISIÇÃO DE MATERIAIS DE CONSUMO;258.45;2026-07-30;2026-07-30;2026-08-30;2026-08-12T10:55:46;nao_classificado;indefinido;2026-08-24T23:15:04+00:00
46377800000127-2-005375/2026;2026NE001449;2026;46377800000127;SAO PAULO SECRETARIA DA SEGURANCA PUBLICA;3524808;64834032000175;64.834.032 TALITA GARCIA NEVES;AQUISIÇÃO DE MATERIAIS DE CONSUMO;38.64;2026-07-30;2026-07-30;2026-08-30;2026-08-12T10:50:00;nao_classificado;indefinido;2026-08-24T23:15:04+00:00
46377800000127-2-005374/2026;2026NE001448;2026;46377800000127;SAO PAULO SECRETARIA DA SEGURANCA PUBLICA;3524808;54589560000152;MAP BRASIL REPRESENTACOES E SERVICOS TECNICOS LTDA;AQUISIÇÃO DE MATERIAIS DE CONSUMO;88.56;2026-07-30;2026-07-30;2026-08-30;2026-08-12T10:45:38;nao_classificado;indefinido;2026-08-24T23:15:04+00:00
46377800000127-2-005373/2026;2026NE001447;2026;46377800000127;SAO PAULO SECRETARIA DA SEGURANCA PUBLICA;3524808;57167758000136;57.167.758 LUCAS MILANI MENDONCA;AQUISIÇÃO DE MATERIAIS DE CONSUMO;72.0;2026-07-30;2026-07-30;2026-08-30;2026-08-12T10:40:35;nao_classificado;indefinido;2026-08-24T23:15:04+00:00
46377800000127-2-005370/2026;2026NE001444;2026;46377800000127;SAO PAULO SECRETARIA DA SEGURANCA PUBLICA;3524808;56921200000131;LOTUS PAPER DISTRIBUIDORA LTDA;AQUISIÇÃO DE MATERIAS DE CONSUMO;18760.0;2026-07-30;2026-07-30;2026-08-30;2026-08-12T10:19:05;nao_classificado;indefinido;2026-08-24T23:15:04+00:00
46377800000127-2-005369/2026;2026NE000159;2026;46377800000127;SAO PAULO SECRETARIA DA SEGURANCA PUBLICA;3524808;45388474000190;AGHA ATACADO LTDA;GÊNEROS ALIMENTÍCIOS;2382.0;2026-04-07;2026-04-15;2026-12-31;2026-08-12T10:12:17;nao_classificado;indefinido;2026-08-24T23:15:04+00:00
46377800000127-2-005368/2026;2026NE001462;2026;46377800000127;SAO PAULO SECRETARIA DA SEGURANCA PUBLICA;3524808;35991410000126;ALPICK COMERCIO DE ALIMENTOS E SERVICOS LTDA;AQUISIÇÃO DE MATERIAIS DE CONSUMO;700.0;2026-07-31;2026-07-31;2026-08-31;2026-08-12T10:11:54;nao_classificado;indefinido;2026-08-24T23:15:04+00:00
46377800000127-2-005367/2026;02652;2026;46377800000127;SAO PAULO SECRETARIA DA SEGURANCA PUBLICA;3524808;21895018000179;METALURGICA UNICORTE LTDA;AQUISIÇÃO DE ARMÁRIOS PARA O 51º BPMI;109560.0;2026-08-07;2026-08-07;2026-09-07;2026-08-12T10:00:03;nao_classificado;indefinido;2026-08-24T23:15:04+00:00
46377800000127-2-005366/2026;2026NE000158;2026;46377800000127;SAO PAULO SECRETARIA DA SEGURANCA PUBLICA;3524808;35991410000126;ALPICK COMERCIO DE ALIMENTOS E SERVICOS LTDA;GÊNEROS ALIMENTÍCIOS;17984.0;2026-04-07;2026-04-15;2026-12-31;2026-08-12T09:58:03;nao_classificado;indefinido;2026-08-24T23:15:04+00:00
46377800000127-2-005365/2026;2026NE000316;2026;46377800000127;SAO PAULO SECRETARIA DA SEGURANCA PUBLICA;3524808;49670223000155;CAFE FRAGA LTDA;CAFE TRADICIONAL, TORRADO E MOIDO;360.0;2026-08-11;2026-08-11;2026-09-11;2026-08-12T09:56:10;generos_alimenticios;produto;2026-08-24T23:15:04+00:00
46377800000127-2-005364/2026;2026NE000157;2026;46377800000127;SAO PAULO SECRETARIA DA SEGURANCA PUBLICA;3524808;26832037000170;VALDEMIR PESSOA;GÊNEROS ALIMENTÍCIOS;1980.0;2026-04-07;2026-04-15;2026-12-31;2026-08-12T09:53:26;nao_classificado;indefinido;2026-08-24T23:15:04+00:00
46377800000127-2-005363/2026;2026NE000315;2026;46377800000127;SAO PAULO SECRETARIA DA SEGURANCA PUBLICA;3524808;51560262000141;TERRA NOVA BEBIDAS LTDA;AGUA MINERAL, NATURAL COM GAS.;1751.0;2026-08-11;2026-08-11;2026-09-11;2026-08-12T09:52:43;nao_classificado;indefinido;2026-08-24T23:15:04+00:00
46377800000127-2-005362/2026;2026NE000314;2026;46377800000127;SAO PAULO SECRETARIA DA SEGURANCA PUBLICA;3524808;57812230000172;GLOBAL COMERCIO DE ARTIGOS EM GERAL LTDA;"ACUCAR, REFINADO;
BISCOITO DOCE WAFER, COM RECHEIO SABOR DE CHOCOLATE;
LEITE UHT/UAT, INTEGRAL;
CHA, DE CAMOMILA;
CHA, DE CAPIM CIDREIRA.";940.6;2026-08-11;2026-08-11;2026-09-11;2026-08-12T09:49:19;panificacao;produto;2026-08-24T23:15:04+00:00
45138070000149-2-000855/2026;6098;2026;45138070000149;MUNICIPIO DE SANTA FE DO SUL;3546603;23868068000192;23.868.068 RINALDO JOSE KRAFT;Serviço de substituição de motor para portão eletrônico, de acordo com processo SEI nº: 3546603.437.00001372/2026-30.;980.0;2026-08-11;2026-08-11;2026-08-11;2026-08-12T09:10:00;nao_classificado;indefinido;2026-08-24T19:23:58+00:00
45138070000149-2-000856/2026;6099;2026;45138070000149;MUNICIPIO DE SANTA FE DO SUL;3546603;12399583000154;F. DE ASSIS FONTINELE & CIA. LTDA;Aquisição de medicamentos para o Núcleo de Assistência à Saúde - NAS, conforme o processo SEI n° 3546603.437.00001318/2026-94.;799.8;2026-08-11;2026-08-11;2026-08-11;2026-08-12T09:10:00;medicamentos;produto;2026-08-24T19:23:58+00:00
45138070000149-2-000857/2026;6104;2026;45138070000149;MUNICIPIO DE SANTA FE DO SUL;3546603;21660059000186;DANILO PAZINE AUGUSTO MARQUES - ME;"Processo SEI nº 3546603.437.00001279/2026-25;
Aquisição de pão francês aos servidores do Departamento de Conservação do Município.";6449.13;2026-08-11;2026-08-11;2026-08-11;2026-08-12T09:10:00;panificacao;produto;2026-08-24T19:23:58+00:00
46377800000127-2-005359/2026;2026NE000159;2026;46377800000127;SAO PAULO SECRETARIA DA SEGURANCA PUBLICA;3524808;57939297000172;FELIPE CALMON SILVA;AQUISIÇÃO DE 03 LANTERNAS DE MERGULHO PARA A BASE DE BOMBEIROS DE PENAPOLIS;2074.38;2026-08-12;2026-08-12;2026-09-11;2026-08-12T08:57:29;nao_classificado;indefinido;2026-08-24T23:15:04+00:00
46377800000127-2-005358/2026;00312;2026;46377800000127;SAO PAULO SECRETARIA DA SEGURANCA PUBLICA;3524808;00662270000320;INSTITUTO NACIONAL DE METROLOGIA, QUALIDADE E TECNOLOGIA - INMETRO.;SERVIÇO DE AFERIÇÃO EM ETILOMETRO PARA O 33º BPM/I;8001.7;2026-07-16;2026-08-12;2026-08-12;2026-08-12T08:25:09;nao_classificado;indefinido;2026-08-24T23:15:04+00:00
45138070000149-2-000854/2026;6106;2026;45138070000149;MUNICIPIO DE SANTA FE DO SUL;3546603;58264962000138;ASSESSORIA G&C JDIGITAL LTDA;Referente Certificado Digital Nível A3 – Tipo E CPF e CNPJ, validade de 24 meses. Processo SEi nº3546603.437.00001215/2026-24;370.0;2026-08-11;2026-08-11;2026-08-11;2026-08-12T07:46:32;nao_classificado;indefinido;2026-08-24T19:23:58+00:00
46377800000127-2-005357/2026;2026NE000155;2026;46377800000127;SAO PAULO SECRETARIA DA SEGURANCA PUBLICA;3524808;09504505000168;SANTORIMAX DISTRIBUIDORA E COMERCIO DE BATERIAS E PECAS LTDA;BATERIAS AUTOMOTIVA;2464.0;2026-04-07;2026-04-13;2026-12-31;2026-08-11T17:26:14;nao_classificado;indefinido;2026-08-24T23:15:04+00:00
46377800000127-2-005356/2026;2026NE000221;2026;46377800000127;SAO PAULO SECRETARIA DA SEGURANCA PUBLICA;3524808;60083695000144;EMPROS WB LTDA;AQUISIÇÃO DE MATERIAL DE ESCRITORIO (CANETA);44.6;2026-08-06;2026-08-06;2026-11-06;2026-08-11T17:03:19;papelaria_expediente;produto;2026-08-24T23:15:04+00:00
46377800000127-2-005355/2026;2026NE000152;2026;46377800000127;SAO PAULO SECRETARIA DA SEGURANCA PUBLICA;3524808;35183900000104;FANDUS DISTRIBUIDORA DE PECAS E SERVICOS AUTOMOTIVOS LTDA;BATERIAS AUTOMOTIVAS;6120.0;2026-04-07;2026-04-13;2026-12-31;2026-08-11T17:01:59;nao_classificado;indefinido;2026-08-24T23:15:04+00:00
46377800000127-2-005354/2026;2026NE000220;2026;46377800000127;SAO PAULO SECRETARIA DA SEGURANCA PUBLICA;3524808;18112610000142;LA LUNA COMERCIO DE PRODUTOS E ACESSORIOS LTDA;AQUISIÇÃO DE MATERIAL DE ESCRITORIO (CAIXA, CORRETIVO E GRAFITE);1529.2;2026-08-06;2026-08-06;2026-11-06;2026-08-11T16:58:08;nao_classificado;indefinido;2026-08-24T23:15:04+00:00
46377800000127-2-005353/2026;2026NE000044;2026;46377800000127;SAO PAULO SECRETARIA DA SEGURANCA PUBLICA;3524808;32712130000143;WASHINGTON CLAUDIO LEITE NOGUEIRA;ÁGUA MINERAL COM GÁS 510ML;1022.4;2026-02-19;2026-02-20;2026-04-20;2026-08-11T16:52:52;nao_classificado;indefinido;2026-08-24T23:15:04+00:00
46377800000127-2-005352/2026;2026NE000219;2026;46377800000127;SAO PAULO SECRETARIA DA SEGURANCA PUBLICA;3524808;67440461000156;MEGAPEL COMERCIAL LTDA;AQUISIÇÃO DE MATERIAIS DE ESCRITORIO (CANELA E CLIPE);889.0;2026-08-06;2026-08-06;2026-11-06;2026-08-11T16:51:18;nao_classificado;indefinido;2026-08-24T23:15:04+00:00
46377800000127-2-005351/2026;00279;2026;46377800000127;SAO PAULO SECRETARIA DA SEGURANCA PUBLICA;3524808;05591590000198;RIBCO DO BRASIL IMPORTACAO E EXPORTACAO LTDA;SERVIÇO DE MANUTENÇÃO DE ETILOMETRO DO 33º BPM/I;1811.2;2026-05-27;2026-08-12;2026-08-12;2026-08-11T16:46:49;nao_classificado;indefinido;2026-08-24T23:15:04+00:00
46377800000127-2-005350/2026;2026NE000218;2026;46377800000127;SAO PAULO SECRETARIA DA SEGURANCA PUBLICA;3524808;39700820000121;MBEM COMERCIO E DISTRIBUICAO DE MATERIAIS ESCOLARES LTDA;AQUISIÇÃO DE MATERIAL DE ESCRITORIO (BARRACHA, PASTA, LAPISEIRA E CORRETIVO .);1138.0;2026-08-06;2026-08-06;2026-11-06;2026-08-11T16:46:01;nao_classificado;indefinido;2026-08-24T23:15:04+00:00
46377800000127-2-005349/2026;2026NE000217;2026;46377800000127;SAO PAULO SECRETARIA DA SEGURANCA PUBLICA;3524808;49506420000133;MAK COMERCIO E DISTRIBUIDORA LTDA;AQUISIÇÃO DE MATERIAIS DE INFORMATICA (ADESIVO INSTANTANEO);8.5;2026-08-06;2026-08-06;2026-11-06;2026-08-11T16:38:59;nao_classificado;indefinido;2026-08-24T23:15:04+00:00
46377800000127-2-005348/2026;2026NE000216;2026;46377800000127;SAO PAULO SECRETARIA DA SEGURANCA PUBLICA;3524808;49506420000133;MAK COMERCIO E DISTRIBUIDORA LTDA;AQUISIÇÃO DE MATERIAIS DE ESCRITÓRIO (LAPISEIRA, RECADO AUTO ADESIVO, COLA);1094.2;2026-08-06;2026-08-06;2026-11-06;2026-08-11T16:33:52;nao_classificado;indefinido;2026-08-24T23:15:04+00:00
46377800000127-2-005347/2026;00300;2026;46377800000127;SAO PAULO SECRETARIA DA SEGURANCA PUBLICA;3524808;05591590000198;RIBCO DO BRASIL IMPORTACAO E EXPORTACAO LTDA;SERVIÇO DE MANUTENÇÃO DE ETILOMETRO 33º BPM/I;2463.63;2026-06-22;2026-08-12;2026-08-12;2026-08-11T16:32:14;nao_classificado;indefinido;2026-08-24T23:15:04+00:00
46377800000127-2-005346/2026;2026NE000215;2026;46377800000127;SAO PAULO SECRETARIA DA SEGURANCA PUBLICA;3524808;55696882000163;PHSOLUCIONA LTDA;AQUISIÇÃO DE MATERIAIS DE ESCRITÓRIO (FITA ADESIVA, REGISTRADOR AZ, CLIPE DE PAPELARIA, PINCEL);2281.8;2026-08-06;2026-08-06;2026-11-06;2026-08-11T16:27:10;papelaria_expediente;produto;2026-08-24T23:15:04+00:00
46377800000127-2-005345/2026;2026NE000042;2026;46377800000127;SAO PAULO SECRETARIA DA SEGURANCA PUBLICA;3524808;32712130000143;WASHINGTON CLAUDIO LEITE NOGUEIRA;ÁGUA MINERAL COM GÁS 510ML;1022.4;2026-02-19;2026-02-20;2026-04-20;2026-08-11T16:21:32;nao_classificado;indefinido;2026-08-24T23:15:04+00:00
46377800000127-2-005344/2026;2026NE000041;2026;46377800000127;SAO PAULO SECRETARIA DA SEGURANCA PUBLICA;3524808;34061642000112;MB DISTRIBUICAO;AQUISIÇÃO DE ÁGUA MINERAL SEM GÁS (GALÃO 20L);1275.0;2026-02-19;2026-02-20;2026-04-20;2026-08-11T16:02:33;nao_classificado;indefinido;2026-08-24T23:15:04+00:00
46377800000127-2-005343/2026;2026NE000031;2026;46377800000127;SAO PAULO SECRETARIA DA SEGURANCA PUBLICA;3524808;34061642000112;MB DISTRIBUICAO;AQUISIÇÃO DE ÁGUA MINERAL SEM GÁS (GALÃO 20L);436.0;2026-02-19;2026-02-20;2026-04-20;2026-08-11T15:56:54;nao_classificado;indefinido;2026-08-24T23:15:04+00:00
46377800000127-2-005342/2026;2026NE00017;2026;46377800000127;SAO PAULO SECRETARIA DA SEGURANCA PUBLICA;3524808;58588662000104;VALSERV EDIFICACOES E URBANISMO LTDA;INSTALAÇÃO DE PLACAS CIMENTÍCIAS E PINTURA NO PRÉDIO ADMINISTRATIVO DA SEDE DO 8º GRUPAMENTO DE BOMBEIROS, COM FORNECIMENTO DE MÃO DE OBRA ESPECIALIZADA E MATERIAIS PARA INSTALAÇÃO. CONFORME PROJETO BÁSICO 8ºGB 002/803/26.;17500.0;2026-05-13;2026-05-13;2026-09-13;2026-08-11T15:53:13;nao_classificado;indefinido;2026-08-24T23:15:04+00:00
46377800000127-2-005341/2026;2026NE000029;2026;46377800000127;SAO PAULO SECRETARIA DA SEGURANCA PUBLICA;3524808;34061642000112;MB DISTRIBUICAO;AQUISIÇÃO DE ÁGUA MINERAL NATURAL 510ML;436.0;2026-02-19;2026-02-20;2026-04-20;2026-08-11T15:49:15;nao_classificado;indefinido;2026-08-24T23:15:04+00:00
46377800000127-2-005340/2026;2026NE000068;2026;46377800000127;SAO PAULO SECRETARIA DA SEGURANCA PUBLICA;3524808;18249454000166;CELIO ALVES DE OLIVEIRA COMERCIAL;MATERIAIS PARA ACONDICIONAMENTO;1050.59;2026-03-12;2026-03-18;2026-12-31;2026-08-11T15:15:44;nao_classificado;indefinido;2026-08-24T23:15:04+00:00
46377800000127-2-005339/2026;2026NE000067;2026;46377800000127;SAO PAULO SECRETARIA DA SEGURANCA PUBLICA;3524808;52439185000139;UP CENTER COMERCIO DE UTILIDADES LTDA;MATERIAIS PARA ACONDICIONAMENTO;407.18;2026-03-12;2026-03-17;2026-12-31;2026-08-11T15:04:53;nao_classificado;indefinido;2026-08-24T23:15:04+00:00
46377800000127-2-005338/2026;00203;2026;46377800000127;SAO PAULO SECRETARIA DA SEGURANCA PUBLICA;3524808;14194208000101;ALNOOR COMERCIAL IMPORTADORA LTDA;AQUISIÇÃO DE 02 (DUAS) TORRES DE ILUMINAÇÃO PORTÁTEIS;3500.0;2026-08-06;2026-08-06;2026-09-05;2026-08-11T15:04:39;nao_classificado;indefinido;2026-08-24T23:15:04+00:00
46377800000127-2-005337/2026;2026NE000345;2026;46377800000127;SAO PAULO SECRETARIA DA SEGURANCA PUBLICA;3524808;46783253000180;CONNECTED PRODUTOS E SERVICOS LTDA;AQUISIÇÃO DE SUPRIMENTOS DE INFORMÁTICA - ITEM 22 (CILINDRO FOTOCONDUTOR);3780.0;2026-07-28;2026-07-28;2026-08-11;2026-08-11T15:03:00;nao_classificado;indefinido;2026-08-24T23:15:04+00:00
46377800000127-2-005336/2026;2026NE000203;2026;46377800000127;SAO PAULO SECRETARIA DA SEGURANCA PUBLICA;3524808;14194208000101;ALNOOR COMERCIAL IMPORTADORA LTDA;AQUISIÇÃO DE 02 (DUAS) TORRES DE ILUMINAÇÃO PORTÁTEIS;3500.0;2026-08-06;2026-08-06;2026-09-05;2026-08-11T15:02:06;nao_classificado;indefinido;2026-08-24T23:15:04+00:00
46377800000127-2-005335/2026;00029;2026;46377800000127;SAO PAULO SECRETARIA DA SEGURANCA PUBLICA;3524808;48961228000417;GW - CAMINHO AUTOMOVEIS LTDA;AQUISIÇÃO DE VIATURAS;222000.0;2026-08-11;2026-08-11;2027-02-01;2026-08-11T15:00:47;nao_classificado;indefinido;2026-08-24T23:15:04+00:00
46377800000127-2-005334/2026;0110827044;2026;46377800000127;SAO PAULO SECRETARIA DA SEGURANCA PUBLICA;3524808;11031398000140;RBF DISTRIBUIDORA E SERVICOS LTDA;Aquisição  de  GPS  (Global  Positioning  System  -  Sistema  de  PosicionamentoGlobal).;10965.0;2026-06-12;2026-06-12;2026-07-11;2026-08-11T14:34:20;nao_classificado;indefinido;2026-08-24T23:15:04+00:00
46377800000127-2-005333/2026;0107176539;2026;46377800000127;SAO PAULO SECRETARIA DA SEGURANCA PUBLICA;3524808;11031398000140;RBF DISTRIBUIDORA E SERVICOS LTDA;Aquisição  de  GPS  (Global  Positioning  System  -  Sistema  de  PosicionamentoGlobal).;58480.0;2026-06-12;2026-06-12;2026-07-12;2026-08-11T14:25:10;nao_classificado;indefinido;2026-08-24T23:15:04+00:00
45138070000149-2-000853/2026;6080;2026;45138070000149;MUNICIPIO DE SANTA FE DO SUL;3546603;50547348000171;IANELO & ROSSIGALLI LTDA-ME;"Processo SEI nº 3546603.437.00001327/2026-85;
Aquisição de Medicamentos e Insumos para Atendimento dos Acolhidos da Casa Lar.";1320.0;2026-08-07;2026-08-07;2026-08-07;2026-08-11T13:15:42;medicamentos;produto;2026-08-24T19:23:58+00:00
46377800000127-2-005332/2026;00067;2026;46377800000127;SAO PAULO SECRETARIA DA SEGURANCA PUBLICA;3524808;61017558000174;RENOVE AUTO CENTER LTDA;SERVIÇO DE MANUTENÇÃO DE VIATURAS PM DA ÁREA DO CPI-8 – PRESIDENTE PRUDENTE/SP;61780.0;2026-08-05;2026-08-05;2026-08-31;2026-08-11T11:42:11;nao_classificado;indefinido;2026-08-24T23:15:04+00:00
46377800000127-2-005331/2026;00066;2026;46377800000127;SAO PAULO SECRETARIA DA SEGURANCA PUBLICA;3524808;08854133000137;QUINTANA & WELLER LTDA;SERVIÇO DE MANUTENÇÃO DE VIATURAS PM DA ÁREA DO CPI-8 – PRESIDENTE PRUDENTE/SP;47000.0;2026-08-05;2026-08-05;2026-08-31;2026-08-11T11:34:04;nao_classificado;indefinido;2026-08-24T23:15:04+00:00
46377800000127-2-005330/2026;00065;2026;46377800000127;SAO PAULO SECRETARIA DA SEGURANCA PUBLICA;3524808;60697030000120;MECANICA PRUDENTE LTDA;SERVIÇO DE MANUTENÇÃO DE VIATURAS PM DA ÁREA DO CPI-8 – PRESIDENTE PRUDENTE/SP;203900.0;2026-08-05;2026-08-05;2026-08-31;2026-08-11T11:26:55;nao_classificado;indefinido;2026-08-24T23:15:04+00:00
46377800000127-2-000013/2023;05;2023;46377800000127;SAO PAULO SECRETARIA DA SEGURANCA PUBLICA;3524808;27411162000179;DELICIAS DO CHEFF ALIMENTOS E BEBIDAS LTDA;AQUISIÇÃO DE ÁGUA MINERAL;38682.0;2026-08-07;2026-08-07;2026-12-31;2026-08-11T11:26:16;nao_classificado;indefinido;2026-08-24T23:15:04+00:00
46377800000127-2-005329/2026;2026NE000062;2026;46377800000127;SAO PAULO SECRETARIA DA SEGURANCA PUBLICA;3524808;74545732000101;MUCCIO & MUCCIO LTDA;MATERIAIS PARA HIGIENE PESSOAL;359.65;2026-03-03;2026-03-10;2026-12-31;2026-08-11T11:10:24;nao_classificado;indefinido;2026-08-24T23:15:04+00:00
46377800000127-2-005328/2026;2026NE000061;2026;46377800000127;SAO PAULO SECRETARIA DA SEGURANCA PUBLICA;3524808;52023056000165;MEYTECH LTDA;MATERIAIS DE HIGIENE PESSOAL;2015.0;2026-03-03;2026-03-10;2026-12-31;2026-08-11T11:04:00;nao_classificado;indefinido;2026-08-24T23:15:04+00:00
45138070000149-2-000852/2026;6091;2026;45138070000149;MUNICIPIO DE SANTA FE DO SUL;3546603;19937975000179;EVANDRO APARECIDO BECARI;"Processo SEI nº 3546603.437.00001255/2026-76;
Contratação de serviços de locação de mesas e cadeiras para a realização do “Evento de Castração Animal”.";180.0;2026-08-10;2026-08-10;2026-08-10;2026-08-11T10:59:20;nao_classificado;indefinido;2026-08-24T19:23:58+00:00
45138070000149-2-000851/2026;6090;2026;45138070000149;MUNICIPIO DE SANTA FE DO SUL;3546603;48305350000192;ALESSANDRO MANZATO FREIRI LTDA;"Kit diagnóstico neurológico de diapasão médico, 128 Hz prateado.
De acordo com processo SEI nº: 3546603.437.00001307/2026-12.";750.0;2026-08-10;2026-08-10;2026-08-10;2026-08-11T10:55:05;insumos_laboratoriais;produto;2026-08-24T19:23:58+00:00
45138070000149-2-000850/2026;6078;2026;45138070000149;MUNICIPIO DE SANTA FE DO SUL;3546603;07183781000146;ASSOCIACAO SDTC;Contratação de empresa especializada para prestar assessoria integral ao CMDCA para realização da etapa municipal da 13ª Conferência Nacional dos Direitos da Criança e do Adolescente, conforme Processo SEI n°3546603.437.00001295/2026-18.;5200.0;2026-08-07;2026-08-07;2026-08-07;2026-08-11T10:51:26;nao_classificado;indefinido;2026-08-24T19:23:58+00:00
45138070000149-2-000849/2026;6082;2026;45138070000149;MUNICIPIO DE SANTA FE DO SUL;3546603;05677457000159;JOELTON LOPES VILASBOAS & CIA LTDA;"Processo SEI nº 3546603.437.00001273/2026-58;
Aquisição de medicamentos para o Núcleo de Assistência à Saúde - NAS.";54.9;2026-08-10;2026-08-10;2026-08-10;2026-08-11T10:47:04;medicamentos;produto;2026-08-24T19:23:58+00:00
46377800000127-2-005323/2026;2026NE000359;2026;46377800000127;SAO PAULO SECRETARIA DA SEGURANCA PUBLICA;3524808;04551414000160;BATERIAS E AUTO ELETRICA MAGALHAES LTDA;BATERIAS;35704.0;2026-08-10;2026-08-10;2026-09-10;2026-08-11T10:44:07;nao_classificado;indefinido;2026-08-24T23:15:04+00:00
46377800000127-2-005322/2026;2026NE000358;2026;46377800000127;SAO PAULO SECRETARIA DA SEGURANCA PUBLICA;3524808;24384947000101;BRIMAX COMERCIO E REPRESENTACOES LTDA;BATERIA;41234.0;2026-08-10;2026-08-10;2026-09-10;2026-08-11T10:37:54;nao_classificado;indefinido;2026-08-24T23:15:04+00:00
45138070000149-2-000848/2026;6081;2026;45138070000149;MUNICIPIO DE SANTA FE DO SUL;3546603;07820902000113;DROGRASUL SANTA FE DO SUL LTDA;"Processo SEI nº 3546603.437.00001273/2026-58;
Aquisição de medicamentos para o Núcleo de Assistência à Saúde - NAS.";770.0;2026-08-10;2026-08-10;2026-08-10;2026-08-11T10:36:14;medicamentos;produto;2026-08-24T19:23:58+00:00
45138070000149-2-000847/2026;6072;2026;45138070000149;MUNICIPIO DE SANTA FE DO SUL;3546603;50727396000141;50.727.396 MARCIA ADRIANA DA SILVA VITTA;"Manutenção de Impressoras para a Central da Saúde,
Número do processo nº Sei: 3546603.437.00001222/2026-26";1850.0;2026-08-07;2026-08-07;2026-08-07;2026-08-11T10:32:05;informatica;produto;2026-08-24T19:23:58+00:00
46377800000127-2-005321/2026;04941;2026;46377800000127;SAO PAULO SECRETARIA DA SEGURANCA PUBLICA;3524808;37575393000171;E. DE OLIVEIRA INSTALACOES & MANUTENCOES LTDA;SERVIÇO DE MANUTENÇÃO PREDIAL- ALOJAMENTO DE ALUNOS SOLDADOS DO 13.BPMI;104000.0;2026-08-10;2026-08-17;2026-09-17;2026-08-11T10:13:03;servico_manutencao;servico;2026-08-24T23:15:04+00:00
46377800000127-2-005320/2026;2026NE000060;2026;46377800000127;SAO PAULO SECRETARIA DA SEGURANCA PUBLICA;3524808;59066486000103;L7 SUPRIMENTOS LTDA;MATERIAIS DE HIGIÊNE PESSOAL;742.4;2026-03-03;2026-03-10;2026-12-31;2026-08-11T10:12:14;nao_classificado;indefinido;2026-08-24T23:15:04+00:00
46377800000127-2-005319/2026;2026NE000425;2026;46377800000127;SAO PAULO SECRETARIA DA SEGURANCA PUBLICA;3524808;52101705000107;LT QUINTO MANUTENCAO DE EXTINTORES LTDA;RECARGA DE EXTINTORES;9044.0;2026-07-07;2026-07-07;2026-08-10;2026-08-11T10:11:31;nao_classificado;indefinido;2026-08-24T23:15:04+00:00
45138070000149-2-000845/2026;6088;2026;45138070000149;MUNICIPIO DE SANTA FE DO SUL;3546603;05785513000179;MAURICIO GARCIA LOPES - ME;"Contratação dos serviços de manutenção das impressoras para a Rede Municipal De Educação,
Número do processo nº Sei: 3546603.437.00001276/2026-91.";650.0;2026-08-10;2026-08-10;2026-08-10;2026-08-11T10:03:07;informatica;produto;2026-08-24T19:23:58+00:00
45138070000149-2-000846/2026;6084;2026;45138070000149;MUNICIPIO DE SANTA FE DO SUL;3546603;32447888000100;SUPERMERCADO PONTO CERTO DO ITAMAR LTDA;"Aquisição de bebidas não alcoólicas para inauguração da ESF Village, conforme Processo SEI n° 3546603.437.00001271/2026-69;";161.7;2026-08-10;2026-08-10;2026-08-10;2026-08-11T10:03:07;nao_classificado;indefinido;2026-08-24T19:23:58+00:00
45138070000149-2-000843/2026;6075;2026;45138070000149;MUNICIPIO DE SANTA FE DO SUL;3546603;16612877000173;ADRIANA GANDIN GOMES MASSITELLI - ME;Aquisição de placas de identificação de túmulos, conforme o Processo SEI n° 3546603.437.00001323/2026-05.;3000.0;2026-08-07;2026-08-07;2026-08-07;2026-08-11T10:03:06;nao_classificado;indefinido;2026-08-24T19:23:58+00:00
45138070000149-2-000844/2026;6087;2026;45138070000149;MUNICIPIO DE SANTA FE DO SUL;3546603;05785513000179;MAURICIO GARCIA LOPES - ME;"Contratação dos serviços de manutenção das impressoras para a Rede Municipal De Educação,
Número do processo nº Sei: 3546603.437.00001276/2026-91.";90.0;2026-08-10;2026-08-10;2026-08-10;2026-08-11T10:03:06;informatica;produto;2026-08-24T19:23:58+00:00
45138070000149-2-000842/2026;6073;2026;45138070000149;MUNICIPIO DE SANTA FE DO SUL;3546603;26404731056817;ELETROZEMA S/A;Aquisição de Fogão 4BC Supreme BR Biv para atender às necessidades da Casa de Apoio de Barretos, vinculada à Secretaria Municipal de Assistência Social, conforme processo SEI n° 3546603.437.00001277/2026-36.;1442.09;2026-08-07;2026-08-07;2026-08-07;2026-08-11T10:03:05;nao_classificado;indefinido;2026-08-24T19:23:58+00:00
46377800000127-2-005318/2026;00019;2026;46377800000127;SAO PAULO SECRETARIA DA SEGURANCA PUBLICA;3524808;09610911000105;R.S.A COMERCIO E SERVICOS EM SOLUCAO DIGITAL LTDA;"CONTRATAÇÃO DE SERVIÇOS DE IMPRESSÃO CORPORATIVA POR MEIO DE OUTSOURCING, SEM DEDICAÇÃO
DE MÃO DE OBRA E SEM FORNECIMENTO DE PAPEL.";139998.9;2026-08-07;2026-09-01;2029-01-31;2026-08-11T09:04:50;nao_classificado;indefinido;2026-08-24T23:15:04+00:00
46377800000127-2-005317/2026;00046;2026;46377800000127;SAO PAULO SECRETARIA DA SEGURANCA PUBLICA;3524808;44891163000187;H&F SOLUCOES E SERVICOS LTDA;EXECUÇÃO DE SERVIÇOS DE SERRALHERIA, HIDRÁULICA E ALVENARIA NA EDIFICAÇÃO DESTINADA CT (CENTRO DE TREINAMENTO) DO 11º BATALHÃO DE AÇÕES ESPECIAIS DE POLÍCIA, SITUADO NA AV. CAVALHEIRO PASCHOAL INNECHI, 1538, BAIRRO JARDIM INDEPENDÊNCIA, RIBEIRÃO PRETO/SP, CEP: 14.076-010, COM O FORNECIMENTO TOTAL DE MÃO DE OBRA E MATERIAIS E EQUIPAMENTOS.;118009.0;2026-08-10;2026-08-27;2026-10-27;2026-08-11T09:00:52;nao_classificado;indefinido;2026-08-24T23:15:04+00:00
46377800000127-2-005316/2026;00780;2026;46377800000127;SAO PAULO SECRETARIA DA SEGURANCA PUBLICA;3524808;10652730000120;MOTOROLA SOLUTIONS LTDA;340 (TREZENTOS E QUARENTA) TRANSCEPTORES PORTÁTEIS VHF.;1326000.0;2026-08-06;2026-08-06;2026-12-05;2026-08-11T08:57:15;nao_classificado;indefinido;2026-08-24T23:15:04+00:00
46377800000127-2-005315/2026;00007;2026;46377800000127;SAO PAULO SECRETARIA DA SEGURANCA PUBLICA;3524808;57916921000116;ENGEOHAB ENGENHARIA E CONSTRUCAO LTDA;MANUTENÇÃO DE 1º ESCALÃO NA 2ª CIA DO 28º BPM/I, SEDE EM ILHA SOLTEIRA/SP, COM FORNECIMENTO TOTAL DE MÃO DE OBRA E MATERIAIS.;195000.0;2026-07-31;2026-08-05;2026-10-13;2026-08-11T08:06:51;nao_classificado;indefinido;2026-08-24T23:15:04+00:00
46377800000127-2-005314/2026;00003;2026;46377800000127;SAO PAULO SECRETARIA DA SEGURANCA PUBLICA;3524808;36164153000111;J&C ENGENHARIA E ARQUITETURA LTDA;PRESTAÇÃO DE SERVIÇOS DE MANUTENÇÃO PREDIAL PREVENTIVA, CORRETIVA E PREDITIVA, SEM FORNECIMENTO DE MATERIAL, PARA A DELEGACIA SECCIONAL DE POLÍCIA DE SÃO JOÃO DA BOA VISTA E UNIDADES POLICIAIS SUBORDINADAS.;220000.0;2026-08-04;2026-08-04;2027-11-04;2026-08-10T18:19:55;servico_manutencao;servico;2026-08-24T23:15:04+00:00
46377800000127-2-005313/2026;2026NE001144;2026;46377800000127;SAO PAULO SECRETARIA DA SEGURANCA PUBLICA;3524808;50269854000146;V V B COMERCIO ATACADISTA LTDA;CONSTITUIÇÃO DE SISTEMA DE REGISTRO DE PREÇO PARA FUTURAS AQUISIÇÕES DE GÊNEROS ALIMENTÍCIOS PARA O CPI-10;1906.94;2025-12-03;2025-12-04;2026-12-03;2026-08-10T17:57:12;nao_classificado;indefinido;2026-08-24T23:15:04+00:00
46377800000127-2-005312/2026;2026NE001147;2026;46377800000127;SAO PAULO SECRETARIA DA SEGURANCA PUBLICA;3524808;57812230000172;GLOBAL COMERCIO DE ARTIGOS EM GERAL LTDA;CONSTITUIÇÃO DE SISTEMA DE REGISTRO DE PREÇO PARA FUTURAS AQUISIÇÕES DE GÊNEROS ALIMENTÍCIOS PARA O CPI-10;366.61;2025-12-03;2025-12-04;2026-12-03;2026-08-10T17:52:45;nao_classificado;indefinido;2026-08-24T23:15:04+00:00
46377800000127-2-005311/2026;2026NE001143;2026;46377800000127;SAO PAULO SECRETARIA DA SEGURANCA PUBLICA;3524808;62728254000188;62.728.254 FERNANDO VAZ CONCEICAO;CONSTITUIÇÃO DE SISTEMA DE REGISTRO DE PREÇO PARA FUTURAS AQUISIÇÕES DE GÊNEROS ALIMENTÍCIOS PARA O CPI-10;18742.5;2025-12-03;2025-12-04;2026-12-03;2026-08-10T17:48:58;nao_classificado;indefinido;2026-08-24T23:15:04+00:00
46377800000127-2-011339/2025;2025NE001157;2025;46377800000127;SAO PAULO SECRETARIA DA SEGURANCA PUBLICA;3524808;35991410000126;ALPICK COMERCIO DE ALIMENTOS E SERVICOS LTDA;CONSTITUIÇÃO DE SISTEMA DE REGISTRO DE PREÇO PARA FUTURAS AQUISIÇÕES DE GÊNEROS ALIMENTÍCIOS PARA O CPI-10.;332.45;2025-12-03;2025-12-04;2026-12-03;2026-08-10T17:45:11;nao_classificado;indefinido;2026-08-24T23:15:04+00:00
46377800000127-2-005310/2026;2026NE001145;2026;46377800000127;SAO PAULO SECRETARIA DA SEGURANCA PUBLICA;3524808;35991410000126;ALPICK COMERCIO DE ALIMENTOS E SERVICOS LTDA;CONSTITUIÇÃO DE SISTEMA DE REGISTRO DE PREÇO PARA FUTURAS AQUISIÇÕES DE GÊNEROS ALIMENTÍCIOS PARA O CPI-10;835.8;2025-12-03;2025-12-04;2026-12-03;2026-08-10T17:40:20;nao_classificado;indefinido;2026-08-24T23:15:04+00:00
46377800000127-2-005309/2026;2026NE001146;2026;46377800000127;SAO PAULO SECRETARIA DA SEGURANCA PUBLICA;3524808;35991410000126;ALPICK COMERCIO DE ALIMENTOS E SERVICOS LTDA;CONSTITUIÇÃO DE SISTEMA DE REGISTRO DE PREÇO PARA FUTURAS AQUISIÇÕES DE GÊNEROS ALIMENTÍCIOS PARA O CPI-10;2653.2;2025-12-03;2025-12-04;2026-12-03;2026-08-10T17:34:12;nao_classificado;indefinido;2026-08-24T23:15:04+00:00
46377800000127-2-005308/2026;2026NE001153;2026;46377800000127;SAO PAULO SECRETARIA DA SEGURANCA PUBLICA;3524808;54230798000197;MAJU DISTRIBUIDORA LTDA;"CONSTITUIÇÃO DE SISTEMA DE REGISTRO DE PREÇO PARA FUTURAS AQUISIÇÕES DE GÊNEROS ALIMENTÍCIOS - ÁGUA MINERAL NATURAL, PARA
ATENDER AS NECESSIDADES DO CPI-10 E UNIDADES SUBORDINADAS.";3097.36;2026-05-22;2026-05-26;2027-05-26;2026-08-10T17:21:16;nao_classificado;indefinido;2026-08-24T23:15:04+00:00
46377800000127-2-005307/2026;2026NE000198;2026;46377800000127;SAO PAULO SECRETARIA DA SEGURANCA PUBLICA;3524808;58490781000120;58.490.781 JONATHAS VITORIO FERREIRA;AQUISIÇÃO DE SUPRIMENTOS DE INFORMÁTICA E OUTROS MATERIAIS DE CONSUMO;239.4;2026-07-28;2026-07-28;2026-08-26;2026-08-10T17:21:06;nao_classificado;indefinido;2026-08-24T23:15:04+00:00
46377800000127-2-005306/2026;2026NE000197;2026;46377800000127;SAO PAULO SECRETARIA DA SEGURANCA PUBLICA;3524808;50718368000168;PAULO HENRIQUE DA SILVA FERREIRA;AQUISIÇÃO DE SUPRIMENTOS DE INFORMÁTICA E OUTROS MATERIAIS DE CONSUMO;590.04;2026-07-28;2026-07-28;2026-08-26;2026-08-10T17:17:45;nao_classificado;indefinido;2026-08-24T23:15:04+00:00
46377800000127-2-005305/2026;2026NE000196;2026;46377800000127;SAO PAULO SECRETARIA DA SEGURANCA PUBLICA;3524808;51816828000153;F2 SOLUCOES E TECNOLOGIA LTDA;AQUISIÇÃO DE SUPRIMENTOS DE INFORMÁTICA E OUTROS MATERIAIS DE CONSUMO;542.1;2026-07-27;2026-07-27;2026-08-25;2026-08-10T17:14:26;nao_classificado;indefinido;2026-08-24T23:15:04+00:00
46377800000127-2-005304/2026;2026NE000195;2026;46377800000127;SAO PAULO SECRETARIA DA SEGURANCA PUBLICA;3524808;25136495000101;RIO PRETO PRIME  NEGOCIOS E SERVICOS LTDA;AQUISIÇÃO DE SUPRIMENTOS DE INFORMÁTICA E OUTROS MATERIAIS DE CONSUMO;705.6;2026-07-27;2026-07-27;2026-08-28;2026-08-10T17:10:46;nao_classificado;indefinido;2026-08-24T23:15:04+00:00
46377800000127-2-005303/2026;2026NE000047;2026;46377800000127;SAO PAULO SECRETARIA DA SEGURANCA PUBLICA;3524808;49808666000160;49.808.666 CRISTINA DAVI DA SILVA SANTOS;MATERIAIS DE LIMPEZA;119.2;2026-02-24;2026-03-02;2026-12-31;2026-08-10T17:09:29;nao_classificado;indefinido;2026-08-24T23:15:04+00:00
46377800000127-2-005302/2026;2026NE000194;2026;46377800000127;SAO PAULO SECRETARIA DA SEGURANCA PUBLICA;3524808;11552540000102;F.S. COMERCIO E SERVICOS LTDA;AQUISIÇÃO DE SUPRIMENTOS DE INFORMÁTICA E OUTROS MATERIAIS DE CONSUMO;339.38;2026-07-27;2026-07-27;2026-08-24;2026-08-10T17:07:16;nao_classificado;indefinido;2026-08-24T23:15:04+00:00
46377800000127-2-005301/2026;2026NE000046;2026;46377800000127;SAO PAULO SECRETARIA DA SEGURANCA PUBLICA;3524808;62551771000124;EJ DISTRIBUICAO LTDA;MATERIAIS DE HIGIÊNE;2784.6;2026-02-24;2026-03-02;2026-12-31;2026-08-10T17:05:41;nao_classificado;indefinido;2026-08-24T23:15:04+00:00
46377800000127-2-005300/2026;2026NE000193;2026;46377800000127;SAO PAULO SECRETARIA DA SEGURANCA PUBLICA;3524808;07162188000113;TONELLI & GATTONI INDUSTRIA DE COSMETICOS DO BRASIL LTDA;AQUISIÇÃO DE SUPRIMENTOS DE INFORMÁTICA E OUTROS MATERIAIS DE CONSUMO;450.6;2026-07-27;2026-07-27;2026-08-25;2026-08-10T17:04:05;nao_classificado;indefinido;2026-08-24T23:15:04+00:00
46377800000127-2-005299/2026;2026NE000192;2026;46377800000127;SAO PAULO SECRETARIA DA SEGURANCA PUBLICA;3524808;59527180000107;59.527.180 MARCUS VINICIUS DE MOURA MOREIRA ANDRADE DA SILVA;AQUISIÇÃO DE SUPRIMENTOS DE INFORMÁTICA E OUTROS MATERIAIS DE CONSUMO;816.0;2026-07-27;2026-07-27;2026-08-25;2026-08-10T17:00:38;nao_classificado;indefinido;2026-08-24T23:15:04+00:00
46377800000127-2-005298/2026;00002;2026;46377800000127;SAO PAULO SECRETARIA DA SEGURANCA PUBLICA;3524808;40047335000180;NEW START SOLUCOES LTDA;PRESTAÇÃO DOS SERVIÇOS DE IMPRESSÃO CORPORATIVA POR MEIO DE OUTSOURCING;323994.6;2026-08-03;2026-09-16;2029-02-15;2026-08-10T16:59:13;nao_classificado;indefinido;2026-08-24T23:15:04+00:00
46377800000127-2-005297/2026;2026NE000191;2026;46377800000127;SAO PAULO SECRETARIA DA SEGURANCA PUBLICA;3524808;63317122000126;63.317.122 LEILA VIEIRA DE OLIVEIRA;AQUISIÇÃO DE SUPRIMENTOS DE INFORMÁTICA E OUTROS MATERIAIS DE CONSUMO.;1987.5;2026-07-27;2026-07-27;2026-08-25;2026-08-10T16:56:08;nao_classificado;indefinido;2026-08-24T23:15:04+00:00
46377800000127-2-005296/2026;2026NE000190;2026;46377800000127;SAO PAULO SECRETARIA DA SEGURANCA PUBLICA;3524808;50718368000168;PAULO HENRIQUE DA SILVA FERREIRA;AQUISIÇÃO DE SUPRIMENTOS DE INFORMÁTICA E OUTROS MATERIAIS DE CONSUMO;1704.78;2026-07-27;2026-07-27;2026-08-25;2026-08-10T16:52:25;nao_classificado;indefinido;2026-08-24T23:15:04+00:00
46377800000127-2-005295/2026;2026NE000189;2026;46377800000127;SAO PAULO SECRETARIA DA SEGURANCA PUBLICA;3524808;33477700000120;33.477.700 ANDERSON DE OLIVEIRA BORGES;AQUISIÇÃO DE SUPRIMENTOS DE INFORMÁTICA E OUTROS MATERIAIS DE CONSUMO;1740.48;2026-07-27;2026-07-27;2026-08-25;2026-08-10T16:47:51;nao_classificado;indefinido;2026-08-24T23:15:04+00:00
46377800000127-2-005294/2026;2026NE000188;2026;46377800000127;SAO PAULO SECRETARIA DA SEGURANCA PUBLICA;3524808;34290256000100;VALDEREZ MATEUS LTDA;AQUISIÇÃO DE SUPRIMENTOS DE INFORMÁTICA E OUTROS MATERIAIS DE CONSUMO;557.94;2026-07-27;2026-07-27;2026-08-25;2026-08-10T16:43:20;nao_classificado;indefinido;2026-08-24T23:15:04+00:00
46377800000127-2-005293/2026;2026NE000187;2026;46377800000127;SAO PAULO SECRETARIA DA SEGURANCA PUBLICA;3524808;62763428000143;NEXUS IMPORTS  LTDA;AQUISIÇÃO DE SUPRIMENTOS DE INFORMÁTICA E OUTROS MATERIAIS DE CONSUMO;3600.0;2026-07-27;2026-07-27;2026-08-25;2026-08-10T16:38:25;nao_classificado;indefinido;2026-08-24T23:15:04+00:00
46377800000127-2-005292/2026;00001;2026;46377800000127;SAO PAULO SECRETARIA DA SEGURANCA PUBLICA;3524808;38928258000125;SOUZA MARQUES SERVICOS LTDA;SERVIÇOS CONTÍNUOS DE LIMPEZA, ASSEIO E CONSERVAÇÃO, COM DISPONIBILIZAÇÃO DE SANEANTES DOMISSANITÁRIOS, MATERIAIS E EQUIPAMENTOS, A SEREM EXECUTADOS COM REGIME DE DEDICAÇÃO EXCLUSIVA DE MÃO DE OBRA;1057670.7;2026-07-29;2026-08-16;2029-02-16;2026-08-10T16:30:37;nao_classificado;indefinido;2026-08-24T23:15:04+00:00
46377800000127-2-005291/2026;2026NE001154;2026;46377800000127;SAO PAULO SECRETARIA DA SEGURANCA PUBLICA;3524808;32881170000119;AQUA MART DISTRIBUIDORA DE PRODUTOS DE AQUARISMO LTDA;"CONSTITUIÇÃO DE SISTEMA DE REGISTRO DE PREÇO PARA FUTURAS AQUISIÇÕES DE GÊNEROS ALIMENTÍCIOS - ÁGUA MINERAL NATURAL, PARA
ATENDER AS NECESSIDADES DO CPI-10 E UNIDADES SUBORDINADAS.";4903.2;2026-05-22;2026-05-26;2027-05-26;2026-08-10T16:29:23;nao_classificado;indefinido;2026-08-24T23:15:04+00:00
46377800000127-2-005290/2026;2026NE000186;2026;46377800000127;SAO PAULO SECRETARIA DA SEGURANCA PUBLICA;3524808;47821089000110;LICITATECH COMERCIO LTDA;AQUISIÇÃO DE SUPRIMENTOS DE INFORMÁTICA E OUTROS MATERIAIS DE CONSUMO;19126.8;2026-07-27;2026-07-27;2026-08-25;2026-08-10T16:29:18;nao_classificado;indefinido;2026-08-24T23:15:04+00:00
46377800000127-2-005289/2026;2026NE000185;2026;46377800000127;SAO PAULO SECRETARIA DA SEGURANCA PUBLICA;3524808;57167758000136;57.167.758 LUCAS MILANI MENDONCA;AQUISIÇÃO DE SUPRIMENTOS DE INFORMÁTICA E OUTROS MATERIAIS DE CONSUMO;377.6;2026-07-27;2026-07-27;2026-08-25;2026-08-10T16:24:26;nao_classificado;indefinido;2026-08-24T23:15:04+00:00
46377800000127-2-005288/2026;2026NE000184;2026;46377800000127;SAO PAULO SECRETARIA DA SEGURANCA PUBLICA;3524808;40073466000131;MASTER INK COMERCIO DE EQUIPAMENTOS E IMPORTACAO LTDA;AQUISIÇÃO DE SUPRIMENTOS DE INFORMÁTICA E OUTROS MATERIAIS DE CONSUMO;5994.0;2026-07-27;2026-07-27;2026-08-25;2026-08-10T16:20:32;nao_classificado;indefinido;2026-08-24T23:15:04+00:00
46377800000127-2-005287/2026;2026NE000183;2026;46377800000127;SAO PAULO SECRETARIA DA SEGURANCA PUBLICA;3524808;60201371000163;INTEGRA PRIME SOLUCOES EMPRESARIAIS LTDA;AQUISIÇÃO DE SUPRIMENTOS DE INFORMÁTICA E OUTROS MATERIAIS DE CONSUMO;7365.0;2026-07-27;2026-07-27;2026-08-25;2026-08-10T16:16:43;nao_classificado;indefinido;2026-08-24T23:15:04+00:00
46377800000127-2-005286/2026;2026NE000182;2026;46377800000127;SAO PAULO SECRETARIA DA SEGURANCA PUBLICA;3524808;60089234000189;PACKARD TECNOLOGIA E COMERCIO DE PRODUTOS ELETRONICOS LTDA;AQUISIÇÃO DE SUPRIMENTOS DE INFORMÁTICA E OUTROS MATERIAIS DE CONSUMO;635.58;2026-07-27;2026-07-27;2026-08-25;2026-08-10T16:00:45;nao_classificado;indefinido;2026-08-24T23:15:04+00:00
46377800000127-2-005285/2026;2026NE000181;2026;46377800000127;SAO PAULO SECRETARIA DA SEGURANCA PUBLICA;3524808;51816828000153;F2 SOLUCOES E TECNOLOGIA LTDA;AQUISIÇÃO DE SUPRIMENTOS DE INFORMÁTICA E OUTROS MATERIAIS DE CONSUMO;2039.0;2026-07-27;2026-07-27;2026-08-25;2026-08-10T15:54:25;nao_classificado;indefinido;2026-08-24T23:15:04+00:00
46377800000127-2-005284/2026;2026NE000361;2026;46377800000127;SAO PAULO SECRETARIA DA SEGURANCA PUBLICA;3524808;02867848000148;AGS COMERCIO E SERVICOS LTDA;BOCAIS DE ETILÔMETRO;41400.0;2026-08-10;2026-08-11;2026-09-10;2026-08-10T15:53:12;nao_classificado;indefinido;2026-08-24T23:15:04+00:00
46377800000127-2-005283/2026;2026NE000077;2026;46377800000127;SAO PAULO SECRETARIA DA SEGURANCA PUBLICA;3524808;45388474000190;AGHA ATACADO LTDA;MATERIAIS DE COPA E COZINHA;678.6;2026-03-17;2026-03-23;2026-12-31;2026-08-10T15:50:30;copa_cozinha;produto;2026-08-24T23:15:04+00:00
46377800000127-2-005282/2026;2026NE000080;2026;46377800000127;SAO PAULO SECRETARIA DA SEGURANCA PUBLICA;3524808;56266403000131;AGIL COMERCIO DIGITAL LTDA;MATERIAIS DE COPA E COZINHA;4273.2;2026-03-17;2026-03-23;2026-12-31;2026-08-10T15:44:22;copa_cozinha;produto;2026-08-24T23:15:04+00:00
45138070000149-2-000841/2026;6020;2026;45138070000149;MUNICIPIO DE SANTA FE DO SUL;3546603;59965038000141;EXPRESSO ITAMARATI S.A.;Em decorrência da necessidade de aquisição de passagens para os migrantes atendidos pela Casa de Passagem, se faz necessário devido os mesmos não terem onde ficar e não terem condições de compra dessas passagens. Processo nº 012.00000890/2026-11, Convênio Estadual. Processo SEI n° 3546603.437.00001325/2026-96;472.13;2026-08-06;2026-08-06;2026-08-06;2026-08-10T15:27:41;nao_classificado;indefinido;2026-08-24T19:23:58+00:00
46377800000127-2-005281/2026;2026NE000082;2026;46377800000127;SAO PAULO SECRETARIA DA SEGURANCA PUBLICA;3524808;74545732000101;MUCCIO & MUCCIO LTDA;MATERIAIS DE COPA E COZINHA;334.32;2026-03-17;2026-03-23;2026-12-31;2026-08-10T15:26:09;copa_cozinha;produto;2026-08-24T23:15:04+00:00
46377800000127-2-005280/2026;2026NE000350;2026;46377800000127;SAO PAULO SECRETARIA DA SEGURANCA PUBLICA;3524808;66340389000122;66.340.389 LUIZ FERNANDO SILVA DA COSTA;MATERIAL DE CONSUMO (INFORMATICA);6150.0;2026-08-07;2026-08-07;2026-08-26;2026-08-10T15:15:29;nao_classificado;indefinido;2026-08-24T23:15:04+00:00
46377800000127-2-005279/2026;2026NE000349;2026;46377800000127;SAO PAULO SECRETARIA DA SEGURANCA PUBLICA;3524808;47821089000110;LICITATECH COMERCIO LTDA;MATERIAL DE CONSUMO (INFORMATICA);19994.0;2026-08-06;2026-08-06;2026-08-25;2026-08-10T15:12:40;nao_classificado;indefinido;2026-08-24T23:15:04+00:00
46377800000127-2-005278/2026;2026NE000158;2026;46377800000127;SAO PAULO SECRETARIA DA SEGURANCA PUBLICA;3524808;50937669000182;SIGMETAL INDUSTRIA DE EQUIPAMENTOS EM ACOS LTDA;EQUIPAMENTOS DE ATIVIDADE FÍSICA.;35515.91;2026-08-10;2026-08-10;2026-09-10;2026-08-10T15:12:11;nao_classificado;indefinido;2026-08-24T23:15:04+00:00
46377800000127-2-005277/2026;2026NE000180;2026;46377800000127;SAO PAULO SECRETARIA DA SEGURANCA PUBLICA;3524808;16847666000110;HIGH LEVEL COMERCIAL LTDA;AQUISIÇÃO DE SUPRIMENTOS DE INFORMÁTICA E OUTROS MATERIAIS DE CONSUMO;2520.0;2026-07-27;2026-07-27;2026-08-25;2026-08-10T15:11:34;nao_classificado;indefinido;2026-08-24T23:15:04+00:00
46377800000127-2-005276/2026;2026NE000496;2026;46377800000127;SAO PAULO SECRETARIA DA SEGURANCA PUBLICA;3524808;27537859000190;DP SERVICE LTDA;SERVIÇO DE LIMPEZA NA 3ª CIA DO 38º BPM/M;121050.0;2026-08-10;2026-09-01;2029-02-28;2026-08-10T15:10:46;nao_classificado;indefinido;2026-08-24T23:15:04+00:00
46377800000127-2-005275/2026;2026NE002172;2026;46377800000127;SAO PAULO SECRETARIA DA SEGURANCA PUBLICA;3524808;18393309000154;KALI PROPAGANDA E PUBLICIDADE LTDA;ARP JORNAL DE GRANDE CIRCULAÇÃO;162.0;2026-08-05;2026-08-05;2026-09-03;2026-08-10T15:10:15;nao_classificado;indefinido;2026-08-24T23:15:04+00:00
46377800000127-2-005274/2026;2026NE000348;2026;46377800000127;SAO PAULO SECRETARIA DA SEGURANCA PUBLICA;3524808;11552540000102;F.S. COMERCIO E SERVICOS LTDA;MATERIAL DE CONSUMO (INFORMÁTICA);11999.5;2026-08-06;2026-08-06;2026-08-25;2026-08-10T15:08:40;nao_classificado;indefinido;2026-08-24T23:15:04+00:00
46377800000127-2-005273/2026;2026NE000078;2026;46377800000127;SAO PAULO SECRETARIA DA SEGURANCA PUBLICA;3524808;62645501000182;MATREN COMERCIO DE EQUIPAMENTOS E SUPRIMENTOS DE INFORMATICA LTDA;MATERIAIS DE COPA E COZINHA;1008.0;2026-03-17;2026-03-23;2026-12-31;2026-08-10T15:04:25;copa_cozinha;produto;2026-08-24T23:15:04+00:00
46377800000127-2-005272/2026;2026NE002171;2026;46377800000127;SAO PAULO SECRETARIA DA SEGURANCA PUBLICA;3524808;18393309000154;KALI PROPAGANDA E PUBLICIDADE LTDA;ARP JORNAL DE GRANDE CIRCULAÇÃO;162.0;2026-08-05;2026-08-05;2026-09-03;2026-08-10T15:02:03;nao_classificado;indefinido;2026-08-24T23:15:04+00:00
46377800000127-2-005271/2026;2026NE000179;2026;46377800000127;SAO PAULO SECRETARIA DA SEGURANCA PUBLICA;3524808;46783253000180;CONNECTED PRODUTOS E SERVICOS LTDA;AQUISIÇÃO DE SUPRIMENTOS DE INFORMÁTICA E OUTROS MATERIAIS DE CONSUMO;4368.0;2026-07-27;2026-07-27;2026-08-25;2026-08-10T14:58:09;nao_classificado;indefinido;2026-08-24T23:15:04+00:00
46377800000127-2-005270/2026;2026NE000495;2026;46377800000127;SAO PAULO SECRETARIA DA SEGURANCA PUBLICA;3524808;13328409000183;SIXPEL DISTRIBUIDORA LTDA;PAPEL SULFITE;34176.0;2026-08-10;2026-08-10;2026-08-14;2026-08-10T14:28:05;papelaria_expediente;produto;2026-08-24T23:15:04+00:00
46377800000127-2-005269/2026;2026NE000494;2026;46377800000127;SAO PAULO SECRETARIA DA SEGURANCA PUBLICA;3524808;63317122000126;63.317.122 LEILA VIEIRA DE OLIVEIRA;COPO DESCARTAVEL;33955.2;2026-08-10;2026-08-10;2026-09-14;2026-08-10T14:21:22;copa_cozinha;produto;2026-08-24T23:15:04+00:00
65712077000130-2-000018/2026;0025/26;2026;65712077000130;MUNICIPIO DE PONTALINDA;3540259;29879477000170;V J TEIXEIRA EVENTOS ESPORTIVOS;A Presente licitação tem por objetivo a contratação de empresa especializada  para prestação de serviços de arbitragem para várias modalidades de competições esportivas, incluindo campeonatos municipais de futebol, que poderão ocorrer durante o período de 12 (doze) meses, para atender a Secretaria Municipal de Esporte, Lazer e Cultura desta Municipalidade, em conformidade com a legislação pertinente e as normas regulamentadoras para o exercício da Profissão.;103000.0;2026-07-08;2026-07-08;2027-07-07;2026-08-10T14:15:59;nao_classificado;indefinido;2026-08-24T23:15:10+00:00
46377800000127-2-005268/2026;2026NE000093;2026;46377800000127;SAO PAULO SECRETARIA DA SEGURANCA PUBLICA;3524808;18229752000194;ANJULUZ COM. DE MAT. ELET. E HIDR. LTDA;AQUISIÇÃO DE 04 (QUATRO) LATAS DE TINTA ACRÍLICA PREMIUM FOSCA,COM CAPACIDADE DE 20 LITROS CADA, DESTINADAS À PINTURA DAS INSTALAÇÕES DA SEDE DO 13ºGRUPAMENTO DE BOMBEIROS;2470.0;2026-08-06;2026-08-06;2026-08-16;2026-08-10T14:12:00;nao_classificado;indefinido;2026-08-24T23:15:04+00:00
46377800000127-2-005267/2026;2026NE00352;2026;46377800000127;SAO PAULO SECRETARIA DA SEGURANCA PUBLICA;3524808;37478920000120;DANIEL PATRICIO DA SILVA CAETANO;ITEM 5 - TECLADO;517.2;2026-05-22;2026-05-22;2026-05-22;2026-08-10T14:09:23;nao_classificado;indefinido;2026-08-24T23:15:04+00:00
46377800000127-2-005266/2026;2026NE00340;2026;46377800000127;SAO PAULO SECRETARIA DA SEGURANCA PUBLICA;3524808;64615951000158;64.615.951 TAYNA NEIVA VIEIRA;ITEM 8 - FILTRO DE LINHA;822.0;2026-05-22;2026-05-22;2026-05-22;2026-08-10T14:07:04;nao_classificado;indefinido;2026-08-24T23:15:04+00:00
46377800000127-2-005265/2026;2026NE00357;2026;46377800000127;SAO PAULO SECRETARIA DA SEGURANCA PUBLICA;3524808;37478920000120;DANIEL PATRICIO DA SILVA CAETANO;ITEM 11 - SWITCH 8 PORTAS;2676.9;2026-05-22;2026-05-22;2026-05-22;2026-08-10T14:04:22;informatica;produto;2026-08-24T23:15:04+00:00
46377800000127-2-005264/2026;2026NE00341;2026;46377800000127;SAO PAULO SECRETARIA DA SEGURANCA PUBLICA;3524808;22816315000144;INCOTECH COMPANY LTDA;ITEM 12 - ESTABILIZADOR;4218.8;2026-05-22;2026-05-22;2026-05-22;2026-08-10T14:01:52;nao_classificado;indefinido;2026-08-24T23:15:04+00:00
46377800000127-2-005263/2026;2026NE00360;2026;46377800000127;SAO PAULO SECRETARIA DA SEGURANCA PUBLICA;3524808;02487416000101;PHONOWAY SERVICOS LTDA;ITEM 18 - SWITCH 24 PORTAS;3290.0;2026-05-22;2026-05-22;2026-05-22;2026-08-10T13:58:28;informatica;produto;2026-08-24T23:15:04+00:00
46377800000127-2-005262/2026;2026NE000178;2026;46377800000127;SAO PAULO SECRETARIA DA SEGURANCA PUBLICA;3524808;46783253000180;CONNECTED PRODUTOS E SERVICOS LTDA;AQUISIÇÃO DE SUPRIMENTOS DE INFORMÁTICA E OUTROS MATERIAIS DE CONSUMO;3518.0;2026-07-27;2026-07-27;2026-08-25;2026-08-10T13:16:37;nao_classificado;indefinido;2026-08-24T23:15:04+00:00
46377800000127-2-005260/2026;2026NE00015;2026;46377800000127;SAO PAULO SECRETARIA DA SEGURANCA PUBLICA;3524808;21163633000190;SB MULTICOM COMERCIO LTDA;AQUISIÇÃO DE MATERIAL DE SALVAMENTO E RESGATE.;2160.0;2026-08-10;2026-08-10;2026-09-11;2026-08-10T11:55:15;nao_classificado;indefinido;2026-08-24T23:15:04+00:00
46377800000127-2-005258/2026;2026NE000039;2026;46377800000127;SAO PAULO SECRETARIA DA SEGURANCA PUBLICA;3524808;49671519000190;VM COMERCIO E IMPORTACAO LTDA;PAPEL TOALHA INTERFOLHADO;3050.6;2026-02-11;2026-02-19;2026-12-31;2026-08-10T10:51:02;nao_classificado;indefinido;2026-08-24T23:15:04+00:00
46377800000127-2-005257/2026;2026NE001152;2026;46377800000127;SAO PAULO SECRETARIA DA SEGURANCA PUBLICA;3524808;32881170000119;AQUA MART DISTRIBUIDORA DE PRODUTOS DE AQUARISMO LTDA;CONSTITUIÇÃO DE SISTEMA DE REGISTRO DE PREÇO PARA FUTURAS AQUISIÇÕES DE GÊNEROS ALIMENTÍCIOS - ÁGUA MINERAL NATURAL, PARA ATENDER AS NECESSIDADES DO CPI-10 E UNIDADES SUBORDINADAS.;1089.6;2026-05-22;2026-05-26;2027-05-26;2026-08-10T10:50:33;nao_classificado;indefinido;2026-08-24T23:15:04+00:00
46377800000127-2-005256/2026;00008;2026;46377800000127;SAO PAULO SECRETARIA DA SEGURANCA PUBLICA;3524808;11984609000169;U.M. SOLUCOES EM IMPRESSAO LTDA.;"O OBJETO DO PRESENTE INSTRUMENTO É A CONTRATAÇÃO DE SERVIÇOS CONTÍNUOS DE IMPRESSÃO
CORPORATIVA POR MEIO DE OUTSOURCING, COM LOCAÇÃO DE EQUIPAMENTOS, MANUTENÇÃO
PREVENTIVA E CORRETIVA, FORNECIMENTO DE SUPRIMENTOS, EXCETO PAPEL, E DISPONIBILIZAÇÃO DE
SOFTWARE DE BILHETAGEM.";18545.25;2026-07-29;2026-07-29;2026-10-27;2026-08-10T10:49:42;nao_classificado;indefinido;2026-08-24T23:15:04+00:00
46377800000127-2-005254/2026;2026NE000038;2026;46377800000127;SAO PAULO SECRETARIA DA SEGURANCA PUBLICA;3524808;61908002000178;AMORIM PRODUTOS DE HIGIENE E LIMPEZA LTDA;GUADANAPO DE PAPEL E SABONETE LÍQUIDO;1854.6;2026-02-11;2026-02-19;2026-12-31;2026-08-10T09:56:49;limpeza_higiene;produto;2026-08-24T23:15:04+00:00
46377800000127-2-005253/2026;2026NE000066;2026;46377800000127;SAO PAULO SECRETARIA DA SEGURANCA PUBLICA;3524808;21163633000190;SB MULTICOM COMERCIO LTDA;AQUISIÇÃO DE MATERIAIS DE SALVAMENTO E RESGATE;18620.0;2026-08-07;2026-08-07;2026-09-06;2026-08-10T09:53:02;nao_classificado;indefinido;2026-08-24T23:15:04+00:00
46377800000127-2-005252/2026;2026NE000037;2026;46377800000127;SAO PAULO SECRETARIA DA SEGURANCA PUBLICA;3524808;24077447000127;FLEXXLIMP COMERCIAL LTDA;PAPEL HIGIÊNICO;4542.0;2026-02-11;2026-02-19;2026-12-31;2026-08-10T09:40:00;limpeza_higiene;produto;2026-08-24T23:15:04+00:00
45131885000104-2-000084/2026;104/2026;2026;45131885000104;MUNICIPIO DE JALES;3524808;42789546000113;PEDRO LUIS GOBBO;Contratação de empresa especializada na prestação de serviços de manutenção corretiva de luminárias LED, com fornecimento de peças e/ou materiais, com entrega fracionada, por tempo determinado, conforme Termo de Referência – Anexo I.;24600.0;2026-08-06;2026-08-07;2027-08-06;2026-08-10T09:38:49;nao_classificado;indefinido;2026-08-24T23:14:48+00:00
46377800000127-2-005251/2026;2026NE000311;2026;46377800000127;SAO PAULO SECRETARIA DA SEGURANCA PUBLICA;3524808;00662315000102;PHABRICA DE PRODUCOES SERVICOS DE PROPAGANDA E PUBLICIDADE LTDA;SERVICO DE DIVULGACAO E PROMOCAO, PUBLICACAO DE EDITAL;145.0;2026-08-10;2026-08-10;2026-08-11;2026-08-10T09:11:14;nao_classificado;indefinido;2026-08-24T23:15:04+00:00
01611211000123-2-000063/2026;0062/26;2026;01611211000123;MUNICIPIO DE SANTA SALETE;3547650;06291846000104;CONSTROESTE CONSTRUTORA E PARTICIPACOES LTDA;CONTRATAÇÃO DE EMPRESA ESPECIALIZADA PARA PRESTAÇÃO DE SERVIÇOS DE COLETA, TRANSPORTE, TRATAMENTO E DISPOSIÇÃO FINAL DOS RESÍDUOS DE SAÚDE – RSS – RESÍDUOS CLASSIFICADOS NOS GRUPOS “A, B, E”, PARA A SECRETARIA DE SAÚDE DE SANTA SALETE;18000.0;2026-08-07;2026-08-07;2027-08-07;2026-08-10T08:43:57;nao_classificado;indefinido;2026-08-24T23:14:46+00:00
46377800000127-2-011338/2025;00013;2025;46377800000127;SAO PAULO SECRETARIA DA SEGURANCA PUBLICA;3524808;67973339000145;NEWTECH ELETRONICA LTDA;AQUISIÇÃO DE FONTE DE ALIMENTAÇÃO 12V 26A PARA TELECOM CPI-9;38750.0;2026-08-05;2026-08-05;2026-12-31;2026-08-07T21:09:59;nao_classificado;indefinido;2026-08-24T23:15:04+00:00
46377800000127-2-005249/2026;00043;2026;46377800000127;SAO PAULO SECRETARIA DA SEGURANCA PUBLICA;3524808;18549343000175;THIAGO MENDONCA DA SILVA RODRIGUES PEREIRA 42999568851;SERVIÇO DE LIMPEZA E CONSERVAÇÃO PREDIAL PARA AS SEDES DO CPI-9, 10ºBPMI E FORÇA TATICA;594378.9;2026-07-06;2026-07-08;2029-01-08;2026-08-07T20:50:34;nao_classificado;indefinido;2026-08-24T23:15:04+00:00
46377800000127-2-005248/2026;2026NE000247;2026;46377800000127;SAO PAULO SECRETARIA DA SEGURANCA PUBLICA;3524808;35991410000126;ALPICK COMERCIO DE ALIMENTOS E SERVICOS LTDA;"CAFE TRADICIONAL, TORRADO E MOIDO, CONSTITUIDO DE CAFE ATE TIPO 8 NA CLASSIFI CACAO OFICIAL BRASILEIRA-COB, BEBIDA VARIANDO DE MOLE A RIO, EXCLUINDOSE
O GOSTO RIOZONA, COM UM MAXIMO DE 20% DE DEFEITOS PRETOS, VERDES E ARDIDOS E AU SENCIA DE GRAOS PRETOS-VERDES E FERMENTADOS, ADMITINDO-SE
GRAOS DE SAFRAS PAS SADAS, ROBUSTA CONILLON, DESDE QUE O GOSTO NAO SEJA PRONUNCIADO E PREPONDERAN TE, PONTO DE TORRA MODERADAMENTE ESCURO A
MEDIO CLARO, COM QUALIDADE GLOBAL A CEITAVEL MINIMA DE 4,5 PONTOS NA ESCALA SENSORIAL DE 0 A 10 DO LOTE ENTREGUE, IMPUREZAS (CASCAS E PAUS) EM
G/100G MAXIMA DE 1%, E UMIDADE EM G/100G MAXIMA DE 5%, OBEDECENDO RESOLUCAO SAA-19, DE 05/04/2010, COM EMBALAGEM PRIMARIA AL TO VACUO
(TIJOLINHO) E EMBALAGEM SECUNDARIA CAIXA DE PAPEL CARTAO, ROTULAGEM IMPRESSA NA EMBALAGEM SECUNDARIA, NAO SENDO TOLERADA A PRESENCA DE
ETIQUETA A UTO ADESIVA COM A DESCRICAO DO PRODUTO, VALIDADE MINIMA NA DATA DA ENTREGA DE";30368.0;2026-08-07;2026-08-07;2026-09-08;2026-08-07T20:22:01;generos_alimenticios;produto;2026-08-24T23:15:04+00:00
46377800000127-2-005247/2026;00009;2026;46377800000127;SAO PAULO SECRETARIA DA SEGURANCA PUBLICA;3524808;45551232000176;DDFM COMERCIO DE PRODUTOS E SERVICOS LTDA;INSTALAÇÃO E MANUTENÇÃO DE VIDROS;36700.0;2026-08-05;2026-08-05;2026-12-05;2026-08-07T17:51:36;nao_classificado;indefinido;2026-08-24T23:15:04+00:00
46377800000127-2-005246/2026;2026NE000446;2026;46377800000127;SAO PAULO SECRETARIA DA SEGURANCA PUBLICA;3524808;66871971000115;PANIFICADORA FORMOSA DE PRESIDENTE PRUDENTE LTDA;CONTRATAÇÃO DE SERVIÇO EVENTUAL DE BUFFET COFFEE BREAK;2201.15;2026-08-06;2026-08-07;2026-09-06;2026-08-07T17:24:10;nao_classificado;indefinido;2026-08-24T23:15:04+00:00
46377800000127-2-005245/2026;2026NE001139;2026;46377800000127;SAO PAULO SECRETARIA DA SEGURANCA PUBLICA;3524808;10239928000187;BBL COMERCIO VAREJISTA E ATACADISTA DE BRINDES E BIJUTERIAS EM GERAL LTDA;SERVICO DE PRODUCAO DE ARTEFATOS EM METAL, MEDALHA DO CPI-2;14400.0;2026-08-05;2026-08-05;2026-09-08;2026-08-07T17:18:41;nao_classificado;indefinido;2026-08-24T23:15:04+00:00
46377800000127-2-005243/2026;2026NE000462;2026;46377800000127;SAO PAULO SECRETARIA DA SEGURANCA PUBLICA;3524808;06314501000129;KAKOS URBANIZACAO LTDA;SERVIÇO DE MANUTENÇÃO EM TELHADO;21825.0;2026-08-07;2026-08-07;2026-08-21;2026-08-07T16:09:34;nao_classificado;indefinido;2026-08-24T23:15:04+00:00
46377800000127-2-005242/2026;2026NE000227;2026;46377800000127;SAO PAULO SECRETARIA DA SEGURANCA PUBLICA;3524808;04708626000108;DISTRIBUIDORA DE SUPRIMENTOS ETICA LTDA;AQUISIÇÃO DE MATERIAIS DE CONSUMO DIVERSOS - ITENS 7, 11, 14, 15, 19, 22 E 23 (MATERIAIS DE PAPELARIA);3058.0;2026-06-10;2026-06-10;2026-08-07;2026-08-07T13:39:36;papelaria_expediente;produto;2026-08-24T23:15:04+00:00
46377800000127-2-005241/2026;2026NE00329;2026;46377800000127;SAO PAULO SECRETARIA DA SEGURANCA PUBLICA;3524808;57308499000116;RICA - INTERMEDIACAO E NEGOCIOS LTDA;AQUISIÇÃO DE MATERIAL DE CONSUMO CAFÉ EM GRÃO PARA A DELEGACIA SECCIONAL DE POLICIA DE BAURU E UNIDADES SUBORDINADAS.;6225.8;2026-06-25;2026-06-25;2026-07-25;2026-08-07T11:02:18;generos_alimenticios;produto;2026-08-24T23:15:04+00:00
46377800000127-2-005240/2026;2026NE00323;2026;46377800000127;SAO PAULO SECRETARIA DA SEGURANCA PUBLICA;3524808;35991410000126;ALPICK COMERCIO DE ALIMENTOS E SERVICOS LTDA;AQUISIÇÃO DE MATERIAL DE CONSUMO CHÁ PARA A DELEGACIA SECCIONAL DE POLICIA DE BAURU E UNIDADES SUBORDINADAS.;270.0;2026-06-24;2026-06-24;2026-07-24;2026-08-07T10:56:40;nao_classificado;indefinido;2026-08-24T23:15:04+00:00
46377800000127-2-005239/2026;2026NE00327;2026;46377800000127;SAO PAULO SECRETARIA DA SEGURANCA PUBLICA;3524808;06787909000118;QUALITY ELETRICA E CONSTRUCAO LTDA;AQUISIÇÃO DE MATERIAL DE CONSUMO CAPPUCCINO PARA A DELEGACIA SECCIONAL DE POLICIA DE BAURU E UNIDADES SUBORDINADAS.;15450.0;2026-06-24;2026-06-24;2026-07-24;2026-08-07T10:52:52;nao_classificado;indefinido;2026-08-24T23:15:04+00:00
46377800000127-2-005238/2026;2026NE00328;2026;46377800000127;SAO PAULO SECRETARIA DA SEGURANCA PUBLICA;3524808;08822824000230;RD PAPEIS & EPI LTDA;AQUISIÇÃO DE MATERIAL DE CONSUMO PAPEL HIGIÊNICO PARA A DELEGACIA SECCIONAL DE POLICIA DE BAURU E UNIDADES SUBORDINADAS.;4830.0;2026-06-24;2026-06-24;2026-07-24;2026-08-07T10:50:11;limpeza_higiene;produto;2026-08-24T23:15:04+00:00
46377800000127-2-005237/2026;2026NE00414;2026;46377800000127;SAO PAULO SECRETARIA DA SEGURANCA PUBLICA;3524808;49643480000106;PAPERMAX COMERCIAL LTDA;AQUISIÇÃO DE MATERIAL DE CONSUMO PAPEL TOALHA PARA A DELEGACIA SECCIONAL DE POLICIA DE BAURU E UNIDADES SUBORDINADAS.;6876.9;2026-07-06;2026-07-06;2026-08-06;2026-08-07T10:47:38;nao_classificado;indefinido;2026-08-24T23:15:04+00:00
46377800000127-2-005236/2026;2026NE00326;2026;46377800000127;SAO PAULO SECRETARIA DA SEGURANCA PUBLICA;3524808;06787909000118;QUALITY ELETRICA E CONSTRUCAO LTDA;AQUISIÇÃO DE MATERIAL DE CONSUMO ABSORVENTE PARA A DELEGACIA SECCIONAL DE POLICIA DE BAURU E UNIDADES SUBORDINADAS.;220.0;2026-06-24;2026-06-24;2026-07-24;2026-08-07T10:44:27;nao_classificado;indefinido;2026-08-24T23:15:04+00:00
46377800000127-2-005235/2026;2026NE000461;2026;46377800000127;SAO PAULO SECRETARIA DA SEGURANCA PUBLICA;3524808;66900591000161;TH ELÉTRICA;SERVIÇO DE MANUTENÇÃO PREVENTIVA (LIMPEZA) E HIGIENIZAÇÃO DE APARELHOS DE AR CONDICIONADO.;2450.0;2026-08-07;2026-08-07;2026-08-21;2026-08-07T10:43:46;nao_classificado;indefinido;2026-08-24T23:15:04+00:00
46377800000127-2-005234/2026;2026NE00325;2026;46377800000127;SAO PAULO SECRETARIA DA SEGURANCA PUBLICA;3524808;08822824000230;RD PAPEIS & EPI LTDA;AQUISIÇÃO DE MATERIAL DE CONSUMO PAPEL SULFITE A4 PARA A DELEGACIA SECCIONAL DE POLICIA DE BAURU E UNIDADES SUBORDINADAS.;34104.0;2026-06-24;2026-06-24;2026-07-24;2026-08-07T10:41:39;papelaria_expediente;produto;2026-08-24T23:15:04+00:00
46377800000127-2-005233/2026;2026NE00324;2026;46377800000127;SAO PAULO SECRETARIA DA SEGURANCA PUBLICA;3524808;44333497000135;LOGMOVI LTDA;AQUISIÇÃO DE MATERIAL DE CONSUMO CONTENTORES DE LIXO PARA DELEGACIA SECCIONAL DE POLÍCIA DE BAURU E UNIDADES SUBORDINADAS.;3200.0;2026-06-26;2026-06-26;2026-07-26;2026-08-07T10:36:21;nao_classificado;indefinido;2026-08-24T23:15:04+00:00
46377800000127-2-005232/2026;2026NE000343;2026;46377800000127;SAO PAULO SECRETARIA DA SEGURANCA PUBLICA;3524808;07074208000102;WG2R COMERCIO DE MATERIAIS ELETRICOS LIMITADA;AQUISIÇÃO DE MATERIAIS DE CONSUMO DIVERSOS - ITEM 21 (LÂMPADA 65W);2991.59;2026-07-28;2026-07-28;2026-08-06;2026-08-07T10:17:30;nao_classificado;indefinido;2026-08-24T23:15:04+00:00
45131885000104-2-000083/2026;79/2026;2026;45131885000104;MUNICIPIO DE JALES;3524808;51062142000114;Everton Levi da Trindade Ltda;Contratação de empresa especializada na prestação de serviços de gestão tecnológica, operacional e administrativa do Programa IPTU Premiado - Jales, por tempo determinado, conforme Termo de Referência – Anexo I.;38000.0;2026-05-28;2026-06-26;2027-06-25;2026-08-07T09:48:37;nao_classificado;indefinido;2026-08-24T23:14:48+00:00
46377800000127-2-005228/2026;2026NE000172;2026;46377800000127;SAO PAULO SECRETARIA DA SEGURANCA PUBLICA;3524808;46304076000101;RODRIGO DA GRACA ARANHA BOITEUX;"PRESTAÇÃO DE SERVIÇO CONTÍNUO E COMUM DE MANUTENÇÃO PREVENTIVA E CORRETIVA, INCLUINDO O FORNECIMENTO DE PEÇAS, EM SISTEMA DE BOMBEAMENTO E COMPRESSÃO, CONSISTENTE EM UM CONJUNTO DE 05 (CINCO) MOTOS BOMBAS
D’ÁGUA E SEUS RESPECTIVOS QUADROS DE COMANDOS ELÉTRICOS E DEMAIS COMPONENTES CONJUGADOS, INSTALADAS NA SEDE DO DEPARTAMENTO DE POLÍCIA JUDICIÁRIA DA CAPITAL -DECAP.";49088.64;2026-08-03;2026-08-03;2028-08-03;2026-08-07T09:21:59;nao_classificado;indefinido;2026-08-24T23:15:04+00:00
46377800000127-2-005227/2026;2026NE000330;2026;46377800000127;SAO PAULO SECRETARIA DA SEGURANCA PUBLICA;3524808;43608649000100;LDNTECH AUTOMACAO COMERCIAL E TECNOLOGIA LTDA;AQUISIÇÃO DE MATERIAIS DE INFORMÁTICA - ITEM 1 (SCANNER LEITURA BIOMETRICA);16555.0;2026-07-28;2026-07-28;2026-08-06;2026-08-07T09:11:40;nao_classificado;indefinido;2026-08-24T23:15:04+00:00
45138070000149-2-000840/2026;6003;2026;45138070000149;MUNICIPIO DE SANTA FE DO SUL;3546603;74384231000182;C.C. CALEJON DOS SANTOS;Material para manutenção de Relógio-Ponto do Ginásio De Esportes, conforme Processo SEI n° 3546603.437.00001258/2026-18.;485.0;2026-08-06;2026-08-06;2026-08-06;2026-08-07T08:25:52;nao_classificado;indefinido;2026-08-24T19:23:58+00:00
45138070000149-2-000837/2026;6005;2026;45138070000149;MUNICIPIO DE SANTA FE DO SUL;3546603;32605472000164;L K V CASTELAN EVENTOS;"Aquisição de Adesivos com Impressão Digital para Atendimento às Atividades de Produção de Artesanatos Desenvolvidas pelo Fundo Social;
Processo SEI nº 3546603.437.00001080/2026-05.";6000.0;2026-08-06;2026-08-06;2026-08-06;2026-08-07T08:25:51;nao_classificado;indefinido;2026-08-24T19:23:58+00:00
45138070000149-2-000838/2026;5999;2026;45138070000149;MUNICIPIO DE SANTA FE DO SUL;3546603;10655463000145;EVALDO JOSE MANTELATO;"Aquisição de bobina térmica 80mm registradora para a Balança Rodoviária Eletrônica, conforme Processo SEI nº 3546603.437.00001299/2026-04;";480.0;2026-08-06;2026-08-06;2026-08-06;2026-08-07T08:25:51;nao_classificado;indefinido;2026-08-24T19:23:58+00:00
45138070000149-2-000839/2026;6001;2026;45138070000149;MUNICIPIO DE SANTA FE DO SUL;3546603;50727396000141;50.727.396 MARCIA ADRIANA DA SILVA VITTA;"Manutenção de impressora do Almoxarifado da Saúde, 
Número do processo nº Sei: 3546603.437.00001293/2026-29.";330.0;2026-08-06;2026-08-06;2026-08-06;2026-08-07T08:25:51;informatica;produto;2026-08-24T19:23:58+00:00
45138070000149-2-000835/2026;5997;2026;45138070000149;MUNICIPIO DE SANTA FE DO SUL;3546603;51900436000178;51.900.436 TEREZINHA GOMES DA SILVA;Aquisição de aparelho de pressão arterial digital de braço para a Central da Saúde, conforme Processo SEI n° 3546603.437.00001289/2026-61;1650.0;2026-08-06;2026-08-06;2026-08-06;2026-08-07T08:25:50;nao_classificado;indefinido;2026-08-24T19:23:58+00:00
45138070000149-2-000836/2026;5998;2026;45138070000149;MUNICIPIO DE SANTA FE DO SUL;3546603;31660176000101;RAVAZZI EQUIPAMENTOS ODONTOLÓGICOS LTDA;"Aquisição de Compressor Chiaperini Isento De Óleo 50 L 10 Bpo para o ESF 13 de Maio, conforme Processo SEI n° 3546603.437.00001286/2026-27;";3800.0;2026-08-06;2026-08-06;2026-08-06;2026-08-07T08:25:50;nao_classificado;indefinido;2026-08-24T19:23:58+00:00
46377800000127-2-005225/2026;2026NE000050;2026;46377800000127;SAO PAULO SECRETARIA DA SEGURANCA PUBLICA;3524808;04198254000117;MCR SISTEMAS E CONSULTORIA LTDA;LICENÇAS DOS SOFTWARES ADOBE CREATIVE CLOUD VIP TEAMS GOVERNAMENTAL ALL APPS E CORELDRAW GRAPHICS SUITE, PELO PERÍODO DE 36 (TRINTA E SEIS) MESES,;85131.0;2026-08-06;2026-08-06;2029-08-06;2026-08-06T18:10:58;nao_classificado;indefinido;2026-08-24T23:15:04+00:00
46377800000127-2-005224/2026;2026ne00140;2026;46377800000127;SAO PAULO SECRETARIA DA SEGURANCA PUBLICA;3524808;23496174000192;N C DISTRIBUIDORA DE PRODUTOS E SERVICOS LTDA;Aquisição de material de consumo - suprimentos de informática;3867.04;2026-08-03;2026-08-03;2026-12-31;2026-08-06T17:27:56;nao_classificado;indefinido;2026-08-24T23:15:04+00:00
46377800000127-2-005223/2026;00009;2026;46377800000127;SAO PAULO SECRETARIA DA SEGURANCA PUBLICA;3524808;03928511000247;S.O.S SUL RESGATE - COMERCIO E SERVICOS DE SEGURANCA E SINALIZACAO LTDA;03 (TRÊS) UNIDADES DO MATERIAL DESCRITO NO ITEM 2 - CÂMERA TERMOGRÁFICA PARA USO EM ATIVIDADES DE COMBATE A INCÊNDIO E BUSCA E RESGATE DE VÍTIMAS – MODELO 2.;22990.29;2026-07-08;2026-07-08;2026-10-06;2026-08-06T17:24:58;nao_classificado;indefinido;2026-08-24T23:15:04+00:00
46377800000127-2-005222/2026;2026NE000108;2026;46377800000127;SAO PAULO SECRETARIA DA SEGURANCA PUBLICA;3524808;08822824000159;RD PAPEIS & EPI LTDA;"AQUISIÇÃO DE PAPEL PARA IMPRESSÃO FORMATADO TIPO: SULFITE/APERGAMINHADO/OFÍCIO ,
TAMANHO A4 (C X L): 297 X 210 MM, GRAMATURA: 75 G/M2, COR: BRANCO
, CARACTERÍSTICA ADICIONAL: PH ALCALINO
E PAPEL PARA IMPRESSÃO FORMATADO TIPO: SULFITE/APERGAMINHADO/OFÍCIO ,
TAMANHO A3 (C X L): 420 X 297 MM, GRAMATURA: 75 G/M2, COR: BRANCO";3108.9;2026-08-06;2026-08-06;2026-09-04;2026-08-06T17:16:22;nao_classificado;indefinido;2026-08-24T23:15:04+00:00
46377800000127-2-005220/2026;2026NE000157;2026;46377800000127;SAO PAULO SECRETARIA DA SEGURANCA PUBLICA;3524808;59864632000146;59.864.632 MEIRE FERREIRA GARCIA CINTRA;AQUISIÇÃO DE 03 ADESIVO INSTANTÂNEO;131.4;2026-08-06;2026-08-06;2026-09-05;2026-08-06T16:06:12;nao_classificado;indefinido;2026-08-24T23:15:04+00:00
46377800000127-2-005219/2026;2026NE000156;2026;46377800000127;SAO PAULO SECRETARIA DA SEGURANCA PUBLICA;3524808;59864632000146;59.864.632 MEIRE FERREIRA GARCIA CINTRA;AQUISIÇÃO DE 05 FITA ISOLANTE;94.95;2026-08-06;2026-08-06;2026-09-05;2026-08-06T16:03:25;nao_classificado;indefinido;2026-08-24T23:15:04+00:00
46377800000127-2-005218/2026;2026NE000155;2026;46377800000127;SAO PAULO SECRETARIA DA SEGURANCA PUBLICA;3524808;59864632000146;59.864.632 MEIRE FERREIRA GARCIA CINTRA;AQUISIÇÃO DE DE UM JOGO DE BROCA, E TRENAS;593.6;2026-08-06;2026-08-06;2026-09-05;2026-08-06T15:58:54;nao_classificado;indefinido;2026-08-24T23:15:04+00:00
46377800000127-2-005216/2026;2026NE000064;2026;46377800000127;SAO PAULO SECRETARIA DA SEGURANCA PUBLICA;3524808;21163633000190;SB MULTICOM COMERCIO LTDA;AQUISIÇÃO DE MATERIAIS DE RESGATE E SALVAMENTO;26249.9;2026-08-04;2026-08-04;2026-09-03;2026-08-06T15:39:12;nao_classificado;indefinido;2026-08-24T23:15:04+00:00
46377800000127-2-005215/2026;2026NE000154;2026;46377800000127;SAO PAULO SECRETARIA DA SEGURANCA PUBLICA;3524808;35794003000129;PHM COMERCIO E CONFECCOES LTDA;AQUISIÇÃO DE 01 GALÃO TÉRMICO DE 55 LITROS;970.0;2026-08-06;2026-08-06;2026-09-05;2026-08-06T15:34:03;nao_classificado;indefinido;2026-08-24T23:15:04+00:00
46377800000127-2-005214/2026;2026NE000063;2026;46377800000127;SAO PAULO SECRETARIA DA SEGURANCA PUBLICA;3524808;08211767000171;P.H.O. PRODUTOS HOSPITALARES E ODONTOLOGICOS LTDA;AQUISIÇÃO DE MATERIAIS DE RESGATE E SALVAMENTO;578.5;2026-08-04;2026-08-04;2026-09-03;2026-08-06T15:29:18;nao_classificado;indefinido;2026-08-24T23:15:04+00:00
46377800000127-2-005213/2026;2026NE000062;2026;46377800000127;SAO PAULO SECRETARIA DA SEGURANCA PUBLICA;3524808;21163633000190;SB MULTICOM COMERCIO LTDA;AQUISIÇÃO DE MATERIAIS DE RESGATE E SALVAMENTO;3865.9;2026-08-04;2026-08-04;2026-08-04;2026-08-06T15:19:07;nao_classificado;indefinido;2026-08-24T23:15:04+00:00
46377800000127-2-005212/2026;2026NE000346;2026;46377800000127;SAO PAULO SECRETARIA DA SEGURANCA PUBLICA;3524808;37478920000120;DANIEL PATRICIO DA SILVA CAETANO;AQUISIÇÃO DE MATERIAIS DE CONSUMO DIVERSOS - ITEM 10 (TECLADO PARA MICROCOMPUTADOR);1140.02;2026-07-28;2026-07-28;2026-08-05;2026-08-06T14:09:17;nao_classificado;indefinido;2026-08-24T23:15:04+00:00
46377800000127-2-005211/2026;2026NE000339;2026;46377800000127;SAO PAULO SECRETARIA DA SEGURANCA PUBLICA;3524808;18760966000192;ELIANY REGINA FRALLONARDO;AQUISIÇÃO DE MATERIAIS DE CONSUMO DIVERSOS - ITEM 20 (EXTRATOR DE GRAMPOS);347.9;2026-07-28;2026-07-28;2026-08-05;2026-08-06T13:56:59;nao_classificado;indefinido;2026-08-24T23:15:04+00:00
46377800000127-2-005210/2026;2026NE000338;2026;46377800000127;SAO PAULO SECRETARIA DA SEGURANCA PUBLICA;3524808;18760966000192;ELIANY REGINA FRALLONARDO;AQUISIÇÃO DE MATERIAIS DE CONSUMO DIVERSOS - ITEM 16 (BATERIA BOTÃO);39.7;2026-07-28;2026-07-28;2026-08-05;2026-08-06T13:50:52;nao_classificado;indefinido;2026-08-24T23:15:04+00:00
01611211000123-2-000062/2026;0061/26;2026;01611211000123;MUNICIPIO DE SANTA SALETE;3547650;04746168000100;JOAO EDUARDO V. OLIVEIRA ME;CONTRATAÇÃO DE EMPRESA ESPECIALIZADA PARA PRESTAÇÃO DE SERVIÇOS VETERINÁRIOS AO SETOR DE VIGILÂNCIA EM SAÚDE E ZOONOSES DO MUNICÍPIO DE SANTA SALETE/SP;54900.0;2026-08-06;2026-08-06;2027-08-06;2026-08-06T13:24:42;servico_vigilancia_saude;servico;2026-08-24T23:14:46+00:00
46377800000127-2-005209/2026;04013;2026;46377800000127;SAO PAULO SECRETARIA DA SEGURANCA PUBLICA;3524808;34028316000103;EMPRESA BRASILEIRA DE CORREIOS E TELEGRAFOS;PRESTAÇÃO DE SERVIÇOS POSTAIS;60000.0;2026-08-05;2026-08-07;;2026-08-06T13:08:06;nao_classificado;indefinido;2026-08-24T23:15:04+00:00
46377800000127-2-005208/2026;00013;2026;46377800000127;SAO PAULO SECRETARIA DA SEGURANCA PUBLICA;3524808;42224229000150;INSPECT INTELIGENCIA E TECNOLOGIA LTDA;CONTRATAÇÃO DE SERVIÇOS DE LICENCIAMENTO DE SOFTWARE GEOSPY PARA A DIVISÃO DE INTELIGÊNCIA POLICIAL (DIP/DIPOL).;118100.0;2026-08-06;2026-10-06;2027-10-06;2026-08-06T12:25:19;nao_classificado;indefinido;2026-08-24T23:15:04+00:00
46377800000127-2-005207/2026;00007;2026;46377800000127;SAO PAULO SECRETARIA DA SEGURANCA PUBLICA;3524808;35288172000197;FIVE FACILITIES MAO DE OBRA TERCEIRIZADA LTDA;CONTRATAÇÃO DA PRESTAÇÃO DE SERVIÇOS DE NUTRIÇÃO E ALIMENTAÇÃO A SERVIDORES E EMPREGADOS, A SEREM EXECUTADOS COM REGIME DE DEDICAÇÃO EXCLUSIVA DE MÃO DE OBRA, CONSISTINDO EM REFEIÇÃO ELABORADA, PORCIONADA E DISTRIBUÍDA NAS DEPENDÊNCIAS DO CONTRATANTE, CONTEMPLANDO A OPERACIONALIZAÇÃO E O DESENVOLVIMENTO DE TODAS AS ATIVIDADES NECESSÁRIAS PARA O FORNECIMENTO DE REFEIÇÕES, ASSEGURANDO UMA ALIMENTAÇÃO BALANCEADA, DENTRO DOS PADRÕES DE SEGURANÇA ALIMENTAR, COM AS CONDIÇÕES HIGIÊNICO-SANITÁRIAS ADEQUADAS, CONFORME DISPOSTO NA PORTARIA CVS Nº 5, DE 2013, ALÉM DAS DEMAIS NORMAS TÉCNICAS E SANITÁRIAS VIGENTES, CONFORME CONDIÇÕES E EXIGÊNCIAS ESTABELECIDAS NO TERMO DE REFERÊNCIA, DE ACORDO COM AS SUBDIVISÕES NA FORMA DE ITENS QUE COMPÕEM ESTE INSTRUMENTO. O VALOR TOTAL ESTIMADO DA CONTRATAÇÃO É DE R$ 24.409.475,60 (VINTE E QUATRO MILHÕES, QUATROCENTOS E NOVE MIL, QUATROCENTOS E SETENTA E CINCO REAIS E SESSENTA CENTAVOS), PARA O PERÍODO DE 30 (TRINTA) MESES, OBSERVADA A PROPOSTA ADJUDICADA E HOMOLOGADA NO PROCEDIMENTO LICITATÓRIO.;24409475.6;2026-07-30;2026-07-30;2029-02-13;2026-08-06T11:16:19;nao_classificado;indefinido;2026-08-24T23:15:04+00:00
46377800000127-2-005206/2026;2026NE000335;2026;46377800000127;SAO PAULO SECRETARIA DA SEGURANCA PUBLICA;3524808;37343532000131;37.343.532 MARCOS SERGIO RODRIGUES PEREIRA JUNIOR;AQUISIÇÃO DE MATERIAIS DE CONSUMO DIVERSOS - ITEM 3 (WEBCAM);5320.0;2026-07-28;2026-07-28;2026-08-05;2026-08-06T11:14:36;nao_classificado;indefinido;2026-08-24T23:15:04+00:00
46377800000127-2-011337/2025;00052;2025;46377800000127;SAO PAULO SECRETARIA DA SEGURANCA PUBLICA;3524808;24578101000102;RESTART - COMERCIO E REPRESENTACAO DE AUTOPECAS LTDA;PEÇAS;3110.0;2026-08-03;2026-08-03;2026-09-03;2026-08-06T10:50:28;nao_classificado;indefinido;2026-08-24T23:15:04+00:00
46377800000127-2-005205/2026;45101;2026;46377800000127;SAO PAULO SECRETARIA DA SEGURANCA PUBLICA;3524808;67116715000185;TAIT COMUNICACOES BRASIL LTDA;TRANSCEPTOR MOVEL DIGITAL VHF;2096000.0;2026-07-29;2026-07-29;2026-10-29;2026-08-06T10:50:22;nao_classificado;indefinido;2026-08-24T23:15:04+00:00
46377800000127-2-011336/2025;00051;2025;46377800000127;SAO PAULO SECRETARIA DA SEGURANCA PUBLICA;3524808;24578101000102;RESTART - COMERCIO E REPRESENTACAO DE AUTOPECAS LTDA;PEÇAS;7850.0;2026-08-03;2026-08-03;2026-09-03;2026-08-06T10:43:55;nao_classificado;indefinido;2026-08-24T23:15:04+00:00
46377800000127-2-011335/2025;00053;2025;46377800000127;SAO PAULO SECRETARIA DA SEGURANCA PUBLICA;3524808;13365229000171;PROATIVA COMERCIO DE PECAS E ACESSORIOS AUTOMOTORES LTDA;PEÇAS;5226.4;2026-08-03;2026-08-03;2026-09-03;2026-08-06T10:28:10;nao_classificado;indefinido;2026-08-24T23:15:04+00:00
46377800000127-2-005204/2026;00091;2026;46377800000127;SAO PAULO SECRETARIA DA SEGURANCA PUBLICA;3524808;30218553000186;HARPIA DISTRIBUIDORA DE PECAS LTDA;PEÇAS;21500.0;2026-08-03;2026-08-03;2026-09-03;2026-08-06T10:16:13;nao_classificado;indefinido;2026-08-24T23:15:04+00:00
45138070000149-2-000834/2026;5954;2026;45138070000149;MUNICIPIO DE SANTA FE DO SUL;3546603;07820902000113;DROGRASUL SANTA FE DO SUL LTDA;"Aquisição de remédios para o Núcleo de Assistência à Saúde – NAS - Decreto Municipal 2798/2010, conforme Processo SEI n° 3546603.437.00001247/2026-20;";123.0;2026-08-04;2026-08-04;2026-08-04;2026-08-06T09:10:53;nao_classificado;indefinido;2026-08-24T19:23:58+00:00
45138070000149-2-000833/2026;5955;2026;45138070000149;MUNICIPIO DE SANTA FE DO SUL;3546603;12399583000154;F. DE ASSIS FONTINELE & CIA. LTDA;"Aquisição de remédios para o Núcleo de Assistência à Saúde – NAS - Decreto Municipal 2798/2010, conforme Processo SEI n° 3546603.437.00001247/2026-20;";516.0;2026-08-04;2026-08-04;2026-08-04;2026-08-06T09:10:14;nao_classificado;indefinido;2026-08-24T19:23:58+00:00
45138070000149-2-000832/2026;5952;2026;45138070000149;MUNICIPIO DE SANTA FE DO SUL;3546603;05677457000159;JOELTON LOPES VILASBOAS & CIA LTDA;"Aquisição de remédios para o Núcleo de Assistência à Saúde – NAS - Decreto Municipal 2798/2010, conforme Processo SEI n° 3546603.437.00001247/2026-20;";676.5;2026-08-04;2026-08-04;2026-08-04;2026-08-06T09:09:10;nao_classificado;indefinido;2026-08-24T19:23:58+00:00
46377800000127-2-005203/2026;2026NE000282;2026;46377800000127;SAO PAULO SECRETARIA DA SEGURANCA PUBLICA;3524808;46983819000117;FAZ VENDAS LTDA;AQUISIÇÃO DE MATERIAIS DE CONSUMO DIVERSOS - ITEM 3 (LACRE DE SEGURANÇA);1990.0;2026-06-25;2026-06-25;2026-08-05;2026-08-06T08:54:39;nao_classificado;indefinido;2026-08-24T23:15:04+00:00
45138070000149-2-000831/2026;5969;2026;45138070000149;MUNICIPIO DE SANTA FE DO SUL;3546603;61198164000160;PORTO SEGURO COMPANHIA DE SEGUROS GERAIS;"Contratação de empresa especializada em seguro predial para o Almoxarifado Geral, conforme Processo SEI n° 3546603.437.00000997/2026-84;";2187.58;2026-08-05;2026-08-05;2026-08-05;2026-08-06T08:44:04;nao_classificado;indefinido;2026-08-24T19:23:58+00:00
45138070000149-2-000830/2026;5956;2026;45138070000149;MUNICIPIO DE SANTA FE DO SUL;3546603;56097095000168;WANDERLEYA P G CELES & CIA LTDA;"Aquisição de lentes simples e armação de óculos para J L de F; 
aquisição de lentes multifocais e armação de óculos para I A do N;
de acordo com processo SEI nº 3546603.437.00001304/2026-71.";310.0;2026-08-05;2026-08-05;2026-08-05;2026-08-06T08:09:52;nao_classificado;indefinido;2026-08-24T19:23:58+00:00
45138070000149-2-000829/2026;5953;2026;45138070000149;MUNICIPIO DE SANTA FE DO SUL;3546603;21318056000169;ANGELA CRISTINA FRACAROLLI - ME;Aquisição de materiais destinados à realização de limpeza intensiva das dependências do Fundo Social, conforme Processo SEI n° 3546603.437.00001272/2026-11.;475.0;2026-08-04;2026-08-04;2026-08-04;2026-08-06T07:46:33;nao_classificado;indefinido;2026-08-24T19:23:58+00:00
46377800000127-2-005202/2026;4;2026;46377800000127;SAO PAULO SECRETARIA DA SEGURANCA PUBLICA;3524808;00550733000108;AMBIENTAL SISTEMAS DE LIMPEZA E CONSERVACAO LTDA;Prestação de serviços contínuos de limpeza, asseio e conservação predial nos prédios das delegacias subordinadas à 8ª Delegacia Seccional de Polícia.;3407556.3;2026-07-15;2026-08-01;2029-01-31;2026-08-05T18:16:17;nao_classificado;indefinido;2026-08-24T23:15:04+00:00
46377800000127-2-005199/2026;2026NE002630;2026;46377800000127;SAO PAULO SECRETARIA DA SEGURANCA PUBLICA;3524808;39757934000108;NEXT SOLUCOES INTEGRADAS LTDA;AQUISIÇÃO ARP CPCHOQUE - AQUISÇÃO BOLSO MODULAR;828.0;2026-08-05;2026-08-05;2026-09-04;2026-08-05T16:53:01;nao_classificado;indefinido;2026-08-24T23:15:04+00:00
46377800000127-2-005198/2026;2026NE002629;2026;46377800000127;SAO PAULO SECRETARIA DA SEGURANCA PUBLICA;3524808;61148037000156;ORTOPRATIKA INDUSTRIA E COMERCIO LTDA;AQUISIÇÃO ARP CPCHOQUE - MANTA ALUMINIZADA E MANTA DE EXTRICAÇÃO;1620.78;2026-08-05;2026-08-05;2026-09-04;2026-08-05T16:47:34;nao_classificado;indefinido;2026-08-24T23:15:04+00:00
45138070000149-2-000828/2026;5947;2026;45138070000149;MUNICIPIO DE SANTA FE DO SUL;3546603;65200182000190;65.200.182 ELVIS DE OLIVEIRA FREITAS;Contratação de Serviço De Chaveiro para o Paço Municipal, utilizada pela Secretaria de Administração, conforme Processo SEI n° 3546603.437.00001284/2026-38.;169.0;2026-08-03;2026-08-03;2026-08-03;2026-08-05T16:35:16;nao_classificado;indefinido;2026-08-24T19:23:58+00:00
46377800000127-2-005195/2026;2026NE002626;2026;46377800000127;SAO PAULO SECRETARIA DA SEGURANCA PUBLICA;3524808;08651657000120;ALL SOLUTIONS MEDICAL - PRODUTOS MEDICOS HOSPITALARES LTDA;AQUISIÇÃO DE TORNIQUETI ARP CPCHOQUE;2424.0;2026-08-05;2026-08-05;2026-09-04;2026-08-05T16:24:26;nao_classificado;indefinido;2026-08-24T23:15:04+00:00
45138070000149-2-000827/2026;5946;2026;45138070000149;MUNICIPIO DE SANTA FE DO SUL;3546603;67110706000187;ELSON CESAR CASTELAN LTDA;"Processo SEI nº 3546603.437.00001159/2026-28;
Serviço de troca de lona de toldo - 10,00x2,50 metros, para EMEI Profª Rozalia Alves Garcia.";4490.0;2026-08-03;2026-08-03;2026-08-03;2026-08-05T16:09:28;nao_classificado;indefinido;2026-08-24T19:23:58+00:00
46377800000127-2-005194/2026;2026NE00204;2026;46377800000127;SAO PAULO SECRETARIA DA SEGURANCA PUBLICA;3524808;56266403000131;AGIL COMERCIO DIGITAL LTDA;AQUISIÇAO DE MATERIAL DE CONSUMO - VASSOURAS - PARA A DELEGACIA SECCIONAL DE POLÍCIA DE BAURU;444.6;2026-04-27;2026-04-27;2026-05-27;2026-08-05T15:03:21;limpeza_higiene;produto;2026-08-24T23:15:04+00:00
46377800000127-2-005193/2026;2026NE00203;2026;46377800000127;SAO PAULO SECRETARIA DA SEGURANCA PUBLICA;3524808;27964470000121;27.964.470 JESSICA DOS SANTOS SOUZA ARAUJO;AQUISIÇÃO DE MATERIAL DE CONSUMO - COADORES DESCARTÁVEIS - PARA A DELEGACIA SECCIONAL DE POLÍCIA DE BAURU.;1137.0;2026-04-27;2026-04-27;2026-05-27;2026-08-05T14:13:52;nao_classificado;indefinido;2026-08-24T23:15:04+00:00
45131885000104-2-000082/2026;0099/26;2026;45131885000104;MUNICIPIO DE JALES;3524808;09813649000104;SERVICON AR CONDICIONADO EIRELI;Contratação de empresa especializada para manutenção preventiva e corretiva, limpeza, higienização e conservação de aparelhos de ar condicionado, por tempo determinado, conforme Termo de Referência – Anexo I.;78012.0;2026-07-29;2026-07-29;2027-07-28;2026-08-05T14:12:16;nao_classificado;indefinido;2026-08-24T23:14:48+00:00
46377800000127-2-005192/2026;2026NE00208;2026;46377800000127;SAO PAULO SECRETARIA DA SEGURANCA PUBLICA;3524808;50024982000120;50.024.982 NAILSON ROBERTO DA SILVA;AQUISIÇÃO DE MATERIAL DE CONSUMO - ADAPTADORES  PARA A DELEGACIA SECCIONAL DE POLÍCIA DE BAURU ;391.6;2026-04-17;2026-04-17;2026-05-17;2026-08-05T14:10:41;nao_classificado;indefinido;2026-08-24T23:15:04+00:00
46377800000127-2-005191/2026;2026NE00252;2026;46377800000127;SAO PAULO SECRETARIA DA SEGURANCA PUBLICA;3524808;50378977000115;JLG COMERCIAL LTDA;AQUISIÇÃO DE MATERIAL DE CONSUMO - LACRES DE SEGURANÇA PARA A DELEGACIA SECCIONAL DE POLÍCIA DE BAURU;1210.0;2026-04-28;2026-04-28;2026-05-28;2026-08-05T14:08:12;nao_classificado;indefinido;2026-08-24T23:15:04+00:00
46377800000127-2-005189/2026;2026NE200207;2026;46377800000127;SAO PAULO SECRETARIA DA SEGURANCA PUBLICA;3524808;33622151000130;33.622.151 ISABEL ALVES DE SOUZA;AQUISIÇÃO DE MATERIAL DE CONSUMO - TECLADOS - PARA A DELEGACIA SECCIONAL DE POLÍCIA DE BAURU;478.0;2026-04-27;2026-04-27;2026-05-27;2026-08-05T13:54:45;nao_classificado;indefinido;2026-08-24T23:15:04+00:00
46377800000127-2-005188/2026;2026NE00259;2026;46377800000127;SAO PAULO SECRETARIA DA SEGURANCA PUBLICA;3524808;13331317000152;ANA VALERIA TONELOTTO;AQUISIÇÃO DE MATERIAL DE CONSUMO - LIVROS ATA - DELEGACIA SECCIONAL DE POLÍCIA DE BAURU;240.0;2026-04-29;2026-04-29;2026-05-29;2026-08-05T13:27:48;nao_classificado;indefinido;2026-08-24T23:15:04+00:00
46377800000127-2-005187/2026;2026NE00260;2026;46377800000127;SAO PAULO SECRETARIA DA SEGURANCA PUBLICA;3524808;09538374000130;ML RODRIGUES COMERCIAL LTDA;AQUISIÇÃO DE MATERIAL DE CONSUMO -LIVROS ATA - PARA A DELEGACIA SECCIONAL DE PO´LÍCIA DE BAURU E UNIDADES SUBORDINADAS.;890.0;2026-04-29;2026-04-29;2026-05-29;2026-08-05T13:23:21;nao_classificado;indefinido;2026-08-24T23:15:04+00:00
46377800000127-2-005186/2026;2026NE00261;2026;46377800000127;SAO PAULO SECRETARIA DA SEGURANCA PUBLICA;3524808;27964470000121;27.964.470 JESSICA DOS SANTOS SOUZA ARAUJO;AQUISIÇÃO DE MATERIAL DE CONSUMO - TORNEIRAS - PARA A DELEGACIA SECCIONAL DE POLÍCIA DE BAURU E UNIDADES SUBORDINADAS;592.2;2026-04-30;2026-04-30;2026-05-30;2026-08-05T13:20:49;nao_classificado;indefinido;2026-08-24T23:15:04+00:00
46377800000127-2-005185/2026;2026NE00264;2026;46377800000127;SAO PAULO SECRETARIA DA SEGURANCA PUBLICA;3524808;49506420000133;MAK COMERCIO E DISTRIBUIDORA LTDA;AQUISIÇÃO DE MATERIAL DE CONSUMO - ESPONJAS DE LIMPEZA PARA A DELEGACIA SECCIONAL DE POLÍCIA DE BAURU E UNIDADES SUBORDINADAS.;74.0;2026-04-30;2026-04-30;2026-05-30;2026-08-05T13:17:18;nao_classificado;indefinido;2026-08-24T23:15:04+00:00
46377800000127-2-005184/2026;2026NE00263;2026;46377800000127;SAO PAULO SECRETARIA DA SEGURANCA PUBLICA;3524808;49506420000133;MAK COMERCIO E DISTRIBUIDORA LTDA;AQUISIÇÃO DE COLCHETES, COLAS E TESOURAS PARA A DELEGACIA SECCIONAL DE POLÍCIA DE BAURU E UNIDADES SUBORDINADAS;747.0;2026-04-30;2026-04-30;2026-05-30;2026-08-05T13:08:14;nao_classificado;indefinido;2026-08-24T23:15:04+00:00
46377800000127-2-005183/2026;2026NE001460;2026;46377800000127;SAO PAULO SECRETARIA DA SEGURANCA PUBLICA;3524808;29678007000149;CONSTRUMIX DEPOSITO DE MATERIAIS DE CONSTRUCOES LTDA;AQUISIÇÃO DE MATERIAIS DE CONSUMO PARA A SSP;478.56;2026-07-30;2026-07-30;2026-08-10;2026-08-05T11:19:11;nao_classificado;indefinido;2026-08-24T23:15:04+00:00
46377800000127-2-005182/2026;2026NE001459;2026;46377800000127;SAO PAULO SECRETARIA DA SEGURANCA PUBLICA;3524808;29678007000149;CONSTRUMIX DEPOSITO DE MATERIAIS DE CONSTRUCOES LTDA;AQUISIÇÃO DE MATERIAIS DE CONSUMO PARA A SSP;1998.18;2026-07-30;2026-07-30;2026-08-10;2026-08-05T11:12:49;nao_classificado;indefinido;2026-08-24T23:15:04+00:00
46377800000127-2-005181/2026;2026NE001458;2026;46377800000127;SAO PAULO SECRETARIA DA SEGURANCA PUBLICA;3524808;29678007000149;CONSTRUMIX DEPOSITO DE MATERIAIS DE CONSTRUCOES LTDA;AQUISIÇÃO DE MATERIAIS DE CONSUMO PARA A SSP;1700.0;2026-07-30;2026-07-30;2026-08-10;2026-08-05T10:58:17;nao_classificado;indefinido;2026-08-24T23:15:04+00:00
46377800000127-2-005180/2026;2026NE000152;2026;46377800000127;SAO PAULO SECRETARIA DA SEGURANCA PUBLICA;3524808;10394422000142;HYUNDAI MOTOR BRASIL MONTADORA DE AUTOMOVEIS LTDA;AQUISIÇÃO DE VIATURA DE TRANSPORTE DE PESSOAL.;126850.0;2026-08-04;2026-08-04;2026-12-04;2026-08-05T10:54:16;nao_classificado;indefinido;2026-08-24T23:15:04+00:00
46377800000127-2-005179/2026;2026NE001457;2026;46377800000127;SAO PAULO SECRETARIA DA SEGURANCA PUBLICA;3524808;10943564000111;COMERCIAL DE DESCARTAVEIS E MATERIAIS DE LIMPEZA LTDA;AQUISIÇÃO DE MATERIAIS DE CONSUMO PARA A SSP;1078.2;2026-07-30;2026-07-30;2026-08-10;2026-08-05T10:52:42;nao_classificado;indefinido;2026-08-24T23:15:04+00:00
46377800000127-2-005178/2026;2026NE001456;2026;46377800000127;SAO PAULO SECRETARIA DA SEGURANCA PUBLICA;3524808;46660628000114;SALILE MULTI MIX COMERCIO LTDA;AQUISIÇÃO DE MATERIAIS DE CONSUMO PARA A SSP;478.13;2026-07-30;2026-07-30;2026-08-10;2026-08-05T10:45:57;nao_classificado;indefinido;2026-08-24T23:15:04+00:00
46377800000127-2-005177/2026;2026NE000153;2026;46377800000127;SAO PAULO SECRETARIA DA SEGURANCA PUBLICA;3524808;52450923000149;HEITOR AGRELI;AQUISIÇÃO DE 02 MOTOSSERRA STIHIL MODELO MS 382 PARA A BASE DE BOMBEIROS DE PENAPOLIS;7599.98;2026-08-04;2026-08-04;2026-09-03;2026-08-05T10:34:59;nao_classificado;indefinido;2026-08-24T23:15:04+00:00
46377800000127-2-005176/2026;2026NE000077;2026;46377800000127;SAO PAULO SECRETARIA DA SEGURANCA PUBLICA;3524808;00559912000106;X PAPER COMERCIO E SERVICOS LTDA;SERVIÇO DE REPROGRAFIA CORPORATIVA;14730.18;2026-07-27;2026-07-27;2026-09-26;2026-08-05T10:27:49;nao_classificado;indefinido;2026-08-24T23:15:04+00:00
46377800000127-2-005175/2026;2026NE000246;2026;46377800000127;SAO PAULO SECRETARIA DA SEGURANCA PUBLICA;3524808;60102937000108;ARTE SUTIL PERSIANAS E CORTINAS LTDA;SERVIÇO DE CONFECÇÃO E INSTALAÇÃO DE CORTINAS PERSIANAS;23600.0;2026-08-05;2026-08-05;2026-09-15;2026-08-05T10:14:24;textil_uniforme;produto;2026-08-24T23:15:04+00:00
46377800000127-2-005174/2026;2026NE000092;2026;46377800000127;SAO PAULO SECRETARIA DA SEGURANCA PUBLICA;3524808;36634191000190;VERSATTIL COMERCIO DE MATERIAL ELETRICO LTDA;ESGUICHO PARA MANGUEIRA;17605.0;2026-07-07;2026-07-07;2026-08-10;2026-08-05T09:32:48;nao_classificado;indefinido;2026-08-24T23:15:04+00:00
46377800000127-2-005173/2026;2026NE000091;2026;46377800000127;SAO PAULO SECRETARIA DA SEGURANCA PUBLICA;3524808;62593932000142;PI SOLUCOES E COMERCIO LTDA;LUVAS DE VAQUETA;2473.76;2026-07-07;2026-07-07;2026-08-10;2026-08-05T09:30:38;nao_classificado;indefinido;2026-08-24T23:15:04+00:00
01611211000123-2-000061/2026;0060/26;2026;01611211000123;MUNICIPIO DE SANTA SALETE;3547650;57876382000139;STORER SISTEMAS LTDA;CONTRATAÇÃO DE EMPRESA ESPECIALIZADA PARA LOCAÇÃO DE SISTEMA INFORMATIZADO DE GESTÃO E CONTROLE DE FREQUÊNCIA DE SERVIDORES, EM PLATAFORMA WEB, INCLUINDO IMPLANTAÇÃO, TREINAMENTO, SUPORTE TÉCNICO, MANUTENÇÃO E LOCAÇÃO DE 08 (OITO) EQUIPAMENTOS DE REGISTRO ELETRÔNICO DE PONTO POR RECONHECIMENTO FACIAL, DESTINADOS ÀS UNIDADES ADMINISTRATIVAS DO MUNICÍPIO DE SANTA SALETE/SP;48000.0;2026-08-05;2026-08-05;2027-08-05;2026-08-05T08:43:17;nao_classificado;indefinido;2026-08-24T23:14:46+00:00
46377800000127-2-005171/2026;13;2026;46377800000127;SAO PAULO SECRETARIA DA SEGURANCA PUBLICA;3524808;41672755000110;SET COMERCIO DE MOVEIS LTDA;mobiliario corporativo corregedoria ;36600.0;2026-08-04;2026-08-04;2027-08-04;2026-08-04T18:00:26;nao_classificado;indefinido;2026-08-24T23:15:04+00:00
46377800000127-2-005170/2026;2026NE000139;2026;46377800000127;SAO PAULO SECRETARIA DA SEGURANCA PUBLICA;3524808;44542555000130;INOVA EQUIPAMENTOS DE RESGATE LTDA.;AQUISIÇÃO DE CILINDRO DE MERGULHO;3058.0;2026-07-24;2026-07-24;2026-08-24;2026-08-04T16:00:44;nao_classificado;indefinido;2026-08-24T23:15:04+00:00
46377800000127-2-005169/2026;10006;2026;46377800000127;SAO PAULO SECRETARIA DA SEGURANCA PUBLICA;3524808;07275920000161;LENOVO TECNOLOGIA (BRASIL) LIMITADA;AQUISIÇÃO ESTAÇÃO DE TRABALHO;12750.0;2026-07-30;2026-07-30;2026-09-30;2026-08-04T16:00:15;nao_classificado;indefinido;2026-08-24T23:15:04+00:00
46377800000127-2-005168/2026;00005;2026;46377800000127;SAO PAULO SECRETARIA DA SEGURANCA PUBLICA;3524808;41672755000110;SET COMERCIO DE MOVEIS LTDA;AQUISIÇÃO DE MÓVEIS ATRAVÉS DA ARP 03/2025- DAP;23210.0;2026-04-23;2026-04-23;2026-05-22;2026-08-04T15:51:28;nao_classificado;indefinido;2026-08-24T23:15:04+00:00
46377800000127-2-005167/2026;00063;2026;46377800000127;SAO PAULO SECRETARIA DA SEGURANCA PUBLICA;3524808;54147171000177;FENIX SERVICOS E SANEAMENTO LTDA;SERVIÇO DE LIMPEZA PREDIAL DA SEDE DA 3ª CIA PM DO 32º BPM/I - CANDIDO MOTA/SP.;119983.5;2026-08-03;2026-08-03;2029-02-02;2026-08-04T15:13:21;nao_classificado;indefinido;2026-08-24T23:15:04+00:00
46377800000127-2-005166/2026;2026NE000151;2026;46377800000127;SAO PAULO SECRETARIA DA SEGURANCA PUBLICA;3524808;06016341000131;SEGLINE DISTRIBUIDORA E IMPORTADORA DE EQUIPAMENTOS DE SEGURANCA LTDA;AQUISIÇÃO DE MÁSCARAS DE MERGULHO;989.91;2026-08-04;2026-08-04;2026-09-04;2026-08-04T15:09:00;nao_classificado;indefinido;2026-08-24T23:15:04+00:00
46377800000127-2-005165/2026;00062;2026;46377800000127;SAO PAULO SECRETARIA DA SEGURANCA PUBLICA;3524808;54147171000177;FENIX SERVICOS E SANEAMENTO LTDA;SERVIÇO DE LIMPEZA PREDIAL DA SEDE DA 1ª CIA PM DO 32º BPM/I - ASSIS/SP;119998.8;2026-08-03;2026-08-03;2029-02-02;2026-08-04T14:52:56;nao_classificado;indefinido;2026-08-24T23:15:04+00:00
46377800000127-2-005163/2026;2026NE000742;2026;46377800000127;SAO PAULO SECRETARIA DA SEGURANCA PUBLICA;3524808;61269452000168;PANIFICADORA DOM BOSCO LTDA;AQUISIÇÃO DE GÊNEROS ALIMENTÍCIOS PARA O CAVPM.;4573.0;2026-07-07;2026-07-07;2026-07-17;2026-08-04T10:45:12;nao_classificado;indefinido;2026-08-24T23:15:04+00:00
46377800000127-2-005161/2026;2026NE000741;2026;46377800000127;SAO PAULO SECRETARIA DA SEGURANCA PUBLICA;3524808;41277140000199;GP MAXSILVA SERVICOS E TECNOLOGIAS INTEGRADAS LTDA;AQUISIÇÃO DE GÊNEROS ALIMENTÍCIOS PARA O CAVPM.;165.0;2026-07-07;2026-07-07;2026-07-07;2026-08-04T09:41:43;nao_classificado;indefinido;2026-08-24T23:15:04+00:00
46377800000127-2-005160/2026;2026NE000740;2026;46377800000127;SAO PAULO SECRETARIA DA SEGURANCA PUBLICA;3524808;47242717000103;DISCWORD COMERCIAL LTDA;AQUISIÇÃO DE GÊNEROS ALIMENTÍCIOS PARA O CAVPM.;37.0;2026-07-07;2026-07-07;2026-07-17;2026-08-04T09:20:41;nao_classificado;indefinido;2026-08-24T23:15:04+00:00
46377800000127-2-005159/2026;00009;2026;46377800000127;SAO PAULO SECRETARIA DA SEGURANCA PUBLICA;3524808;50914863000142;SGLA ENGENHARIA E AR CONDICIONADO LTDA;CONTRATAÇÃO DE SERVIÇO DE MANUTENÇÃO PREVENTIVA DE CONDICIONADORES DE AR.;2970.0;2026-07-29;2026-07-31;2026-08-14;2026-08-04T09:15:16;nao_classificado;indefinido;2026-08-24T23:15:04+00:00
46377800000127-2-005158/2026;2026NE000739;2026;46377800000127;SAO PAULO SECRETARIA DA SEGURANCA PUBLICA;3524808;35991410000126;ALPICK COMERCIO DE ALIMENTOS E SERVICOS LTDA;AQUISIÇÃO DE GÊNEROS ALIMENTÍCIOS PARA O CAVPM.;191.7;2026-07-07;2026-07-07;2026-07-17;2026-08-04T09:12:29;nao_classificado;indefinido;2026-08-24T23:15:04+00:00
46377800000127-2-005157/2026;2026NE000201;2026;46377800000127;SAO PAULO SECRETARIA DA SEGURANCA PUBLICA;3524808;49709450000147;DALO EMPREENDIMENTOS LTDA;AQUISIÇÃO DE MATERIAIS DE LIMPEZA.;4452.0;2026-07-28;2026-07-28;2026-08-19;2026-08-03T16:54:59;nao_classificado;indefinido;2026-08-24T23:15:04+00:00
46377800000127-2-005156/2026;2026NE000200;2026;46377800000127;SAO PAULO SECRETARIA DA SEGURANCA PUBLICA;3524808;52715266000114;MY LICITA SOLUCOES INTEGRADAS LTDA;AQUISIÇÃO DE MATERIAIS DE LIMPEZA.;19948.5;2026-07-29;2026-07-29;2026-08-18;2026-08-03T16:46:44;nao_classificado;indefinido;2026-08-24T23:15:04+00:00
46377800000127-2-005155/2026;00012;2026;46377800000127;SAO PAULO SECRETARIA DA SEGURANCA PUBLICA;3524808;52045457000892;TAM AVIACAO EXECUTIVA E TAXI AEREO S/A;CESSNA GRAND CARAVAN C208B, NÚMERO DE SÉRIE 208B-0918, MATRÍCULA PR-SLN, E DE SEU MOTOR.;3289504.6;2026-08-03;2026-08-03;2031-08-03;2026-08-03T16:11:50;nao_classificado;indefinido;2026-08-24T23:15:04+00:00
46377800000127-2-011333/2025;2025NE000244;2025;46377800000127;SAO PAULO SECRETARIA DA SEGURANCA PUBLICA;3524808;03788306000142;A2G COMERCIAL LTDA.;AQUISIÇÃO DE BENS DE CONSUMO;268.1;2025-07-18;2025-07-18;2025-07-18;2026-08-03T16:03:08;nao_classificado;indefinido;2026-08-24T23:15:04+00:00
46377800000127-2-011332/2025;2025NE000243;2025;46377800000127;SAO PAULO SECRETARIA DA SEGURANCA PUBLICA;3524808;47171447000197;VOGLIO IMPORTADORA, EXPORTADORA E REPRESENTACOES LTDA.;AQUISIÇÃO DE BENS DE CONSUMO;2025.0;2025-07-18;2025-07-18;2025-07-21;2026-08-03T15:58:13;nao_classificado;indefinido;2026-08-24T23:15:04+00:00
46377800000127-2-005154/2026;00054;2026;46377800000127;SAO PAULO SECRETARIA DA SEGURANCA PUBLICA;3524808;45195548000172;FIDELIX ENGENHARIA LTDA;CONTRAÇÃO DE EMPRESA PARA INSTALAÇÃO E MODERNIZAÇÃO NO SISTEMA ELÉTRICO DO E.B JABAQUARA;75000.0;2026-07-29;2026-08-27;2026-09-09;2026-08-03T15:28:29;nao_classificado;indefinido;2026-08-24T23:15:04+00:00
46377800000127-2-011330/2025;2025NE000256;2025;46377800000127;SAO PAULO SECRETARIA DA SEGURANCA PUBLICA;3524808;53478589000102;MERCURIO COMERCIO DE EQUIPAMENTOS E SERVICOS LTDA;AQUISIÇÃO DE BEM DE CONSUMO;6800.0;2025-07-21;2025-07-21;2025-12-31;2026-08-03T15:24:50;nao_classificado;indefinido;2026-08-24T23:15:04+00:00
46377800000127-2-011329/2025;2025NE000258;2025;46377800000127;SAO PAULO SECRETARIA DA SEGURANCA PUBLICA;3524808;53478589000102;MERCURIO COMERCIO DE EQUIPAMENTOS E SERVICOS LTDA;AQUISIÇÃO DE BENS DE CONSUMO;2460.0;2025-07-16;2025-07-21;2025-12-31;2026-08-03T15:07:54;nao_classificado;indefinido;2026-08-24T23:15:04+00:00
46377800000127-2-005153/2026;2026NE000235;2026;46377800000127;SAO PAULO SECRETARIA DA SEGURANCA PUBLICA;3524808;54869387000146;MAZILLI EMBALAGENS E COMERCIO DE PLASTICO LTDA;"ACUCAR, REFINADO, OBTIDO A PARTIR DO CALDO DA CANA DE ACUCAR, COM ASPECTO, CO R E ODOR CARACTERISTICOS E SABOR DOCE, NAO PODENDO APRESENTAR
SUJIDADES, PARA SITAS E LARVAS, EMBALAGEM PRIMARIA PLASTICA ATOXICA DEVIDAMENTE LACRADA, COM VALIDADE MINIMA DE 10 MESES NA DATA DA ENTREGA, E
SUAS CONDICOES DEVERAO ESTA R DE ACORDO COM A RESOLUCAO RDC 271/05, RDC 12/01, RDC 259/02, RDC 360/03 E A LTERACOES POSTERIORES, PRODUTO SUJEITO A
VERIFICACAO NO ATO DA ENTREGA AOS PR OCED. ADM. DETERMINADOS PELA ANVISA
ADOCANTE DIETETICO, LIQUIDO, COMPOSTO DE SUCRALOSE, ACESULFAME DE POTASSIO, A GUA, SORBITOL, CONSERVANTE E OUTROS INGREDIENTES PERMITIDOS,
EMBALAGEM PRIMAR IA FRASCO PLASTICO, ATOXICO E LACRADO, EMBALAGEM SECUNDARIA CAIXA DE PAPELAO REFORCADA, COM VALIDADE MINIMA DE 28 MESES NA
DATA DA ENTREGA, E SUAS CONDICO ES DEVERAO ESTAR DE ACORDO COM A RDC 12/01, RDC 259/02, RDC 360/03, RDC 271/0 5 E ALTERACOES POSTERIORES, PRODUTO
SUJEITO A VERIFICACAO NO ATO DA ENTREGA A OS PROCEDIMENTOS ADM. DETERMINADOS PELA ANVISA
IMPRESSO";2405.12;2026-08-03;2026-08-03;2026-09-03;2026-08-03T14:53:07;generos_alimenticios;produto;2026-08-24T23:15:04+00:00
46377800000127-2-011328/2025;2025NE000257;2025;46377800000127;SAO PAULO SECRETARIA DA SEGURANCA PUBLICA;3524808;53478589000102;MERCURIO COMERCIO DE EQUIPAMENTOS E SERVICOS LTDA;AQUISIÇÃO DE BENS DE CONSUMO;1000.0;2025-07-21;2025-07-21;2025-12-31;2026-08-03T14:46:50;nao_classificado;indefinido;2026-08-24T23:15:04+00:00
46377800000127-2-011327/2025;2025NE000260;2025;46377800000127;SAO PAULO SECRETARIA DA SEGURANCA PUBLICA;3524808;53478589000102;MERCURIO COMERCIO DE EQUIPAMENTOS E SERVICOS LTDA;AQUISIÇÃO DE BENS DE CONSUMO;630.0;2025-07-21;2025-07-21;2025-12-31;2026-08-03T14:38:40;nao_classificado;indefinido;2026-08-24T23:15:04+00:00
65712077000130-2-000017/2026;0027/26;2026;65712077000130;MUNICIPIO DE PONTALINDA;3540259;65264623000117;65.264.623 LUCAS GABRIEL BUENO;A Presente licitação tem por objetivo a aquisição de materiais, equipamentos e mobiliários de primeira qualidade destinados a Escola Municipal denominada Geraldo Hortêncio Trindade mediante recurso do Programa Prêmio de Excelência Educacional – Programa Alfabetiza Juntos SP, do Governo do Estado de São Paulo e esta Municipalidade, que visa adequações e melhorias nos ambientes escolares,  os quais deverão observar os padrões de qualidade exigíveis bem como as demais condições e normas estabelecidas pelo mercado nacional;777.77;2026-08-03;2026-08-03;2026-11-01;2026-08-03T14:37:46;nao_classificado;indefinido;2026-08-24T23:15:11+00:00
46377800000127-2-011326/2025;2025NE000228;2025;46377800000127;SAO PAULO SECRETARIA DA SEGURANCA PUBLICA;3524808;46783253000180;CONNECTED PRODUTOS E SERVICOS LTDA;AQUISIÇÃO DE MATERIAL DE CONSUMO;17750.0;2025-07-18;2025-07-18;2025-12-31;2026-08-03T14:31:48;nao_classificado;indefinido;2026-08-24T23:15:04+00:00
46377800000127-2-005152/2026;2026NE000089;2026;46377800000127;SAO PAULO SECRETARIA DA SEGURANCA PUBLICA;3524808;37252887000115;FELIPE DE SOUZA BRITO E COMPANHIA LIMITADA;CHAVE STORZ, ADAPTADOR PARA HIDRANTE, ESGUICHO P/MANGUEIRA DE INCENDIO, REDUCAO STORZ PARA MANGUEIRA DE INCENDIO;3398.48;2026-07-07;2026-07-07;2026-08-10;2026-08-03T12:18:57;nao_classificado;indefinido;2026-08-24T23:15:04+00:00
46377800000127-2-005151/2026;2026NE01409;2026;46377800000127;SAO PAULO SECRETARIA DA SEGURANCA PUBLICA;3524808;62577929000135;COMPANHIA DE PROCESSAMENTO DE DADOS DO ESTADO DE SAO PAULO - PRODESP;Serviço de emissão de certificado digital - E-CPF para funcionários da Delegacia Seccional de Polícia de São José do Rio Preto;540.04;2026-07-31;2026-07-31;2026-08-31;2026-08-03T11:43:24;nao_classificado;indefinido;2026-08-24T23:15:04+00:00
46377800000127-2-005150/2026;00035;2026;46377800000127;SAO PAULO SECRETARIA DA SEGURANCA PUBLICA;3524808;15136883000139;ALIANCA MILITAR INDUSTRIA E COMERCIO LTDA;1.100 (MIL E CEM) UNIDADES DE QUEPE CINZA BANDEIRANTE;163878.0;2026-07-15;2026-07-15;2027-01-11;2026-08-03T11:03:20;nao_classificado;indefinido;2026-08-24T23:15:04+00:00
46377800000127-2-005149/2026;2026NE00880;2026;46377800000127;SAO PAULO SECRETARIA DA SEGURANCA PUBLICA;3524808;35797670000165;CONSTRUCOR TINTAS E MATERIAIS DE CONSTRUCAO LTDA;Aquisição de material de consumo;14184.0;2026-08-03;2026-08-03;2026-09-03;2026-08-03T10:31:01;nao_classificado;indefinido;2026-08-24T23:15:04+00:00
46377800000127-2-005148/2026;2026NE00879;2026;46377800000127;SAO PAULO SECRETARIA DA SEGURANCA PUBLICA;3524808;35797670000165;CONSTRUCOR TINTAS E MATERIAIS DE CONSTRUCAO LTDA;Aquisição de material de consumo;5470.0;2026-08-03;2026-08-03;2026-09-03;2026-08-03T10:30:03;nao_classificado;indefinido;2026-08-24T23:15:04+00:00
46377800000127-2-005147/2026;2026NE00282;2026;46377800000127;SAO PAULO SECRETARIA DA SEGURANCA PUBLICA;3524808;05258043000195;LAS TRANSPORTES E LOCACOES LTDA; Serviço de Guincho - Cesário Lange - SP;3196.0;2026-07-31;2026-08-01;2026-08-15;2026-08-03T09:57:57;nao_classificado;indefinido;2026-08-24T23:15:04+00:00
46377800000127-2-005146/2026;00006;2026;46377800000127;SAO PAULO SECRETARIA DA SEGURANCA PUBLICA;3524808;08819749000177;ROSCH SERVICOS TERCEIRIZADOS LTDA;"CONTRATAÇÃO DE SERVIÇOS CONTÍNUOS DE LIMPEZA, ASSEIO E CONSERVAÇÃO PREDIAL NOS PRÉDIOS QUE ABRIGAM A DELEGACIA SECCIONAL DE POLÍCIA DE ARAÇATUBA E A DELEGACIA DE POLÍCIA DO MUNICÍPIO DE
PENÁPOLIS";216449.55;2026-07-31;2026-08-01;2027-10-31;2026-08-03T08:44:17;nao_classificado;indefinido;2026-08-24T23:15:04+00:00
46377800000127-2-005145/2026;00001;2026;46377800000127;SAO PAULO SECRETARIA DA SEGURANCA PUBLICA;3524808;05124428000160;SISTEMA NOVA AMBIENTAL LTDA;SERVIÇO DE INCINERAÇÃO DE ENTORPECENTES;61308.0;2026-07-31;2026-08-01;2027-07-31;2026-07-31T17:26:31;nao_classificado;indefinido;2026-08-24T23:15:04+00:00
46377800000127-2-005144/2026;00003;2026;46377800000127;SAO PAULO SECRETARIA DA SEGURANCA PUBLICA;3524808;00550733000108;AMBIENTAL SISTEMAS DE LIMPEZA E CONSERVACAO LTDA;PRESTAÇÃO DE SERVIÇOS DE LIMPEZA, ASSEIO E CONSERVAÇÃO PREDIAL, VISANDO À OBTENÇÃO DE ADEQUADAS CONDIÇÕES DE SALUBRIDADE E HIGIENE, COM DISPONIBILIZAÇÃO DE MÃO DE OBRA EM REGIME DE DEDICAÇÃO EXCLUSIVA, SANEANTES DOMISSANITÁRIOS, MATERIAIS E EQUIPAMENTOS PARA A SEDE DA DELEGACIA SECCIONAL DE DIADEMA E DEMAIS UNIDADES POLICIAIS SUBORDINADAS;566218.8;2026-07-21;2026-07-27;2027-10-26;2026-07-31T17:18:23;nao_classificado;indefinido;2026-08-24T23:15:04+00:00
46377800000127-2-005143/2026;2026NE002465;2026;46377800000127;SAO PAULO SECRETARIA DA SEGURANCA PUBLICA;3524808;08651657000120;ALL SOLUTIONS MEDICAL - PRODUTOS MEDICOS HOSPITALARES LTDA;TONIQUETE APLICAÇÃO PRE HOSPITALAR;18483.0;2024-12-11;2024-12-11;2026-12-11;2026-07-31T16:57:46;nao_classificado;indefinido;2026-08-24T23:15:04+00:00
46377800000127-2-005142/2026;2026NE000120;2026;46377800000127;SAO PAULO SECRETARIA DA SEGURANCA PUBLICA;3524808;37871120000174;DIGITALHOUSE LTDA;PILHA AA;194.0;2026-07-29;2026-07-29;2026-08-30;2026-07-31T16:19:08;nao_classificado;indefinido;2026-08-24T23:15:04+00:00
46377800000127-2-005141/2026;2026NE000119;2026;46377800000127;SAO PAULO SECRETARIA DA SEGURANCA PUBLICA;3524808;57167758000136;57.167.758 LUCAS MILANI MENDONCA;PILHA AAA;166.5;2026-07-29;2026-07-29;2026-08-30;2026-07-31T16:14:12;nao_classificado;indefinido;2026-08-24T23:15:04+00:00
46377800000127-2-005140/2026;2026NE000118;2026;46377800000127;SAO PAULO SECRETARIA DA SEGURANCA PUBLICA;3524808;42810782000174;MAX QUALITY COMERCIO LTDA;SOLDA;225.4;2026-07-29;2026-07-29;2026-08-30;2026-07-31T15:49:06;nao_classificado;indefinido;2026-08-24T23:15:04+00:00
46377800000127-2-005139/2026;2026NE000117;2026;46377800000127;SAO PAULO SECRETARIA DA SEGURANCA PUBLICA;3524808;22816315000144;INCOTECH COMPANY LTDA;TOMADA;308.0;2026-07-29;2026-07-29;2026-07-30;2026-07-31T15:42:32;nao_classificado;indefinido;2026-08-24T23:15:04+00:00
46377800000127-2-005138/2026;2026NE000116;2026;46377800000127;SAO PAULO SECRETARIA DA SEGURANCA PUBLICA;3524808;37871120000174;DIGITALHOUSE LTDA;CABO DE REDE;1245.0;2026-07-29;2026-07-29;2026-08-30;2026-07-31T15:36:27;nao_classificado;indefinido;2026-08-24T23:15:04+00:00
46377800000127-2-005137/2026;2026NE000115;2026;46377800000127;SAO PAULO SECRETARIA DA SEGURANCA PUBLICA;3524808;36572982000133;AGENCIA IMPERO LTDA;MOUSE PAD;687.0;2026-07-29;2026-07-29;2026-08-30;2026-07-31T15:32:24;nao_classificado;indefinido;2026-08-24T23:15:04+00:00
46377800000127-2-005136/2026;2026NE000114;2026;46377800000127;SAO PAULO SECRETARIA DA SEGURANCA PUBLICA;3524808;09211866000116;CARISA INFORMACOES E VENDAS LTDA;REFIL TINTA;396.0;2026-07-29;2026-07-29;2026-08-30;2026-07-31T15:25:01;nao_classificado;indefinido;2026-08-24T23:15:04+00:00
46377800000127-2-005135/2026;2026NE000113;2026;46377800000127;SAO PAULO SECRETARIA DA SEGURANCA PUBLICA;3524808;63851065000160;G2 CORPORATION LTDA;MOUSE;600.0;2026-07-29;2026-07-29;2026-08-30;2026-07-31T15:13:15;nao_classificado;indefinido;2026-08-24T23:15:04+00:00
46377800000127-2-005134/2026;2026NE000071;2026;46377800000127;SAO PAULO SECRETARIA DA SEGURANCA PUBLICA;3524808;53313413000192;NOGUEIRA SOLUCOES E SERVICOS LTDA;AQUISIÇÃO DE PAPEL HIGIÊNICO, FOLHA DUPLA, NEUTRO, COR BRANCA;10455.0;2026-05-12;2026-05-12;2026-08-12;2026-07-31T15:08:56;limpeza_higiene;produto;2026-08-24T23:15:04+00:00
46377800000127-2-005133/2026;2026NE000070;2026;46377800000127;SAO PAULO SECRETARIA DA SEGURANCA PUBLICA;3524808;62602919000102;PREFERENCIAL ASSESSORIA E SERVICOS ADMINISTRATIVOS LTDA;AQUISIÇÃO DE SABONETE LÍQUIDO CREMOSO, PARA HIGIENE DAS MÃOS;672.0;2026-05-11;2026-05-11;2026-08-11;2026-07-31T14:49:06;limpeza_higiene;produto;2026-08-24T23:15:04+00:00
46377800000127-2-005132/2026;2026NE000148;2026;46377800000127;SAO PAULO SECRETARIA DA SEGURANCA PUBLICA;3524808;37670865000175;EXCLUSIVE FITPLAY FITNESS E PLAYGROUNDS LTDA;AQUISIÇÃO DE 01 CROSSOVER PARA A ACADEMIA DA BASE DE BOMBEIROS DE ILHA SOLTEIRA;13444.0;2026-07-31;2026-07-31;2026-08-30;2026-07-31T13:30:13;nao_classificado;indefinido;2026-08-24T23:15:04+00:00
46377800000127-2-005131/2026;2026NE000069;2026;46377800000127;SAO PAULO SECRETARIA DA SEGURANCA PUBLICA;3524808;53249470000150;SISTECNICA INFORMATICA E SERVICOS LTDA;AQUISIÇÃO DE PEN DRIVE, CAPACIDADE 32 GB;1725.48;2026-05-11;2026-05-11;2026-08-11;2026-07-31T12:34:20;nao_classificado;indefinido;2026-08-24T23:15:04+00:00
46377800000127-2-005130/2026;2026NE000068;2026;46377800000127;SAO PAULO SECRETARIA DA SEGURANCA PUBLICA;3524808;52715266000114;MY LICITA SOLUCOES INTEGRADAS LTDA;AQUISIÇÃO DE COPO DESCARTÁVEL, CAPACIDADE 200 ML;16506.0;2026-05-11;2026-05-11;2026-08-11;2026-07-31T12:19:03;copa_cozinha;produto;2026-08-24T23:15:04+00:00
46377800000127-2-011325/2025;2025NE000235;2025;46377800000127;SAO PAULO SECRETARIA DA SEGURANCA PUBLICA;3524808;24090700000182;DMGR COMERCIO DE MAQUINAS E EQUIPAMENTOS INDUSTRIAIS LTDA;AQUISIÇÃO DE BEM DE CONSUMO;594.0;2025-07-18;2025-07-21;2025-07-21;2026-07-31T11:49:18;nao_classificado;indefinido;2026-08-24T23:15:04+00:00
46377800000127-2-011324/2025;2025NE000252;2025;46377800000127;SAO PAULO SECRETARIA DA SEGURANCA PUBLICA;3524808;30690006000107;F. A. COMERCIAL LTDA;AQUISIÇÃO DE MATERIAL DE CONSUMO;158.2;2025-07-21;2025-07-31;2025-12-31;2026-07-31T11:36:55;nao_classificado;indefinido;2026-08-24T23:15:04+00:00
46377800000127-2-011323/2025;2025NE000251;2025;46377800000127;SAO PAULO SECRETARIA DA SEGURANCA PUBLICA;3524808;30690006000107;F. A. COMERCIAL LTDA;AQUSIÇÃO DE BENS DE CONSUMO;827.2;2025-07-21;2025-07-31;2025-12-31;2026-07-31T11:33:15;nao_classificado;indefinido;2026-08-24T23:15:04+00:00
46377800000127-2-005129/2026;00013;2026;46377800000127;SAO PAULO SECRETARIA DA SEGURANCA PUBLICA;3524808;56879759000140;MC GERADORES LTDA;CONTRATAÇÃO DE SERVIÇOS DE MANUTENÇÃO CORRETIVA E PREVENTIVA EM GERADORES DE ENERGIA;22166.0;2026-07-31;2026-07-31;2026-12-31;2026-07-31T11:30:58;nao_classificado;indefinido;2026-08-24T23:15:04+00:00
46377800000127-2-011322/2025;2025NE000255;2025;46377800000127;SAO PAULO SECRETARIA DA SEGURANCA PUBLICA;3524808;09943233000100;SRC COMERCIO DE VARIEDADES LTDA;AQUISIÇÃO DE MATERIAL DE CONSUMO;2100.0;2025-07-21;2025-07-21;2025-12-31;2026-07-31T11:26:34;nao_classificado;indefinido;2026-08-24T23:15:04+00:00
46377800000127-2-011321/2025;2025NE000254;2025;46377800000127;SAO PAULO SECRETARIA DA SEGURANCA PUBLICA;3524808;09943233000100;SRC COMERCIO DE VARIEDADES LTDA;AQUISIÇÃO DE MATERIAL DE CONSUMO;1037.5;2025-07-21;2025-07-21;2025-12-31;2026-07-31T11:23:15;nao_classificado;indefinido;2026-08-24T23:15:04+00:00
46377800000127-2-011320/2025;2025NE000253;2025;46377800000127;SAO PAULO SECRETARIA DA SEGURANCA PUBLICA;3524808;09943233000100;SRC COMERCIO DE VARIEDADES LTDA;AQUISIÇÃO DE MATERIAL DE CONSUMO;818.4;2025-07-21;2025-07-21;2025-12-31;2026-07-31T11:18:58;nao_classificado;indefinido;2026-08-24T23:15:04+00:00
46377800000127-2-011319/2025;2025NE000261;2025;46377800000127;SAO PAULO SECRETARIA DA SEGURANCA PUBLICA;3524808;53478589000102;MERCURIO COMERCIO DE EQUIPAMENTOS E SERVICOS LTDA;AQUISIÇÃO DE BEM DE CONSUMO;505.0;2025-07-21;2025-07-21;2025-07-21;2026-07-31T11:13:53;nao_classificado;indefinido;2026-08-24T23:15:04+00:00
46377800000127-2-011318/2025;2025NE000231;2025;46377800000127;SAO PAULO SECRETARIA DA SEGURANCA PUBLICA;3524808;00008089000132;COMPOSE TECIDOS LTDA;AQUISIÇÃO DE MATERIAL DE CONSUMO;2772.0;2025-07-18;2025-07-18;2025-12-31;2026-07-31T11:05:25;nao_classificado;indefinido;2026-08-24T23:15:04+00:00
46377800000127-2-011317/2025;2025NE000239;2025;46377800000127;SAO PAULO SECRETARIA DA SEGURANCA PUBLICA;3524808;02472396000286;GRAFICA E EDITORA ALIANCA LTDA;AQUISIÇÃO DE MATRIAL DE CONSUMO;8300.0;2025-07-18;2025-07-18;2025-12-31;2026-07-31T11:01:08;nao_classificado;indefinido;2026-08-24T23:15:04+00:00
46377800000127-2-005128/2026;2026NE001043;2026;46377800000127;SAO PAULO SECRETARIA DA SEGURANCA PUBLICA;3524808;32881170000119;AQUA MART DISTRIBUIDORA DE PRODUTOS DE AQUARISMO LTDA;CONSTITUIÇÃO DE SISTEMA DE REGISTRO DE PREÇO PARA FUTURAS AQUISIÇÕES DE GÊNEROS ALIMENTÍCIOS - ÁGUA MINERAL NATURAL, PARA ATENDER AS NECESSIDADES DO CPI-10 E UNIDADES SUBORDINADAS.;708.0;2026-05-22;2026-05-26;2027-05-26;2026-07-31T10:58:11;nao_classificado;indefinido;2026-08-24T23:15:04+00:00
46377800000127-2-011316/2025;2025NE000262;2025;46377800000127;SAO PAULO SECRETARIA DA SEGURANCA PUBLICA;3524808;59566602000153;DESBRAVA ASSESSORIA E CONSULTORIA EM LICITACOES LTDA;AQUISIÇÃO DE MATERILA DE CONSUMO;1015.2;2025-07-21;2025-07-21;2025-12-31;2026-07-31T10:54:47;nao_classificado;indefinido;2026-08-24T23:15:04+00:00
46377800000127-2-005127/2026;2026NE001044;2026;46377800000127;SAO PAULO SECRETARIA DA SEGURANCA PUBLICA;3524808;32881170000119;AQUA MART DISTRIBUIDORA DE PRODUTOS DE AQUARISMO LTDA;CONSTITUIÇÃO DE SISTEMA DE REGISTRO DE PREÇO PARA FUTURAS AQUISIÇÕES DE GÊNEROS ALIMENTÍCIOS - ÁGUA MINERAL NATURAL, PARA ATENDER AS NECESSIDADES DO CPI-10 E UNIDADES SUBORDINADAS.;650.4;2026-05-22;2026-05-26;2027-05-26;2026-07-31T10:45:05;nao_classificado;indefinido;2026-08-24T23:15:04+00:00
46377800000127-2-011315/2025;2025NE000238;2025;46377800000127;SAO PAULO SECRETARIA DA SEGURANCA PUBLICA;3524808;41703890000185;LUCAS GONCALVES ENRIQUE;AQUISIÇÃO DE MATERIAL DE CONSUMO;220.0;2025-07-18;2025-07-18;2025-07-18;2026-07-31T10:31:11;nao_classificado;indefinido;2026-08-24T23:15:04+00:00
46377800000127-2-011314/2025;2025NE000237;2025;46377800000127;SAO PAULO SECRETARIA DA SEGURANCA PUBLICA;3524808;46636768000157;MAED COMERCIO E SERVICOS ADMINISTRATIVOS LTDA;AQUISIÇÃO DE BENS DE CONSUMO;79.0;2025-07-31;2025-07-31;2025-12-31;2026-07-31T10:23:30;nao_classificado;indefinido;2026-08-24T23:15:04+00:00
46377800000127-2-011313/2025;2025NE000236;2025;46377800000127;SAO PAULO SECRETARIA DA SEGURANCA PUBLICA;3524808;59864632000146;59.864.632 MEIRE FERREIRA GARCIA CINTRA;AQUISIÇÃO DE MATERIAL DE CONSUMO;648.3;2025-07-30;2025-07-31;2025-12-31;2026-07-31T10:19:38;nao_classificado;indefinido;2026-08-24T23:15:04+00:00
45138070000149-2-000826/2026;5835;2026;45138070000149;MUNICIPIO DE SANTA FE DO SUL;3546603;35727093000135;CLEBER FABRICIO ARAUJO;"Solicitação para aquisição de filtro para o bebedouro da Central da Saúde,
Número do processo nº Sei: 3546603.437.00001233/2026-14";280.0;2026-07-27;2026-07-29;2026-07-29;2026-07-31T10:10:15;nao_classificado;indefinido;2026-08-24T19:23:58+00:00
46377800000127-2-005126/2026;2026NE00107;2026;46377800000127;SAO PAULO SECRETARIA DA SEGURANCA PUBLICA;3524808;02771884000103;JOAO DA SILVEIRA BELLO;CONTRATAÇÃO DOS SERVIÇOS DE INSTALAÇÃO DE PERSIANAS PARA A DELEGACIA SECCIONAL DE POLÍCIA DE BAURU E UNIDADES SUBORDINADAS.;4940.0;2026-02-26;2026-02-26;2026-03-26;2026-07-31T09:52:54;nao_classificado;indefinido;2026-08-24T23:15:04+00:00
46377800000127-2-005125/2026;06;2026;46377800000127;SAO PAULO SECRETARIA DA SEGURANCA PUBLICA;3524808;08819749000177;ROSCH SERVICOS TERCEIRIZADOS LTDA;Contratação de serviços contínuos de Limpeza, Asseio e Conservação predial nos prédios que abrigam a Delegacia Seccional de Polícia de Araçatuba e a Delegacia de Polícia do Município de Penápolis;216449.55;2026-07-31;2026-08-01;2027-10-31;2026-07-31T09:33:29;nao_classificado;indefinido;2026-08-24T23:15:04+00:00
46377800000127-2-005124/2026;00015;2026;46377800000127;SAO PAULO SECRETARIA DA SEGURANCA PUBLICA;3524808;54780264000134;AMPERGOLD SERVICOS LTDA;CONTRATAÇÃO DE SERVIÇO DE INSTALAÇÃO DE AR CONDICIONADO COM FORNECIMENTO DOS EQUIPAMENTOS PARA A AGENCIA REGIONAL DO CPI-2;29000.0;2026-07-30;2026-07-31;2026-08-29;2026-07-31T09:33:20;nao_classificado;indefinido;2026-08-24T23:15:04+00:00
45138070000149-2-000825/2026;5888;2026;45138070000149;MUNICIPIO DE SANTA FE DO SUL;3546603;04056452000146;J.L. CHIAPARINI LTDA;"Aquisição de materiais diversos de manutenção pela Secretaria de Cultura e Turismo para atender às demandas de manutenção, reparos e adequações em espaços culturais, conforme Processo SEI n° 3546603.437.00001114/2026-53;";6163.0;2026-07-30;2026-07-30;2026-07-30;2026-07-31T09:18:49;nao_classificado;indefinido;2026-08-24T19:23:58+00:00
46377800000127-2-011312/2025;2025NE000234;2025;46377800000127;SAO PAULO SECRETARIA DA SEGURANCA PUBLICA;3524808;51086680000149;51.086.680 IARA SOARES DE OLIVEIRA;AQUISIÇÃO DE MNATERIAL DE CONSUMO;8500.0;2025-07-30;2025-07-31;2025-07-31;2026-07-31T08:53:37;nao_classificado;indefinido;2026-08-24T23:15:04+00:00
46377800000127-2-011311/2025;2025NE000270;2025;46377800000127;SAO PAULO SECRETARIA DA SEGURANCA PUBLICA;3524808;46491524000123;LEC COMERCIO DE PRODUTOS DE INFORMATICA LTDA;AQUISIÇÃO DE MATERIAL DE CONSUMO;9384.0;2025-07-30;2025-07-31;2025-07-31;2026-07-31T08:48:15;nao_classificado;indefinido;2026-08-24T23:15:04+00:00
46377800000127-2-011310/2025;20251060671;2025;46377800000127;SAO PAULO SECRETARIA DA SEGURANCA PUBLICA;3524808;30296533000123;RBX CONSTRUCOES E INSTALACOES LTDA;CONTRATAÇÃO DE SERVIÇOS DE REFORMA E PINTURA PREDIAL COM FORNECIMENTO DE MATERIAL E MÃO DE OBRA NO GALPÃO DE VIATURAS DA EB CAMPESTRE DO 8º GRUPAMENTO DE BOMBEIROS.;190563.9;2025-12-30;2025-12-30;2026-08-25;2026-07-30T17:42:11;nao_classificado;indefinido;2026-08-24T23:15:04+00:00
46377800000127-2-011309/2025;2025NE000269;2025;46377800000127;SAO PAULO SECRETARIA DA SEGURANCA PUBLICA;3524808;55993065000177;COMERCIAL COIMBRA DE SOUZA LTDA;AQUISIÇÃO DE MATERIAL DE CONSUMO;8170.0;2025-07-30;2025-07-30;2025-12-31;2026-07-30T17:32:12;nao_classificado;indefinido;2026-08-24T23:15:04+00:00
46377800000127-2-011308/2025;2025NE000264;2025;46377800000127;SAO PAULO SECRETARIA DA SEGURANCA PUBLICA;3524808;46491524000123;LEC COMERCIO DE PRODUTOS DE INFORMATICA LTDA;AQUISIÇÃO DE MATERIAL DE CONSUMO;5941.35;2025-07-28;2025-07-30;2025-12-31;2026-07-30T17:28:39;nao_classificado;indefinido;2026-08-24T23:15:04+00:00
46377800000127-2-011307/2025;2025NE000265;2025;46377800000127;SAO PAULO SECRETARIA DA SEGURANCA PUBLICA;3524808;59327443000134;OFFICE MOBI MOBILIARIOS PARA ESCRITORIO LTDA;AQISIÇÃO DE MATERIAL DE CONSUMO;23760.0;2025-07-30;2025-07-30;2025-12-31;2026-07-30T17:23:20;nao_classificado;indefinido;2026-08-24T23:15:04+00:00
45138070000149-2-000824/2026;5839;2026;45138070000149;MUNICIPIO DE SANTA FE DO SUL;3546603;65200182000190;65.200.182 ELVIS DE OLIVEIRA FREITAS;Contratação de serviço de chaveiro, conforme Processo SEI n° 3546603.437.00001265/2026-10;150.0;2026-07-28;2026-07-28;2026-07-28;2026-07-30T16:44:48;nao_classificado;indefinido;2026-08-24T19:23:58+00:00
46377800000127-2-005123/2026;2026NE000548;2026;46377800000127;SAO PAULO SECRETARIA DA SEGURANCA PUBLICA;3524808;40091160000108;40.091.160 VINICIUS NONATO DE SOUSA;AQUISIÇÃO DE MOBILIÁRIOS E ELETRÔNICOS PARA O 43ºBPM/M;1210.0;2026-07-08;2026-07-08;2026-08-10;2026-07-30T16:42:27;nao_classificado;indefinido;2026-08-24T23:15:04+00:00
46377800000127-2-005122/2026;2026NE000547;2026;46377800000127;SAO PAULO SECRETARIA DA SEGURANCA PUBLICA;3524808;54198140000145;M.E.B. DISTRIBUIDORA LTDA;AQUISIÇÃO DE MOBILIÁRIOS E ELETRÔNICOS PARA O 43ºBPM/M;110.0;2026-07-08;2026-07-08;2026-08-10;2026-07-30T16:40:07;nao_classificado;indefinido;2026-08-24T23:15:04+00:00
46377800000127-2-005121/2026;2026NE000546;2026;46377800000127;SAO PAULO SECRETARIA DA SEGURANCA PUBLICA;3524808;46670645000132;AURIA SOLUCOES INTELIGENTES LTDA;AQUISIÇÃO DE MOBILIÁRIOS E ELETRÔNICOS PARA O 43ºBPM/M;3607.19;2026-07-08;2026-07-08;2026-08-10;2026-07-30T16:29:39;nao_classificado;indefinido;2026-08-24T23:15:04+00:00
46377800000127-2-005120/2026;2026NE000545;2026;46377800000127;SAO PAULO SECRETARIA DA SEGURANCA PUBLICA;3524808;40091160000108;40.091.160 VINICIUS NONATO DE SOUSA;AQUISIÇÃO DE MOBILIÁRIOS E ELETRÔNICOS PARA O 43ºBPM/M;4982.0;2026-07-08;2026-07-08;2026-08-10;2026-07-30T16:23:29;nao_classificado;indefinido;2026-08-24T23:15:04+00:00
46377800000127-2-005119/2026;2026NE000544;2026;46377800000127;SAO PAULO SECRETARIA DA SEGURANCA PUBLICA;3524808;08335448000178;VIA LUMEN'S AUDIO, VIDEO E INFORMATICA LTDA;AQUISIÇÃO DE MOBILIÁRIOS E ELETRÔNICOS PARA O 43ºBPM/M;9846.0;2026-07-08;2026-07-08;2026-08-10;2026-07-30T16:20:28;nao_classificado;indefinido;2026-08-24T23:15:04+00:00
46377800000127-2-005118/2026;2026NE00876;2026;46377800000127;SAO PAULO SECRETARIA DA SEGURANCA PUBLICA;3524808;08819749000177;ROSCH SERVICOS TERCEIRIZADOS LTDA;Contratação de serviços de Limpeza, Asseio e Conservação predial para Delegacia Seccional de Polícia de Araçatuba e Delegacia de Polícia do Município de Penápolis, visando à obtenção de adequadas condições de salubridade e higiene, com disponibilização de mão de obra, saneantes domissanitários, materiais e equipamentos, a serem executados com regime de dedicação exclusiva de mão de obra. ;72149.85;2026-07-30;2026-08-01;2026-12-31;2026-07-30T16:18:14;nao_classificado;indefinido;2026-08-24T23:15:04+00:00
46377800000127-2-005117/2026;2026NE000543;2026;46377800000127;SAO PAULO SECRETARIA DA SEGURANCA PUBLICA;3524808;25995281000190;25.995.281 TATIANE GONCALVES NETO;AQUISIÇÃO DE MOBILIÁRIOS E ELETRÔNICOS PARA O 43ºBPM/M;4492.0;2026-07-08;2026-07-08;2026-08-10;2026-07-30T16:02:42;nao_classificado;indefinido;2026-08-24T23:15:04+00:00
46377800000127-2-005116/2026;2026NE000542;2026;46377800000127;SAO PAULO SECRETARIA DA SEGURANCA PUBLICA;3524808;59327443000134;OFFICE MOBI MOBILIARIOS PARA ESCRITORIO LTDA;AQUISIÇÃO DE MOBILIÁRIOS E ELETRÔNICOS PARA O 43ºBPM/M;7470.0;2026-07-08;2026-07-08;2026-08-10;2026-07-30T15:59:57;nao_classificado;indefinido;2026-08-24T23:15:04+00:00
46377800000127-2-005115/2026;2026NE000541;2026;46377800000127;SAO PAULO SECRETARIA DA SEGURANCA PUBLICA;3524808;54198140000145;M.E.B. DISTRIBUIDORA LTDA;AQUISIÇÃO DE MOBILIÁRIOS E ELETRÔNICOS PARA O 43ºBPM/M;160.0;2026-07-08;2026-07-08;2026-08-10;2026-07-30T15:56:14;nao_classificado;indefinido;2026-08-24T23:15:04+00:00
46377800000127-2-005114/2026;2026NE000540;2026;46377800000127;SAO PAULO SECRETARIA DA SEGURANCA PUBLICA;3524808;97541831000102;GRM MAQUINAS E LOCACOES LTDA;AQUISIÇÃO DE MOBILIÁRIOS E ELETRÔNICOS PARA O 43ºBPM/M;1999.99;2026-07-08;2026-07-08;2026-08-10;2026-07-30T15:52:46;nao_classificado;indefinido;2026-08-24T23:15:04+00:00
46377800000127-2-005113/2026;2026NE000539;2026;46377800000127;SAO PAULO SECRETARIA DA SEGURANCA PUBLICA;3524808;33884155000197;FERREIRA B2G LTDA;AQUISIÇÃO DE MOBILIÁRIOS E ELETRÔNICOS PARA O 43ºBPM/M;1031.47;2026-07-08;2026-07-08;2026-08-10;2026-07-30T15:49:54;nao_classificado;indefinido;2026-08-24T23:15:04+00:00
46377800000127-2-005112/2026;2026NE00200;2026;46377800000127;SAO PAULO SECRETARIA DA SEGURANCA PUBLICA;3524808;47902777000105;IGOR JOSE DA SILVA;Aquisição de Inseticida em Aerosol;3712.0;2026-07-28;2026-07-29;2026-08-27;2026-07-30T15:49:13;nao_classificado;indefinido;2026-08-24T23:15:04+00:00
46377800000127-2-005111/2026;2026NE00199;2026;46377800000127;SAO PAULO SECRETARIA DA SEGURANCA PUBLICA;3524808;59808351000176;BMJ SUPRIMENTOS GERAIS LTDA;Aquisição de Pisos (Revestimento);36746.0;2026-07-28;2026-07-29;2026-08-27;2026-07-30T15:47:47;nao_classificado;indefinido;2026-08-24T23:15:04+00:00
46377800000127-2-005110/2026;2026NE002095;2026;46377800000127;SAO PAULO SECRETARIA DA SEGURANCA PUBLICA;3524808;37821977000180;TB EMPLACAMENTO MERCOSUL LTDA;SERVIÇO DE CONFECÇÃO E FORNECIMENTO DE PLACA DE IDENTIFICAÇÃO VISUAL (PIV), PADRÃO MERCOSUL PARA A FROTA DA ÁREA DO CPI-8 (PRESIDENTE PRUDENTE/SP).;2300.0;2026-07-28;2026-07-28;2026-08-10;2026-07-30T15:47:17;textil_uniforme;produto;2026-08-24T23:15:04+00:00
46377800000127-2-005109/2026;2026NE000538;2026;46377800000127;SAO PAULO SECRETARIA DA SEGURANCA PUBLICA;3524808;36256818000117;CRISTAL SUL COMERCIO VAREJISTA DE EQUIPAMENTOS LTDA;AQUISIÇÃO DE MOBILIÁRIOS E ELETRÔNICOS PARA O 43ºBPM/M;2212.92;2026-07-08;2026-07-08;2026-08-10;2026-07-30T15:46:50;nao_classificado;indefinido;2026-08-24T23:15:04+00:00
46377800000127-2-005108/2026;2026NE000537;2026;46377800000127;SAO PAULO SECRETARIA DA SEGURANCA PUBLICA;3524808;32850995000176;COMERCIAL TRES ACORDES LTDA;AQUISIÇÃO DE MOBILIÁRIOS E ELETRÔNICOS PARA O 43ºBPM/M;3926.9;2026-07-08;2026-07-08;2026-08-10;2026-07-30T15:43:30;nao_classificado;indefinido;2026-08-24T23:15:04+00:00
46377800000127-2-005107/2026;2026NE000536;2026;46377800000127;SAO PAULO SECRETARIA DA SEGURANCA PUBLICA;3524808;30246176000199;COMERCIAL LUNARDI LTDA;AQUISIÇÃO DE MOBILIÁRIOS E ELETRÔNICOS PARA O 43ºBPM/M;4230.0;2026-07-08;2026-07-08;2026-07-10;2026-07-30T15:39:52;nao_classificado;indefinido;2026-08-24T23:15:04+00:00
46377800000127-2-005106/2026;00061;2026;46377800000127;SAO PAULO SECRETARIA DA SEGURANCA PUBLICA;3524808;51536795000600;SANTIAGO & CINTRA IMPORTACAO E EXPORTACAO LTDA;CONTRATAÇÃO DE AERONAVES NÃO TRIPULADAS (UNMANNED AIRCRAFT SYSTEM-UAS)- DRONES TÁTICOS - ATRAVÉS DE ARP.;91800.0;2026-07-15;2026-07-15;2026-10-13;2026-07-30T15:37:30;nao_classificado;indefinido;2026-08-24T23:15:04+00:00
46377800000127-2-005105/2026;00004;2026;46377800000127;SAO PAULO SECRETARIA DA SEGURANCA PUBLICA;3524808;33113309000147;VALID SOLUCOES S A;"CONTRATAÇÃO DE SERVIÇOS CONTÍNUOS ESPECIALIZADOS PARA IMPLANTAÇÃO E SUSTENTAÇÃO DE SOLUÇÃO INTEGRADA DE PRODUÇÃO DE DOCUMENTOS OFICIAIS DE IDENTIFICAÇÃO DO ESTADO DE
SÃO PAULO, ENGLOBANDO A PRESTAÇÃO DE SERVIÇOS PARA DESENVOLVIMENTO, INSTALAÇÃO, OPERACIONALIZAÇÃO E MANUTENÇÃO, A SEREM EXECUTADOS COM REGIME DE DEDICAÇÃO EXCLUSIVA DE MÃO DE OBRA, CONFORME DETALHAMENTO E ESPECIFICAÇÕES TÉCNICAS DESTE INSTRUMENTO, DO TERMO DE REFERÊNCIA, DA PROPOSTA DO CONTRATADO E DEMAIS DOCUMENTOS DA CONTRATAÇÃO CONSTANTES DO PROCESSO ADMINISTRATIVO SEI NÚMERO 058.00020115/2024-02";663424230.0;2026-07-29;2026-08-01;2031-07-31;2026-07-30T15:08:07;nao_classificado;indefinido;2026-08-24T23:15:04+00:00
46377800000127-2-005104/2026;00027;2026;46377800000127;SAO PAULO SECRETARIA DA SEGURANCA PUBLICA;3524808;59275792000150;GENERAL MOTORS DO BRASIL LTDA;AQUISICAO DE VIATURAS;4132200.0;2026-07-30;2026-07-30;2027-01-30;2026-07-30T14:25:58;nao_classificado;indefinido;2026-08-24T23:15:04+00:00
46377800000127-2-005103/2026;00026;2026;46377800000127;SAO PAULO SECRETARIA DA SEGURANCA PUBLICA;3524808;59275792000150;GENERAL MOTORS DO BRASIL LTDA;AQUISICAO DE VIATURAS;555350.4;2026-07-30;2026-07-30;2027-01-30;2026-07-30T14:21:50;nao_classificado;indefinido;2026-08-24T23:15:04+00:00
46377800000127-2-005102/2026;00025;2026;46377800000127;SAO PAULO SECRETARIA DA SEGURANCA PUBLICA;3524808;59275792000150;GENERAL MOTORS DO BRASIL LTDA;AQUISICAO DE VIATURAS;792000.0;2026-07-30;2026-07-30;2027-01-30;2026-07-30T14:18:53;nao_classificado;indefinido;2026-08-24T23:15:04+00:00
46377800000127-2-011306/2025;2025NE000266;2025;46377800000127;SAO PAULO SECRETARIA DA SEGURANCA PUBLICA;3524808;48437027000172;48.437.027 EDSON LAZDENAS;AQUISIÇÃO DE MATERIAL DE CONSUMO;14160.0;2025-07-28;2025-07-28;2025-12-31;2026-07-30T11:23:33;nao_classificado;indefinido;2026-08-24T23:15:04+00:00
46377800000127-2-005101/2026;02395;2026;46377800000127;SAO PAULO SECRETARIA DA SEGURANCA PUBLICA;3524808;63888162000128;63.888.162 MARCOS DANIEL MOREIRA;APARELHO PURIFICADOR DE ÁGUA;3186.0;2026-07-24;2026-07-24;2026-08-24;2026-07-30T11:20:11;nao_classificado;indefinido;2026-08-24T23:15:04+00:00
46377800000127-2-005100/2026;02393;2026;46377800000127;SAO PAULO SECRETARIA DA SEGURANCA PUBLICA;3524808;40091160000108;40.091.160 VINICIUS NONATO DE SOUSA;FOGÃO DOMESTICO, MESA DE VIDRO, AUTOMATICO;1748.01;2026-07-24;2026-07-27;2026-08-27;2026-07-30T11:19:39;nao_classificado;indefinido;2026-08-24T23:15:04+00:00
46377800000127-2-005099/2026;02394;2026;46377800000127;SAO PAULO SECRETARIA DA SEGURANCA PUBLICA;3524808;61941298000129;JHP AR CONDICIONADO LTDA;AR CONDICIOANDO, 12000 BTUS;5430.0;2026-07-24;2026-07-24;2026-08-24;2026-07-30T11:15:36;nao_classificado;indefinido;2026-08-24T23:15:04+00:00
46377800000127-2-005098/2026;00041;2026;46377800000127;SAO PAULO SECRETARIA DA SEGURANCA PUBLICA;3524808;60089234000189;PACKARD TECNOLOGIA E COMERCIO DE PRODUTOS ELETRONICOS LTDA;FORNO MICROONDAS;1288.0;2026-07-24;2026-07-27;2026-07-27;2026-07-30T11:08:56;nao_classificado;indefinido;2026-08-24T23:15:04+00:00
46377800000127-2-005097/2026;2026NE000048;2026;46377800000127;SAO PAULO SECRETARIA DA SEGURANCA PUBLICA;3524808;62842775000161;62.842.775 TAIS RIPA CORDEIRO;AQUISIÇÃO DE HIGIENE E LIMPEZA;568.88;2026-07-22;2026-07-22;2026-07-30;2026-07-30T11:08:18;nao_classificado;indefinido;2026-08-24T23:15:04+00:00
46377800000127-2-005096/2026;02391;2026;46377800000127;SAO PAULO SECRETARIA DA SEGURANCA PUBLICA;3524808;30246176000199;COMERCIAL LUNARDI LTDA;REFRIGERADOR DOMESTICO, DUPLEX FROST-FREE;10900.0;2026-07-24;2026-07-27;2026-08-27;2026-07-30T10:58:10;nao_classificado;indefinido;2026-08-24T23:15:04+00:00
46377800000127-2-005095/2026;2026NE000047;2026;46377800000127;SAO PAULO SECRETARIA DA SEGURANCA PUBLICA;3524808;49709450000147;DALO EMPREENDIMENTOS LTDA;AQUISIÇÃO DE HIGIENE E LIMPEZA;177.0;2026-07-22;2026-07-22;2026-07-30;2026-07-30T10:57:38;nao_classificado;indefinido;2026-08-24T23:15:04+00:00
46377800000127-2-005094/2026;02392;2026;46377800000127;SAO PAULO SECRETARIA DA SEGURANCA PUBLICA;3524808;60089234000189;PACKARD TECNOLOGIA E COMERCIO DE PRODUTOS ELETRONICOS LTDA;FRIGOBAR;2700.0;2026-07-24;2026-07-27;2026-08-27;2026-07-30T10:48:22;nao_classificado;indefinido;2026-08-24T23:15:04+00:00
46377800000127-2-005093/2026;2026NE000046;2026;46377800000127;SAO PAULO SECRETARIA DA SEGURANCA PUBLICA;3524808;40896434000136;FEPRESS COMERCIO E DISTRIBUICAO LTDA;AQUISIÇÃO DE HIGIENE E LIMPEZA;99.0;2026-07-22;2026-07-22;2026-07-30;2026-07-30T10:38:26;nao_classificado;indefinido;2026-08-24T23:15:04+00:00
46377800000127-2-005092/2026;03;2026;46377800000127;SAO PAULO SECRETARIA DA SEGURANCA PUBLICA;3524808;14516006000120;VECTOR MOVEIS CORPORATIVOS LTDA;Aquisição de mobiliário para atender as necessidades da Delegacia Seccional de Polícia de Novo Horizonte/SP e Unidades Policiais subordinadas - Adesão à Ata de registro de preços DAP.;18500.0;2026-04-30;2026-04-30;2026-06-30;2026-07-30T10:33:01;nao_classificado;indefinido;2026-08-24T23:15:04+00:00
46377800000127-2-005091/2026;2026NE000272;2026;46377800000127;SAO PAULO SECRETARIA DA SEGURANCA PUBLICA;3524808;47282627000146;WINES REIS COMERCIAL LTDA;AQUISIÇÃO D EPNEUMÁTICOS;1630.8;2026-04-07;2026-04-24;2026-05-27;2026-07-30T10:27:06;nao_classificado;indefinido;2026-08-24T23:15:04+00:00
46377800000127-2-005090/2026;02;2026;46377800000127;SAO PAULO SECRETARIA DA SEGURANCA PUBLICA;3524808;41672755000110;SET COMERCIO DE MOVEIS LTDA;Aquisição de mobiliário para atender as necessidades da Delegacia Seccional de Polícia de Novo Horizonte/SP e Unidades Policiais subordinadas - Adesão à Ata de registro de preços DAP.;31150.0;2026-04-29;2026-04-29;2026-06-29;2026-07-30T10:26:52;nao_classificado;indefinido;2026-08-24T23:15:04+00:00
46377800000127-2-005089/2026;00017;2026;46377800000127;SAO PAULO SECRETARIA DA SEGURANCA PUBLICA;3524808;56780901000106;COMERCIAL AGROPECUARIA SCARPARO LTDA.;AQUISIÇÃO ATRAVÉS DA  ATA  0006/2026, PREGÃO ELETRÔNICO  90006/2026 DE 09 MARTELO DEMOLIDOR.;40419.27;2026-07-29;2026-07-29;2026-09-28;2026-07-30T10:25:25;nao_classificado;indefinido;2026-08-24T23:15:04+00:00
46377800000127-2-005088/2026;2026NE000271;2026;46377800000127;SAO PAULO SECRETARIA DA SEGURANCA PUBLICA;3524808;49230882000170;COUTINHO PNEUS LTDA;AQUISIÇÃO DE PNEUMATICOS;2415.6;2026-04-07;2026-04-24;2026-05-27;2026-07-30T10:22:53;nao_classificado;indefinido;2026-08-24T23:15:04+00:00
46377800000127-2-005087/2026;2026NE000269;2026;46377800000127;SAO PAULO SECRETARIA DA SEGURANCA PUBLICA;3524808;56933664000168;LAURO E-COMMERCE DE PNEUS LTDA;AQUISIÇÃO DE PNEUMÁTICOS;4226.0;2026-04-07;2026-04-24;2026-05-27;2026-07-30T10:16:22;nao_classificado;indefinido;2026-08-24T23:15:04+00:00
46377800000127-2-005086/2026;2026NE000270;2026;46377800000127;SAO PAULO SECRETARIA DA SEGURANCA PUBLICA;3524808;31005611000156;ISLA COMERCIO VAREJISTA DE PNEUS E RODAS LTDA;AQUSIÇÃO E PNEUMÁTICOS;5260.0;2026-04-24;2026-04-24;2026-05-27;2026-07-30T10:07:46;nao_classificado;indefinido;2026-08-24T23:15:04+00:00
46377800000127-2-005085/2026;00036;2026;46377800000127;SAO PAULO SECRETARIA DA SEGURANCA PUBLICA;3524808;31852849000117;AILTON LUCIANO TIAGO 25894833841;PRESTAÇÃO DE SERVIÇOS DE LIMPEZA, ASSEIO E CONSERVAÇÃO PREDIAL E CONSERVAÇÃO DE JARDINS.;220000.0;2026-07-15;2026-07-15;2029-09-15;2026-07-30T09:48:11;nao_classificado;indefinido;2026-08-24T23:15:04+00:00
46377800000127-2-005084/2026;2026NE000045;2026;46377800000127;SAO PAULO SECRETARIA DA SEGURANCA PUBLICA;3524808;61908002000178;AMORIM PRODUTOS DE HIGIENE E LIMPEZA LTDA;AQUISIÇÃO DE HIGIENE E LIMPEZA;48.1;2026-07-22;2026-07-22;2026-07-30;2026-07-30T09:44:31;nao_classificado;indefinido;2026-08-24T23:15:04+00:00
45138070000149-2-000823/2026;5631;2026;45138070000149;MUNICIPIO DE SANTA FE DO SUL;3546603;10655463000145;EVALDO JOSE MANTELATO;Aquisição de Etiqueta Adesiva Couche 100X50X1 VIA impressora para o setor de protocolo, conforme Processo SEI n° 3546603.437.00001262/2026-78;718.0;2026-07-28;2026-07-28;2026-07-28;2026-07-30T09:39:38;informatica;produto;2026-08-24T19:23:58+00:00
45138070000149-2-000822/2026;5625;2026;45138070000149;MUNICIPIO DE SANTA FE DO SUL;3546603;04056452000146;J.L. CHIAPARINI LTDA;"Processo SEI nº 3546603.437.00001248/2026-74;
Aquisição de equipamentos, materiais e ferramentas para manutenção e execução de serviços públicos";7659.0;2026-07-27;2026-07-27;2026-07-27;2026-07-30T09:39:37;nao_classificado;indefinido;2026-08-24T19:23:58+00:00
46377800000127-2-005083/2026;2026NE000044;2026;46377800000127;SAO PAULO SECRETARIA DA SEGURANCA PUBLICA;3524808;64873775000154;KRIM CENTER ATACADISTA LTDA;AQUISIÇÃO DE HIGIENE E LIMPEZA;484.0;2026-07-22;2026-07-22;2026-07-30;2026-07-30T09:34:49;nao_classificado;indefinido;2026-08-24T23:15:04+00:00
45138070000149-2-000821/2026;5632;2026;45138070000149;MUNICIPIO DE SANTA FE DO SUL;3546603;59965038000141;EXPRESSO ITAMARATI S.A.;Em decorrência da necessidade de aquisição de passagens para os migrantes atendidos pela Casa de Passagem, se faz necessário devido os mesmos não terem onde ficar e não terem condições de compra dessas passagens. Processo nº 012.00000890/2026-11, Convênio Estadual. Processo SEI n° 3546603.437.00001245/2026-31;551.41;2026-07-28;2026-07-28;2026-07-28;2026-07-30T09:33:24;nao_classificado;indefinido;2026-08-24T19:23:58+00:00
45138070000149-2-000820/2026;5629;2026;45138070000149;MUNICIPIO DE SANTA FE DO SUL;3546603;18146873000172;MARCOS JOSE MORI - CALCADOS - ME;A aquisição de material de consumo (calçados) é essencial para atender às necessidades das crianças e adolescentes acolhidos pelo Serviço de Acolhimento Institucional Casa Lar I. Serviço de Acolhimento para crianças, adolescentes e Jovens - PAC I - CONVÊNIO FEDERAL. Processo SEI n° 3546603.437.00001065/2026-59;9553.0;2026-07-28;2026-07-28;2026-07-28;2026-07-30T09:31:32;calcados;produto;2026-08-24T19:23:58+00:00
45138070000149-2-000819/2026;5628;2026;45138070000149;MUNICIPIO DE SANTA FE DO SUL;3546603;05677457000159;JOELTON LOPES VILASBOAS & CIA LTDA;Aquisição de medicamentos para o Núcleo de Assistência à Saúde – NAS, Decreto Municipal n°2798/2010- conforme Processo SEI n° 3546603.437.00001237/2026-94.;105.0;2026-07-28;2026-07-28;2026-07-28;2026-07-30T09:13:49;medicamentos;produto;2026-08-24T19:23:58+00:00
46377800000127-2-005082/2026;2026NE000043;2026;46377800000127;SAO PAULO SECRETARIA DA SEGURANCA PUBLICA;3524808;62602919000102;PREFERENCIAL ASSESSORIA E SERVICOS ADMINISTRATIVOS LTDA;AQUISIÇÃO DE HIGIENE E LIMPEZA;135.5;2026-07-22;2026-07-22;2026-07-30;2026-07-30T09:11:19;nao_classificado;indefinido;2026-08-24T23:15:04+00:00
45138070000149-2-000818/2026;5627;2026;45138070000149;MUNICIPIO DE SANTA FE DO SUL;3546603;07820902000113;DROGRASUL SANTA FE DO SUL LTDA;Aquisição de medicamentos para o Núcleo de Assistência à Saúde – NAS, Decreto Municipal n°2798/2010- conforme Processo SEI n° 3546603.437.00001237/2026-94.;798.0;2026-07-28;2026-07-28;2026-07-28;2026-07-30T09:06:14;medicamentos;produto;2026-08-24T19:23:58+00:00
46377800000127-2-005081/2026;04;2026;46377800000127;SAO PAULO SECRETARIA DA SEGURANCA PUBLICA;3524808;19963881000174;GUARDA DE VEICULOS JDN LTDA;Prestação de serviços de depósito e guarda de veículos automotores e outros tracionados, incluindo peças, acessórios e componentes, apreendidos em decorrência da prática de atos característicos de polícia judiciária, no âmbito da Delegacia Seccional de Polícia de Guarulhos, unidades subordinadas e Núcleo Corregedor de Guarulhos, com disponibilização e administração de pátios.;2970000.0;2026-07-17;2026-10-15;2029-04-14;2026-07-29T18:37:30;nao_classificado;indefinido;2026-08-24T23:15:04+00:00
46377800000127-2-005080/2026;2026NE000239;2026;46377800000127;SAO PAULO SECRETARIA DA SEGURANCA PUBLICA;3524808;74545732000101;MUCCIO & MUCCIO LTDA;AQUISIÇÃO DE MATERIAIS DE CONSUMO DIVERSOS - ITENS 34, 35, 36 E 37;1958.88;2026-06-10;2026-06-10;2026-07-29;2026-07-29T17:52:57;nao_classificado;indefinido;2026-08-24T23:15:04+00:00
46377800000127-2-005079/2026;2026NE000238;2026;46377800000127;SAO PAULO SECRETARIA DA SEGURANCA PUBLICA;3524808;74545732000101;MUCCIO & MUCCIO LTDA;AQUISIÇÃO DE MATERIAIS DE CONSUMO DIVERSOS - ITEM 31 (SABONETE LIQUIDO);1980.0;2026-06-10;2026-06-10;2026-07-29;2026-07-29T17:49:13;limpeza_higiene;produto;2026-08-24T23:15:04+00:00
46377800000127-2-005078/2026;05168;2026;46377800000127;SAO PAULO SECRETARIA DA SEGURANCA PUBLICA;3524808;61148037000156;ORTOPRATIKA INDUSTRIA E COMERCIO LTDA;AQUISIÇÃO DE 20 MOCHILA PARA OXIGÊNIO PARA UR;15620.0;2026-07-07;2026-07-07;2026-08-06;2026-07-29T17:14:43;nao_classificado;indefinido;2026-08-24T23:15:04+00:00
46377800000127-2-005077/2026;2026NE00029;2026;46377800000127;SAO PAULO SECRETARIA DA SEGURANCA PUBLICA;3524808;04743532000170;MARCIO SANDRO MALLET PEZARIM;Aquisição de 700 Láureas de Mérito Pessoal.;9100.0;2026-07-29;2026-07-29;2026-08-17;2026-07-29T17:13:03;nao_classificado;indefinido;2026-08-24T23:15:04+00:00
46377800000127-2-005076/2026;2026NE000331;2026;46377800000127;SAO PAULO SECRETARIA DA SEGURANCA PUBLICA;3524808;73091019000164;SUPRIMED COM.DE PRODUTOS ODONTO MEDICO HOSP LTDA;AQUISIÇÃO DE MATERAIL ODONTOLOGICO - CPTRAN.;1000.0;2026-07-27;2026-07-30;2026-08-29;2026-07-29T16:44:35;nao_classificado;indefinido;2026-08-24T23:15:04+00:00
46377800000127-2-005075/2026;2026NE000330;2026;46377800000127;SAO PAULO SECRETARIA DA SEGURANCA PUBLICA;3524808;28820255000110;SUPREMA DENTAL IMPORTACAO, EXPORTACAO E COMERCIO DE PRODUTOS ODONTOLOGICOS LTDA;AQUISIÇÃO DE MATERIAL ODONTOLOGICO - CPTRAN.;987.54;2026-07-27;2026-07-30;2026-08-28;2026-07-29T16:20:08;nao_classificado;indefinido;2026-08-24T23:15:04+00:00
46377800000127-2-005074/2026;00019;2026;46377800000127;SAO PAULO SECRETARIA DA SEGURANCA PUBLICA;3524808;22573292000194;EMPREITEIRA GSA LTDA;SERVIÇOS DE MANUTENÇÃO PREDIAL PARA REFORMA E AGENCIA REGIONAL DO COMANDO DE POLICIAMENTO DO INTERIOR QUATRO (CPI-4);238483.0;2026-07-07;2026-07-07;2026-11-04;2026-07-29T16:17:54;servico_manutencao;servico;2026-08-24T23:15:04+00:00
46377800000127-2-005073/2026;2026NE000329;2026;46377800000127;SAO PAULO SECRETARIA DA SEGURANCA PUBLICA;3524808;28820255000110;SUPREMA DENTAL IMPORTACAO, EXPORTACAO E COMERCIO DE PRODUTOS ODONTOLOGICOS LTDA;AQUISIÇÃO DE MATERIAL ODONTOLOGICO - CPTRAN.;12156.05;2026-07-27;2026-07-30;2026-08-29;2026-07-29T16:10:14;nao_classificado;indefinido;2026-08-24T23:15:04+00:00
46377800000127-2-005072/2026;2026NE000328;2026;46377800000127;SAO PAULO SECRETARIA DA SEGURANCA PUBLICA;3524808;20035120000131;SET FREE SOLUCOES COMERCIAIS LTDA;AQUISIÇÃO DE MATERIAL ODONTOLOGICO - CPTRAN.;252.78;2026-07-27;2026-07-30;2026-08-29;2026-07-29T15:52:44;nao_classificado;indefinido;2026-08-24T23:15:04+00:00
46377800000127-2-005071/2026;00028;2026;46377800000127;SAO PAULO SECRETARIA DA SEGURANCA PUBLICA;3524808;16625187000159;TRIPLE T DISTRIBUIDORA DE VEICULOS LTDA;AQUISIÇÃO DE 02 (DUAS) MOTOCICLETA TRIUMPH/ SCRAMBLER 400X;81160.0;2026-07-03;2026-07-03;2027-04-28;2026-07-29T15:49:08;nao_classificado;indefinido;2026-08-24T23:15:04+00:00
46377800000127-2-005070/2026;2026NE000327;2026;46377800000127;SAO PAULO SECRETARIA DA SEGURANCA PUBLICA;3524808;10709819000186;KENYA CARRILO -  MATERIAIS,  VESTUARIO, EQUIPAMENTOS E PROMOCAO DE VENDAS LTDA;AQUISIÇÃO DE MATERIAL ODONTOLOGICO - CPTRAN.;20.4;2026-07-27;2026-07-30;2026-08-29;2026-07-29T15:46:30;nao_classificado;indefinido;2026-08-24T23:15:04+00:00
46377800000127-2-005069/2026;00190;2026;46377800000127;SAO PAULO SECRETARIA DA SEGURANCA PUBLICA;3524808;00662315000102;PHABRICA DE PRODUCOES SERVICOS DE PROPAGANDA E PUBLICIDADE LTDA;PUBLICAÇÃO EM JORNAL DE GRANDE CIRCULAÇÃO;95.0;2026-06-16;2026-06-16;2026-06-30;2026-07-29T15:43:05;nao_classificado;indefinido;2026-08-24T23:15:04+00:00
46377800000127-2-005068/2026;2026NE000326;2026;46377800000127;SAO PAULO SECRETARIA DA SEGURANCA PUBLICA;3524808;10709819000186;KENYA CARRILO -  MATERIAIS,  VESTUARIO, EQUIPAMENTOS E PROMOCAO DE VENDAS LTDA;AQUISIÇÃO DE MATERIAL ODONTOLOGICO - CPTRAN.;288.9;2026-07-27;2026-07-30;2026-08-28;2026-07-29T15:39:31;nao_classificado;indefinido;2026-08-24T23:15:04+00:00
46377800000127-2-005067/2026;00003;2026;46377800000127;SAO PAULO SECRETARIA DA SEGURANCA PUBLICA;3524808;31188368000159;CRV FACILITIES E SERVICOS LTDA;CONTRATAÇÃO DE EMPRESA PARA PRESTAÇÃO DE SERVIÇO DE LIMPEZA, ASSEIO E CONSERVAÇÃO PREDIAL, PARA A SEDE DO DEINTER 9 PIRACICABA E UEP 9.;461636.1;2026-07-29;2026-08-03;2029-02-02;2026-07-29T15:33:48;nao_classificado;indefinido;2026-08-24T23:15:04+00:00
46377800000127-2-005066/2026;2026NE000325;2026;46377800000127;SAO PAULO SECRETARIA DA SEGURANCA PUBLICA;3524808;10709819000186;KENYA CARRILO -  MATERIAIS,  VESTUARIO, EQUIPAMENTOS E PROMOCAO DE VENDAS LTDA;AQUISIÇÃO DE MATERIAL ODONTOLÓGICO - CPTRAN.;13882.35;2026-07-27;2026-07-30;2026-08-29;2026-07-29T15:25:32;nao_classificado;indefinido;2026-08-24T23:15:04+00:00
46377800000127-2-005065/2026;2026NE000199;2026;46377800000127;SAO PAULO SECRETARIA DA SEGURANCA PUBLICA;3524808;00662315000102;PHABRICA DE PRODUCOES SERVICOS DE PROPAGANDA E PUBLICIDADE LTDA;PUBLICAÇÃO JORNAL DE GRANDE CIRCULAÇÃO;160.0;2026-07-23;2026-07-24;2026-07-24;2026-07-29T15:14:20;nao_classificado;indefinido;2026-08-24T23:15:04+00:00
46377800000127-2-005064/2026;00010;2026;46377800000127;SAO PAULO SECRETARIA DA SEGURANCA PUBLICA;3524808;60516776000190;AUTOPARK GERENCIAMENTO GUARDA E REMOCAO DE VEICULOS LTDA;CONTRATAÇÃO DE EMPRESA PARA A PRESTAÇÃO DE SERVIÇOS CONTÍNUOS DE DEPÓSITO E GUARDA DE VEÍCULOS AUTOMOTORES (PÁTIO), APREENDIDOS EM DECORRÊNCIA DOS ATOS CARACTERÍSTICOS DE POLÍCIA JUDICIÁRIA, DESTINADOS AO ATENDIMENTO DAS NECESSIDADES DAS UNIDADES POLICIAIS SUBORDINADAS À DELEGACIA SECCIONAL DE POLÍCIA DE RIBEIRÃO PRETO.;1017000.0;2026-07-23;2026-07-23;2029-01-23;2026-07-29T15:09:10;nao_classificado;indefinido;2026-08-24T23:15:04+00:00
46377800000127-2-005063/2026;2026NE000325;2026;46377800000127;SAO PAULO SECRETARIA DA SEGURANCA PUBLICA;3524808;57152568000145;C A INNOVA ENGENHARIA E CONSTRUCOES LTDA;MATERIAL INFO;1702.38;2026-07-22;2026-07-22;2026-08-10;2026-07-29T15:01:05;nao_classificado;indefinido;2026-08-24T23:15:04+00:00
46377800000127-2-005062/2026;2026NE000324;2026;46377800000127;SAO PAULO SECRETARIA DA SEGURANCA PUBLICA;3524808;57152568000145;C A INNOVA ENGENHARIA E CONSTRUCOES LTDA;AQUISIÇÃO MATERIAL DE INFO;3029.4;2026-07-22;2026-07-22;2026-08-10;2026-07-29T14:58:53;nao_classificado;indefinido;2026-08-24T23:15:04+00:00
46377800000127-2-005061/2026;2026NE000323;2026;46377800000127;SAO PAULO SECRETARIA DA SEGURANCA PUBLICA;3524808;57152568000145;C A INNOVA ENGENHARIA E CONSTRUCOES LTDA;MATERIAL DE INFORMATICA;2823.48;2026-07-22;2026-07-22;2026-08-10;2026-07-29T14:56:36;nao_classificado;indefinido;2026-08-24T23:15:04+00:00
46377800000127-2-005060/2026;2026NE000322;2026;46377800000127;SAO PAULO SECRETARIA DA SEGURANCA PUBLICA;3524808;57152568000145;C A INNOVA ENGENHARIA E CONSTRUCOES LTDA;MATERIAL DE INFORMATICA;2824.26;2026-07-22;2026-07-22;2026-08-10;2026-07-29T14:54:08;nao_classificado;indefinido;2026-08-24T23:15:04+00:00
46377800000127-2-005059/2026;2026NE000321;2026;46377800000127;SAO PAULO SECRETARIA DA SEGURANCA PUBLICA;3524808;57152568000145;C A INNOVA ENGENHARIA E CONSTRUCOES LTDA;MATERIAL DE INFORMATICA;3814.74;2026-07-22;2026-07-22;2026-08-10;2026-07-29T14:50:05;nao_classificado;indefinido;2026-08-24T23:15:04+00:00
46377800000127-2-005058/2026;2026NE000320;2026;46377800000127;SAO PAULO SECRETARIA DA SEGURANCA PUBLICA;3524808;57152568000145;C A INNOVA ENGENHARIA E CONSTRUCOES LTDA;MATERIAL DE INFORMATICA;4435.2;2026-07-22;2026-07-22;2026-08-10;2026-07-29T14:44:29;nao_classificado;indefinido;2026-08-24T23:15:04+00:00
46377800000127-2-005057/2026;2026NE000319;2026;46377800000127;SAO PAULO SECRETARIA DA SEGURANCA PUBLICA;3524808;57152568000145;C A INNOVA ENGENHARIA E CONSTRUCOES LTDA;AQUISIÇÃO MATERIAL INFO;324.75;2026-07-22;2026-07-22;2026-08-10;2026-07-29T14:42:10;nao_classificado;indefinido;2026-08-24T23:15:04+00:00
46377800000127-2-005056/2026;2026NE000318;2026;46377800000127;SAO PAULO SECRETARIA DA SEGURANCA PUBLICA;3524808;57152568000145;C A INNOVA ENGENHARIA E CONSTRUCOES LTDA;AQUISIÇÃO MATERIAL INFO;805.8;2026-07-22;2026-07-22;2026-08-10;2026-07-29T14:39:45;nao_classificado;indefinido;2026-08-24T23:15:04+00:00
45131885000104-2-000081/2026;0200/26;2026;45131885000104;MUNICIPIO DE JALES;3524808;11595690000195;JC DA SILVA JUNIOR - WEBDESIGNER;Contratação de empresa especializada na prestação de serviços de fornecimento e licenciamento de plataforma informatizada, auxiliando na gestão de projeto habitacional com comunicação interna e externa, seguindo as legislações lei nº 14.620/2023, lei nº 13.709/2018, lei nº 14.133/2021, demais portarias e exigências, com entrega parcelada, por tempo determinado, conforme Termo de Referência – Anexo I.;13200.0;2026-07-20;2026-07-20;2027-07-19;2026-07-29T14:11:11;nao_classificado;indefinido;2026-08-24T23:14:48+00:00
46377800000127-2-005055/2026;2026NE00112;2026;46377800000127;SAO PAULO SECRETARIA DA SEGURANCA PUBLICA;3524808;40020114000118;SILVA E KAUFFMAN COMUNICACAO VISUAL LTDA;CONTRATAÇÃO DOS SERVIÇOS DE IDENTIFICAÇÃO VISUAL - DELEGACIA SECCIONAL DE POLÍCIA DE BAURU E UNIDADES SUBORDINADAS.;9175.0;2026-02-26;2026-02-26;2026-03-26;2026-07-29T12:15:08;nao_classificado;indefinido;2026-08-24T23:15:04+00:00
46377800000127-2-005054/2026;2026NE000324;2026;46377800000127;SAO PAULO SECRETARIA DA SEGURANCA PUBLICA;3524808;10709819000186;KENYA CARRILO -  MATERIAIS,  VESTUARIO, EQUIPAMENTOS E PROMOCAO DE VENDAS LTDA;AQUISIÇÃO DE MATERIAL ODONTOLOGICO - CPTRAN.;25.5;2026-07-27;2026-07-30;2026-08-29;2026-07-29T11:52:36;nao_classificado;indefinido;2026-08-24T23:15:04+00:00
46377800000127-2-005053/2026;2026NE000321;2026;46377800000127;SAO PAULO SECRETARIA DA SEGURANCA PUBLICA;3524808;35706397000116;E.C.S. TECNOLOGIA EM SAUDE, COMERCIO, IMPORTACAO E EXPORTACAO LTDA;AQUISIÇÃO DE MATERIAL ODONTOLOGICO - CPTRAN.;1835.82;2026-07-27;2026-07-30;2026-08-29;2026-07-29T11:39:46;nao_classificado;indefinido;2026-08-24T23:15:04+00:00
46377800000127-2-005052/2026;9912401268;2026;46377800000127;SAO PAULO SECRETARIA DA SEGURANCA PUBLICA;3524808;34028316003129;EMPRESA BRASILEIRA DE CORREIOS E TELEGRAFOS;"EMPRESA BRASILEIRA DE CORREIOS E TELÉGRAFOS
";197506.8;2026-07-16;2026-08-10;2031-08-10;2026-07-29T11:38:24;nao_classificado;indefinido;2026-08-24T23:15:04+00:00
45138070000149-2-000817/2026;5624;2026;45138070000149;MUNICIPIO DE SANTA FE DO SUL;3546603;53332911000182;53.332.911 ECLESVAM VERONEZI DA COSTA;Contratação de serviços de manutenção de porta de vidro do banheiro de acessibilidade e telhado do Parque das Águas Claras com material, ferramentas e mão de obra incluso, conforme Processo SEI n°3546603.437.00001238/2026-39.;8200.0;2026-07-27;2026-07-27;2026-07-27;2026-07-29T11:27:53;nao_classificado;indefinido;2026-08-24T19:23:58+00:00
46377800000127-2-005051/2026;2026NE000320;2026;46377800000127;SAO PAULO SECRETARIA DA SEGURANCA PUBLICA;3524808;35706397000116;E.C.S. TECNOLOGIA EM SAUDE, COMERCIO, IMPORTACAO E EXPORTACAO LTDA;AQUISIÇÃO DE MATERIAL ODONTOLÓGICO DO CPTRAN.;264.0;2026-07-27;2026-07-30;2026-08-27;2026-07-29T11:18:45;nao_classificado;indefinido;2026-08-24T23:15:04+00:00
46377800000127-2-005050/2026;00038;2026;46377800000127;SAO PAULO SECRETARIA DA SEGURANCA PUBLICA;3524808;46449284000107;SER CATERING COMERCIO DE ALIMENTOS E EVENTOS LTDA;SERVIÇO DE BUFFET;1245.0;2026-07-29;2026-07-29;2027-07-29;2026-07-29T11:00:22;nao_classificado;indefinido;2026-08-24T23:15:04+00:00
46377800000127-2-005049/2026;00012;2026;46377800000127;SAO PAULO SECRETARIA DA SEGURANCA PUBLICA;3524808;42224229000150;INSPECT INTELIGENCIA E TECNOLOGIA LTDA;CONTRATAÇÃO DO SERVIÇO DE LICENÇA DE USO DO SOFTWARE CASEBOARD 8.2 PARA A DIVISÃO DE INTELIGÊNCIA POLICIA (DIP/DIPOL);114900.0;2026-07-28;2026-07-28;2026-07-28;2026-07-29T10:30:58;nao_classificado;indefinido;2026-08-24T23:15:04+00:00
46377800000127-2-005048/2026;2026NE00316;2026;46377800000127;SAO PAULO SECRETARIA DA SEGURANCA PUBLICA;3524808;03223731000194;ORACILDO OLIVEIRA DE MORAIS;CONTRATAÇÃO DOS SERVIÇOS DE MANUTENÇÃO DE EXTINTORES PARA A DELEGACIA SECCIONAL DE POLÍCIA DE BAURU E UNIDADES SUBORDINADAS;3860.0;2026-06-19;2026-06-19;2026-07-19;2026-07-29T10:28:04;nao_classificado;indefinido;2026-08-24T23:15:04+00:00
46377800000127-2-005047/2026;00023;2026;46377800000127;SAO PAULO SECRETARIA DA SEGURANCA PUBLICA;3524808;07791107000144;ELEC INDUSTRIA E COMERCIO DE EQUIPAMENTOS DE MEDICAO LTDA;CONTRATAÇÃO DE SERVIÇOS DE MANUTENÇÃO/CALIBRAÇÃO EM 17 (DEZESSETE) ETILÔMETROS.;17789.2;2026-07-22;2026-07-22;2026-08-22;2026-07-29T10:24:57;nao_classificado;indefinido;2026-08-24T23:15:04+00:00
46377800000127-2-005046/2026;2026NE00842;2026;46377800000127;SAO PAULO SECRETARIA DA SEGURANCA PUBLICA;3524808;04899887000152;CLODOALDO VILELA;Serviço de produção de porta de vidro;57000.0;2026-07-29;2026-07-29;2026-09-30;2026-07-29T10:13:11;nao_classificado;indefinido;2026-08-24T23:15:04+00:00
46377800000127-2-005045/2026;2026NE00265;2026;46377800000127;SAO PAULO SECRETARIA DA SEGURANCA PUBLICA;3524808;16652113000101;VERA CRUZ DEDETIZADORA E MANEJO DE PRAGAS AMBIENTAIS LTDA;SERVICO DE DEDETIZACAO, DESINSETIZACAO;3057.04;2026-07-23;2026-07-30;2026-08-30;2026-07-29T10:04:22;nao_classificado;indefinido;2026-08-24T23:15:04+00:00
46377800000127-2-005044/2026;2026NE00264;2026;46377800000127;SAO PAULO SECRETARIA DA SEGURANCA PUBLICA;3524808;45789986000169;SOLAR RAY SOLUCOES EM ENERGIA LTDA;SERVICO DE MANUTENCAO OU CONSERVACAO HIDRAULICA - AGUA FRIA, REDE HIDRAULICA;8240.0;2026-07-23;2026-07-30;2026-08-30;2026-07-29T10:02:06;nao_classificado;indefinido;2026-08-24T23:15:04+00:00
46377800000127-2-005043/2026;00026;2026;46377800000127;SAO PAULO SECRETARIA DA SEGURANCA PUBLICA;3524808;55095768000188;FONTHORA DISTRIBUIDORA LTDA;AQUISIÇÃO DE EQUIPAMENTOS PARA ACADEMIA, CONFORME DETALHAMENTO E ESPECIFICAÇÕES TÉCNICAS DO TERMO DE REFERÊNCIA, DA PROPOSTA DO CONTRATADO E DEMAIS DOCUMENTOS DA CONTRATAÇÃO CONSTANTES DO PROCESSO ADMINISTRATIVO EM EPÍGRAFE.;37506.0;2026-07-28;2026-07-28;2026-10-26;2026-07-29T09:56:26;nao_classificado;indefinido;2026-08-24T23:15:04+00:00
46377800000127-2-005042/2026;2026NE00183;2026;46377800000127;SAO PAULO SECRETARIA DA SEGURANCA PUBLICA;3524808;51560262000141;TERRA NOVA ALIMENTOS & BEBIDAS LTDA;Objeto: Compra de Água Mineral Sem Gás;4500.0;2026-05-27;2026-05-30;2026-06-30;2026-07-29T09:53:30;nao_classificado;indefinido;2026-08-24T23:15:04+00:00
46377800000127-2-005041/2026;2026NE00263;2026;46377800000127;SAO PAULO SECRETARIA DA SEGURANCA PUBLICA;3524808;04360064000154;J.A. SIQUEIRA JUNIOR- OFICINA LTDA;"Serviços de serralheria na Delegacia de Defesa da mulher de Guarujá 
Endereço: Rua Washington, 227, Vila Maia, Guarujá/SP";9000.0;2026-07-23;2026-07-30;2026-08-30;2026-07-29T09:46:59;nao_classificado;indefinido;2026-08-24T23:15:04+00:00
46377800000127-2-005040/2026;2026NE000061;2026;46377800000127;SAO PAULO SECRETARIA DA SEGURANCA PUBLICA;3524808;00662315000102;PHABRICA DE PRODUCOES SERVICOS DE PROPAGANDA E PUBLICIDADE LTDA;SERVICO DE DIVULGACAO E PROMOCAO, PUBLICACAO DE EDITAL.;475.0;2026-07-29;2026-07-29;2026-12-31;2026-07-29T09:25:23;nao_classificado;indefinido;2026-08-24T23:15:04+00:00
46377800000127-2-005039/2026;2026NE00139;2026;46377800000127;SAO PAULO SECRETARIA DA SEGURANCA PUBLICA;3524808;66280794000100;66.280.794 ALEXANDRE PEGIGAN PERES DE LIMA;Aquisição de material de consumo - suprimentos de informática;15520.0;2026-07-28;2026-07-28;2026-12-31;2026-07-28T18:46:48;nao_classificado;indefinido;2026-08-24T23:15:04+00:00
46377800000127-2-005038/2026;2026NE000145;2026;46377800000127;SAO PAULO SECRETARIA DA SEGURANCA PUBLICA;3524808;46429690000108;G N ENG E EVENTOS LTDA;AQUISIÇÃO DE BICICLETA SPINNING, SIMULADOR DE REMO, JOGO DE ANILHAS E JOGO DE HALTERES.;31344.0;2026-07-28;2026-07-28;2026-08-27;2026-07-28T17:37:37;nao_classificado;indefinido;2026-08-24T23:15:04+00:00
46377800000127-2-005037/2026;2026NE000144;2026;46377800000127;SAO PAULO SECRETARIA DA SEGURANCA PUBLICA;3524808;21163633000190;SB MULTICOM COMERCIO LTDA;AQUISIÇÃO DE TALABARTE DE SEGURANÇA;5720.0;2026-07-28;2026-07-28;2026-08-27;2026-07-28T17:33:54;nao_classificado;indefinido;2026-08-24T23:15:04+00:00
46377800000127-2-005036/2026;2026NE000143;2026;46377800000127;SAO PAULO SECRETARIA DA SEGURANCA PUBLICA;3524808;52386933000162;REFINAR EMPRESARIAL ASSESSORIA EM CONTROLES ADMINISTRATIVOS LTDA;AQUISIÇÃO DE CHAVE DE IMPACTO;3330.71;2026-07-28;2026-07-28;2026-08-27;2026-07-28T17:29:48;nao_classificado;indefinido;2026-08-24T23:15:04+00:00
46377800000127-2-005035/2026;2026NE000142;2026;46377800000127;SAO PAULO SECRETARIA DA SEGURANCA PUBLICA;3524808;57939297000172;FELIPE CALMON SILVA;AQUISIÇÃO DE GUINCHO  TIRFOR, SOPRADOR DE FOLHAS E MOTOSSERRA ELÉTRICA;34194.0;2026-07-28;2026-07-28;2026-08-27;2026-07-28T17:26:31;nao_classificado;indefinido;2026-08-24T23:15:04+00:00
46377800000127-2-005034/2026;2026NE000067;2026;46377800000127;SAO PAULO SECRETARIA DA SEGURANCA PUBLICA;3524808;52715266000114;MY LICITA SOLUCOES INTEGRADAS LTDA;AQUISIÇÃO DE COPO DESCARTÁVEL/ 50 ML;11340.0;2026-05-11;2026-05-11;2026-08-11;2026-07-28T17:22:39;copa_cozinha;produto;2026-08-24T23:15:04+00:00
46377800000127-2-005033/2026;2026NE00135;2026;46377800000127;SAO PAULO SECRETARIA DA SEGURANCA PUBLICA;3524808;02487416000101;PHONOWAY SERVICOS LTDA;Aquisição de material de consumo - suprimentos de informática;2265.0;2026-07-07;2026-07-07;2026-12-31;2026-07-28T17:12:45;nao_classificado;indefinido;2026-08-24T23:15:04+00:00
46377800000127-2-005031/2026;2026NE000066;2026;46377800000127;SAO PAULO SECRETARIA DA SEGURANCA PUBLICA;3524808;22077561000121;MR ALIMENTOS SAUDAVEIS LTDA;AQUISIÇÃO DE CHÁ DE ERVA DOCE;576.0;2026-05-11;2026-05-11;2026-08-11;2026-07-28T17:07:54;nao_classificado;indefinido;2026-08-24T23:15:04+00:00
46377800000127-2-005030/2026;2026NE00133;2026;46377800000127;SAO PAULO SECRETARIA DA SEGURANCA PUBLICA;3524808;05965179000135;DF CARTUCHOS COMERCIO DE INFORMATICA LTDA;Aquisição de material de consumo - suprimentos de informática;6480.0;2026-07-07;2026-07-07;2026-12-31;2026-07-28T17:02:59;nao_classificado;indefinido;2026-08-24T23:15:04+00:00
46377800000127-2-005029/2026;2026NE00132;2026;46377800000127;SAO PAULO SECRETARIA DA SEGURANCA PUBLICA;3524808;42448644000197;MSI COMERCIO E SERVICOS LTDA;Aquisição de material de consumo - suprimentos de informática;2545.0;2026-07-07;2026-07-07;2026-12-31;2026-07-28T17:00:38;nao_classificado;indefinido;2026-08-24T23:15:04+00:00
46377800000127-2-005028/2026;2026NE000065;2026;46377800000127;SAO PAULO SECRETARIA DA SEGURANCA PUBLICA;3524808;35991410000126;ALPICK COMERCIO DE ALIMENTOS E SERVICOS LTDA;AQUISIÇÃO DE TOALHA DE PAPEL SIMPLES/ INTERFOLHADA;3775.0;2026-05-11;2026-05-11;2026-08-11;2026-07-28T16:51:23;nao_classificado;indefinido;2026-08-24T23:15:04+00:00
46377800000127-2-005027/2026;2026NE00131;2026;46377800000127;SAO PAULO SECRETARIA DA SEGURANCA PUBLICA;3524808;57152568000145;C A INNOVA ENGENHARIA E CONSTRUCOES LTDA;Aquisição de material de consumo - suprimentos de informática.;914.85;2026-07-07;2026-07-07;2026-12-31;2026-07-28T16:47:06;nao_classificado;indefinido;2026-08-24T23:15:04+00:00
46377800000127-2-005026/2026;00034;2026;46377800000127;SAO PAULO SECRETARIA DA SEGURANCA PUBLICA;3524808;24195207000127;MANOEL GOMES DE OLIVEIRA NETO LTDA;AQUISIÇÃO DE EQUIPAMENTOS PARA ACADEMIA, CONFORME DETALHAMENTO E ESPECIFICAÇÕES TÉCNICAS DO TERMO DE REFERÊNCIA, DA PROPOSTA DO CONTRATADO E DEMAIS DOCUMENTOS DA CONTRATAÇÃO CONSTANTES DO PROCESSO ADMINISTRATIVO EM EPÍGRAFE;632.0;2026-07-24;2026-07-24;2026-10-22;2026-07-28T16:32:13;nao_classificado;indefinido;2026-08-24T23:15:04+00:00
46377800000127-2-005025/2026;2026NE 00130;2026;46377800000127;SAO PAULO SECRETARIA DA SEGURANCA PUBLICA;3524808;57152568000145;C A INNOVA ENGENHARIA E CONSTRUCOES LTDA;Aquisição de material de consumo - suprimentos de informática;195.96;2026-07-07;2026-07-07;2026-12-31;2026-07-28T16:30:43;nao_classificado;indefinido;2026-08-24T23:15:04+00:00
46377800000127-2-005024/2026;2026NE000064;2026;46377800000127;SAO PAULO SECRETARIA DA SEGURANCA PUBLICA;3524808;35991410000126;ALPICK COMERCIO DE ALIMENTOS E SERVICOS LTDA;AQUISIÇÃO DE CAFÉ TRADICIONAL/TIJOLINHO;7035.66;2026-05-11;2026-05-11;2026-08-11;2026-07-28T16:28:35;generos_alimenticios;produto;2026-08-24T23:15:04+00:00
46377800000127-2-005023/2026;2026NE00129;2026;46377800000127;SAO PAULO SECRETARIA DA SEGURANCA PUBLICA;3524808;09211866000116;CARISA INFORMACOES E VENDAS LTDA;Aquisição de material de consumo - suprimentos de informática;550.0;2026-07-07;2026-07-07;2026-12-31;2026-07-28T16:25:51;nao_classificado;indefinido;2026-08-24T23:15:04+00:00
46377800000127-2-005022/2026;00032;2026;46377800000127;SAO PAULO SECRETARIA DA SEGURANCA PUBLICA;3524808;54198140000145;M.E.B. DISTRIBUIDORA LTDA;AQUISIÇÃO DE EQUIPAMENTOS PARA ACADEMIA, CONFORME DETALHAMENTO E ESPECIFICAÇÕES TÉCNICAS DO TERMO DE REFERÊNCIA, DA PROPOSTA DO CONTRATADO E DEMAIS DOCUMENTOS DA CONTRATAÇÃO CONSTANTES DO PROCESSO ADMINISTRATIVO EM EPÍGRAFE.;770.0;2026-07-24;2026-07-24;2026-10-22;2026-07-28T16:24:17;nao_classificado;indefinido;2026-08-24T23:15:04+00:00
46377800000127-2-005021/2026;2026NE00128;2026;46377800000127;SAO PAULO SECRETARIA DA SEGURANCA PUBLICA;3524808;30870178000154;COMERCIAL FASTPRINTER LTDA;Aquisição de material de consumo - suprimentos de informática;4800.4;2026-07-07;2026-07-07;2026-12-31;2026-07-28T16:22:54;nao_classificado;indefinido;2026-08-24T23:15:04+00:00
46377800000127-2-011305/2025;2026NE00126;2025;46377800000127;SAO PAULO SECRETARIA DA SEGURANCA PUBLICA;3524808;23496174000192;N C DISTRIBUIDORA DE PRODUTOS E SERVICOS LTDA;Aquisição de material de consumo- suprimentos de informática;685.0;2026-07-07;2026-07-07;2026-12-31;2026-07-28T16:19:41;nao_classificado;indefinido;2026-08-24T23:15:04+00:00
46377800000127-2-005020/2026;2026NE00127;2026;46377800000127;SAO PAULO SECRETARIA DA SEGURANCA PUBLICA;3524808;46783253000180;CONNECTED PRODUTOS E SERVICOS LTDA;Aquisição de material de consumo - suprimentos de informática;8700.0;2026-07-07;2026-07-07;2026-12-31;2026-07-28T16:13:07;nao_classificado;indefinido;2026-08-24T23:15:04+00:00
46377800000127-2-005019/2026;2026NE00125;2026;46377800000127;SAO PAULO SECRETARIA DA SEGURANCA PUBLICA;3524808;23496174000192;N C DISTRIBUIDORA DE PRODUTOS E SERVICOS LTDA;Aquisição de material de consumo - suprimentos de informática.;21793.16;2026-07-07;2026-07-07;2026-12-31;2026-07-28T16:09:40;nao_classificado;indefinido;2026-08-24T23:15:04+00:00
46377800000127-2-005018/2026;2026NE00110;2026;46377800000127;SAO PAULO SECRETARIA DA SEGURANCA PUBLICA;3524808;40725597000156;SANTOS & BALTHAZAR CONSULTORIA LTDA;Contratação de assessoramento/gestão de migração energética para Ambiente de Contratação Livre - ACL;24900.0;2026-06-30;2026-06-30;2026-12-31;2026-07-28T16:03:44;nao_classificado;indefinido;2026-08-24T23:15:04+00:00
46377800000127-2-005017/2026;00019;2026;46377800000127;SAO PAULO SECRETARIA DA SEGURANCA PUBLICA;3524808;36366620000196;NRTT - SOLUCOES E SERVICOS LTDA;AQUISICAO DE VIATURAS;255000.0;2026-07-28;2026-07-28;2027-01-28;2026-07-28T15:38:43;nao_classificado;indefinido;2026-08-24T23:15:04+00:00
46377800000127-2-005016/2026;00017;2026;46377800000127;SAO PAULO SECRETARIA DA SEGURANCA PUBLICA;3524808;36366620000196;NRTT - SOLUCOES E SERVICOS LTDA;AQUISICAO DE VIATURAS;488800.0;2026-07-28;2026-07-28;2027-01-28;2026-07-28T15:34:45;nao_classificado;indefinido;2026-08-24T23:15:04+00:00
46377800000127-2-005015/2026;00016;2026;46377800000127;SAO PAULO SECRETARIA DA SEGURANCA PUBLICA;3524808;00913443000688;RENAULT DO BRASIL LTDA.;AQUISIAO DE VIATURAS;256979.82;2026-07-28;2026-07-28;2027-01-28;2026-07-28T15:30:56;nao_classificado;indefinido;2026-08-24T23:15:04+00:00
46377800000127-2-005014/2026;00012;2026;46377800000127;SAO PAULO SECRETARIA DA SEGURANCA PUBLICA;3524808;06009787000139;SIAE MICROELETTRONICA DO BRASIL LTDA.;AQUISIÇÃO DE EQUIPAMENTOS DE RADIOCOMUNICAÇÃO NA FAIXA DE VHF, CONFORME AS NORMAS DO PADRÃO P25 VISANDO A EXPANSÃO DA REDE DA PMESP.;580000.0;2026-07-28;2026-07-28;2026-10-28;2026-07-28T15:25:45;nao_classificado;indefinido;2026-08-24T23:15:04+00:00
46377800000127-2-005013/2026;2026NE000927;2026;46377800000127;SAO PAULO SECRETARIA DA SEGURANCA PUBLICA;3524808;45807046000155;CORTEX CONSTRUCOES E SERVICOS LTDA;MANUTENÇÃO DO TELHADO DA MOTOMEC CPAM12;94000.0;2026-07-08;2026-07-08;2026-08-07;2026-07-28T15:22:34;nao_classificado;indefinido;2026-08-24T23:15:04+00:00
46377800000127-2-005012/2026;2026NE000926;2026;46377800000127;SAO PAULO SECRETARIA DA SEGURANCA PUBLICA;3524808;39900896000109;RR IMPERMEABILIZACOES PINTURA E REFORMAS EM GERAL LTDA;PINTURA DO MURO DA SEDE DO COMANDO DE POLICIAMENTO DE AREA METROPOLITANA DOZE;33200.0;2026-07-08;2026-07-08;2026-08-07;2026-07-28T15:17:17;nao_classificado;indefinido;2026-08-24T23:15:04+00:00
46377800000127-2-005011/2026;00011;2026;46377800000127;SAO PAULO SECRETARIA DA SEGURANCA PUBLICA;3524808;10652730000120;MOTOROLA SOLUTIONS LTDA;AQUISIÇÃO DE EQUIPAMENTOS DE RADIOCOMUNICAÇÃO NA FAIXA DE VHF, CONFORME AS NORMAS DO PADRÃO P25 VISANDO A EXPANSÃO DA REDE DA PMESP.;9570000.0;2026-07-27;2026-07-28;2026-10-28;2026-07-28T15:13:24;nao_classificado;indefinido;2026-08-24T23:15:04+00:00
46377800000127-2-005010/2026;2026NE000146;2026;46377800000127;SAO PAULO SECRETARIA DA SEGURANCA PUBLICA;3524808;02885591000157;CENTURY COMERCIAL LTDA;ESTEIRA ERGOMÉTRICA;12158.82;2026-07-28;2026-07-28;2026-08-28;2026-07-28T15:12:30;nao_classificado;indefinido;2026-08-24T23:15:04+00:00
46377800000127-2-005009/2026;00037;2026;46377800000127;SAO PAULO SECRETARIA DA SEGURANCA PUBLICA;3524808;38419373000174;2C CONFECCOES SA;1.500 MACACÃO CINZA BANDEIRANTE;457500.0;2026-07-15;2026-07-15;2027-01-11;2026-07-28T14:49:13;nao_classificado;indefinido;2026-08-24T23:15:04+00:00
46377800000127-2-005008/2026;2026NE000063;2026;46377800000127;SAO PAULO SECRETARIA DA SEGURANCA PUBLICA;3524808;35991410000126;ALPICK COMERCIO DE ALIMENTOS E SERVICOS LTDA;AQUISIÇÃO DE ADOÇANTE DIETÉTICO LÍQUIDO;314.72;2026-05-11;2026-05-11;2026-08-11;2026-07-28T14:48:57;nao_classificado;indefinido;2026-08-24T23:15:04+00:00
46377800000127-2-005007/2026;2026NE000226;2026;46377800000127;SAO PAULO SECRETARIA DA SEGURANCA PUBLICA;3524808;01805963000125;RENATO FRIAS;"AGUA MINERAL, NATURAL SEM GAS, EMBALAGEM PRIMARIA GARRAFA PET VEDADA COM TAMP A DE ROSCA, EMBALAGEM SECUNDARIA APROPRIADA PARA ALIMENTOS,
COM VALIDADE MINI MA DE 9 MESES NA DATA DA ENTREGA, E SUAS CONDICOES DEVERAO ESTAR DE ACORDO CO M A RDC 274/05, RDC 275/05, RDC 259/02, PORTARIA
470/99 (MME) E SUAS ALTERACO ES POSTERIORES, PRODUTO SUJEITO A VERIFICACAO NO ATO DA ENTREGA AOS PROCED. A DMINISTRATIVOS DETERMINADOS PELA
ANVISA";4287.3;2026-07-20;2026-07-20;2026-08-20;2026-07-28T13:58:56;panificacao;produto;2026-08-24T23:15:04+00:00
46377800000127-2-005006/2026;2026NE000225;2026;46377800000127;SAO PAULO SECRETARIA DA SEGURANCA PUBLICA;3524808;45706795000196;SERENA DISTRIBUIDORA DE AGUA MINERAL LTDA;"AGUA MINERAL, NATURAL SEM GAS, EMBALAGEM PRIMARIA GARRAFA PET VEDADA COM TAMP A DE ROSCA, EMBALAGEM SECUNDARIA APROPRIADA PARA ALIMENTOS,
COM VALIDADE MINI MA DE 9 MESES NA DATA DA ENTREGA, E SUAS CONDICOES DEVERAO ESTAR DE ACORDO CO M A RDC 274/05, RDC 275/05, RDC 259/02, PORTARIA
470/99 (MME) E SUAS ALTERACO ES POSTERIORES, PRODUTO SUJEITO A VERIFICACAO NO ATO DA ENTREGA AOS PROCED. A DMINISTRATIVOS DETERMINADOS PELA
ANVISA";2004.48;2026-07-20;2026-07-20;2026-08-20;2026-07-28T13:54:08;panificacao;produto;2026-08-24T23:15:04+00:00
46377800000127-2-005005/2026;2026NE000223;2026;46377800000127;SAO PAULO SECRETARIA DA SEGURANCA PUBLICA;3524808;22532793000122;CASA PARANA COMERCIO E SERVICOS LTDA;"AGUA MINERAL, NATURAL COM GAS, EMBALAGEM PRIMARIA GARRAFA PET VEDADA COM TAMP A DE ROSCA, EMBALAGEM SECUNDARIA FILME PLASTICO RESISTENTE,
COM VALIDADE MINI MA DE 5 MESES NA DATA DA ENTREGA, E SUAS CONDICOES DEVERAO ESTAR DE ACORDO CO M A RDC 274/05, RDC 275/05, RDC 259/02, PORTARIA
470/99 (MME) E SUAS ALTERACO ES POSTERIORES, PRODUTO SUJEITO A VERIFICACAO NO ATO DA ENTREGA AOS PROCED. A DMINISTRATIVOS DETERMINADOS PELA
ANVISA";2505.6;2026-07-20;2026-07-20;2026-08-28;2026-07-28T13:45:24;panificacao;produto;2026-08-24T23:15:04+00:00
46377800000127-2-005004/2026;00031;2026;46377800000127;SAO PAULO SECRETARIA DA SEGURANCA PUBLICA;3524808;02885591000157;CENTURY COMERCIAL LTDA;AQUISIÇÃO DE EQUIPAMENTOS PARA ACADEMIA, CONFORME DETALHAMENTO E ESPECIFICAÇÕES TÉCNICAS DO TERMO DE REFERÊNCIA, DA PROPOSTA DO CONTRATADO E DEMAIS DOCUMENTOS DA CONTRATAÇÃO CONSTANTES DO PROCESSO ADMINISTRATIVO EM EPÍGRAFE;28246.14;2026-07-24;2026-07-24;2026-10-22;2026-07-28T12:02:22;nao_classificado;indefinido;2026-08-24T23:15:04+00:00
46377800000127-2-005003/2026;00006;2026;46377800000127;SAO PAULO SECRETARIA DA SEGURANCA PUBLICA;3524808;05591590000198;RIBCO DO BRASIL IMPORTACAO E EXPORTACAO LTDA;PRESTAÇÃO DE SERVIÇOS DE MANUTENÇÃO DE ETILÔMETRO;12571.35;2026-07-28;2026-07-28;2026-09-30;2026-07-28T11:56:18;nao_classificado;indefinido;2026-08-24T23:15:04+00:00
46377800000127-2-005002/2026;00030;2026;46377800000127;SAO PAULO SECRETARIA DA SEGURANCA PUBLICA;3524808;46429690000108;G N ENG E EVENTOS LTDA;AQUISIÇÃO DE EQUIPAMENTOS PARA ACADEMIA, CONFORME DETALHAMENTO E ESPECIFICAÇÕES TÉCNICAS DO TERMO DE REFERÊNCIA, DA PROPOSTA DO CONTRATADO E DEMAIS DOCUMENTOS DA CONTRATAÇÃO CONSTANTES DO PROCESSO ADMINISTRATIVO EM EPÍGRAFE;10983.0;2026-07-24;2026-07-24;2026-10-22;2026-07-28T11:55:00;nao_classificado;indefinido;2026-08-24T23:15:04+00:00
46377800000127-2-005001/2026;00029;2026;46377800000127;SAO PAULO SECRETARIA DA SEGURANCA PUBLICA;3524808;08973569000145;JULIO CESAR GASPARINI JUNIOR LTDA;AQUISIÇÃO DE EQUIPAMENTOS PARA ACADEMIA, CONFORME DETALHAMENTO E ESPECIFICAÇÕES TÉCNICAS DO TERMO DE REFERÊNCIA, DA PROPOSTA DO CONTRATADO E DEMAIS DOCUMENTOS DA CONTRATAÇÃO CONSTANTES DO PROCESSO ADMINISTRATIVO EM EPÍGRAFE.;13229.99;2026-07-27;2026-07-27;2026-10-25;2026-07-28T11:46:11;nao_classificado;indefinido;2026-08-24T23:15:04+00:00
46377800000127-2-005000/2026;00033;2026;46377800000127;SAO PAULO SECRETARIA DA SEGURANCA PUBLICA;3524808;05252941000136;STAR COMERCIO LTDA;AQUISIÇÃO DE EQUIPAMENTOS PARA ACADEMIA, CONFORME DETALHAMENTO E ESPECIFICAÇÕES TÉCNICAS DO TERMO DE REFERÊNCIA, DA PROPOSTA DO CONTRATADO E DEMAIS DOCUMENTOS DA CONTRATAÇÃO CONSTANTES DO PROCESSO ADMINISTRATIVO EM EPÍGRAFE.;3000.0;2026-07-27;2026-07-27;2026-10-25;2026-07-28T11:37:41;nao_classificado;indefinido;2026-08-24T23:15:04+00:00
46377800000127-2-004999/2026;2026NE000141;2026;46377800000127;SAO PAULO SECRETARIA DA SEGURANCA PUBLICA;3524808;10394422000142;HYUNDAI MOTOR BRASIL MONTADORA DE AUTOMOVEIS LTDA;VIATURAS DE TRANSPORTE DE PESSOAL;253700.0;2026-07-28;2026-07-28;2026-12-28;2026-07-28T11:31:31;nao_classificado;indefinido;2026-08-24T23:15:04+00:00
46377800000127-2-004998/2026;2026NE000140;2026;46377800000127;SAO PAULO SECRETARIA DA SEGURANCA PUBLICA;3524808;35339234000142;MJ SAFETY EQUIPAMENTOS DE PROTECAO E SEGURANCA LTDA;AQUISIÇÃO DE MACACÃO DE PROTEÇÃO PARA COMBATE A INCENDIO FLORESTAL;19300.0;2026-07-28;2026-07-28;2026-08-27;2026-07-28T11:26:33;nao_classificado;indefinido;2026-08-24T23:15:04+00:00
46377800000127-2-004997/2026;00028;2026;46377800000127;SAO PAULO SECRETARIA DA SEGURANCA PUBLICA;3524808;62186091000159;LOCAFIT-PRO LTDA;AQUISIÇÃO DE EQUIPAMENTOS PARA ACADEMIA, CONFORME DETALHAMENTO E ESPECIFICAÇÕES TÉCNICAS DO TERMO DE REFERÊNCIA, DA PROPOSTA DO CONTRATADO E DEMAIS DOCUMENTOS DA CONTRATAÇÃO CONSTANTES DO PROCESSO ADMINISTRATIVO EM EPÍGRAFE;65117.48;2026-07-24;2026-07-24;2026-10-22;2026-07-28T10:17:11;nao_classificado;indefinido;2026-08-24T23:15:04+00:00
46377800000127-2-004996/2026;00061;2026;46377800000127;SAO PAULO SECRETARIA DA SEGURANCA PUBLICA;3524808;05105430000191;CS TINTAS E FERRAGENS POA LTDA;MATERIAIS DE PINTURA AUTOMOTIVA II;22360.0;2026-07-21;2026-07-21;2026-09-19;2026-07-28T09:14:03;nao_classificado;indefinido;2026-08-24T23:15:04+00:00
46377800000127-2-004995/2026;00059;2026;46377800000127;SAO PAULO SECRETARIA DA SEGURANCA PUBLICA;3524808;11345316000131;BRC - COMERCIO DE TINTAS LTDA;MATERIAIS DE PINTURA AUTOMOTIVA II;4973.4;2026-07-20;2026-07-20;2026-09-18;2026-07-28T09:02:20;nao_classificado;indefinido;2026-08-24T23:15:04+00:00
45138070000149-2-000816/2026;5613;2026;45138070000149;MUNICIPIO DE SANTA FE DO SUL;3546603;04056452000146;J.L. CHIAPARINI LTDA;Aquisição de materiais para montagem e instalação de playground, conforme Processo SEI n° 3546603.437.00001218/2026-68.;729.4;2026-07-27;2026-07-27;2026-07-27;2026-07-28T08:50:53;nao_classificado;indefinido;2026-08-24T19:23:58+00:00
46377800000127-2-004994/2026;00027;2026;46377800000127;SAO PAULO SECRETARIA DA SEGURANCA PUBLICA;3524808;56970083000104;AD SOLUCOES INTEGRADAS LTDA;"AQUISIÇÃO DE COLCHONETES PARA ACADEMIA, CONFORME DETALHAMENTO E ESPECIFICAÇÕES TÉCNICAS DO TERMO DE REFERÊNCIA, DA PROPOSTA DO CONTRATADO E DEMAIS DOCUMENTOS DA CONTRATAÇÃO CONSTANTES DO PROCESSO ADMINISTRATIVO
EM EPÍGRAFE.";1170.0;2026-07-24;2026-07-24;2026-10-22;2026-07-28T08:42:25;nao_classificado;indefinido;2026-08-24T23:15:04+00:00
46377800000127-2-004993/2026;00008;2026;46377800000127;SAO PAULO SECRETARIA DA SEGURANCA PUBLICA;3524808;10879466000162;E. RENATA P. L. LUNARDI PAPELARIA E ARMARINHOS;"A PRESENTE CONTRATAÇÃO TEM POR OBJETO O FORNECIMENTO, COM ENTREGA INTEGRAL, DOS MATERIAIS ESPECIFICADOS NESTE TERMO DE REFERÊNCIA, DESTINADOS AO ATENDIMENTO DA DEMANDA DA UNIDADE DE ENSINO E PESQUISA DO DEPARTAMENTO DE POLÍCIA JUDICIÁRIA DE SÃO PAULO INTERIOR – DEINTER 4/BAURU. A AQUISIÇÃO JUSTIFICA-SE PELA NECESSIDADE DE DISPONIBILIZAR MATERIAIS INDISPENSÁVEIS À EXECUÇÃO DOS CURSOS PROMOVIDOS POR ESTA UNIDADE DE ENSINO E PESQUISA, DESTINADOS À FORMAÇÃO DE NOVOS POLICIAIS E À REALIZAÇÃO DE CURSOS DE ESPECIALIZAÇÃO, GARANTINDO A CONTINUIDADE DAS ATIVIDADES DE ENSINO E O ADEQUADO ATENDIMENTO DO INTERESSE PÚBLICO. AS ESPECIFICAÇÕES, QUANTITATIVOS, CONDIÇÕES DE FORNECIMENTO E DEMAIS EXIGÊNCIAS RELATIVAS AO OBJETO
ENCONTRAM-SE DEFINIDOS NESTE TERMO DE REFERÊNCIA E NA TABELA ABAIXO, OBSERVADA A SUBDIVISÃO POR ITENS QUE COMPÕEM A PRESENTE CONTRATAÇÃO";9418.5;2026-07-27;2026-07-27;2027-07-26;2026-07-27T16:39:12;nao_classificado;indefinido;2026-08-24T23:15:04+00:00
46377800000127-2-004992/2026;2026NE000234;2026;46377800000127;SAO PAULO SECRETARIA DA SEGURANCA PUBLICA;3524808;13021891000104;CASA DA SOGRA COMERCIO VAREJISTA LTDA;AQUISIÇÃO DE MATERIAIS DE CONSUMO DIVERSOS - ITENS 25, 30 E 32 (ÁLCOOL LÍQUIDO, CREME DENTAL E SABONETE TABLETE);2963.0;2026-06-10;2026-06-10;2026-07-27;2026-07-27T16:34:21;limpeza_higiene;produto;2026-08-24T23:15:04+00:00
45138070000149-2-000815/2026;72;2026;45138070000149;MUNICIPIO DE SANTA FE DO SUL;3546603;31633913000179;HELP MED - HOME CARE LTDA;Contratação direta de empresa especializada para a prestação de serviços de apoio a cuidador, em regime de dedicação ininterrupta de 24 horas, destinados ao Serviço de Acolhimento Institucional – Casa Lar, conforme o Processo SEI n° 3546603.437.00001227/2026-59, pelo período de 03 (três) meses.;63201.6;2026-07-24;2026-07-24;2026-10-23;2026-07-27T16:20:49;nao_classificado;indefinido;2026-08-24T19:23:58+00:00
46377800000127-2-004991/2026;2026NE000356;2026;46377800000127;SAO PAULO SECRETARIA DA SEGURANCA PUBLICA;3524808;00662315000102;PHABRICA DE PRODUCOES SERVICOS DE PROPAGANDA E PUBLICIDADE LTDA;SERVICO DE DIVULGACAO E PROMOCAO, PUBLICACAO DE EDITAL.;660.0;2026-07-27;2026-07-27;2026-08-24;2026-07-27T16:19:21;nao_classificado;indefinido;2026-08-24T23:15:04+00:00
46377800000127-2-011304/2025;2025NE000268;2025;46377800000127;SAO PAULO SECRETARIA DA SEGURANCA PUBLICA;3524808;10241145000138;J. F. S. FILHO MONITORAMENTO E ENERGIA SOLAR LTDA;AQUISIÇÃO DE SERVIÇO DE ALARME E CIRCUITO INTERNO;5730.0;2025-07-28;2025-07-28;2025-12-31;2026-07-27T15:57:14;nao_classificado;indefinido;2026-08-24T23:15:04+00:00
45138070000149-2-000813/2026;5615;2026;45138070000149;MUNICIPIO DE SANTA FE DO SUL;3546603;21816953000100;21.816.953 IVONE APARECIDA CEZANE;"Contratação dos serviços de manutenção de lavadoras, tanquinho e geladeira para a Educação, 
Número do processo nº Sei: 3546603.437.00001206/2026-33.";1430.0;2026-07-27;2026-07-27;2026-07-27;2026-07-27T15:51:19;nao_classificado;indefinido;2026-08-24T19:23:58+00:00
45138070000149-2-000814/2026;5616;2026;45138070000149;MUNICIPIO DE SANTA FE DO SUL;3546603;21816953000100;21.816.953 IVONE APARECIDA CEZANE;"Contratação dos serviços de manutenção de lavadoras, tanquinho e geladeira para a Educação, 
Número do processo nº Sei: 3546603.437.00001206/2026-33.";1150.0;2026-07-27;2026-07-27;2026-07-27;2026-07-27T15:51:19;nao_classificado;indefinido;2026-08-24T19:23:58+00:00
46377800000127-2-011303/2025;2025NE000267;2025;46377800000127;SAO PAULO SECRETARIA DA SEGURANCA PUBLICA;3524808;10241145000138;JOSE FRANCISCO DA SILVA FILHO MONITORAMENTO E ENERGIA SOLAR LTDA;CONTRATAÇÃO DE SERVIÇO DE MANUTENÇÃO DE EQUIPAMENTO DE SEGURANÇA;35575.0;2025-07-28;2025-07-28;2025-12-31;2026-07-27T15:50:35;servico_manutencao;servico;2026-08-24T23:15:04+00:00
46377800000127-2-004990/2026;2026NE001164;2026;46377800000127;SAO PAULO SECRETARIA DA SEGURANCA PUBLICA;3524808;60775735000119;BRANDAO CAR LTDA;DISCO RÍGIDO;800.0;2026-07-17;2026-07-17;2026-08-07;2026-07-27T15:43:13;nao_classificado;indefinido;2026-08-24T23:15:04+00:00
46377800000127-2-004989/2026;2026NE000326;2026;46377800000127;SAO PAULO SECRETARIA DA SEGURANCA PUBLICA;3524808;62763428000143;NEXUS IMPORTS  LTDA;AQUISIÇÃO MATERIAL INFORMATICA;1583.01;2022-07-22;2026-07-22;2026-08-10;2026-07-27T15:42:19;nao_classificado;indefinido;2026-08-24T23:15:04+00:00
46377800000127-2-004988/2026;2026NE001025;2026;46377800000127;SAO PAULO SECRETARIA DA SEGURANCA PUBLICA;3524808;60871604000135;Vertical Producoes LTDA;CABO PAR TRANCADO PARA CONEXÃO DE REDE E CONECTORES;606.75;2026-07-02;2026-07-02;2026-07-23;2026-07-27T15:37:54;nao_classificado;indefinido;2026-08-24T23:15:04+00:00
45138070000149-2-000812/2026;5619;2026;45138070000149;MUNICIPIO DE SANTA FE DO SUL;3546603;38090819000160;ALISSINDRO RODRIGUES 10454156855;Contratação de serviços de mão de obras de reforma de placas viárias, conforme Processo SEI n° 3546603.437.00001250/2026-43;5880.0;2026-07-27;2026-07-27;2026-07-27;2026-07-27T15:34:12;nao_classificado;indefinido;2026-08-24T19:23:58+00:00
45138070000149-2-000810/2026;5611;2026;45138070000149;MUNICIPIO DE SANTA FE DO SUL;3546603;27197345000133;DAIANE CRISTINA MEIRA ZEGOBIA BARBOSA LTDA;"Contratação dos serviços de manutenção das impressoras para a Rede Municipal De Educação, 
Número do processo nº Sei: 3546603.437.00001208/2026-22.";350.0;2026-07-27;2026-07-27;2026-07-27;2026-07-27T15:33:10;informatica;produto;2026-08-24T19:23:58+00:00
45138070000149-2-000811/2026;5612;2026;45138070000149;MUNICIPIO DE SANTA FE DO SUL;3546603;27197345000133;DAIANE CRISTINA MEIRA ZEGOBIA BARBOSA LTDA;"Contratação dos serviços de manutenção das impressoras para a Rede Municipal De Educação, 
Número do processo nº Sei: 3546603.437.00001208/2026-22.";690.0;2026-07-27;2026-07-27;2026-07-27;2026-07-27T15:33:10;informatica;produto;2026-08-24T19:23:58+00:00
46377800000127-2-004987/2026;2026NE001051;2026;46377800000127;SAO PAULO SECRETARIA DA SEGURANCA PUBLICA;3524808;20166877000164;LUCIMARA DE FREITAS GUERREIRO;CÂMERA DE CIRCUITO FECHADO;1187.88;2026-07-02;2026-07-02;2026-07-23;2026-07-27T15:28:53;nao_classificado;indefinido;2026-08-24T23:15:04+00:00
46377800000127-2-004986/2026;2026NE001050;2026;46377800000127;SAO PAULO SECRETARIA DA SEGURANCA PUBLICA;3524808;20166877000164;LUCIMARA DE FREITAS GUERREIRO;SISTEMA CIRCUITO FECHADO DE TV;890.91;2026-07-02;2026-07-02;2026-07-23;2026-07-27T15:24:17;nao_classificado;indefinido;2026-08-24T23:15:04+00:00
46377800000127-2-004985/2026;2026NE000247;2026;46377800000127;SAO PAULO SECRETARIA DA SEGURANCA PUBLICA;3524808;52847901000117;RM SOLUCOES INTEGRADAS LTDA;ITEM 01 - SERVIÇO DE VIDRAÇARIA - COLOCAÇÃO DE VIDRO EM ESQUADRIA COM FORNECIMENTO DE MATERIAL;2899.0;2026-07-27;2026-07-27;2026-09-27;2026-07-27T15:23:43;nao_classificado;indefinido;2026-08-24T23:15:04+00:00
46377800000127-2-004984/2026;2026NE001049;2026;46377800000127;SAO PAULO SECRETARIA DA SEGURANCA PUBLICA;3524808;43319103000121;43.319.103 RAPHAEL MARCIANO CANGUSSU SILVA;PEÇAS E ACESSÓRIOS PARA PURIFICADOR DE ÁGUA - REFIL FILTRO;245.6;2026-07-02;2026-07-02;2026-07-23;2026-07-27T15:18:14;nao_classificado;indefinido;2026-08-24T23:15:04+00:00
46377800000127-2-004983/2026;2026NE000218;2026;46377800000127;SAO PAULO SECRETARIA DA SEGURANCA PUBLICA;3524808;28904764000120;DUK BUFFET LTDA;CONTRAÇÃO DE SERVIÇOS DE BUFFET PARA EVENTOS NA ACADEMIA DE POLÍCIA;7400.0;2026-07-17;2026-07-17;2026-07-30;2026-07-27T15:17:52;nao_classificado;indefinido;2026-08-24T23:15:04+00:00
46377800000127-2-004982/2026;2026NE001048;2026;46377800000127;SAO PAULO SECRETARIA DA SEGURANCA PUBLICA;3524808;45557697000134;45.557.697 BRUNO CASSIANO MARCELINO;AQUISIÇÃO DE BEBEDOURO INDUSTRIAL;1440.0;2026-07-02;2026-07-02;2026-07-23;2026-07-27T15:13:56;nao_classificado;indefinido;2026-08-24T23:15:04+00:00
46377800000127-2-004981/2026;00033;2026;46377800000127;SAO PAULO SECRETARIA DA SEGURANCA PUBLICA;3524808;61080883000181;CONFEX BEL TECIDOS E ARMARINHOS LTDA;400 (QUATROCENTAS) UNIDADES CALÇA SOCIAL CINZA BANDEIRANTE,;43744.0;2026-07-08;2026-07-08;2027-01-04;2026-07-27T15:12:14;nao_classificado;indefinido;2026-08-24T23:15:04+00:00
46377800000127-2-004980/2026;2026NE001357;2026;46377800000127;SAO PAULO SECRETARIA DA SEGURANCA PUBLICA;3524808;60191290000120;LOBO BRAVO LICITACOES LTDA;AQUISIÇÃO DE REAGENTE BIOLOGICO FAST BLUE B;3276.16;2026-07-27;2026-07-27;2026-08-27;2026-07-27T15:02:40;insumos_laboratoriais;produto;2026-08-24T23:15:04+00:00
46377800000127-2-004979/2026;2026NE000927;2026;46377800000127;SAO PAULO SECRETARIA DA SEGURANCA PUBLICA;3524808;40931500000161;RVS SERVICOS E SOLUCOES LTDA;SERVIÇO DE MANUTENÇÃO OU CONSERVAÇÃO PREDIAL;178999.99;2026-06-10;2026-06-10;2026-11-10;2026-07-27T15:02:37;nao_classificado;indefinido;2026-08-24T23:15:04+00:00
46377800000127-2-004978/2026;2026NE000786;2026;46377800000127;SAO PAULO SECRETARIA DA SEGURANCA PUBLICA;3524808;64268291000186;SICUREZZA FACILITIES LTDA;SERVIÇO DE MANUTENÇÃO OU CONSERVAÇÃO PREDIAL;49000.0;2026-05-21;2026-05-21;2026-06-26;2026-07-27T14:56:40;nao_classificado;indefinido;2026-08-24T23:15:04+00:00
46377800000127-2-004977/2026;2026NE000781;2026;46377800000127;SAO PAULO SECRETARIA DA SEGURANCA PUBLICA;3524808;30296533000123;RBX CONSTRUCOES E INSTALACOES LTDA;SERVIÇO DE MANUTENÇÃO OU CONSERVAÇÃO PREDIAL;119000.0;2026-05-21;2026-05-21;2026-06-26;2026-07-27T14:51:48;nao_classificado;indefinido;2026-08-24T23:15:04+00:00
46377800000127-2-004976/2026;2026NE001356;2026;46377800000127;SAO PAULO SECRETARIA DA SEGURANCA PUBLICA;3524808;62950454000180;MARINARI IMPORTACAO E EXPORTACAO LTDA;AQUISIÇÃO DE HD EXTERNO 500 GB;29000.0;2026-07-27;2026-07-27;2026-08-27;2026-07-27T14:36:41;nao_classificado;indefinido;2026-08-24T23:15:04+00:00
46377800000127-2-004975/2026;00033;2026;46377800000127;SAO PAULO SECRETARIA DA SEGURANCA PUBLICA;3524808;12408129000112;DRD MARTINS COMERCIO E SERVICO LTDA;O FORNECIMENTO UMA UNIDADE DE BALSA PNEUMÁTICA;41629.42;2026-07-27;2026-07-27;2027-01-27;2026-07-27T14:29:57;nao_classificado;indefinido;2026-08-24T23:15:04+00:00
45138070000149-2-000809/2026;5602;2026;45138070000149;MUNICIPIO DE SANTA FE DO SUL;3546603;19937975000179;EVANDRO APARECIDO BECARI;"Processo SEI nº 3546603.437.00001236/2026-40;
Contratação de serviços de locação de mesas e cadeiras para à realização do projeto ""Tô de Férias""";120.0;2026-07-24;2026-07-24;2026-07-24;2026-07-27T13:34:43;nao_classificado;indefinido;2026-08-24T19:23:58+00:00
46377800000127-2-004974/2026;00103;2026;46377800000127;SAO PAULO SECRETARIA DA SEGURANCA PUBLICA;3524808;01334250000120;QIAGEN BIOTECNOLOGIA BRASIL LTDA.;CONTRATAÇÃO DE SERVIÇOS DE MANUTENÇÃO ANUAL DOS EQUIPAMENTOS EZ1 E QIAGILITY DO NBB;40086.0;2026-07-02;2026-07-02;2027-07-01;2026-07-27T13:20:46;nao_classificado;indefinido;2026-08-24T23:15:04+00:00
45138070000149-2-000808/2026;5607;2026;45138070000149;MUNICIPIO DE SANTA FE DO SUL;3546603;23941336000154;HAIP - LOCACAO E VENDA DE EQUIPAMENTOS DE TECNOLOGIA LTDA;"Processo SEI nº 3546603.437.00001261/2026-23;
Contratação de empresa especializada para prestação de serviços de substituição da bobina do motor do portão eletrônico da E.M. José Carlos Arantes, com fornecimento de materiais.";250.0;2026-07-27;2026-07-27;2026-07-27;2026-07-27T13:15:19;nao_classificado;indefinido;2026-08-24T19:23:58+00:00
46377800000127-2-004973/2026;2026NE000291;2026;46377800000127;SAO PAULO SECRETARIA DA SEGURANCA PUBLICA;3524808;57939297000172;FELIPE CALMON SILVA;MATERIAL DE INFO;399.97;2026-07-20;2026-07-20;2026-08-08;2026-07-27T12:46:18;nao_classificado;indefinido;2026-08-24T23:15:04+00:00
46377800000127-2-004972/2026;2026NE000290;2026;46377800000127;SAO PAULO SECRETARIA DA SEGURANCA PUBLICA;3524808;18791300000100;EUNICE DE OLIVEIRA RODRIGUES DOS SANTOS;AQUISIÇÃO DE MATERIAL DE INFO;1550.0;2026-07-20;2026-07-20;2026-08-08;2026-07-27T12:24:58;nao_classificado;indefinido;2026-08-24T23:15:04+00:00
46377800000127-2-004971/2026;2026NE000289;2026;46377800000127;SAO PAULO SECRETARIA DA SEGURANCA PUBLICA;3524808;18791300000100;EUNICE DE OLIVEIRA RODRIGUES DOS SANTOS;AQUISIÇÃO MATERIAL DE INFO.;425.0;2026-07-20;2026-07-20;2026-08-08;2026-07-27T12:15:49;nao_classificado;indefinido;2026-08-24T23:15:04+00:00
46377800000127-2-004970/2026;2026NE000288;2026;46377800000127;SAO PAULO SECRETARIA DA SEGURANCA PUBLICA;3524808;18791300000100;EUNICE DE OLIVEIRA RODRIGUES DOS SANTOS;AQUISIÇÃO MATERIAL DE INFO.;2750.0;2026-07-20;2026-07-20;2026-08-08;2026-07-27T12:13:33;nao_classificado;indefinido;2026-08-24T23:15:04+00:00
46377800000127-2-004969/2026;2026NE000287;2026;46377800000127;SAO PAULO SECRETARIA DA SEGURANCA PUBLICA;3524808;33477700000120;33.477.700 ANDERSON DE OLIVEIRA BORGES;AQUISIÇÃO MATERIAL DE INFO;272.3;2026-07-20;2026-07-20;2026-08-08;2026-07-27T12:10:35;nao_classificado;indefinido;2026-08-24T23:15:04+00:00
46377800000127-2-004968/2026;2026NE000286;2026;46377800000127;SAO PAULO SECRETARIA DA SEGURANCA PUBLICA;3524808;60629992000142;60.629.992 MAURO LUIS BERNARDINO LOPES;AQUISIÇÃO MATERIAL DE INFO.;893.4;2026-07-20;2026-07-20;2026-08-08;2026-07-27T12:06:47;nao_classificado;indefinido;2026-08-24T23:15:04+00:00
46377800000127-2-004967/2026;2026NE00282;2026;46377800000127;SAO PAULO SECRETARIA DA SEGURANCA PUBLICA;3524808;43474142000101;MIDAS COMERCIAL E SERVICOS LTDA;AQUISIÇÃO DE MATERIAL DE CONSUMO - SACOS LACRES PARA A DELEGACIA SECCIONAL DE POLÍCIA DE BAURU E UNIDADES SUBORDINADAS;14483.0;2026-05-07;2026-05-07;2026-06-07;2026-07-27T12:06:31;nao_classificado;indefinido;2026-08-24T23:15:04+00:00
46377800000127-2-004966/2026;2026NE000285;2026;46377800000127;SAO PAULO SECRETARIA DA SEGURANCA PUBLICA;3524808;40138217000187;NASH TECH DISTRIBUIDORA LTDA;AQUISIÇÃO MATERIAL INFO;6480.0;2026-07-20;2026-07-20;2026-08-08;2026-07-27T12:04:02;nao_classificado;indefinido;2026-08-24T23:15:04+00:00
46377800000127-2-004965/2026;2026NE00160;2026;46377800000127;SAO PAULO SECRETARIA DA SEGURANCA PUBLICA;3524808;28076288000105;PRISMA PAPELARIALTDA;AQUISIÇÃO DE SACOS PLÁSTICOS A4 SEM FUROS PARA A DELEGACIA SECCIONAL DE POLÍCIA DE BAURU E UNIDADES SUBORDINADAS;1950.0;2026-03-27;2026-03-27;2026-04-27;2026-07-27T12:03:56;nao_classificado;indefinido;2026-08-24T23:15:04+00:00
46377800000127-2-004964/2026;6;2026;46377800000127;SAO PAULO SECRETARIA DA SEGURANCA PUBLICA;3524808;58588662000104;VALSERV EDIFICACOES E URBANISMO LTDA;Instalação de placas cimentícias e pintura no prédio administrativo da sede do 8º Grupamento de Bombeiros, com fornecimento de mão de obra especializada e materiais para instalação. Conforme Projeto Básico nº 8ºGB 002/803/26.;17500.0;2026-07-15;2026-07-15;2026-08-14;2026-07-27T12:02:24;nao_classificado;indefinido;2026-08-24T23:15:04+00:00
46377800000127-2-004963/2026;2026NE000284;2026;46377800000127;SAO PAULO SECRETARIA DA SEGURANCA PUBLICA;3524808;40138217000187;NASH TECH DISTRIBUIDORA LTDA;AQUISIÇÃO MATERIAL INFO;525.0;2026-07-20;2026-07-20;2026-08-08;2026-07-27T12:00:16;nao_classificado;indefinido;2026-08-24T23:15:04+00:00
46377800000127-2-004962/2026;2026NE00161;2026;46377800000127;SAO PAULO SECRETARIA DA SEGURANCA PUBLICA;3524808;43474142000101;MIDAS COMERCIAL E SERVICOS LTDA;AQUISIÇÃO DE MATERIAL DE CONSUMO - ENVELOPES PLÁSTICOS COM LACRE;46044.0;2026-03-27;2026-03-30;2026-04-30;2026-07-27T11:57:35;nao_classificado;indefinido;2026-08-24T23:15:04+00:00
46377800000127-2-004961/2026;2026NE000311;2026;46377800000127;SAO PAULO SECRETARIA DA SEGURANCA PUBLICA;3524808;44883034000147;MARCELO SOUSA GONCALVES;AQUISIÇÃO MATERIAL DE CONSUMO - MANUTENÇÃO PREDIAL;125.0;2026-07-21;2026-07-21;2026-08-04;2026-07-27T11:24:49;servico_manutencao;servico;2026-08-24T23:15:04+00:00
46377800000127-2-004960/2026;2026NE000312;2026;46377800000127;SAO PAULO SECRETARIA DA SEGURANCA PUBLICA;3524808;65724438000168;TRES CORDOES COMERCIO LTDA;AQ. MATERIAL CONSUMO- MANUTENÇÃO PREDIAL;1184.56;2026-07-22;2026-07-22;2026-08-05;2026-07-27T11:21:36;servico_manutencao;servico;2026-08-24T23:15:04+00:00
46377800000127-2-004959/2026;2026NE001042;2026;46377800000127;SAO PAULO SECRETARIA DA SEGURANCA PUBLICA;3524808;52390100000175;ELITE TECH SUPRIMENTOS LTDA;AQUISIÇÃO DE AR CONDICIONADOS;20890.8;2026-07-23;2026-07-23;2027-03-18;2026-07-27T11:18:20;nao_classificado;indefinido;2026-08-24T23:15:04+00:00
46377800000127-2-004958/2026;2026NE000310;2026;46377800000127;SAO PAULO SECRETARIA DA SEGURANCA PUBLICA;3524808;30866576000288;DM COMERCIAL IMPORTADORA E EXPORTADORA DE ARTIGOS DE ILUMINACAO LTDA;MATERIAL DE CONSUMO - MAN. PREDIAL;217.8;2026-07-21;2026-07-21;2026-08-04;2026-07-27T11:18:15;nao_classificado;indefinido;2026-08-24T23:15:04+00:00
46377800000127-2-004957/2026;2026NE000309;2026;46377800000127;SAO PAULO SECRETARIA DA SEGURANCA PUBLICA;3524808;58171036000118;TECNOLOGIA INDUSTRIA DE TINTAS LTDA;MATERIAL DE CONSUMO - MAN. PREDIAL;22.44;2026-07-21;2026-07-21;2026-08-04;2026-07-27T11:15:53;nao_classificado;indefinido;2026-08-24T23:15:04+00:00
46377800000127-2-004956/2026;2026NE000246;2026;46377800000127;SAO PAULO SECRETARIA DA SEGURANCA PUBLICA;3524808;26901105000105;26.901.105 LEONARDO DA SILVA TOLEDO;"ITEM 07 - PASTA EM L; DE POLIPROPILENO (PP), COM ESPESSURA MINIMA DE 0,15 MICRAS; TAMANHO A4 MEDINDO APROXIMADAMENTE (230 X 330)MM; NA COR CRISTAL;";400.0;2026-07-23;2026-07-23;2026-08-23;2026-07-27T11:12:46;nao_classificado;indefinido;2026-08-24T23:15:04+00:00
46377800000127-2-004955/2026;2026NE001041;2026;46377800000127;SAO PAULO SECRETARIA DA SEGURANCA PUBLICA;3524808;52390100000175;ELITE TECH SUPRIMENTOS LTDA;AQUISIÇÃO DE AR CONDICIONADOS PARA O CPI-10;15571.61;2026-07-23;2026-07-23;2027-03-18;2026-07-27T11:12:36;nao_classificado;indefinido;2026-08-24T23:15:04+00:00
46377800000127-2-004954/2026;2026NE000245;2026;46377800000127;SAO PAULO SECRETARIA DA SEGURANCA PUBLICA;3524808;26901105000105;26.901.105 LEONARDO DA SILVA TOLEDO;"ITEM 02 - REVESTIMENTO CERAMICO; AZULEJO, MEDINDO (33 X 59)CM APROXIMADAMENTE, SENDO ATÉ 2CM +/-; COM ESPESSURA APROXIMADA DE 7,2MM; ABSORÇÃO DE ÁGUA BIIB 6 À 10; PEI 4; RESISTENCIA A MANCHAMENTO MAIOR OU IGUAL A 3; SEMI POROSO; COR BRANCA; FOSCO, SEMI FOSCO OU ACETINADO, INDICADO PARA BANHEIROS, COZINHAS E PISCINAS; CONFORME NORMA CONFORME NORMA NBR/ABNT VIGENTES;

ITEM 03 - REVESTIMENTO CERAMICO; PISO CERAMICO; NO FORMATO QUADRADO, MEDINDO (60 X 60) CM APROXIMADAMENTE, SENDO ATÉ 2CM +/- ; COM ESPESSURA DE 9,5 MM APROXIMADAMENTE; ABSORÇÃO DE ÁGUA MENOR OU IGUAL A 0,5%; RESISTENCIA A ABRASAO: CLASSE 5; RESISTENCIA QUIMICA MINIMA CLASSE GB; ACABAMENTO ACETINADO E RETIFICADO; COR CINZA CLARO, INDICADO PARA BANHEIROS, COZINHAS E AREAS ADMINITRATIVAS; CONFORME NORMA NORMA NBR ABNT VIGENTES;";2237.6;2026-07-23;2026-07-23;2026-08-23;2026-07-27T11:08:47;nao_classificado;indefinido;2026-08-24T23:15:04+00:00
46377800000127-2-004953/2026;2026NE000244;2026;46377800000127;SAO PAULO SECRETARIA DA SEGURANCA PUBLICA;3524808;35939773000112;DISTRIBUIDORA LOJA DA FABRICA DE TINTAS LTDA;"ITEM 08 - TINTA LATEX; TIPO ACRILICA LAVAVEL; DESEMPENHO PREMIUM; COM ALTA COBERTURA E RESISTENCIA, E BAIXO RESPINGAMENTO; A BASE DE RESINA DE COPOLIMERO ESTIRENO ACRILICO ,POLIMEROS VINILICOS, PIGMENTOS ATIVOS; CARGAS INERTES, COALESCENTES, ESPESSANTES, TENSOATIVOS, BACTERICIDAS E FUNGICIDAS, ADITIVOS E AGUA; SOLVENTE A BASE DE AGUA, SEM CHEIRO APOS SECAR; PODER COBERTURA SECA MIN. DE 6 M2/L, E COBERTURA DE TINTA UMIDA MIN. DE 90%; VOC DE 10 A 25 G/L; ISENTA DE METAIS PESADOS; SOLIDOS EM VOLUME: 30-43POR CENTO; ACABAMENTO FOSCO PROTECAO SOL E CHUVA; REDIMENTO APROXIMADO DE ATE 380 M2 POR DEMAO; NA COR NA COR BRANCA; PARA PARA SUPERFICIES EXTERNAS E INTERNAS DE REBOCO, MASSA ACRILICA, TEXTURAS, CONCRETO, FIBROCIMENTO; E INTERNAS DE MASSA CORRIDA E GESSO DEVIDAMENTE PREPARADAS; VALIDADE MINIMA DE 12 MESES, APOS ABERTO, O PRAZODE VALIDADE PODE SER DE ATE 6 MESES; ENTREGUE COM BOLETIM TECNICO E FISPQ; CONFORME CONFORME NORMAS ABNT NBR 15079-1, 15079-2, 15494, 16211 E LEI FEDERAL 11762;

ITEM 09 - TINTA LATEX; PREMIUM, LAVAVEL; A BASE DE DISPERSAO AQUOSA DE COPOLIMEROS ESTIRENO-ACRILICO E VINIL-ACRILICO, ADITIVOS; CARGAS MINERAIS, GLICOIS, ESPESSANTES, TENSOATIVOS, FUNGICIDA E BACTERICIDA A BASE DE ISOTIAZOLINONA; SOLVENTE A BASE DE ÁGUA; RENDIMENTO MINIMO DE 370M2/DEMAO; COMPOSTOS ORGANICOS VOLATEIS ENTRE 7 E 30G/L; ISENTO DE METAIS PESADOS; ACABAMENTO ACETINADO; NA COR COR CINZA; PARA AMBIENTES EXTERNOS E INTERNOS; 24 MESES A PARTIR DA ENTREGA; CONFORME NORMAS ABNT/NBR 11702 TIPO 4.5.1, 14940 E 14942E N;

ITEM 10 - TINTA ESMALTE PARA CONSTRUCAO CIVIL; SINTETICO; PARA ALUMINIO, GALVANIZADO, MADEIRAS E METAIS FERROSOS; A BASE DE RESINA ALQUIDICA, OLEOS, SOLVENTES, PIGMENTOS, CARGAS MINERAIS INERTES, SECANTES E ADITIVO; VOC: 440 A 450G/L; VOLUME: 38-54%; DENSIDADE: 0,902-1,26G/CM3, BRILHO 60 GRAUS: 20-40UB; NA COR PRETA; ACABAMENTO FOSCO; DILUICAO: AGUARRAS; SECAGEM AO TOQUE:20MIN A 2H, ENTRE DEMAOS:30MIN A 2H E FINAL: 5 A 7H; CONFORME NORMAS NBR/ABNT E LEGISLACAO VIGENTES;";3251.85;2026-07-21;2026-07-21;2026-08-21;2026-07-27T11:04:13;madeira_construcao;produto;2026-08-24T23:15:04+00:00
46377800000127-2-004952/2026;2026NE000243;2026;46377800000127;SAO PAULO SECRETARIA DA SEGURANCA PUBLICA;3524808;47889635000155;P B DESIGN COMUNICACAO VISUAL LTDA;"ITEM 05 - ADESIVO VINIL LEITOSO, MEDINDO 1M DE LARGURA POR 2,45M DE COMPRIMENTO, FUNDO MÉTRICO PARA IDENTIFICAR A ALTURA DOS CRIMINOSOS, PERSONALIZADO CONFORME A PÁGINA 52 DO MANUAL DE IDENTIFICAÇÃO DA POLÍCIA CIVIL SP.
ITEM 06 - ADESIVO COM O BRASÃO DA POLÍCIA CIVIL EM VIDRO, CONFORME CROQUI EM ANEXO. INCLUINDO REMOÇÃO DOS ADESIVOS ANTIGOS E INSTALAÇÃO DOS NOVOS.";5420.0;2026-07-21;2026-07-21;2026-08-21;2026-07-27T10:59:46;nao_classificado;indefinido;2026-08-24T23:15:04+00:00
46377800000127-2-004951/2026;2026NE000242;2026;46377800000127;SAO PAULO SECRETARIA DA SEGURANCA PUBLICA;3524808;10312101000151;RA TELECOM LTDA;ITEM 04 - CENTRAL PABX ANALÓGICA COMPACTA* (EX: INTELBRAS CONECTA MAIS OU EQUIVALENTE TÉCNICO), CAPACIDADE MÍNIMA PARA 01 LINHA ANALÓGICA (TRONCO) E NO MÍNIMO 04 RAMAIS ANALÓGICOS. DEVE POSSUIR PLACA DISA (ATENDIMENTO AUTOMÁTICO/URA INTEGRADO DE FÁBRICA) PARA GRAVAÇÃO DE MENSAGENS INFORMATIVAS E DIRECIONAMENTO VIA DIGITAÇÃO DE DÍGITOS.;3019.84;2026-07-21;2026-07-21;2026-08-21;2026-07-27T10:54:27;nao_classificado;indefinido;2026-08-24T23:15:04+00:00
46377800000127-2-004950/2026;2026NE000241;2026;46377800000127;SAO PAULO SECRETARIA DA SEGURANCA PUBLICA;3524808;47821089000110;LICITATECH COMERCIO LTDA;"ITEM 01 - HEADSET COM AUSCULTADORES SUPRA-AURAIS SOM ESTERO DIGITAL, ARCO DE CABECA AJUSTAVEL E REVESTIDO; COM SUPORTE PARA ALMOFADAS DE OUVIDO REVESTIDO EM COURO SINTETICO OU NATURAL, MICROFONE COM REDUCAO DE RUIDOS E MOVEL; COMPRIMENTO DO CABO 1,8 METROS NO MÍNIMO, COM CONTROLE DE VOLUME E CHAMADA EM SILENCIO INTEGRADOS NO FIO; COM CONECTOR COMPATIVEL COM USB-A (1.1, 2.0, 3.0), IMPEDANCIA DE ENTRADA: 32 OHMS MINIMO; COR PRETA; SENSIBILIDADE DO FONE DE OUVIDO: 94 DB ±3 DB 1 KHZ; SENSIBILIDADE DO MICROFONE SENSIBILIDADE: -17 DBV/PA ±4 DB; GARANTIA MINIMA DE 12 MESES, RESPOSTA DE FREQUENCIA DO HEADSET DE 20HZ - 20KHZ E DO MICROFONE 100HZ - 10KHZ;";1920.6;2026-07-21;2026-07-21;2026-08-21;2026-07-27T10:47:05;nao_classificado;indefinido;2026-08-24T23:15:04+00:00
46377800000127-2-004949/2026;2026NE000115;2026;46377800000127;SAO PAULO SECRETARIA DA SEGURANCA PUBLICA;3524808;18393309000154;KALI PROPAGANDA E PUBLICIDADE LTDA;SERVIÇO DE PUBLICAÇÃO EM JORNAL DE GRANDE CIRCULAÇÃO.;882.0;2026-07-23;2026-07-23;2026-12-31;2026-07-27T10:22:30;nao_classificado;indefinido;2026-08-24T23:15:04+00:00
46377800000127-2-004948/2026;2026NE000407;2026;46377800000127;SAO PAULO SECRETARIA DA SEGURANCA PUBLICA;3524808;08822824000230;RD PAPEIS & EPI LTDA;AQUISIÇÃO DE MATERIAIS DE CONSUMO - ÁGUA, COPO, GÁS E PAPEL HIGIÊNICO;1505.0;2026-07-23;2026-07-23;2026-08-23;2026-07-27T09:57:45;limpeza_higiene;produto;2026-08-24T23:15:04+00:00
46377800000127-2-004947/2026;2026NE000406;2026;46377800000127;SAO PAULO SECRETARIA DA SEGURANCA PUBLICA;3524808;74261652000116;AMA COMERCIO E SERVICOS DE INSTALACOES DE GAS LTDA.;AQUISIÇÃO DE MATERIAIS DE CONSUMO - ÁGUA, COPO, GÁS E PAPEL HIGIÊNICO;1293.6;2026-07-23;2026-07-23;2026-08-23;2026-07-27T09:50:07;limpeza_higiene;produto;2026-08-24T23:15:04+00:00
46377800000127-2-004946/2026;2026NE000405;2026;46377800000127;SAO PAULO SECRETARIA DA SEGURANCA PUBLICA;3524808;62551771000124;EJ DISTRIBUICAO LTDA;AQUISIÇÃO DE MATERIAIS DE CONSUMO - ÁGUA. COPO, GÁS E PAPEL HIGIÊNICO;2808.0;2026-07-23;2026-07-23;2026-08-23;2026-07-27T09:43:38;limpeza_higiene;produto;2026-08-24T23:15:04+00:00
46377800000127-2-004945/2026;2026NE000404;2026;46377800000127;SAO PAULO SECRETARIA DA SEGURANCA PUBLICA;3524808;44798994000109;COMERCIAL SAO CARLOS DE PRODUTOS ALIMENTICIOS LTDA;AQUISIÇÃO DE MATERIAIS DE CONSUMO - ÁGUA, COPO, GÁS E PAPEL HIGIÊNICO;2417.4;2026-07-23;2026-07-23;2026-08-23;2026-07-27T09:37:02;limpeza_higiene;produto;2026-08-24T23:15:04+00:00
46377800000127-2-004944/2026;2026NE000089;2026;46377800000127;SAO PAULO SECRETARIA DA SEGURANCA PUBLICA;3524808;31981909000100;L C CORREA LEAL TONETTI;SOPRADOR DE FOLHAS;25260.0;2026-07-07;2026-07-07;2026-08-06;2026-07-27T09:27:49;nao_classificado;indefinido;2026-08-24T23:15:04+00:00
45131885000104-2-000079/2026;0197/26;2026;45131885000104;MUNICIPIO DE JALES;3524808;52087159000199;JR CSE LTDA;Contratação de empresa especializada em assessoria técnica para apoio ao ciclo 2 da PNAB, incluindo análise, planejamento e implementação de ações e fortalecimento da política, além de apoio a prestação de contas e acompanhamento de indicadores, com entrega parcelada, por tempo determinado, conforme Termo de Referência – Anexo I.;10999.0;2026-07-01;2026-07-01;2027-06-30;2026-07-27T09:10:47;nao_classificado;indefinido;2026-08-24T23:14:48+00:00
45138070000149-2-000807/2026;5554;2026;45138070000149;MUNICIPIO DE SANTA FE DO SUL;3546603;23941336000154;HAIP - LOCACAO E VENDA DE EQUIPAMENTOS DE TECNOLOGIA LTDA;"Contratação dos serviços de passagem de cabo e instalação de porteiro residencial para a EMEI Profª Dirce Pedrassa Contieiro, EMEI Profº Antonio César Whitaker e EM Profª Marina de Oliveira, conforme Processo SEI n° 3546603.437.00001243/2026-41;";630.0;2026-07-22;2026-07-23;2026-07-23;2026-07-27T09:04:35;nao_classificado;indefinido;2026-08-24T19:23:58+00:00
45138070000149-2-000806/2026;5553;2026;45138070000149;MUNICIPIO DE SANTA FE DO SUL;3546603;23941336000154;HAIP - LOCACAO E VENDA DE EQUIPAMENTOS DE TECNOLOGIA LTDA;"Contratação dos serviços de passagem de cabo e instalação de porteiro residencial para a EMEI Profª Dirce Pedrassa Contieiro, EMEI Profº Antonio César Whitaker e EM Profª Marina de Oliveira, conforme Processo SEI n° 3546603.437.00001243/2026-41;";680.0;2026-07-22;2026-07-23;2026-07-23;2026-07-27T09:04:34;nao_classificado;indefinido;2026-08-24T19:23:58+00:00
46377800000127-2-004943/2026;2026NE000095;2026;46377800000127;SAO PAULO SECRETARIA DA SEGURANCA PUBLICA;3524808;26729755000115;FORTE SINAL EQUIPAMENTOS LTDA;ROUPA ISOTERMICA;7600.0;2026-07-15;2026-07-15;2026-08-14;2026-07-27T08:53:48;nao_classificado;indefinido;2026-08-24T23:15:04+00:00
46377800000127-2-004942/2026;2026NE000094;2026;46377800000127;SAO PAULO SECRETARIA DA SEGURANCA PUBLICA;3524808;64655198000124;GARDA COMERCIAL LTDA;MANILHA GRANDE;1519.29;2026-07-15;2026-07-15;2026-08-14;2026-07-27T08:50:50;nao_classificado;indefinido;2026-08-24T23:15:04+00:00
46377800000127-2-004941/2026;2026NE000093;2026;46377800000127;SAO PAULO SECRETARIA DA SEGURANCA PUBLICA;3524808;60480195000146;GENESIS GLOBAL LTDA;MANILHA PEQUENA;818.37;2026-07-15;2026-07-15;2026-08-14;2026-07-27T08:48:23;nao_classificado;indefinido;2026-08-24T23:15:04+00:00
45138070000149-2-000804/2026;5595;2026;45138070000149;MUNICIPIO DE SANTA FE DO SUL;3546603;67110706000187;ELSON CESAR CASTELAN LTDA;"Contratação dos Serviços de Confecção de Toldo, Instalação de Toldo, Manutenção e Troca de Lona para E.M Cirley Volpe Lopes, EMEI Professora Lourdes Patrício Fernandes e E.M Jose Carlos Arantes, conforme Processo SEI n° 3546603.437.00001090/2026-32;";29065.9;2026-07-24;2026-07-24;2026-07-24;2026-07-27T08:41:08;textil_uniforme;produto;2026-08-24T19:23:58+00:00
45138070000149-2-000805/2026;5594;2026;45138070000149;MUNICIPIO DE SANTA FE DO SUL;3546603;67110706000187;ELSON CESAR CASTELAN LTDA;"Contratação dos Serviços de Confecção de Toldo, Instalação de Toldo, Manutenção e Troca de Lona para E.M Cirley Volpe Lopes, EMEI Professora Lourdes Patrício Fernandes e E.M Jose Carlos Arantes, conforme Processo SEI n° 3546603.437.00001090/2026-32;";15780.0;2026-07-24;2026-07-24;2026-07-24;2026-07-27T08:41:08;textil_uniforme;produto;2026-08-24T19:23:58+00:00
