numero_controle_pncp;numero_item;codigo_ibge;municipio;municipio_prioritario;ano;numero_compra;modalidade_id;modalidade_nome;presencial;srp;situacao_contratacao;orgao_de_saude;objeto;data_publicacao;data_encerramento_proposta;link_sistema_origem;orgao;descricao;unidade_medida;quantidade;valor_unitario_estimado;valor_total_estimado;situacao_item_id;situacao_item_nome;tipo_beneficio_nome;segmento;tipo_segmento;dominio;aderencia;ni_fornecedor;nome_fornecedor;porte_fornecedor;valor_unitario_homologado;valor_total_homologado;desagio
65712002000159-1-000023/2026;1;3503950;Aspásia;0;2026;14;6;Pregão - Eletrônico;0;1;Divulgada no PNCP;0;Registro de Preços para contratação de empresa especializada para o fornecimento parcelado de pneus e bicos novos e prestação de serviços de desmontagem e montagem, alinhamento e balanceamento, destinados à manutenção da frota de veículos e máquinas do município de Aspásia-SP.;2026-08-19T09:11:33;2026-09-08T08:00:00;https://bllcompras.com/Process/ProcessView?param1=[gkz]i44RbKG8E9oJqSdtI6Sh4VkzESZ_8CfAACb4t7PThlEYD45sizcqDmpqW0HHsaZIDhYFYz0NE509__WgUwQg0krDq0X5mU0MdVNA8amx4aI=;MUNICIPIO DE ASPASIA;BICO DE PNEU (MICRO-ONIBUS, ONIBUS E CAMINHÃO);PÇ;20.0;23.53;470.6;1;Em andamento;Sem benefício;madeira_construcao;produto;construcao;baixa;;;;;;
65712002000159-1-000023/2026;2;3503950;Aspásia;0;2026;14;6;Pregão - Eletrônico;0;1;Divulgada no PNCP;0;Registro de Preços para contratação de empresa especializada para o fornecimento parcelado de pneus e bicos novos e prestação de serviços de desmontagem e montagem, alinhamento e balanceamento, destinados à manutenção da frota de veículos e máquinas do município de Aspásia-SP.;2026-08-19T09:11:33;2026-09-08T08:00:00;https://bllcompras.com/Process/ProcessView?param1=[gkz]i44RbKG8E9oJqSdtI6Sh4VkzESZ_8CfAACb4t7PThlEYD45sizcqDmpqW0HHsaZIDhYFYz0NE509__WgUwQg0krDq0X5mU0MdVNA8amx4aI=;MUNICIPIO DE ASPASIA;PNEU 275/80 R22,5;UN;20.0;1469.8537;29397.074;1;Em andamento;Sem benefício;madeira_construcao;produto;construcao;baixa;;;;;;
65712002000159-1-000023/2026;3;3503950;Aspásia;0;2026;14;6;Pregão - Eletrônico;0;1;Divulgada no PNCP;0;Registro de Preços para contratação de empresa especializada para o fornecimento parcelado de pneus e bicos novos e prestação de serviços de desmontagem e montagem, alinhamento e balanceamento, destinados à manutenção da frota de veículos e máquinas do município de Aspásia-SP.;2026-08-19T09:11:33;2026-09-08T08:00:00;https://bllcompras.com/Process/ProcessView?param1=[gkz]i44RbKG8E9oJqSdtI6Sh4VkzESZ_8CfAACb4t7PThlEYD45sizcqDmpqW0HHsaZIDhYFYz0NE509__WgUwQg0krDq0X5mU0MdVNA8amx4aI=;MUNICIPIO DE ASPASIA;SERVIÇO DE ALINHAMENTO VEÍCULOS PESADOS (MICRO - ÔNIBUS, ÔNIBUS E CAMINHÃO);SER;10.0;196.24;1962.4;1;Em andamento;Sem benefício;madeira_construcao;produto;construcao;baixa;;;;;;
65712002000159-1-000023/2026;4;3503950;Aspásia;0;2026;14;6;Pregão - Eletrônico;0;1;Divulgada no PNCP;0;Registro de Preços para contratação de empresa especializada para o fornecimento parcelado de pneus e bicos novos e prestação de serviços de desmontagem e montagem, alinhamento e balanceamento, destinados à manutenção da frota de veículos e máquinas do município de Aspásia-SP.;2026-08-19T09:11:33;2026-09-08T08:00:00;https://bllcompras.com/Process/ProcessView?param1=[gkz]i44RbKG8E9oJqSdtI6Sh4VkzESZ_8CfAACb4t7PThlEYD45sizcqDmpqW0HHsaZIDhYFYz0NE509__WgUwQg0krDq0X5mU0MdVNA8amx4aI=;MUNICIPIO DE ASPASIA;SERVIÇO DE BALANCEAMENTO VEÍCULOS PESADOS (MICRO - ÔNIBUS, ÔNIBUS E CAMINHÃO);SER;20.0;127.505;2550.1;1;Em andamento;Sem benefício;madeira_construcao;produto;construcao;baixa;;;;;;
65712002000159-1-000023/2026;5;3503950;Aspásia;0;2026;14;6;Pregão - Eletrônico;0;1;Divulgada no PNCP;0;Registro de Preços para contratação de empresa especializada para o fornecimento parcelado de pneus e bicos novos e prestação de serviços de desmontagem e montagem, alinhamento e balanceamento, destinados à manutenção da frota de veículos e máquinas do município de Aspásia-SP.;2026-08-19T09:11:33;2026-09-08T08:00:00;https://bllcompras.com/Process/ProcessView?param1=[gkz]i44RbKG8E9oJqSdtI6Sh4VkzESZ_8CfAACb4t7PThlEYD45sizcqDmpqW0HHsaZIDhYFYz0NE509__WgUwQg0krDq0X5mU0MdVNA8amx4aI=;MUNICIPIO DE ASPASIA;SERVIÇO DE DESMONTAGEM E MONTAGEM DE PNEU VEÍCULOS PESADOS (MICRO - ÔNIBUS, ÔNIBUS E CAMINHÃO);SER;20.0;59.9167;1198.334;1;Em andamento;Sem benefício;madeira_construcao;produto;construcao;baixa;;;;;;
65712002000159-1-000023/2026;6;3503950;Aspásia;0;2026;14;6;Pregão - Eletrônico;0;1;Divulgada no PNCP;0;Registro de Preços para contratação de empresa especializada para o fornecimento parcelado de pneus e bicos novos e prestação de serviços de desmontagem e montagem, alinhamento e balanceamento, destinados à manutenção da frota de veículos e máquinas do município de Aspásia-SP.;2026-08-19T09:11:33;2026-09-08T08:00:00;https://bllcompras.com/Process/ProcessView?param1=[gkz]i44RbKG8E9oJqSdtI6Sh4VkzESZ_8CfAACb4t7PThlEYD45sizcqDmpqW0HHsaZIDhYFYz0NE509__WgUwQg0krDq0X5mU0MdVNA8amx4aI=;MUNICIPIO DE ASPASIA;BICO DE PNEU (MICRO-ONIBUS, ONIBUS E CAMINHÃO);PÇ;12.0;23.53;282.36;1;Em andamento;Sem benefício;madeira_construcao;produto;construcao;baixa;;;;;;
65712002000159-1-000023/2026;7;3503950;Aspásia;0;2026;14;6;Pregão - Eletrônico;0;1;Divulgada no PNCP;0;Registro de Preços para contratação de empresa especializada para o fornecimento parcelado de pneus e bicos novos e prestação de serviços de desmontagem e montagem, alinhamento e balanceamento, destinados à manutenção da frota de veículos e máquinas do município de Aspásia-SP.;2026-08-19T09:11:33;2026-09-08T08:00:00;https://bllcompras.com/Process/ProcessView?param1=[gkz]i44RbKG8E9oJqSdtI6Sh4VkzESZ_8CfAACb4t7PThlEYD45sizcqDmpqW0HHsaZIDhYFYz0NE509__WgUwQg0krDq0X5mU0MdVNA8amx4aI=;MUNICIPIO DE ASPASIA;PNEU 275/80 R22,5;UN;12.0;1469.8537;17638.2444;1;Em andamento;Sem benefício;madeira_construcao;produto;construcao;baixa;;;;;;
65712002000159-1-000023/2026;8;3503950;Aspásia;0;2026;14;6;Pregão - Eletrônico;0;1;Divulgada no PNCP;0;Registro de Preços para contratação de empresa especializada para o fornecimento parcelado de pneus e bicos novos e prestação de serviços de desmontagem e montagem, alinhamento e balanceamento, destinados à manutenção da frota de veículos e máquinas do município de Aspásia-SP.;2026-08-19T09:11:33;2026-09-08T08:00:00;https://bllcompras.com/Process/ProcessView?param1=[gkz]i44RbKG8E9oJqSdtI6Sh4VkzESZ_8CfAACb4t7PThlEYD45sizcqDmpqW0HHsaZIDhYFYz0NE509__WgUwQg0krDq0X5mU0MdVNA8amx4aI=;MUNICIPIO DE ASPASIA;SERVIÇO DE ALINHAMENTO VEÍCULOS PESADOS (MICRO - ÔNIBUS, ÔNIBUS E CAMINHÃO);SER;6.0;196.24;1177.44;1;Em andamento;Sem benefício;madeira_construcao;produto;construcao;baixa;;;;;;
65712002000159-1-000023/2026;9;3503950;Aspásia;0;2026;14;6;Pregão - Eletrônico;0;1;Divulgada no PNCP;0;Registro de Preços para contratação de empresa especializada para o fornecimento parcelado de pneus e bicos novos e prestação de serviços de desmontagem e montagem, alinhamento e balanceamento, destinados à manutenção da frota de veículos e máquinas do município de Aspásia-SP.;2026-08-19T09:11:33;2026-09-08T08:00:00;https://bllcompras.com/Process/ProcessView?param1=[gkz]i44RbKG8E9oJqSdtI6Sh4VkzESZ_8CfAACb4t7PThlEYD45sizcqDmpqW0HHsaZIDhYFYz0NE509__WgUwQg0krDq0X5mU0MdVNA8amx4aI=;MUNICIPIO DE ASPASIA;SERVIÇO DE BALANCEAMENTO VEÍCULOS PESADOS (MICRO - ÔNIBUS, ÔNIBUS E CAMINHÃO);SER;12.0;127.505;1530.06;1;Em andamento;Sem benefício;madeira_construcao;produto;construcao;baixa;;;;;;
65712002000159-1-000023/2026;10;3503950;Aspásia;0;2026;14;6;Pregão - Eletrônico;0;1;Divulgada no PNCP;0;Registro de Preços para contratação de empresa especializada para o fornecimento parcelado de pneus e bicos novos e prestação de serviços de desmontagem e montagem, alinhamento e balanceamento, destinados à manutenção da frota de veículos e máquinas do município de Aspásia-SP.;2026-08-19T09:11:33;2026-09-08T08:00:00;https://bllcompras.com/Process/ProcessView?param1=[gkz]i44RbKG8E9oJqSdtI6Sh4VkzESZ_8CfAACb4t7PThlEYD45sizcqDmpqW0HHsaZIDhYFYz0NE509__WgUwQg0krDq0X5mU0MdVNA8amx4aI=;MUNICIPIO DE ASPASIA;SERVIÇO DE DESMONTAGEM E MONTAGEM DE PNEU VEÍCULOS PESADOS (MICRO - ÔNIBUS, ÔNIBUS E CAMINHÃO);SER;12.0;59.9167;719.0004;1;Em andamento;Sem benefício;madeira_construcao;produto;construcao;baixa;;;;;;
65712002000159-1-000024/2026;1;3503950;Aspásia;0;2026;15;6;Pregão - Eletrônico;0;0;Divulgada no PNCP;0;Contratação de empresa para fornecimento de 01 (um) veículo automotor de passeio 0 km, 03 (três) lixeiras e 01 (um) tablet, destinados ao atendimento das necessidades do Departamento de Saúde do município de Aspásia/SP, conforme proposta nº 13870352000126001/2026, firmada entre o Ministério da Saúde e o município de Aspásia/SP.;2026-08-20T17:18:25;2026-09-04T08:00:00;https://bllcompras.com/Process/ProcessView?param1=[gkz]4jJu5RffCYlYdps5LYfbR0JHx0oo9ahOA4uYtfW3spcbkFtm8dXlcESvWAickcC71IQWJEcN_vAtjWaGD8OwbilZw9ku4N5Bkf4NOm21WaU=;MUNICIPIO DE ASPASIA;LIXEIRA 20 LTRS;UN;3.0;159.1667;477.5001;1;Em andamento;Sem benefício;madeira_construcao;produto;construcao;baixa;;;;;;
65712002000159-1-000024/2026;2;3503950;Aspásia;0;2026;15;6;Pregão - Eletrônico;0;0;Divulgada no PNCP;0;Contratação de empresa para fornecimento de 01 (um) veículo automotor de passeio 0 km, 03 (três) lixeiras e 01 (um) tablet, destinados ao atendimento das necessidades do Departamento de Saúde do município de Aspásia/SP, conforme proposta nº 13870352000126001/2026, firmada entre o Ministério da Saúde e o município de Aspásia/SP.;2026-08-20T17:18:25;2026-09-04T08:00:00;https://bllcompras.com/Process/ProcessView?param1=[gkz]4jJu5RffCYlYdps5LYfbR0JHx0oo9ahOA4uYtfW3spcbkFtm8dXlcESvWAickcC71IQWJEcN_vAtjWaGD8OwbilZw9ku4N5Bkf4NOm21WaU=;MUNICIPIO DE ASPASIA;TABLET;UN;1.0;1900.8767;1900.8767;1;Em andamento;Sem benefício;madeira_construcao;produto;construcao;baixa;;;;;;
65712002000159-1-000024/2026;3;3503950;Aspásia;0;2026;15;6;Pregão - Eletrônico;0;0;Divulgada no PNCP;0;Contratação de empresa para fornecimento de 01 (um) veículo automotor de passeio 0 km, 03 (três) lixeiras e 01 (um) tablet, destinados ao atendimento das necessidades do Departamento de Saúde do município de Aspásia/SP, conforme proposta nº 13870352000126001/2026, firmada entre o Ministério da Saúde e o município de Aspásia/SP.;2026-08-20T17:18:25;2026-09-04T08:00:00;https://bllcompras.com/Process/ProcessView?param1=[gkz]4jJu5RffCYlYdps5LYfbR0JHx0oo9ahOA4uYtfW3spcbkFtm8dXlcESvWAickcC71IQWJEcN_vAtjWaGD8OwbilZw9ku4N5Bkf4NOm21WaU=;MUNICIPIO DE ASPASIA;VEICULO TIPO PASSEIO 0 KM;UN;1.0;119970.0;119970.0;1;Em andamento;Sem benefício;madeira_construcao;produto;construcao;baixa;;;;;;
65712002000159-1-000025/2026;1;3503950;Aspásia;0;2026;16;6;Pregão - Eletrônico;0;1;Divulgada no PNCP;0;Registro de preços para eventual contratação de empresa para a locação de brinquedos infláveis, disponibilização do Carretão da Alegria e prestação de serviços de carrinho de pipoca, algodão-doce e churros, incluindo transporte, montagem, instalação, operação e acompanhamento, para realização dos eventos promovidos pelo município de Aspásia-SP.;2026-08-27T14:51:39;2026-09-16T08:00:00;https://bllcompras.com/Process/ProcessView?param1=[gkz]ybDTuhueE/wN6RpDwRmykLkLev79jz7z/zawjhjmDhcthLfaFu7pRiWqaR6SCOuQZDVfdixJxj1eWqMt2SwDQrc1q75ShfBleAkQ/X3sWMg=;MUNICIPIO DE ASPASIA;LOCAÇÃO DE BRINQUEDO CAMA ELÁSTICA PULA PULA;SER;15.0;266.6667;4000.0005;1;Em andamento;Sem benefício;racao_agropecuaria;produto;agropecuaria;baixa;;;;;;
65712002000159-1-000025/2026;2;3503950;Aspásia;0;2026;16;6;Pregão - Eletrônico;0;1;Divulgada no PNCP;0;Registro de preços para eventual contratação de empresa para a locação de brinquedos infláveis, disponibilização do Carretão da Alegria e prestação de serviços de carrinho de pipoca, algodão-doce e churros, incluindo transporte, montagem, instalação, operação e acompanhamento, para realização dos eventos promovidos pelo município de Aspásia-SP.;2026-08-27T14:51:39;2026-09-16T08:00:00;https://bllcompras.com/Process/ProcessView?param1=[gkz]ybDTuhueE/wN6RpDwRmykLkLev79jz7z/zawjhjmDhcthLfaFu7pRiWqaR6SCOuQZDVfdixJxj1eWqMt2SwDQrc1q75ShfBleAkQ/X3sWMg=;MUNICIPIO DE ASPASIA;LOCAÇÃO DE BRINQUEDO INFLÁVEL ESCORREGADOR COM BOLINHA;SER;11.0;344.0;3784.0;1;Em andamento;Sem benefício;racao_agropecuaria;produto;agropecuaria;baixa;;;;;;
65712002000159-1-000025/2026;3;3503950;Aspásia;0;2026;16;6;Pregão - Eletrônico;0;1;Divulgada no PNCP;0;Registro de preços para eventual contratação de empresa para a locação de brinquedos infláveis, disponibilização do Carretão da Alegria e prestação de serviços de carrinho de pipoca, algodão-doce e churros, incluindo transporte, montagem, instalação, operação e acompanhamento, para realização dos eventos promovidos pelo município de Aspásia-SP.;2026-08-27T14:51:39;2026-09-16T08:00:00;https://bllcompras.com/Process/ProcessView?param1=[gkz]ybDTuhueE/wN6RpDwRmykLkLev79jz7z/zawjhjmDhcthLfaFu7pRiWqaR6SCOuQZDVfdixJxj1eWqMt2SwDQrc1q75ShfBleAkQ/X3sWMg=;MUNICIPIO DE ASPASIA;LOCAÇÃO DE BRINQUEDO INFLÁVEL FUTEBOL DE SABÃO;SER;12.0;649.7;7796.4;1;Em andamento;Sem benefício;racao_agropecuaria;produto;agropecuaria;baixa;;;;;;
65712002000159-1-000025/2026;4;3503950;Aspásia;0;2026;16;6;Pregão - Eletrônico;0;1;Divulgada no PNCP;0;Registro de preços para eventual contratação de empresa para a locação de brinquedos infláveis, disponibilização do Carretão da Alegria e prestação de serviços de carrinho de pipoca, algodão-doce e churros, incluindo transporte, montagem, instalação, operação e acompanhamento, para realização dos eventos promovidos pelo município de Aspásia-SP.;2026-08-27T14:51:39;2026-09-16T08:00:00;https://bllcompras.com/Process/ProcessView?param1=[gkz]ybDTuhueE/wN6RpDwRmykLkLev79jz7z/zawjhjmDhcthLfaFu7pRiWqaR6SCOuQZDVfdixJxj1eWqMt2SwDQrc1q75ShfBleAkQ/X3sWMg=;MUNICIPIO DE ASPASIA;LOCAÇÃO DE BRINQUEDO INFLÁVEL MULTI-PARK;SER;11.0;670.0;7370.0;1;Em andamento;Sem benefício;racao_agropecuaria;produto;agropecuaria;baixa;;;;;;
65712002000159-1-000025/2026;5;3503950;Aspásia;0;2026;16;6;Pregão - Eletrônico;0;1;Divulgada no PNCP;0;Registro de preços para eventual contratação de empresa para a locação de brinquedos infláveis, disponibilização do Carretão da Alegria e prestação de serviços de carrinho de pipoca, algodão-doce e churros, incluindo transporte, montagem, instalação, operação e acompanhamento, para realização dos eventos promovidos pelo município de Aspásia-SP.;2026-08-27T14:51:39;2026-09-16T08:00:00;https://bllcompras.com/Process/ProcessView?param1=[gkz]ybDTuhueE/wN6RpDwRmykLkLev79jz7z/zawjhjmDhcthLfaFu7pRiWqaR6SCOuQZDVfdixJxj1eWqMt2SwDQrc1q75ShfBleAkQ/X3sWMg=;MUNICIPIO DE ASPASIA;LOCAÇÃO DE BRINQUEDO INFLÁVEL TOBOGÃ DUPLO;SER;15.0;700.0;10500.0;1;Em andamento;Sem benefício;racao_agropecuaria;produto;agropecuaria;baixa;;;;;;
65712002000159-1-000025/2026;6;3503950;Aspásia;0;2026;16;6;Pregão - Eletrônico;0;1;Divulgada no PNCP;0;Registro de preços para eventual contratação de empresa para a locação de brinquedos infláveis, disponibilização do Carretão da Alegria e prestação de serviços de carrinho de pipoca, algodão-doce e churros, incluindo transporte, montagem, instalação, operação e acompanhamento, para realização dos eventos promovidos pelo município de Aspásia-SP.;2026-08-27T14:51:39;2026-09-16T08:00:00;https://bllcompras.com/Process/ProcessView?param1=[gkz]ybDTuhueE/wN6RpDwRmykLkLev79jz7z/zawjhjmDhcthLfaFu7pRiWqaR6SCOuQZDVfdixJxj1eWqMt2SwDQrc1q75ShfBleAkQ/X3sWMg=;MUNICIPIO DE ASPASIA;LOCAÇÃO DE BRINQUEDO INFLÁVEL ESCORREGADOR COM PISCINA (TOBOAGUA);SER;11.0;540.0;5940.0;1;Em andamento;Sem benefício;racao_agropecuaria;produto;agropecuaria;baixa;;;;;;
65712002000159-1-000025/2026;7;3503950;Aspásia;0;2026;16;6;Pregão - Eletrônico;0;1;Divulgada no PNCP;0;Registro de preços para eventual contratação de empresa para a locação de brinquedos infláveis, disponibilização do Carretão da Alegria e prestação de serviços de carrinho de pipoca, algodão-doce e churros, incluindo transporte, montagem, instalação, operação e acompanhamento, para realização dos eventos promovidos pelo município de Aspásia-SP.;2026-08-27T14:51:39;2026-09-16T08:00:00;https://bllcompras.com/Process/ProcessView?param1=[gkz]ybDTuhueE/wN6RpDwRmykLkLev79jz7z/zawjhjmDhcthLfaFu7pRiWqaR6SCOuQZDVfdixJxj1eWqMt2SwDQrc1q75ShfBleAkQ/X3sWMg=;MUNICIPIO DE ASPASIA;LOCAÇÃO DE BRINQUEDO INFLÁVEL TOBOGÃ;SER;15.0;530.0;7950.0;1;Em andamento;Sem benefício;racao_agropecuaria;produto;agropecuaria;baixa;;;;;;
65712002000159-1-000025/2026;8;3503950;Aspásia;0;2026;16;6;Pregão - Eletrônico;0;1;Divulgada no PNCP;0;Registro de preços para eventual contratação de empresa para a locação de brinquedos infláveis, disponibilização do Carretão da Alegria e prestação de serviços de carrinho de pipoca, algodão-doce e churros, incluindo transporte, montagem, instalação, operação e acompanhamento, para realização dos eventos promovidos pelo município de Aspásia-SP.;2026-08-27T14:51:39;2026-09-16T08:00:00;https://bllcompras.com/Process/ProcessView?param1=[gkz]ybDTuhueE/wN6RpDwRmykLkLev79jz7z/zawjhjmDhcthLfaFu7pRiWqaR6SCOuQZDVfdixJxj1eWqMt2SwDQrc1q75ShfBleAkQ/X3sWMg=;MUNICIPIO DE ASPASIA;LOCAÇÃO DE BRINQUEDO PISCINA DE BOLINHA;SER;15.0;275.0;4125.0;1;Em andamento;Sem benefício;racao_agropecuaria;produto;agropecuaria;baixa;;;;;;
65712002000159-1-000025/2026;9;3503950;Aspásia;0;2026;16;6;Pregão - Eletrônico;0;1;Divulgada no PNCP;0;Registro de preços para eventual contratação de empresa para a locação de brinquedos infláveis, disponibilização do Carretão da Alegria e prestação de serviços de carrinho de pipoca, algodão-doce e churros, incluindo transporte, montagem, instalação, operação e acompanhamento, para realização dos eventos promovidos pelo município de Aspásia-SP.;2026-08-27T14:51:39;2026-09-16T08:00:00;https://bllcompras.com/Process/ProcessView?param1=[gkz]ybDTuhueE/wN6RpDwRmykLkLev79jz7z/zawjhjmDhcthLfaFu7pRiWqaR6SCOuQZDVfdixJxj1eWqMt2SwDQrc1q75ShfBleAkQ/X3sWMg=;MUNICIPIO DE ASPASIA;LOCAÇÃO DE BRINQUEDO TOURO MECÂNICO;SER;8.0;913.0;7304.0;1;Em andamento;Sem benefício;racao_agropecuaria;produto;agropecuaria;baixa;;;;;;
65712002000159-1-000025/2026;10;3503950;Aspásia;0;2026;16;6;Pregão - Eletrônico;0;1;Divulgada no PNCP;0;Registro de preços para eventual contratação de empresa para a locação de brinquedos infláveis, disponibilização do Carretão da Alegria e prestação de serviços de carrinho de pipoca, algodão-doce e churros, incluindo transporte, montagem, instalação, operação e acompanhamento, para realização dos eventos promovidos pelo município de Aspásia-SP.;2026-08-27T14:51:39;2026-09-16T08:00:00;https://bllcompras.com/Process/ProcessView?param1=[gkz]ybDTuhueE/wN6RpDwRmykLkLev79jz7z/zawjhjmDhcthLfaFu7pRiWqaR6SCOuQZDVfdixJxj1eWqMt2SwDQrc1q75ShfBleAkQ/X3sWMg=;MUNICIPIO DE ASPASIA;LOCAÇÃO DE CANHÃO COM SISTEMA DE ESPUMA COM SABÃO;SER;7.0;349.5;2446.5;1;Em andamento;Sem benefício;racao_agropecuaria;produto;agropecuaria;baixa;;;;;;
65712002000159-1-000027/2026;1;3503950;Aspásia;0;2026;02;8;Dispensa;0;0;Divulgada no PNCP;0;Contratação de empresa especializada para o fornecimento de violões, ukuleles e capas para ukuleles, destinados às atividades da oficina de música promovida pelo Município de Aspásia/SP, visando assegurar condições adequadas para a realização das aulas, o desenvolvimento das habilidades musicais dos alunos e o fortalecimento das ações de formação e promoção cultural desenvolvidas pela Administração Municipal.  ;2026-09-03T14:57:43;2026-09-10T08:00:00;https://bllcompras.com/Process/ProcessView?param1=[gkz]7Wibt1ZEawQQa4ymZcalR_ZEne7pDiHyVK57rz16w49ss5QlfD9DUCIo6o1gQCowk6VBXwjwYmWyxM2Bdf8me4M4cPKPwQV2MJg8TdTbbv4=;MUNICIPIO DE ASPASIA;CAPA DE UKULELE;UN;12.0;76.3267;915.9204;1;Em andamento;Participação exclusiva para ME/EPP;madeira_construcao;produto;construcao;baixa;;;;;;
65712002000159-1-000027/2026;2;3503950;Aspásia;0;2026;02;8;Dispensa;0;0;Divulgada no PNCP;0;Contratação de empresa especializada para o fornecimento de violões, ukuleles e capas para ukuleles, destinados às atividades da oficina de música promovida pelo Município de Aspásia/SP, visando assegurar condições adequadas para a realização das aulas, o desenvolvimento das habilidades musicais dos alunos e o fortalecimento das ações de formação e promoção cultural desenvolvidas pela Administração Municipal.  ;2026-09-03T14:57:43;2026-09-10T08:00:00;https://bllcompras.com/Process/ProcessView?param1=[gkz]7Wibt1ZEawQQa4ymZcalR_ZEne7pDiHyVK57rz16w49ss5QlfD9DUCIo6o1gQCowk6VBXwjwYmWyxM2Bdf8me4M4cPKPwQV2MJg8TdTbbv4=;MUNICIPIO DE ASPASIA;UKULELE ;UN;9.0;443.78;3994.02;1;Em andamento;Participação exclusiva para ME/EPP;madeira_construcao;produto;construcao;baixa;;;;;;
65712002000159-1-000027/2026;3;3503950;Aspásia;0;2026;02;8;Dispensa;0;0;Divulgada no PNCP;0;Contratação de empresa especializada para o fornecimento de violões, ukuleles e capas para ukuleles, destinados às atividades da oficina de música promovida pelo Município de Aspásia/SP, visando assegurar condições adequadas para a realização das aulas, o desenvolvimento das habilidades musicais dos alunos e o fortalecimento das ações de formação e promoção cultural desenvolvidas pela Administração Municipal.  ;2026-09-03T14:57:43;2026-09-10T08:00:00;https://bllcompras.com/Process/ProcessView?param1=[gkz]7Wibt1ZEawQQa4ymZcalR_ZEne7pDiHyVK57rz16w49ss5QlfD9DUCIo6o1gQCowk6VBXwjwYmWyxM2Bdf8me4M4cPKPwQV2MJg8TdTbbv4=;MUNICIPIO DE ASPASIA;VIOLAO ACUSTICO;UN;7.0;695.6667;4869.6669;1;Em andamento;Participação exclusiva para ME/EPP;madeira_construcao;produto;construcao;baixa;;;;;;
65712002000159-1-000028/2026;1;3503950;Aspásia;0;2026;17;6;Pregão - Eletrônico;0;0;Divulgada no PNCP;0;Contratação de empresa especializada na prestação de serviços de implantação, treinamento, conversão e Locação Mensal de Sistemas de Gestão Pública Municipal para a Prefeitura Municipal de Aspásia-SP, pelo período de 12 (doze) meses.;2026-09-14T17:09:47;2026-09-30T08:00:00;https://bllcompras.com/Process/ProcessView?param1=[gkz]tptmrSYJorV2bRV5zMpIMQwoAU7UvN9Ia0GS6VB36KX7Fe7IYF4SafcK8zj/8VSU5QzXS1NOAR3poDax_3z0zEpY4LEpOD5l1kqTJRGB1n4=;MUNICIPIO DE ASPASIA;LOCAÇÃO DE SISTEMA DE ALMOXARIFADO;SER;12.0;250.0;3000.0;1;Em andamento;Sem benefício;servico_capacitacao_saude;servico;saude;alta;;;;;;
65712002000159-1-000028/2026;2;3503950;Aspásia;0;2026;17;6;Pregão - Eletrônico;0;0;Divulgada no PNCP;0;Contratação de empresa especializada na prestação de serviços de implantação, treinamento, conversão e Locação Mensal de Sistemas de Gestão Pública Municipal para a Prefeitura Municipal de Aspásia-SP, pelo período de 12 (doze) meses.;2026-09-14T17:09:47;2026-09-30T08:00:00;https://bllcompras.com/Process/ProcessView?param1=[gkz]tptmrSYJorV2bRV5zMpIMQwoAU7UvN9Ia0GS6VB36KX7Fe7IYF4SafcK8zj/8VSU5QzXS1NOAR3poDax_3z0zEpY4LEpOD5l1kqTJRGB1n4=;MUNICIPIO DE ASPASIA;LOCAÇÃO DE SISTEMA DE ATENDIMENTO AO CIDADÃO VIA INTERNET;SER;12.0;220.0;2640.0;1;Em andamento;Sem benefício;servico_capacitacao_saude;servico;saude;alta;;;;;;
65712002000159-1-000028/2026;3;3503950;Aspásia;0;2026;17;6;Pregão - Eletrônico;0;0;Divulgada no PNCP;0;Contratação de empresa especializada na prestação de serviços de implantação, treinamento, conversão e Locação Mensal de Sistemas de Gestão Pública Municipal para a Prefeitura Municipal de Aspásia-SP, pelo período de 12 (doze) meses.;2026-09-14T17:09:47;2026-09-30T08:00:00;https://bllcompras.com/Process/ProcessView?param1=[gkz]tptmrSYJorV2bRV5zMpIMQwoAU7UvN9Ia0GS6VB36KX7Fe7IYF4SafcK8zj/8VSU5QzXS1NOAR3poDax_3z0zEpY4LEpOD5l1kqTJRGB1n4=;MUNICIPIO DE ASPASIA;LOCAÇÃO DE SISTEMA DE COMPRAS E CONTRATOS;SER;12.0;1105.0;13260.0;1;Em andamento;Sem benefício;servico_capacitacao_saude;servico;saude;alta;;;;;;
65712002000159-1-000028/2026;4;3503950;Aspásia;0;2026;17;6;Pregão - Eletrônico;0;0;Divulgada no PNCP;0;Contratação de empresa especializada na prestação de serviços de implantação, treinamento, conversão e Locação Mensal de Sistemas de Gestão Pública Municipal para a Prefeitura Municipal de Aspásia-SP, pelo período de 12 (doze) meses.;2026-09-14T17:09:47;2026-09-30T08:00:00;https://bllcompras.com/Process/ProcessView?param1=[gkz]tptmrSYJorV2bRV5zMpIMQwoAU7UvN9Ia0GS6VB36KX7Fe7IYF4SafcK8zj/8VSU5QzXS1NOAR3poDax_3z0zEpY4LEpOD5l1kqTJRGB1n4=;MUNICIPIO DE ASPASIA;LOCAÇÃO DE SISTEMA DE COMUNICAÇÃO INTERNA;SER;12.0;320.0;3840.0;1;Em andamento;Sem benefício;servico_capacitacao_saude;servico;saude;alta;;;;;;
65712002000159-1-000028/2026;5;3503950;Aspásia;0;2026;17;6;Pregão - Eletrônico;0;0;Divulgada no PNCP;0;Contratação de empresa especializada na prestação de serviços de implantação, treinamento, conversão e Locação Mensal de Sistemas de Gestão Pública Municipal para a Prefeitura Municipal de Aspásia-SP, pelo período de 12 (doze) meses.;2026-09-14T17:09:47;2026-09-30T08:00:00;https://bllcompras.com/Process/ProcessView?param1=[gkz]tptmrSYJorV2bRV5zMpIMQwoAU7UvN9Ia0GS6VB36KX7Fe7IYF4SafcK8zj/8VSU5QzXS1NOAR3poDax_3z0zEpY4LEpOD5l1kqTJRGB1n4=;MUNICIPIO DE ASPASIA;LOCAÇÃO DE SISTEMA DE CONTABILIDADE;SER;12.0;1417.59;17011.08;1;Em andamento;Sem benefício;servico_capacitacao_saude;servico;saude;alta;;;;;;
65712002000159-1-000028/2026;6;3503950;Aspásia;0;2026;17;6;Pregão - Eletrônico;0;0;Divulgada no PNCP;0;Contratação de empresa especializada na prestação de serviços de implantação, treinamento, conversão e Locação Mensal de Sistemas de Gestão Pública Municipal para a Prefeitura Municipal de Aspásia-SP, pelo período de 12 (doze) meses.;2026-09-14T17:09:47;2026-09-30T08:00:00;https://bllcompras.com/Process/ProcessView?param1=[gkz]tptmrSYJorV2bRV5zMpIMQwoAU7UvN9Ia0GS6VB36KX7Fe7IYF4SafcK8zj/8VSU5QzXS1NOAR3poDax_3z0zEpY4LEpOD5l1kqTJRGB1n4=;MUNICIPIO DE ASPASIA;LOCAÇÃO DE SISTEMA DE CONTROLE INTERNO;SER;12.0;1026.0;12312.0;1;Em andamento;Sem benefício;servico_capacitacao_saude;servico;saude;alta;;;;;;
65712002000159-1-000028/2026;7;3503950;Aspásia;0;2026;17;6;Pregão - Eletrônico;0;0;Divulgada no PNCP;0;Contratação de empresa especializada na prestação de serviços de implantação, treinamento, conversão e Locação Mensal de Sistemas de Gestão Pública Municipal para a Prefeitura Municipal de Aspásia-SP, pelo período de 12 (doze) meses.;2026-09-14T17:09:47;2026-09-30T08:00:00;https://bllcompras.com/Process/ProcessView?param1=[gkz]tptmrSYJorV2bRV5zMpIMQwoAU7UvN9Ia0GS6VB36KX7Fe7IYF4SafcK8zj/8VSU5QzXS1NOAR3poDax_3z0zEpY4LEpOD5l1kqTJRGB1n4=;MUNICIPIO DE ASPASIA;LOCAÇÃO DE SISTEMA DE EDUCAÇÃO;SER;12.0;1224.0;14688.0;1;Em andamento;Sem benefício;servico_capacitacao_saude;servico;saude;alta;;;;;;
65712002000159-1-000028/2026;8;3503950;Aspásia;0;2026;17;6;Pregão - Eletrônico;0;0;Divulgada no PNCP;0;Contratação de empresa especializada na prestação de serviços de implantação, treinamento, conversão e Locação Mensal de Sistemas de Gestão Pública Municipal para a Prefeitura Municipal de Aspásia-SP, pelo período de 12 (doze) meses.;2026-09-14T17:09:47;2026-09-30T08:00:00;https://bllcompras.com/Process/ProcessView?param1=[gkz]tptmrSYJorV2bRV5zMpIMQwoAU7UvN9Ia0GS6VB36KX7Fe7IYF4SafcK8zj/8VSU5QzXS1NOAR3poDax_3z0zEpY4LEpOD5l1kqTJRGB1n4=;MUNICIPIO DE ASPASIA;LOCAÇÃO DE SISTEMA DE E-SOCIAL;SER;12.0;250.0;3000.0;1;Em andamento;Sem benefício;servico_capacitacao_saude;servico;saude;alta;;;;;;
65712002000159-1-000028/2026;9;3503950;Aspásia;0;2026;17;6;Pregão - Eletrônico;0;0;Divulgada no PNCP;0;Contratação de empresa especializada na prestação de serviços de implantação, treinamento, conversão e Locação Mensal de Sistemas de Gestão Pública Municipal para a Prefeitura Municipal de Aspásia-SP, pelo período de 12 (doze) meses.;2026-09-14T17:09:47;2026-09-30T08:00:00;https://bllcompras.com/Process/ProcessView?param1=[gkz]tptmrSYJorV2bRV5zMpIMQwoAU7UvN9Ia0GS6VB36KX7Fe7IYF4SafcK8zj/8VSU5QzXS1NOAR3poDax_3z0zEpY4LEpOD5l1kqTJRGB1n4=;MUNICIPIO DE ASPASIA;LOCAÇÃO DE SISTEMA DE FOLHA DE PAGAMENTO;SER;12.0;1600.0;19200.0;1;Em andamento;Sem benefício;servico_capacitacao_saude;servico;saude;alta;;;;;;
65712002000159-1-000028/2026;10;3503950;Aspásia;0;2026;17;6;Pregão - Eletrônico;0;0;Divulgada no PNCP;0;Contratação de empresa especializada na prestação de serviços de implantação, treinamento, conversão e Locação Mensal de Sistemas de Gestão Pública Municipal para a Prefeitura Municipal de Aspásia-SP, pelo período de 12 (doze) meses.;2026-09-14T17:09:47;2026-09-30T08:00:00;https://bllcompras.com/Process/ProcessView?param1=[gkz]tptmrSYJorV2bRV5zMpIMQwoAU7UvN9Ia0GS6VB36KX7Fe7IYF4SafcK8zj/8VSU5QzXS1NOAR3poDax_3z0zEpY4LEpOD5l1kqTJRGB1n4=;MUNICIPIO DE ASPASIA;LOCAÇÃO DE SISTEMA DE FROTA;SER;12.0;280.12;3361.44;1;Em andamento;Sem benefício;servico_capacitacao_saude;servico;saude;alta;;;;;;
65712002000159-1-000029/2026;1;3503950;Aspásia;0;2026;03;8;Dispensa;0;0;Divulgada no PNCP;0;Contratação de empresa especializada para prestação de serviços de coleta, transporte, tratamento e disposição final dos resíduos de saúde – RSS – resíduos classificados nos grupos “A, B, E”, para o Departamento de Saúde de Aspásia-SP.;2026-09-18T14:00:06;2026-09-25T08:00:00;https://bllcompras.com/Process/ProcessView?param1=[gkz]6FN3o/HT4E9JQ35f_9zP0J5uvEG5uzRi6NR7ZGLVV3LFB/9QkKX8CMxfK8cXHhDH03VChbHLzo9t5tHlNc5_kK/ribnaAo_9XdI6aGKajkE=;MUNICIPIO DE ASPASIA;COLETA E TRANSPORTE DE RESIDUOS  DA SAUDE;SERV;12.0;1533.3333;18399.9996;1;Em andamento;Sem benefício;nao_classificado;indefinido;indefinido;baixa;;;;;;
65712002000159-1-000030/2026;1;3503950;Aspásia;0;2026;04;8;Dispensa;0;0;Divulgada no PNCP;0;Contratação de empresa especializada para prestação de serviço de Fonoaudiologia na Unidade Básica de Saúde de Aspásia-SP.;2026-09-21T15:14:00;2026-09-28T08:00:00;https://bllcompras.com/Process/ProcessView?param1=[gkz]T_UFnRlj2_9Zs47Y7X8i4Mu5/6/tl84gRC8Xr1Y781Of/9jnl9DGM8VFASjOnzB_o2Ot/N0l3iXAt2kwIn0/x90x3slJuOnR2rNOtnte2O8=;MUNICIPIO DE ASPASIA;SERVIÇOS DE FONOAUDIOLOGIA;MESES;4.0;6395.2;25580.8;1;Em andamento;Sem benefício;nao_classificado;indefinido;indefinido;baixa;;;;;;
65712002000159-1-000031/2026;1;3503950;Aspásia;0;2026;18;6;Pregão - Eletrônico;0;0;Divulgada no PNCP;0;Contratação de empresa para fornecimento de uniformes escolares e uniformes para servidores do Departamento de Educação do Município de Aspásia-SP.;2026-09-28T14:48:20;2026-10-16T08:00:00;https://bllcompras.com/Process/ProcessView?param1=[gkz]FTjR8MaJpaFN5awCXHNmCibrmfSdXFWsIXbj54QL3UoOtAtNQH6Xi/Baj07RqsunZqnk5_xOOIPg0exYi4GYubZce3U7TWU6glB8FXwPlK4=;MUNICIPIO DE ASPASIA;BERMUDA MASCULINA ESCOLAR;UN;170.0;38.3667;6522.339;1;Em andamento;Participação exclusiva para ME/EPP;textil_uniforme;produto;vestuario;media;;;;;;
65712002000159-1-000031/2026;2;3503950;Aspásia;0;2026;18;6;Pregão - Eletrônico;0;0;Divulgada no PNCP;0;Contratação de empresa para fornecimento de uniformes escolares e uniformes para servidores do Departamento de Educação do Município de Aspásia-SP.;2026-09-28T14:48:20;2026-10-16T08:00:00;https://bllcompras.com/Process/ProcessView?param1=[gkz]FTjR8MaJpaFN5awCXHNmCibrmfSdXFWsIXbj54QL3UoOtAtNQH6Xi/Baj07RqsunZqnk5_xOOIPg0exYi4GYubZce3U7TWU6glB8FXwPlK4=;MUNICIPIO DE ASPASIA;CALÇA COLEGIAL;UN;160.0;58.38;9340.8;1;Em andamento;Participação exclusiva para ME/EPP;textil_uniforme;produto;vestuario;media;;;;;;
65712002000159-1-000031/2026;3;3503950;Aspásia;0;2026;18;6;Pregão - Eletrônico;0;0;Divulgada no PNCP;0;Contratação de empresa para fornecimento de uniformes escolares e uniformes para servidores do Departamento de Educação do Município de Aspásia-SP.;2026-09-28T14:48:20;2026-10-16T08:00:00;https://bllcompras.com/Process/ProcessView?param1=[gkz]FTjR8MaJpaFN5awCXHNmCibrmfSdXFWsIXbj54QL3UoOtAtNQH6Xi/Baj07RqsunZqnk5_xOOIPg0exYi4GYubZce3U7TWU6glB8FXwPlK4=;MUNICIPIO DE ASPASIA;CAMISETA MANGA CURTA;UN;130.0;40.9633;5325.229;1;Em andamento;Participação exclusiva para ME/EPP;textil_uniforme;produto;vestuario;media;;;;;;
65712002000159-1-000031/2026;4;3503950;Aspásia;0;2026;18;6;Pregão - Eletrônico;0;0;Divulgada no PNCP;0;Contratação de empresa para fornecimento de uniformes escolares e uniformes para servidores do Departamento de Educação do Município de Aspásia-SP.;2026-09-28T14:48:20;2026-10-16T08:00:00;https://bllcompras.com/Process/ProcessView?param1=[gkz]FTjR8MaJpaFN5awCXHNmCibrmfSdXFWsIXbj54QL3UoOtAtNQH6Xi/Baj07RqsunZqnk5_xOOIPg0exYi4GYubZce3U7TWU6glB8FXwPlK4=;MUNICIPIO DE ASPASIA;CAMISETA RAGLAN MANGA CURTA ESCOLAR;UN;450.0;31.3333;14099.985;1;Em andamento;Participação exclusiva para ME/EPP;textil_uniforme;produto;vestuario;media;;;;;;
65712002000159-1-000031/2026;5;3503950;Aspásia;0;2026;18;6;Pregão - Eletrônico;0;0;Divulgada no PNCP;0;Contratação de empresa para fornecimento de uniformes escolares e uniformes para servidores do Departamento de Educação do Município de Aspásia-SP.;2026-09-28T14:48:20;2026-10-16T08:00:00;https://bllcompras.com/Process/ProcessView?param1=[gkz]FTjR8MaJpaFN5awCXHNmCibrmfSdXFWsIXbj54QL3UoOtAtNQH6Xi/Baj07RqsunZqnk5_xOOIPg0exYi4GYubZce3U7TWU6glB8FXwPlK4=;MUNICIPIO DE ASPASIA;JAQUETA COLEGIAL;UN;160.0;70.1833;11229.328;1;Em andamento;Participação exclusiva para ME/EPP;textil_uniforme;produto;vestuario;media;;;;;;
65712002000159-1-000031/2026;6;3503950;Aspásia;0;2026;18;6;Pregão - Eletrônico;0;0;Divulgada no PNCP;0;Contratação de empresa para fornecimento de uniformes escolares e uniformes para servidores do Departamento de Educação do Município de Aspásia-SP.;2026-09-28T14:48:20;2026-10-16T08:00:00;https://bllcompras.com/Process/ProcessView?param1=[gkz]FTjR8MaJpaFN5awCXHNmCibrmfSdXFWsIXbj54QL3UoOtAtNQH6Xi/Baj07RqsunZqnk5_xOOIPg0exYi4GYubZce3U7TWU6glB8FXwPlK4=;MUNICIPIO DE ASPASIA;SHORT SAIA FEMININO ESCOLAR;UN;150.0;35.0;5250.0;1;Em andamento;Participação exclusiva para ME/EPP;textil_uniforme;produto;vestuario;media;;;;;;
48318182000170-1-000001/2026;1;3514205;Dolcinópolis;0;2026;014;6;Pregão - Eletrônico;0;0;Divulgada no PNCP;0;Contratação de empresas especializadas na prestação de serviços de diversas oficinas e palestras para atendimento aos programas da secretaria municipal de assistência social de Dolcinópolis/SP, pelo período de um ano conforme, quantidades e especificações técnicas constantes neste Termo de Referência;2026-09-11T16:28:32;2026-09-25T07:00:00;https://bllcompras.com/Process/ProcessView?param1=[gkz]FNFcOTqXKtqlR1VP_mgN9D1PXUavksTFK7x2ehvaHIXGAuXFmn1w3r0_qUKsH/uYCUHWusTEMi5x27OtMSJd_2OsqvrWretofbt82GwvN3k=;MUNICIPIO DE DOLCINOPOLIS;OFICINA DE CULINÁRIA BOLOS SIMPLES E BOLOS CONFEITADOS;HR;16.0;179.83;2877.28;1;Em andamento;Sem benefício;panificacao;produto;alimentacao;media;;;;;;
48318182000170-1-000001/2026;2;3514205;Dolcinópolis;0;2026;014;6;Pregão - Eletrônico;0;0;Divulgada no PNCP;0;Contratação de empresas especializadas na prestação de serviços de diversas oficinas e palestras para atendimento aos programas da secretaria municipal de assistência social de Dolcinópolis/SP, pelo período de um ano conforme, quantidades e especificações técnicas constantes neste Termo de Referência;2026-09-11T16:28:32;2026-09-25T07:00:00;https://bllcompras.com/Process/ProcessView?param1=[gkz]FNFcOTqXKtqlR1VP_mgN9D1PXUavksTFK7x2ehvaHIXGAuXFmn1w3r0_qUKsH/uYCUHWusTEMi5x27OtMSJd_2OsqvrWretofbt82GwvN3k=;MUNICIPIO DE DOLCINOPOLIS;OFICINA DE CULINÁRIA SALGADOS FRITOS E ASSADOS;HR;16.0;194.42;3110.72;1;Em andamento;Sem benefício;nao_classificado;indefinido;indefinido;baixa;;;;;;
48318182000170-1-000001/2026;3;3514205;Dolcinópolis;0;2026;014;6;Pregão - Eletrônico;0;0;Divulgada no PNCP;0;Contratação de empresas especializadas na prestação de serviços de diversas oficinas e palestras para atendimento aos programas da secretaria municipal de assistência social de Dolcinópolis/SP, pelo período de um ano conforme, quantidades e especificações técnicas constantes neste Termo de Referência;2026-09-11T16:28:32;2026-09-25T07:00:00;https://bllcompras.com/Process/ProcessView?param1=[gkz]FNFcOTqXKtqlR1VP_mgN9D1PXUavksTFK7x2ehvaHIXGAuXFmn1w3r0_qUKsH/uYCUHWusTEMi5x27OtMSJd_2OsqvrWretofbt82GwvN3k=;MUNICIPIO DE DOLCINOPOLIS;OFICINA DE CULINÁRIA ALIMENTOS COM CHOCOLATES;HR;20.0;185.67;3713.4;1;Em andamento;Sem benefício;nao_classificado;indefinido;indefinido;baixa;;;;;;
48318182000170-1-000001/2026;4;3514205;Dolcinópolis;0;2026;014;6;Pregão - Eletrônico;0;0;Divulgada no PNCP;0;Contratação de empresas especializadas na prestação de serviços de diversas oficinas e palestras para atendimento aos programas da secretaria municipal de assistência social de Dolcinópolis/SP, pelo período de um ano conforme, quantidades e especificações técnicas constantes neste Termo de Referência;2026-09-11T16:28:32;2026-09-25T07:00:00;https://bllcompras.com/Process/ProcessView?param1=[gkz]FNFcOTqXKtqlR1VP_mgN9D1PXUavksTFK7x2ehvaHIXGAuXFmn1w3r0_qUKsH/uYCUHWusTEMi5x27OtMSJd_2OsqvrWretofbt82GwvN3k=;MUNICIPIO DE DOLCINOPOLIS;OFICINA DE CULINÁRIA COMIDAS NATALINAS;HR;20.0;190.67;3813.4;1;Em andamento;Sem benefício;nao_classificado;indefinido;indefinido;baixa;;;;;;
48318182000170-1-000001/2026;5;3514205;Dolcinópolis;0;2026;014;6;Pregão - Eletrônico;0;0;Divulgada no PNCP;0;Contratação de empresas especializadas na prestação de serviços de diversas oficinas e palestras para atendimento aos programas da secretaria municipal de assistência social de Dolcinópolis/SP, pelo período de um ano conforme, quantidades e especificações técnicas constantes neste Termo de Referência;2026-09-11T16:28:32;2026-09-25T07:00:00;https://bllcompras.com/Process/ProcessView?param1=[gkz]FNFcOTqXKtqlR1VP_mgN9D1PXUavksTFK7x2ehvaHIXGAuXFmn1w3r0_qUKsH/uYCUHWusTEMi5x27OtMSJd_2OsqvrWretofbt82GwvN3k=;MUNICIPIO DE DOLCINOPOLIS;PALESTRA PREVENÇÃO ÀS DROGAS;SV;1.0;2500.0;2500.0;1;Em andamento;Sem benefício;nao_classificado;indefinido;indefinido;baixa;;;;;;
48318182000170-1-000001/2026;6;3514205;Dolcinópolis;0;2026;014;6;Pregão - Eletrônico;0;0;Divulgada no PNCP;0;Contratação de empresas especializadas na prestação de serviços de diversas oficinas e palestras para atendimento aos programas da secretaria municipal de assistência social de Dolcinópolis/SP, pelo período de um ano conforme, quantidades e especificações técnicas constantes neste Termo de Referência;2026-09-11T16:28:32;2026-09-25T07:00:00;https://bllcompras.com/Process/ProcessView?param1=[gkz]FNFcOTqXKtqlR1VP_mgN9D1PXUavksTFK7x2ehvaHIXGAuXFmn1w3r0_qUKsH/uYCUHWusTEMi5x27OtMSJd_2OsqvrWretofbt82GwvN3k=;MUNICIPIO DE DOLCINOPOLIS;PALESTRA VIOLÊNCIA CONTRA AS MULHERES;SV;1.0;2500.0;2500.0;1;Em andamento;Sem benefício;nao_classificado;indefinido;indefinido;baixa;;;;;;
48318182000170-1-000001/2026;7;3514205;Dolcinópolis;0;2026;014;6;Pregão - Eletrônico;0;0;Divulgada no PNCP;0;Contratação de empresas especializadas na prestação de serviços de diversas oficinas e palestras para atendimento aos programas da secretaria municipal de assistência social de Dolcinópolis/SP, pelo período de um ano conforme, quantidades e especificações técnicas constantes neste Termo de Referência;2026-09-11T16:28:32;2026-09-25T07:00:00;https://bllcompras.com/Process/ProcessView?param1=[gkz]FNFcOTqXKtqlR1VP_mgN9D1PXUavksTFK7x2ehvaHIXGAuXFmn1w3r0_qUKsH/uYCUHWusTEMi5x27OtMSJd_2OsqvrWretofbt82GwvN3k=;MUNICIPIO DE DOLCINOPOLIS;PALESTRA VIOLÊNCIA CONTRA AO IDOSO;SV;1.0;2500.0;2500.0;1;Em andamento;Sem benefício;nao_classificado;indefinido;indefinido;baixa;;;;;;
48318182000170-1-000001/2026;8;3514205;Dolcinópolis;0;2026;014;6;Pregão - Eletrônico;0;0;Divulgada no PNCP;0;Contratação de empresas especializadas na prestação de serviços de diversas oficinas e palestras para atendimento aos programas da secretaria municipal de assistência social de Dolcinópolis/SP, pelo período de um ano conforme, quantidades e especificações técnicas constantes neste Termo de Referência;2026-09-11T16:28:32;2026-09-25T07:00:00;https://bllcompras.com/Process/ProcessView?param1=[gkz]FNFcOTqXKtqlR1VP_mgN9D1PXUavksTFK7x2ehvaHIXGAuXFmn1w3r0_qUKsH/uYCUHWusTEMi5x27OtMSJd_2OsqvrWretofbt82GwvN3k=;MUNICIPIO DE DOLCINOPOLIS;PALESTRA TRABALHO INFANTIL;SV;1.0;2500.0;2500.0;1;Em andamento;Sem benefício;nao_classificado;indefinido;indefinido;baixa;;;;;;
48318182000170-1-000001/2026;9;3514205;Dolcinópolis;0;2026;014;6;Pregão - Eletrônico;0;0;Divulgada no PNCP;0;Contratação de empresas especializadas na prestação de serviços de diversas oficinas e palestras para atendimento aos programas da secretaria municipal de assistência social de Dolcinópolis/SP, pelo período de um ano conforme, quantidades e especificações técnicas constantes neste Termo de Referência;2026-09-11T16:28:32;2026-09-25T07:00:00;https://bllcompras.com/Process/ProcessView?param1=[gkz]FNFcOTqXKtqlR1VP_mgN9D1PXUavksTFK7x2ehvaHIXGAuXFmn1w3r0_qUKsH/uYCUHWusTEMi5x27OtMSJd_2OsqvrWretofbt82GwvN3k=;MUNICIPIO DE DOLCINOPOLIS;PALESTRA ECA (ESTATUTO DA CRIANÇA E DO ADOLESCENTE) ? DIREITOS E DEVERES;SV;1.0;2500.0;2500.0;1;Em andamento;Sem benefício;nao_classificado;indefinido;indefinido;baixa;;;;;;
48318182000170-1-000001/2026;10;3514205;Dolcinópolis;0;2026;014;6;Pregão - Eletrônico;0;0;Divulgada no PNCP;0;Contratação de empresas especializadas na prestação de serviços de diversas oficinas e palestras para atendimento aos programas da secretaria municipal de assistência social de Dolcinópolis/SP, pelo período de um ano conforme, quantidades e especificações técnicas constantes neste Termo de Referência;2026-09-11T16:28:32;2026-09-25T07:00:00;https://bllcompras.com/Process/ProcessView?param1=[gkz]FNFcOTqXKtqlR1VP_mgN9D1PXUavksTFK7x2ehvaHIXGAuXFmn1w3r0_qUKsH/uYCUHWusTEMi5x27OtMSJd_2OsqvrWretofbt82GwvN3k=;MUNICIPIO DE DOLCINOPOLIS;PALESTRA COMBATE AO ABUSO E A EXPLORAÇÃO SEXUAL DE CRIANÇAS E ADOLESCENTES;SV;1.0;2733.33;2733.33;1;Em andamento;Sem benefício;racao_agropecuaria;produto;agropecuaria;baixa;;;;;;
45112224000123-1-000007/2026;1;3515202;Estrela d'Oeste;0;2026;26;6;Pregão - Eletrônico;0;1;Divulgada no PNCP;0;Seleção de fornecedores para sistema de registro de preços (SRP), visando aquisições futuras e parceladas de materiais de construção (itens básicos, arames, pintura, tintas de demarcação, materiais elétricos e hidráulicos, cones de sinalização, ferro, areia, pedra e concreto) que serão utilizados em reparos e manutenções de prédios públicos na cidade de Estrela d’Oeste;2026-09-23T08:31:43;2026-10-13T07:30:00;https://bllcompras.com/Process/ProcessView?param1=[gkz]IW/lx7EtIMxLDkmHAlGmg/_fKTlYuHo7jYOptYFGZ2GOHBH12nAXNWypWq1eo0164CrkkF0HqCAlpflhRtQ7LeUot46rCu_rSncGTs/_LiY=;MUNICIPIO DE ESTRELA D'OESTE;ARGAMASSA AC III 20KG;UN;50.0;36.19;1809.5;1;Em andamento;Sem benefício;madeira_construcao;produto;construcao;baixa;;;;;;
45112224000123-1-000007/2026;2;3515202;Estrela d'Oeste;0;2026;26;6;Pregão - Eletrônico;0;1;Divulgada no PNCP;0;Seleção de fornecedores para sistema de registro de preços (SRP), visando aquisições futuras e parceladas de materiais de construção (itens básicos, arames, pintura, tintas de demarcação, materiais elétricos e hidráulicos, cones de sinalização, ferro, areia, pedra e concreto) que serão utilizados em reparos e manutenções de prédios públicos na cidade de Estrela d’Oeste;2026-09-23T08:31:43;2026-10-13T07:30:00;https://bllcompras.com/Process/ProcessView?param1=[gkz]IW/lx7EtIMxLDkmHAlGmg/_fKTlYuHo7jYOptYFGZ2GOHBH12nAXNWypWq1eo0164CrkkF0HqCAlpflhRtQ7LeUot46rCu_rSncGTs/_LiY=;MUNICIPIO DE ESTRELA D'OESTE;CAL HIDRATADA 20KG;UND;50.0;25.58;1279.0;1;Em andamento;Sem benefício;madeira_construcao;produto;construcao;baixa;;;;;;
45112224000123-1-000007/2026;3;3515202;Estrela d'Oeste;0;2026;26;6;Pregão - Eletrônico;0;1;Divulgada no PNCP;0;Seleção de fornecedores para sistema de registro de preços (SRP), visando aquisições futuras e parceladas de materiais de construção (itens básicos, arames, pintura, tintas de demarcação, materiais elétricos e hidráulicos, cones de sinalização, ferro, areia, pedra e concreto) que serão utilizados em reparos e manutenções de prédios públicos na cidade de Estrela d’Oeste;2026-09-23T08:31:43;2026-10-13T07:30:00;https://bllcompras.com/Process/ProcessView?param1=[gkz]IW/lx7EtIMxLDkmHAlGmg/_fKTlYuHo7jYOptYFGZ2GOHBH12nAXNWypWq1eo0164CrkkF0HqCAlpflhRtQ7LeUot46rCu_rSncGTs/_LiY=;MUNICIPIO DE ESTRELA D'OESTE;CAL PARA PINTURA BÁSICA BRANCO 8KG;UND;250.0;20.92;5230.0;1;Em andamento;Sem benefício;madeira_construcao;produto;construcao;baixa;;;;;;
45112224000123-1-000007/2026;4;3515202;Estrela d'Oeste;0;2026;26;6;Pregão - Eletrônico;0;1;Divulgada no PNCP;0;Seleção de fornecedores para sistema de registro de preços (SRP), visando aquisições futuras e parceladas de materiais de construção (itens básicos, arames, pintura, tintas de demarcação, materiais elétricos e hidráulicos, cones de sinalização, ferro, areia, pedra e concreto) que serão utilizados em reparos e manutenções de prédios públicos na cidade de Estrela d’Oeste;2026-09-23T08:31:43;2026-10-13T07:30:00;https://bllcompras.com/Process/ProcessView?param1=[gkz]IW/lx7EtIMxLDkmHAlGmg/_fKTlYuHo7jYOptYFGZ2GOHBH12nAXNWypWq1eo0164CrkkF0HqCAlpflhRtQ7LeUot46rCu_rSncGTs/_LiY=;MUNICIPIO DE ESTRELA D'OESTE;CIMENTO 50KG;UND;1000.0;35.36;35360.0;1;Em andamento;Sem benefício;madeira_construcao;produto;construcao;baixa;;;;;;
45112224000123-1-000007/2026;5;3515202;Estrela d'Oeste;0;2026;26;6;Pregão - Eletrônico;0;1;Divulgada no PNCP;0;Seleção de fornecedores para sistema de registro de preços (SRP), visando aquisições futuras e parceladas de materiais de construção (itens básicos, arames, pintura, tintas de demarcação, materiais elétricos e hidráulicos, cones de sinalização, ferro, areia, pedra e concreto) que serão utilizados em reparos e manutenções de prédios públicos na cidade de Estrela d’Oeste;2026-09-23T08:31:43;2026-10-13T07:30:00;https://bllcompras.com/Process/ProcessView?param1=[gkz]IW/lx7EtIMxLDkmHAlGmg/_fKTlYuHo7jYOptYFGZ2GOHBH12nAXNWypWq1eo0164CrkkF0HqCAlpflhRtQ7LeUot46rCu_rSncGTs/_LiY=;MUNICIPIO DE ESTRELA D'OESTE;TIJOLO CERÂMICO DE 6 FUROS;UND;2000.0;1.05;2100.0;1;Em andamento;Sem benefício;madeira_construcao;produto;construcao;baixa;;;;;;
45112224000123-1-000007/2026;6;3515202;Estrela d'Oeste;0;2026;26;6;Pregão - Eletrônico;0;1;Divulgada no PNCP;0;Seleção de fornecedores para sistema de registro de preços (SRP), visando aquisições futuras e parceladas de materiais de construção (itens básicos, arames, pintura, tintas de demarcação, materiais elétricos e hidráulicos, cones de sinalização, ferro, areia, pedra e concreto) que serão utilizados em reparos e manutenções de prédios públicos na cidade de Estrela d’Oeste;2026-09-23T08:31:43;2026-10-13T07:30:00;https://bllcompras.com/Process/ProcessView?param1=[gkz]IW/lx7EtIMxLDkmHAlGmg/_fKTlYuHo7jYOptYFGZ2GOHBH12nAXNWypWq1eo0164CrkkF0HqCAlpflhRtQ7LeUot46rCu_rSncGTs/_LiY=;MUNICIPIO DE ESTRELA D'OESTE;TIJOLO CERÂMICO DE 8 FUROS;UND;6000.0;1.0;6000.0;1;Em andamento;Sem benefício;madeira_construcao;produto;construcao;baixa;;;;;;
45112224000123-1-000007/2026;7;3515202;Estrela d'Oeste;0;2026;26;6;Pregão - Eletrônico;0;1;Divulgada no PNCP;0;Seleção de fornecedores para sistema de registro de preços (SRP), visando aquisições futuras e parceladas de materiais de construção (itens básicos, arames, pintura, tintas de demarcação, materiais elétricos e hidráulicos, cones de sinalização, ferro, areia, pedra e concreto) que serão utilizados em reparos e manutenções de prédios públicos na cidade de Estrela d’Oeste;2026-09-23T08:31:43;2026-10-13T07:30:00;https://bllcompras.com/Process/ProcessView?param1=[gkz]IW/lx7EtIMxLDkmHAlGmg/_fKTlYuHo7jYOptYFGZ2GOHBH12nAXNWypWq1eo0164CrkkF0HqCAlpflhRtQ7LeUot46rCu_rSncGTs/_LiY=;MUNICIPIO DE ESTRELA D'OESTE;TIJOLO COMUM MAQUINADO;UND;3000.0;0.58;1740.0;1;Em andamento;Sem benefício;madeira_construcao;produto;construcao;baixa;;;;;;
45112224000123-1-000007/2026;8;3515202;Estrela d'Oeste;0;2026;26;6;Pregão - Eletrônico;0;1;Divulgada no PNCP;0;Seleção de fornecedores para sistema de registro de preços (SRP), visando aquisições futuras e parceladas de materiais de construção (itens básicos, arames, pintura, tintas de demarcação, materiais elétricos e hidráulicos, cones de sinalização, ferro, areia, pedra e concreto) que serão utilizados em reparos e manutenções de prédios públicos na cidade de Estrela d’Oeste;2026-09-23T08:31:43;2026-10-13T07:30:00;https://bllcompras.com/Process/ProcessView?param1=[gkz]IW/lx7EtIMxLDkmHAlGmg/_fKTlYuHo7jYOptYFGZ2GOHBH12nAXNWypWq1eo0164CrkkF0HqCAlpflhRtQ7LeUot46rCu_rSncGTs/_LiY=;MUNICIPIO DE ESTRELA D'OESTE;TIJOLO PÓ DE MICO;UND;10000.0;0.69;6900.0;1;Em andamento;Sem benefício;madeira_construcao;produto;construcao;baixa;;;;;;
45112224000123-1-000007/2026;9;3515202;Estrela d'Oeste;0;2026;26;6;Pregão - Eletrônico;0;1;Divulgada no PNCP;0;Seleção de fornecedores para sistema de registro de preços (SRP), visando aquisições futuras e parceladas de materiais de construção (itens básicos, arames, pintura, tintas de demarcação, materiais elétricos e hidráulicos, cones de sinalização, ferro, areia, pedra e concreto) que serão utilizados em reparos e manutenções de prédios públicos na cidade de Estrela d’Oeste;2026-09-23T08:31:43;2026-10-13T07:30:00;https://bllcompras.com/Process/ProcessView?param1=[gkz]IW/lx7EtIMxLDkmHAlGmg/_fKTlYuHo7jYOptYFGZ2GOHBH12nAXNWypWq1eo0164CrkkF0HqCAlpflhRtQ7LeUot46rCu_rSncGTs/_LiY=;MUNICIPIO DE ESTRELA D'OESTE;ARAME FARPADO ROLO 500M;UND;15.0;404.35;6065.25;1;Em andamento;Sem benefício;madeira_construcao;produto;construcao;baixa;;;;;;
45112224000123-1-000007/2026;10;3515202;Estrela d'Oeste;0;2026;26;6;Pregão - Eletrônico;0;1;Divulgada no PNCP;0;Seleção de fornecedores para sistema de registro de preços (SRP), visando aquisições futuras e parceladas de materiais de construção (itens básicos, arames, pintura, tintas de demarcação, materiais elétricos e hidráulicos, cones de sinalização, ferro, areia, pedra e concreto) que serão utilizados em reparos e manutenções de prédios públicos na cidade de Estrela d’Oeste;2026-09-23T08:31:43;2026-10-13T07:30:00;https://bllcompras.com/Process/ProcessView?param1=[gkz]IW/lx7EtIMxLDkmHAlGmg/_fKTlYuHo7jYOptYFGZ2GOHBH12nAXNWypWq1eo0164CrkkF0HqCAlpflhRtQ7LeUot46rCu_rSncGTs/_LiY=;MUNICIPIO DE ESTRELA D'OESTE;ARAME GALVANIZADO N° 14 BWG ROLO 1KG;KG;15.0;17.0;255.0;1;Em andamento;Sem benefício;madeira_construcao;produto;construcao;baixa;;;;;;
46377800000127-1-003319/2026;1;3515509;Fernandópolis;0;2026;46;6;Pregão - Eletrônico;0;1;Divulgada no PNCP;0;Prestação de serviço de manutenção corretiva e preventiva em ar condicionado ;2026-08-07T10:31:15;2026-09-03T09:00:00;https://cnetmobile.estaleiro.serpro.gov.br/comprasnet-web/public/compras/acompanhamento-compra?compra=18014705000462026;SAO PAULO SECRETARIA DA SEGURANCA PUBLICA;Ar condicionado - manutenção de sistemas / limpeza Ar condicionado - manutenção de sistemas / limpeza;UNIDADE;350.0;350.0;122500.0;1;Em andamento;Sem benefício;nao_classificado;indefinido;indefinido;baixa;;;;;;
46377800000127-1-003500/2026;1;3515509;Fernandópolis;0;2026;47;6;Pregão - Eletrônico;0;0;Divulgada no PNCP;0;Prestação de serviço de manutenção preventiva e corretiva de viaturas;2026-08-18T14:32:48;2026-09-28T09:00:00;https://cnetmobile.estaleiro.serpro.gov.br/comprasnet-web/public/compras/acompanhamento-compra?compra=18014705000472026;SAO PAULO SECRETARIA DA SEGURANCA PUBLICA;Manutenção de veículos leves e pesados Manutenção de veículos leves e pesados;UNIDADE;1.0;54097.0;54097.0;1;Em andamento;Sem benefício;servico_manutencao;servico;suprimentos;baixa;;;;;;
46377800000127-1-003566/2026;1;3515509;Fernandópolis;0;2026;48;6;Pregão - Eletrônico;0;0;Divulgada no PNCP;0;AQUISIÇÃO DE MATERIAL PERMANENTE;2026-08-21T16:25:32;2026-09-08T09:00:00;https://cnetmobile.estaleiro.serpro.gov.br/comprasnet-web/public/compras/acompanhamento-compra?compra=18014705000482026;SAO PAULO SECRETARIA DA SEGURANCA PUBLICA;Televisor tamanho tela: 50, voltagem: 110/220, características adicionais: widescreen 16:9, pal-m, pal-n, ntsc, entrada rgb, tipo tela: lcd;Unidade;3.0;2042.88;6128.64;1;Em andamento;Participação exclusiva para ME/EPP;nao_classificado;indefinido;indefinido;baixa;;;;;;
46377800000127-1-003566/2026;2;3515509;Fernandópolis;0;2026;48;6;Pregão - Eletrônico;0;0;Divulgada no PNCP;0;AQUISIÇÃO DE MATERIAL PERMANENTE;2026-08-21T16:25:32;2026-09-08T09:00:00;https://cnetmobile.estaleiro.serpro.gov.br/comprasnet-web/public/compras/acompanhamento-compra?compra=18014705000482026;SAO PAULO SECRETARIA DA SEGURANCA PUBLICA;Bebedouro Água Garrafão material: aço inoxidável, tipo: elétrico de mesa, capacidade: 20, voltagem: 127, características adicionais: 2 torneiras (água natural/gelada), gás r 134 a;Unidade;6.0;724.97;4349.82;1;Em andamento;Participação exclusiva para ME/EPP;nao_classificado;indefinido;indefinido;baixa;;;;;;
46377800000127-1-003566/2026;3;3515509;Fernandópolis;0;2026;48;6;Pregão - Eletrônico;0;0;Divulgada no PNCP;0;AQUISIÇÃO DE MATERIAL PERMANENTE;2026-08-21T16:25:32;2026-09-08T09:00:00;https://cnetmobile.estaleiro.serpro.gov.br/comprasnet-web/public/compras/acompanhamento-compra?compra=18014705000482026;SAO PAULO SECRETARIA DA SEGURANCA PUBLICA;Aparelho Ar Condicionado tipo: teto/piso, modelo: fancolete hidrônico, capacidade refrigeração: 20.000, vazão ar: 850, tensão: 220, freqüência: 60, características adicionais 1: serpentina em cobre, aleta em alumínio;Unidade;3.0;5340.0;16020.0;1;Em andamento;Participação exclusiva para ME/EPP;racao_agropecuaria;produto;agropecuaria;baixa;;;;;;
46377800000127-1-003914/2026;1;3515509;Fernandópolis;0;2026;50;6;Pregão - Eletrônico;0;1;Divulgada no PNCP;0;prestação de serviço de manutenção corretiva e preventiva de aparelho de ar condicionado;2026-09-15T10:06:14;2026-10-02T09:00:00;https://cnetmobile.estaleiro.serpro.gov.br/comprasnet-web/public/compras/acompanhamento-compra?compra=18014705000502026;SAO PAULO SECRETARIA DA SEGURANCA PUBLICA;Ar condicionado - manutenção de sistemas / limpeza Ar condicionado - manutenção de sistemas / limpeza;UNIDADE;350.0;350.0;122500.0;1;Em andamento;Não se aplica;nao_classificado;indefinido;indefinido;baixa;;;;;;
46377800000127-1-004098/2026;1;3515509;Fernandópolis;0;2026;51;6;Pregão - Eletrônico;0;1;Divulgada no PNCP;0;Registro de preços para contratação(ões) futura(s) de serviços unitários de manutenção predial para Delsecpol de Fernandópolis e unidades subordinadas.;2026-09-23T13:47:06;2026-10-09T09:00:00;https://cnetmobile.estaleiro.serpro.gov.br/comprasnet-web/public/compras/acompanhamento-compra?compra=18014705000512026;SAO PAULO SECRETARIA DA SEGURANCA PUBLICA;Manutenção / reforma predial Manutenção / reforma predial;UNIDADE;1.0;642228.18;642228.18;1;Em andamento;Não se aplica;servico_obras_engenharia;servico;construcao;baixa;;;;;;
47842836000105-1-000133/2026;1;3515509;Fernandópolis;0;2026;29;6;Pregão - Eletrônico;0;1;Divulgada no PNCP;0;ELABORAÇÃO DE ATA DE REGISTRO DE PREÇOS PARA AQUISIÇÃO DE MATERIAIS DE CONSUMO HOSPITALAR E ODONTOLÓGICO QUE SERÃO UTILIZADOS PELOS DIVERSOS SETORES DA SECRETARIA MUNICIPAL DE SAÚDE DESTA MUNICIPALIDADE, COM ENTREGAS PARCELADAS CONFORME REQUISIÇÃO, SENDO TODOS DE 1ª QUALIDADE, COM PREVISÃO DE CONSUMO NO DECORRER DE 12 (DOZE) MESES;2026-07-23T11:01:57;2026-08-31T08:29:00;https://cnetmobile.estaleiro.serpro.gov.br/comprasnet-web/public/compras/acompanhamento-compra?compra=98641105000292026;MUNICIPIO DE FERNANDOPOLIS;Ácidos Graxos Essenciais composição: óleo de girassol e alantoína, componentes: aloe vera, lanilona e bisabolol, forma farmacêutica: loção hidratante;Unidade;4000.0;6.43;25720.0;1;Em andamento;Participação exclusiva para ME/EPP;panificacao;produto;alimentacao;media;;;;;;
47842836000105-1-000133/2026;2;3515509;Fernandópolis;0;2026;29;6;Pregão - Eletrônico;0;1;Divulgada no PNCP;0;ELABORAÇÃO DE ATA DE REGISTRO DE PREÇOS PARA AQUISIÇÃO DE MATERIAIS DE CONSUMO HOSPITALAR E ODONTOLÓGICO QUE SERÃO UTILIZADOS PELOS DIVERSOS SETORES DA SECRETARIA MUNICIPAL DE SAÚDE DESTA MUNICIPALIDADE, COM ENTREGAS PARCELADAS CONFORME REQUISIÇÃO, SENDO TODOS DE 1ª QUALIDADE, COM PREVISÃO DE CONSUMO NO DECORRER DE 12 (DOZE) MESES;2026-07-23T11:01:57;2026-08-31T08:29:00;https://cnetmobile.estaleiro.serpro.gov.br/comprasnet-web/public/compras/acompanhamento-compra?compra=98641105000292026;MUNICIPIO DE FERNANDOPOLIS;Água Destilada aspecto físico: líquido incolor, inodoro, insípido, características adicionais: conforme farmacopéia brasileira;Galão 5 L;2500.0;18.52;46300.0;1;Em andamento;Participação exclusiva para ME/EPP;medicamentos;produto;saude;bloqueado;;;;;;
47842836000105-1-000133/2026;3;3515509;Fernandópolis;0;2026;29;6;Pregão - Eletrônico;0;1;Divulgada no PNCP;0;ELABORAÇÃO DE ATA DE REGISTRO DE PREÇOS PARA AQUISIÇÃO DE MATERIAIS DE CONSUMO HOSPITALAR E ODONTOLÓGICO QUE SERÃO UTILIZADOS PELOS DIVERSOS SETORES DA SECRETARIA MUNICIPAL DE SAÚDE DESTA MUNICIPALIDADE, COM ENTREGAS PARCELADAS CONFORME REQUISIÇÃO, SENDO TODOS DE 1ª QUALIDADE, COM PREVISÃO DE CONSUMO NO DECORRER DE 12 (DOZE) MESES;2026-07-23T11:01:57;2026-08-31T08:29:00;https://cnetmobile.estaleiro.serpro.gov.br/comprasnet-web/public/compras/acompanhamento-compra?compra=98641105000292026;MUNICIPIO DE FERNANDOPOLIS;"Agulha Hipodérmica material: aço inoxidável siliconizado, dimensão: 26 g x 1/2"", tipo ponta: bisel curto trifacetado, tipo conexão: conector luer lock ou slip em plástico, tipo fixação: protetor plástico, tipo uso: estéril, descartável, embalagem individual";Caixa 100 UN;500.0;12.1;6050.0;1;Em andamento;Participação exclusiva para ME/EPP;material_odontologico;produto;saude;baixa;;;;;;
47842836000105-1-000133/2026;4;3515509;Fernandópolis;0;2026;29;6;Pregão - Eletrônico;0;1;Divulgada no PNCP;0;ELABORAÇÃO DE ATA DE REGISTRO DE PREÇOS PARA AQUISIÇÃO DE MATERIAIS DE CONSUMO HOSPITALAR E ODONTOLÓGICO QUE SERÃO UTILIZADOS PELOS DIVERSOS SETORES DA SECRETARIA MUNICIPAL DE SAÚDE DESTA MUNICIPALIDADE, COM ENTREGAS PARCELADAS CONFORME REQUISIÇÃO, SENDO TODOS DE 1ª QUALIDADE, COM PREVISÃO DE CONSUMO NO DECORRER DE 12 (DOZE) MESES;2026-07-23T11:01:57;2026-08-31T08:29:00;https://cnetmobile.estaleiro.serpro.gov.br/comprasnet-web/public/compras/acompanhamento-compra?compra=98641105000292026;MUNICIPIO DE FERNANDOPOLIS;"Agulha Hipodérmica material: aço inoxidável siliconizado, dimensão: 21 g x 1"", tipo ponta: bisel curto trifacetado, tipo conexão: conector luer lock ou slip em plástico, tipo fixação: protetor plástico, tipo uso: estéril, descartável, embalagem individual";Caixa 100 UN;1500.0;13.21;19815.0;1;Em andamento;Participação exclusiva para ME/EPP;material_odontologico;produto;saude;baixa;;;;;;
47842836000105-1-000133/2026;5;3515509;Fernandópolis;0;2026;29;6;Pregão - Eletrônico;0;1;Divulgada no PNCP;0;ELABORAÇÃO DE ATA DE REGISTRO DE PREÇOS PARA AQUISIÇÃO DE MATERIAIS DE CONSUMO HOSPITALAR E ODONTOLÓGICO QUE SERÃO UTILIZADOS PELOS DIVERSOS SETORES DA SECRETARIA MUNICIPAL DE SAÚDE DESTA MUNICIPALIDADE, COM ENTREGAS PARCELADAS CONFORME REQUISIÇÃO, SENDO TODOS DE 1ª QUALIDADE, COM PREVISÃO DE CONSUMO NO DECORRER DE 12 (DOZE) MESES;2026-07-23T11:01:57;2026-08-31T08:29:00;https://cnetmobile.estaleiro.serpro.gov.br/comprasnet-web/public/compras/acompanhamento-compra?compra=98641105000292026;MUNICIPIO DE FERNANDOPOLIS;"Agulha Hipodérmica material: aço inoxidável siliconizado, dimensão: 22 g x 1"", tipo ponta: bisel curto trifacetado, tipo conexão: conector luer lock ou slip em plástico, tipo fixação: protetor plástico, tipo uso: estéril, descartável, embalagem individual";Caixa 100 UN;1500.0;13.78;20670.0;1;Em andamento;Participação exclusiva para ME/EPP;material_odontologico;produto;saude;baixa;;;;;;
47842836000105-1-000133/2026;6;3515509;Fernandópolis;0;2026;29;6;Pregão - Eletrônico;0;1;Divulgada no PNCP;0;ELABORAÇÃO DE ATA DE REGISTRO DE PREÇOS PARA AQUISIÇÃO DE MATERIAIS DE CONSUMO HOSPITALAR E ODONTOLÓGICO QUE SERÃO UTILIZADOS PELOS DIVERSOS SETORES DA SECRETARIA MUNICIPAL DE SAÚDE DESTA MUNICIPALIDADE, COM ENTREGAS PARCELADAS CONFORME REQUISIÇÃO, SENDO TODOS DE 1ª QUALIDADE, COM PREVISÃO DE CONSUMO NO DECORRER DE 12 (DOZE) MESES;2026-07-23T11:01:57;2026-08-31T08:29:00;https://cnetmobile.estaleiro.serpro.gov.br/comprasnet-web/public/compras/acompanhamento-compra?compra=98641105000292026;MUNICIPIO DE FERNANDOPOLIS;"Agulha Hipodérmica material: aço inoxidável siliconizado, dimensão: 23 g x 1"", tipo ponta: bisel curto trifacetado, tipo conexão: conector luer lock ou slip em plástico, tipo fixação: protetor plástico, tipo uso: estéril, descartável, embalagem individual";Caixa 100 UN;2000.0;10.91;21820.0;1;Em andamento;Participação exclusiva para ME/EPP;material_odontologico;produto;saude;baixa;;;;;;
47842836000105-1-000133/2026;7;3515509;Fernandópolis;0;2026;29;6;Pregão - Eletrônico;0;1;Divulgada no PNCP;0;ELABORAÇÃO DE ATA DE REGISTRO DE PREÇOS PARA AQUISIÇÃO DE MATERIAIS DE CONSUMO HOSPITALAR E ODONTOLÓGICO QUE SERÃO UTILIZADOS PELOS DIVERSOS SETORES DA SECRETARIA MUNICIPAL DE SAÚDE DESTA MUNICIPALIDADE, COM ENTREGAS PARCELADAS CONFORME REQUISIÇÃO, SENDO TODOS DE 1ª QUALIDADE, COM PREVISÃO DE CONSUMO NO DECORRER DE 12 (DOZE) MESES;2026-07-23T11:01:57;2026-08-31T08:29:00;https://cnetmobile.estaleiro.serpro.gov.br/comprasnet-web/public/compras/acompanhamento-compra?compra=98641105000292026;MUNICIPIO DE FERNANDOPOLIS;"Agulha Hipodérmica material: aço inoxidável siliconizado, dimensão: 22 g x 1 1/4"", tipo ponta: bisel curto trifacetado, tipo conexão: conector luer lock ou slip em plástico, tipo fixação: protetor plástico, tipo uso: estéril, descartável, embalagem individual";Caixa 100 UN;1000.0;13.94;13940.0;1;Em andamento;Participação exclusiva para ME/EPP;material_odontologico;produto;saude;baixa;;;;;;
47842836000105-1-000133/2026;8;3515509;Fernandópolis;0;2026;29;6;Pregão - Eletrônico;0;1;Divulgada no PNCP;0;ELABORAÇÃO DE ATA DE REGISTRO DE PREÇOS PARA AQUISIÇÃO DE MATERIAIS DE CONSUMO HOSPITALAR E ODONTOLÓGICO QUE SERÃO UTILIZADOS PELOS DIVERSOS SETORES DA SECRETARIA MUNICIPAL DE SAÚDE DESTA MUNICIPALIDADE, COM ENTREGAS PARCELADAS CONFORME REQUISIÇÃO, SENDO TODOS DE 1ª QUALIDADE, COM PREVISÃO DE CONSUMO NO DECORRER DE 12 (DOZE) MESES;2026-07-23T11:01:57;2026-08-31T08:29:00;https://cnetmobile.estaleiro.serpro.gov.br/comprasnet-web/public/compras/acompanhamento-compra?compra=98641105000292026;MUNICIPIO DE FERNANDOPOLIS;"Agulha Coleta Sangue À Vácuo material: aço inoxidável siliconizado, dimensão: 22 g x 1"", tipo ponta: bisel curto trifacetado, tipo conexão: conector luer lock em plástico, tipo fixação: protetor plástico, uso: estéril, descartável, embalagem individual";Caixa 100 UN;500.0;36.01;18005.0;1;Em andamento;Participação exclusiva para ME/EPP;material_odontologico;produto;saude;baixa;;;;;;
47842836000105-1-000133/2026;9;3515509;Fernandópolis;0;2026;29;6;Pregão - Eletrônico;0;1;Divulgada no PNCP;0;ELABORAÇÃO DE ATA DE REGISTRO DE PREÇOS PARA AQUISIÇÃO DE MATERIAIS DE CONSUMO HOSPITALAR E ODONTOLÓGICO QUE SERÃO UTILIZADOS PELOS DIVERSOS SETORES DA SECRETARIA MUNICIPAL DE SAÚDE DESTA MUNICIPALIDADE, COM ENTREGAS PARCELADAS CONFORME REQUISIÇÃO, SENDO TODOS DE 1ª QUALIDADE, COM PREVISÃO DE CONSUMO NO DECORRER DE 12 (DOZE) MESES;2026-07-23T11:01:57;2026-08-31T08:29:00;https://cnetmobile.estaleiro.serpro.gov.br/comprasnet-web/public/compras/acompanhamento-compra?compra=98641105000292026;MUNICIPIO DE FERNANDOPOLIS;"Agulha Coleta Sangue À Vácuo material: aço inoxidável siliconizado, dimensão: 21 g x 1"", tipo ponta: bisel curto trifacetado, tipo conexão: conector luer lock em plástico, tipo fixação: protetor plástico, uso: estéril, descartável, embalagem individual";Caixa 100 UN;500.0;44.13;22065.0;1;Em andamento;Participação exclusiva para ME/EPP;material_odontologico;produto;saude;baixa;;;;;;
47842836000105-1-000133/2026;10;3515509;Fernandópolis;0;2026;29;6;Pregão - Eletrônico;0;1;Divulgada no PNCP;0;ELABORAÇÃO DE ATA DE REGISTRO DE PREÇOS PARA AQUISIÇÃO DE MATERIAIS DE CONSUMO HOSPITALAR E ODONTOLÓGICO QUE SERÃO UTILIZADOS PELOS DIVERSOS SETORES DA SECRETARIA MUNICIPAL DE SAÚDE DESTA MUNICIPALIDADE, COM ENTREGAS PARCELADAS CONFORME REQUISIÇÃO, SENDO TODOS DE 1ª QUALIDADE, COM PREVISÃO DE CONSUMO NO DECORRER DE 12 (DOZE) MESES;2026-07-23T11:01:57;2026-08-31T08:29:00;https://cnetmobile.estaleiro.serpro.gov.br/comprasnet-web/public/compras/acompanhamento-compra?compra=98641105000292026;MUNICIPIO DE FERNANDOPOLIS;Agulha Punção Óssea modelo: p/ infusão, aplicação: intraóssea / medula óssea, dimensões: cerca de 16 g x 0,5 a 1,5 cm, ajustável, material agulha: aço inoxidável, peça de mão: c/ empunhadura, componente 2: c/ ajuste de profundidade, componente 3: conector luer, componente adicional: c/ aplicador, esterilidade: estéril, uso único, embalagem: individual;Unidade;50.0;1112.33;55616.5;1;Em andamento;Participação exclusiva para ME/EPP;material_odontologico;produto;saude;baixa;;;;;;
47842836000105-1-000151/2026;1;3515509;Fernandópolis;0;2026;38;6;Pregão - Eletrônico;0;0;Divulgada no PNCP;0;CONTRATAÇÃO DE EMPRESA ESPECIALIZADA PARA O FORNECIMENTO DE KITS DE LANCHES, BEBIDAS E INSUMOS, INCLUINDO O TRANSPORTE E ENTREGA EM TODOS OS PONTOS ESPECIFICADOS NO TERMO DE REFERÊNCIA, BEM COMO PARA A PRESTAÇÃO DE SERVIÇOS DE REFEIÇÃO PRONTA EM RESTAURANTE NA MODALIDADE SELF-SERVICE, VISANDO AO ATENDIMENTO DAS NECESSIDADES LOGÍSTICAS E OPERACIONAIS DO JUÍZO ELEITORAL DA 150ª ZONA ELEITORAL NO TREINAMENTO DE MESÁRIOS E NO APOIO ÀS ELEIÇÕES GERAIS DE 2026 (1º E 2º TURNOS) NO MUNICÍPIO DE FERNANDÓPOLIS/SP;2026-08-14T09:53:31;2026-09-03T08:29:00;https://cnetmobile.estaleiro.serpro.gov.br/comprasnet-web/public/compras/acompanhamento-compra?compra=98641105000382026;MUNICIPIO DE FERNANDOPOLIS;Fornecimento de Refeições / Lanches / Salgados / Doces Fornecimento de Refeições / Lanches / Salgados / Doces;UNIDADE;3242.0;38.46;124687.32;1;Em andamento;Sem benefício;madeira_construcao;produto;construcao;baixa;;;;;;
47842836000105-1-000151/2026;2;3515509;Fernandópolis;0;2026;38;6;Pregão - Eletrônico;0;0;Divulgada no PNCP;0;CONTRATAÇÃO DE EMPRESA ESPECIALIZADA PARA O FORNECIMENTO DE KITS DE LANCHES, BEBIDAS E INSUMOS, INCLUINDO O TRANSPORTE E ENTREGA EM TODOS OS PONTOS ESPECIFICADOS NO TERMO DE REFERÊNCIA, BEM COMO PARA A PRESTAÇÃO DE SERVIÇOS DE REFEIÇÃO PRONTA EM RESTAURANTE NA MODALIDADE SELF-SERVICE, VISANDO AO ATENDIMENTO DAS NECESSIDADES LOGÍSTICAS E OPERACIONAIS DO JUÍZO ELEITORAL DA 150ª ZONA ELEITORAL NO TREINAMENTO DE MESÁRIOS E NO APOIO ÀS ELEIÇÕES GERAIS DE 2026 (1º E 2º TURNOS) NO MUNICÍPIO DE FERNANDÓPOLIS/SP;2026-08-14T09:53:31;2026-09-03T08:29:00;https://cnetmobile.estaleiro.serpro.gov.br/comprasnet-web/public/compras/acompanhamento-compra?compra=98641105000382026;MUNICIPIO DE FERNANDOPOLIS;Buffet Buffet;UNIDADE;60.0;73.58;4414.8;1;Em andamento;Participação exclusiva para ME/EPP;servico_capacitacao_saude;servico;saude;alta;;;;;;
47842836000105-1-000152/2026;1;3515509;Fernandópolis;0;2026;39;6;Pregão - Eletrônico;0;1;Divulgada no PNCP;0;ELABORAÇÃO DE ATA DE REGISTRO DE PREÇOS PARA CONTRATAÇÃO DE EMPRESA ESPECIALIZADA EM SERVIÇOS TÉCNICOS DE OPERAÇÃO DE SOM E ILUMINAÇÃO, COM PREVISÃO DE CONSUMO PARCELADAMENTE NO DECORRER DE 12 (DOZE) MESES;2026-08-14T11:51:40;2026-09-04T08:29:00;https://cnetmobile.estaleiro.serpro.gov.br/comprasnet-web/public/compras/acompanhamento-compra?compra=98641105000392026;MUNICIPIO DE FERNANDOPOLIS;Instalação / Manutenção / Operação / Locação  -  Equipamentode Luz / Imagem / Som Instalação / Manutenção / Operação / Locação  -  Equipamentode Luz / Imagem / Som;UNIDADE;1500.0;154.1675;231251.25;1;Em andamento;Sem benefício;racao_agropecuaria;produto;agropecuaria;baixa;;;;;;
47842836000105-1-000154/2026;1;3515509;Fernandópolis;0;2026;40;6;Pregão - Eletrônico;0;1;Divulgada no PNCP;0;ELABORAÇÃO DE ATA DE REGISTRO DE PREÇOS PARA AQUISIÇÃO DE OXIGÊNIO MEDICINAL GASOSO E AR COMPRIMIDO MEDICINAL, COM FORNECIMENTO PARCELADO, COMPREENDENDO A DISPONIBILIZAÇÃO DE CILINDROS EM REGIME DE COMODATO, RECARGAS, TRANSPORTE, LOGÍSTICA DE DISTRIBUIÇÃO, SUBSTITUIÇÃO DE CILINDROS, FORNECIMENTO DOS ACESSÓRIOS NECESSÁRIOS AO FUNCIONAMENTO DA SOLUÇÃO E DEMAIS OBRIGAÇÕES CORRELATAS, DESTINADOS AO ATENDIMENTO DAS NECESSIDADES DAS UNIDADES VINCULADAS À SECRETARIA MUNICIPAL DE SAÚDE DO MUNICÍPIO DE F;2026-08-17T15:33:00;2026-09-01T08:29:00;https://cnetmobile.estaleiro.serpro.gov.br/comprasnet-web/public/compras/acompanhamento-compra?compra=98641105000402026;MUNICIPIO DE FERNANDOPOLIS;Gás Comprimido nome: oxigênio, aspecto físico: gás incolor, fórmula química: o2, massa molecular: 31,99, grau de pureza: pureza mínima de 99%, característica adicional: uso medicinal, número de referência química: cas 7782-44-7;Metro Cúbico;2500.0;55.3017;138254.25;1;Em andamento;Sem benefício;medicamentos;produto;saude;bloqueado;;;;;;
47842836000105-1-000154/2026;2;3515509;Fernandópolis;0;2026;40;6;Pregão - Eletrônico;0;1;Divulgada no PNCP;0;ELABORAÇÃO DE ATA DE REGISTRO DE PREÇOS PARA AQUISIÇÃO DE OXIGÊNIO MEDICINAL GASOSO E AR COMPRIMIDO MEDICINAL, COM FORNECIMENTO PARCELADO, COMPREENDENDO A DISPONIBILIZAÇÃO DE CILINDROS EM REGIME DE COMODATO, RECARGAS, TRANSPORTE, LOGÍSTICA DE DISTRIBUIÇÃO, SUBSTITUIÇÃO DE CILINDROS, FORNECIMENTO DOS ACESSÓRIOS NECESSÁRIOS AO FUNCIONAMENTO DA SOLUÇÃO E DEMAIS OBRIGAÇÕES CORRELATAS, DESTINADOS AO ATENDIMENTO DAS NECESSIDADES DAS UNIDADES VINCULADAS À SECRETARIA MUNICIPAL DE SAÚDE DO MUNICÍPIO DE F;2026-08-17T15:33:00;2026-09-01T08:29:00;https://cnetmobile.estaleiro.serpro.gov.br/comprasnet-web/public/compras/acompanhamento-compra?compra=98641105000402026;MUNICIPIO DE FERNANDOPOLIS;Gás Comprimido nome: oxigênio, aspecto físico: gás incolor, fórmula química: o2, massa molecular: 31,99, grau de pureza: pureza mínima de 99%, característica adicional: uso medicinal, número de referência química: cas 7782-44-7;Metro Cúbico;500.0;55.3017;27650.85;1;Em andamento;Participação exclusiva para ME/EPP;medicamentos;produto;saude;bloqueado;;;;;;
47842836000105-1-000154/2026;3;3515509;Fernandópolis;0;2026;40;6;Pregão - Eletrônico;0;1;Divulgada no PNCP;0;ELABORAÇÃO DE ATA DE REGISTRO DE PREÇOS PARA AQUISIÇÃO DE OXIGÊNIO MEDICINAL GASOSO E AR COMPRIMIDO MEDICINAL, COM FORNECIMENTO PARCELADO, COMPREENDENDO A DISPONIBILIZAÇÃO DE CILINDROS EM REGIME DE COMODATO, RECARGAS, TRANSPORTE, LOGÍSTICA DE DISTRIBUIÇÃO, SUBSTITUIÇÃO DE CILINDROS, FORNECIMENTO DOS ACESSÓRIOS NECESSÁRIOS AO FUNCIONAMENTO DA SOLUÇÃO E DEMAIS OBRIGAÇÕES CORRELATAS, DESTINADOS AO ATENDIMENTO DAS NECESSIDADES DAS UNIDADES VINCULADAS À SECRETARIA MUNICIPAL DE SAÚDE DO MUNICÍPIO DE F;2026-08-17T15:33:00;2026-09-01T08:29:00;https://cnetmobile.estaleiro.serpro.gov.br/comprasnet-web/public/compras/acompanhamento-compra?compra=98641105000402026;MUNICIPIO DE FERNANDOPOLIS;Gás Comprimido nome: oxigênio, aspecto físico: gás incolor, fórmula química: o2, massa molecular: 31,99, grau de pureza: pureza mínima de 99%, característica adicional: uso medicinal, número de referência química: cas 7782-44-7;Metro Cúbico;2000.0;113.5833;227166.6;1;Em andamento;Sem benefício;medicamentos;produto;saude;bloqueado;;;;;;
47842836000105-1-000154/2026;4;3515509;Fernandópolis;0;2026;40;6;Pregão - Eletrônico;0;1;Divulgada no PNCP;0;ELABORAÇÃO DE ATA DE REGISTRO DE PREÇOS PARA AQUISIÇÃO DE OXIGÊNIO MEDICINAL GASOSO E AR COMPRIMIDO MEDICINAL, COM FORNECIMENTO PARCELADO, COMPREENDENDO A DISPONIBILIZAÇÃO DE CILINDROS EM REGIME DE COMODATO, RECARGAS, TRANSPORTE, LOGÍSTICA DE DISTRIBUIÇÃO, SUBSTITUIÇÃO DE CILINDROS, FORNECIMENTO DOS ACESSÓRIOS NECESSÁRIOS AO FUNCIONAMENTO DA SOLUÇÃO E DEMAIS OBRIGAÇÕES CORRELATAS, DESTINADOS AO ATENDIMENTO DAS NECESSIDADES DAS UNIDADES VINCULADAS À SECRETARIA MUNICIPAL DE SAÚDE DO MUNICÍPIO DE F;2026-08-17T15:33:00;2026-09-01T08:29:00;https://cnetmobile.estaleiro.serpro.gov.br/comprasnet-web/public/compras/acompanhamento-compra?compra=98641105000402026;MUNICIPIO DE FERNANDOPOLIS;Gás Comprimido nome: oxigênio, aspecto físico: gás incolor, fórmula química: o2, massa molecular: 31,99, grau de pureza: pureza mínima de 99%, característica adicional: uso medicinal, número de referência química: cas 7782-44-7;Metro Cúbico;500.0;113.5833;56791.65;1;Em andamento;Participação exclusiva para ME/EPP;medicamentos;produto;saude;bloqueado;;;;;;
47842836000105-1-000154/2026;5;3515509;Fernandópolis;0;2026;40;6;Pregão - Eletrônico;0;1;Divulgada no PNCP;0;ELABORAÇÃO DE ATA DE REGISTRO DE PREÇOS PARA AQUISIÇÃO DE OXIGÊNIO MEDICINAL GASOSO E AR COMPRIMIDO MEDICINAL, COM FORNECIMENTO PARCELADO, COMPREENDENDO A DISPONIBILIZAÇÃO DE CILINDROS EM REGIME DE COMODATO, RECARGAS, TRANSPORTE, LOGÍSTICA DE DISTRIBUIÇÃO, SUBSTITUIÇÃO DE CILINDROS, FORNECIMENTO DOS ACESSÓRIOS NECESSÁRIOS AO FUNCIONAMENTO DA SOLUÇÃO E DEMAIS OBRIGAÇÕES CORRELATAS, DESTINADOS AO ATENDIMENTO DAS NECESSIDADES DAS UNIDADES VINCULADAS À SECRETARIA MUNICIPAL DE SAÚDE DO MUNICÍPIO DE F;2026-08-17T15:33:00;2026-09-01T08:29:00;https://cnetmobile.estaleiro.serpro.gov.br/comprasnet-web/public/compras/acompanhamento-compra?compra=98641105000402026;MUNICIPIO DE FERNANDOPOLIS;Gás Comprimido nome: ar medicinal, aspecto físico: incolor, inodoro, fórmula química: ar do ambiente comprimido, grau de pureza: teor de oxigênio entre 19,5% e 23,5%, característica adicional: uso medicinal;Metro Cúbico;220.0;168.175;36998.5;1;Em andamento;Participação exclusiva para ME/EPP;medicamentos;produto;saude;bloqueado;;;;;;
47842836000105-1-000155/2026;1;3515509;Fernandópolis;0;2026;41;6;Pregão - Eletrônico;0;0;Divulgada no PNCP;0;CONTRATAÇÃO DE EMPRESA ESPECIALIZADA PARA PRESTAÇÃO CONTÍNUA DE SOLUÇÃO INTEGRADA DE RADIOCOMUNICAÇÃO DIGITAL POC, INCLUINDO LOCAÇÃO DE EQUIPAMENTOS, SOFTWARE DE GRAVAÇÃO E GESTÃO OPERACIONAL, CONECTIVIDADE, SUPORTE TÉCNICO E MANUTENÇÃO, PARA ATENDIMENTO DO SAMU 192 REGIONAL FERNANDÓPOLIS;2026-08-17T17:05:10;2026-09-08T08:29:00;https://cnetmobile.estaleiro.serpro.gov.br/comprasnet-web/public/compras/acompanhamento-compra?compra=98641105000412026;MUNICIPIO DE FERNANDOPOLIS;Locação Equipamento Radiocomunicação Locação Equipamento Radiocomunicação;UNIDADE;12.0;5151.34;61816.08;1;Em andamento;Participação exclusiva para ME/EPP;nao_classificado;indefinido;indefinido;baixa;;;;;;
47842836000105-1-000158/2026;1;3515509;Fernandópolis;0;2026;43;6;Pregão - Eletrônico;0;1;Divulgada no PNCP;0;ELABORAÇÃO DE ATA DE REGISTRO DE PREÇOS PARA AQUISIÇÃO DE GARRAFAS TÉRMICAS DE 1 LITRO E BATERIAS NÃO RECARREGÁVEIS DESTINADAS AOS AGENTES COMUNITÁRIOS DE SAÚDE E AGENTES DE COMBATE ÀS ENDEMIAS DA SECRETARIA MUNICIPAL DE SAÚDE DE FERNANDÓPOLIS/SP, COM PREVISÃO DE CONSUMO NO DECORRER DE 12 (DOZE) MESES;2026-09-01T15:17:44;2026-09-18T08:29:00;https://cnetmobile.estaleiro.serpro.gov.br/comprasnet-web/public/compras/acompanhamento-compra?compra=98641105000432026;MUNICIPIO DE FERNANDOPOLIS;Bateria Não Recarregável tipo: button cell, sistema eletroquímico: lithium, tensão nominal: 3, modelo: cr-2032;Unidade    ;1000.0;3.24;3240.0;1;Em andamento;Participação exclusiva para ME/EPP;racao_agropecuaria;produto;agropecuaria;baixa;;;;;;
47842836000105-1-000158/2026;2;3515509;Fernandópolis;0;2026;43;6;Pregão - Eletrônico;0;1;Divulgada no PNCP;0;ELABORAÇÃO DE ATA DE REGISTRO DE PREÇOS PARA AQUISIÇÃO DE GARRAFAS TÉRMICAS DE 1 LITRO E BATERIAS NÃO RECARREGÁVEIS DESTINADAS AOS AGENTES COMUNITÁRIOS DE SAÚDE E AGENTES DE COMBATE ÀS ENDEMIAS DA SECRETARIA MUNICIPAL DE SAÚDE DE FERNANDÓPOLIS/SP, COM PREVISÃO DE CONSUMO NO DECORRER DE 12 (DOZE) MESES;2026-09-01T15:17:44;2026-09-18T08:29:00;https://cnetmobile.estaleiro.serpro.gov.br/comprasnet-web/public/compras/acompanhamento-compra?compra=98641105000432026;MUNICIPIO DE FERNANDOPOLIS;Bateria Não Recarregável tipo: button cell, aplicação: termômetro digital flexterm incoterm, sistema eletroquímico: alcalina, tensão nominal: 1,5, modelo: lr41, capacidade nominal: 38;Unidade    ;1000.0;2.15;2150.0;1;Em andamento;Participação exclusiva para ME/EPP;rede_frio_imunizacao;produto;saude;media;;;;;;
47842836000105-1-000158/2026;3;3515509;Fernandópolis;0;2026;43;6;Pregão - Eletrônico;0;1;Divulgada no PNCP;0;ELABORAÇÃO DE ATA DE REGISTRO DE PREÇOS PARA AQUISIÇÃO DE GARRAFAS TÉRMICAS DE 1 LITRO E BATERIAS NÃO RECARREGÁVEIS DESTINADAS AOS AGENTES COMUNITÁRIOS DE SAÚDE E AGENTES DE COMBATE ÀS ENDEMIAS DA SECRETARIA MUNICIPAL DE SAÚDE DE FERNANDÓPOLIS/SP, COM PREVISÃO DE CONSUMO NO DECORRER DE 12 (DOZE) MESES;2026-09-01T15:17:44;2026-09-18T08:29:00;https://cnetmobile.estaleiro.serpro.gov.br/comprasnet-web/public/compras/acompanhamento-compra?compra=98641105000432026;MUNICIPIO DE FERNANDOPOLIS;Garrafa Térmica material: aço inoxidável, capacidade: 1, características adicionais: com alça e tampa / personalizada;Unidade    ;250.0;78.03;19507.5;1;Em andamento;Participação exclusiva para ME/EPP;copa_cozinha;produto;suprimentos;media;;;;;;
47842836000105-1-000159/2026;1;3515509;Fernandópolis;0;2026;45;6;Pregão - Eletrônico;0;1;Divulgada no PNCP;0;“ELABORAÇÃO DE ATA DE REGISTRO DE PREÇOS PARA AQUISIÇÃO DE RAÇÃO ANIMAL DESTINADA À EMEFA “MELVIN JONES”, COM PREVISÃO DE CONSUMO NO DECORRER DE 12 (DOZE) MESES”;2026-09-03T10:16:51;2026-09-21T08:29:00;https://cnetmobile.estaleiro.serpro.gov.br/comprasnet-web/public/compras/acompanhamento-compra?compra=98641105000452026;MUNICIPIO DE FERNANDOPOLIS;Ração Concentrada Ave ingredientes: vitaminas e sais minerais, aplicação: ave em fase de postura, dosagem componentes: proteína bruta 26,5% a 27,5%;Quilograma    ;6000.0;2.8353;17011.8;1;Em andamento;Participação exclusiva para ME/EPP;racao_agropecuaria;produto;agropecuaria;baixa;;;;;;
47842836000105-1-000159/2026;2;3515509;Fernandópolis;0;2026;45;6;Pregão - Eletrônico;0;1;Divulgada no PNCP;0;“ELABORAÇÃO DE ATA DE REGISTRO DE PREÇOS PARA AQUISIÇÃO DE RAÇÃO ANIMAL DESTINADA À EMEFA “MELVIN JONES”, COM PREVISÃO DE CONSUMO NO DECORRER DE 12 (DOZE) MESES”;2026-09-03T10:16:51;2026-09-21T08:29:00;https://cnetmobile.estaleiro.serpro.gov.br/comprasnet-web/public/compras/acompanhamento-compra?compra=98641105000452026;MUNICIPIO DE FERNANDOPOLIS;Ração Bovina aplicação: bovino em fase de lactação, dosagem componentes: cálcio - máximo 2,8%, extrato etéreo - mínimo 20%, ingredientes: cálcio, extrato etéreo, fósforo, matéria fibrosa,;Saco 30 KG;216.0;66.3525;14332.14;1;Em andamento;Participação exclusiva para ME/EPP;racao_agropecuaria;produto;agropecuaria;baixa;;;;;;
47842836000105-1-000159/2026;3;3515509;Fernandópolis;0;2026;45;6;Pregão - Eletrônico;0;1;Divulgada no PNCP;0;“ELABORAÇÃO DE ATA DE REGISTRO DE PREÇOS PARA AQUISIÇÃO DE RAÇÃO ANIMAL DESTINADA À EMEFA “MELVIN JONES”, COM PREVISÃO DE CONSUMO NO DECORRER DE 12 (DOZE) MESES”;2026-09-03T10:16:51;2026-09-21T08:29:00;https://cnetmobile.estaleiro.serpro.gov.br/comprasnet-web/public/compras/acompanhamento-compra?compra=98641105000452026;MUNICIPIO DE FERNANDOPOLIS;Ração Animal tipo ração: codorna, tipo: crescimento;Quilograma    ;1840.0;4.0493;7450.712;1;Em andamento;Participação exclusiva para ME/EPP;madeira_construcao;produto;construcao;baixa;;;;;;
47842836000105-1-000159/2026;4;3515509;Fernandópolis;0;2026;45;6;Pregão - Eletrônico;0;1;Divulgada no PNCP;0;“ELABORAÇÃO DE ATA DE REGISTRO DE PREÇOS PARA AQUISIÇÃO DE RAÇÃO ANIMAL DESTINADA À EMEFA “MELVIN JONES”, COM PREVISÃO DE CONSUMO NO DECORRER DE 12 (DOZE) MESES”;2026-09-03T10:16:51;2026-09-21T08:29:00;https://cnetmobile.estaleiro.serpro.gov.br/comprasnet-web/public/compras/acompanhamento-compra?compra=98641105000452026;MUNICIPIO DE FERNANDOPOLIS;Ração Concentrada Ave ingredientes: proteína bruta, cálcio, fósforo, farelo de trigo e, aplicação: ave em fase inicial;Quilograma    ;960.0;4.0373;3875.808;1;Em andamento;Participação exclusiva para ME/EPP;racao_agropecuaria;produto;agropecuaria;baixa;;;;;;
47842836000105-1-000159/2026;5;3515509;Fernandópolis;0;2026;45;6;Pregão - Eletrônico;0;1;Divulgada no PNCP;0;“ELABORAÇÃO DE ATA DE REGISTRO DE PREÇOS PARA AQUISIÇÃO DE RAÇÃO ANIMAL DESTINADA À EMEFA “MELVIN JONES”, COM PREVISÃO DE CONSUMO NO DECORRER DE 12 (DOZE) MESES”;2026-09-03T10:16:51;2026-09-21T08:29:00;https://cnetmobile.estaleiro.serpro.gov.br/comprasnet-web/public/compras/acompanhamento-compra?compra=98641105000452026;MUNICIPIO DE FERNANDOPOLIS;Ração Animal tipo ração: coelho, ingredientes: proteína bruta 15%;Quilograma    ;812.0;4.0933;3323.7596;1;Em andamento;Participação exclusiva para ME/EPP;racao_agropecuaria;produto;agropecuaria;baixa;;;;;;
47842836000105-1-000159/2026;6;3515509;Fernandópolis;0;2026;45;6;Pregão - Eletrônico;0;1;Divulgada no PNCP;0;“ELABORAÇÃO DE ATA DE REGISTRO DE PREÇOS PARA AQUISIÇÃO DE RAÇÃO ANIMAL DESTINADA À EMEFA “MELVIN JONES”, COM PREVISÃO DE CONSUMO NO DECORRER DE 12 (DOZE) MESES”;2026-09-03T10:16:51;2026-09-21T08:29:00;https://cnetmobile.estaleiro.serpro.gov.br/comprasnet-web/public/compras/acompanhamento-compra?compra=98641105000452026;MUNICIPIO DE FERNANDOPOLIS;Sal Mineral ingredientes: micro e macro elementos minerais/cloreto de sódio, aplicação: animal, dosagem componentes: proteína bruta, 170 g/kg de cálcio, 60 g/kg de fós;Quilograma    ;240.0;4.4;1056.0;1;Em andamento;Participação exclusiva para ME/EPP;racao_agropecuaria;produto;agropecuaria;baixa;;;;;;
47842836000105-1-000159/2026;7;3515509;Fernandópolis;0;2026;45;6;Pregão - Eletrônico;0;1;Divulgada no PNCP;0;“ELABORAÇÃO DE ATA DE REGISTRO DE PREÇOS PARA AQUISIÇÃO DE RAÇÃO ANIMAL DESTINADA À EMEFA “MELVIN JONES”, COM PREVISÃO DE CONSUMO NO DECORRER DE 12 (DOZE) MESES”;2026-09-03T10:16:51;2026-09-21T08:29:00;https://cnetmobile.estaleiro.serpro.gov.br/comprasnet-web/public/compras/acompanhamento-compra?compra=98641105000452026;MUNICIPIO DE FERNANDOPOLIS;Feno composição: feno de capim massay, características adicionais: mínimo de 12% proteína bruta;Quilograma    ;2000.0;3.01;6020.0;1;Em andamento;Participação exclusiva para ME/EPP;racao_agropecuaria;produto;agropecuaria;baixa;;;;;;
47842836000105-1-000159/2026;8;3515509;Fernandópolis;0;2026;45;6;Pregão - Eletrônico;0;1;Divulgada no PNCP;0;“ELABORAÇÃO DE ATA DE REGISTRO DE PREÇOS PARA AQUISIÇÃO DE RAÇÃO ANIMAL DESTINADA À EMEFA “MELVIN JONES”, COM PREVISÃO DE CONSUMO NO DECORRER DE 12 (DOZE) MESES”;2026-09-03T10:16:51;2026-09-21T08:29:00;https://cnetmobile.estaleiro.serpro.gov.br/comprasnet-web/public/compras/acompanhamento-compra?compra=98641105000452026;MUNICIPIO DE FERNANDOPOLIS;Ração Animal espécie animal: eqüinos, dosagem  máxima umidade: 13, dosagem mínima proteína: 12, dosagem mínima extrato etéreo: 6, tipo: peletizada/multipartículas/extrusada;Quilograma    ;4400.0;3.2334;14226.96;1;Em andamento;Participação exclusiva para ME/EPP;racao_agropecuaria;produto;agropecuaria;baixa;;;;;;
47842836000105-1-000159/2026;9;3515509;Fernandópolis;0;2026;45;6;Pregão - Eletrônico;0;1;Divulgada no PNCP;0;“ELABORAÇÃO DE ATA DE REGISTRO DE PREÇOS PARA AQUISIÇÃO DE RAÇÃO ANIMAL DESTINADA À EMEFA “MELVIN JONES”, COM PREVISÃO DE CONSUMO NO DECORRER DE 12 (DOZE) MESES”;2026-09-03T10:16:51;2026-09-21T08:29:00;https://cnetmobile.estaleiro.serpro.gov.br/comprasnet-web/public/compras/acompanhamento-compra?compra=98641105000452026;MUNICIPIO DE FERNANDOPOLIS;Núcleo Ração tipo: núcleo de corte, componentes: ácido pantotênico 210 mg, antioxidante 200 mg, cál, aplicação: engorda e crescimento;Quilograma    ;6400.0;0.85;5440.0;1;Em andamento;Participação exclusiva para ME/EPP;madeira_construcao;produto;construcao;baixa;;;;;;
47842836000105-1-000159/2026;10;3515509;Fernandópolis;0;2026;45;6;Pregão - Eletrônico;0;1;Divulgada no PNCP;0;“ELABORAÇÃO DE ATA DE REGISTRO DE PREÇOS PARA AQUISIÇÃO DE RAÇÃO ANIMAL DESTINADA À EMEFA “MELVIN JONES”, COM PREVISÃO DE CONSUMO NO DECORRER DE 12 (DOZE) MESES”;2026-09-03T10:16:51;2026-09-21T08:29:00;https://cnetmobile.estaleiro.serpro.gov.br/comprasnet-web/public/compras/acompanhamento-compra?compra=98641105000452026;MUNICIPIO DE FERNANDOPOLIS;Ração Concentrada Ave ingredientes: proteína bruta, cálcio, fósforo, farelo de trigo e, aplicação: ave em fase inicial;Quilograma    ;1224.0;3.9;4773.6;1;Em andamento;Participação exclusiva para ME/EPP;racao_agropecuaria;produto;agropecuaria;baixa;;;;;;
47842836000105-1-000160/2026;1;3515509;Fernandópolis;0;2026;44;6;Pregão - Eletrônico;0;1;Divulgada no PNCP;0;ELABORAÇÃO DE ATA DE REGISTRO DE PREÇOS PARA AQUISIÇÃO DE GÊNEROS ALIMENTÍCIOS, COM PREVISÃO DE CONSUMO NO DECORRER DE 12 (DOZE) MESES;2026-09-03T11:27:43;2026-09-24T08:29:00;https://cnetmobile.estaleiro.serpro.gov.br/comprasnet-web/public/compras/acompanhamento-compra?compra=98641105000442026;MUNICIPIO DE FERNANDOPOLIS;Açúcar tipo: cristal, coloração: branca;Embalagem 5 KG;2300.0;17.59;40457.0;1;Em andamento;Participação exclusiva para ME/EPP;generos_alimenticios;produto;alimentacao;media;;;;;;
47842836000105-1-000160/2026;2;3515509;Fernandópolis;0;2026;44;6;Pregão - Eletrônico;0;1;Divulgada no PNCP;0;ELABORAÇÃO DE ATA DE REGISTRO DE PREÇOS PARA AQUISIÇÃO DE GÊNEROS ALIMENTÍCIOS, COM PREVISÃO DE CONSUMO NO DECORRER DE 12 (DOZE) MESES;2026-09-03T11:27:43;2026-09-24T08:29:00;https://cnetmobile.estaleiro.serpro.gov.br/comprasnet-web/public/compras/acompanhamento-compra?compra=98641105000442026;MUNICIPIO DE FERNANDOPOLIS;Açúcar tipo: mascavo;Embalagem 1 KG;20.0;19.35;387.0;1;Em andamento;Participação exclusiva para ME/EPP;generos_alimenticios;produto;alimentacao;media;;;;;;
47842836000105-1-000160/2026;3;3515509;Fernandópolis;0;2026;44;6;Pregão - Eletrônico;0;1;Divulgada no PNCP;0;ELABORAÇÃO DE ATA DE REGISTRO DE PREÇOS PARA AQUISIÇÃO DE GÊNEROS ALIMENTÍCIOS, COM PREVISÃO DE CONSUMO NO DECORRER DE 12 (DOZE) MESES;2026-09-03T11:27:43;2026-09-24T08:29:00;https://cnetmobile.estaleiro.serpro.gov.br/comprasnet-web/public/compras/acompanhamento-compra?compra=98641105000442026;MUNICIPIO DE FERNANDOPOLIS;Açúcar tipo: de confeiteiro;Embalagem 1 KG;20.0;16.69;333.8;1;Em andamento;Participação exclusiva para ME/EPP;generos_alimenticios;produto;alimentacao;media;;;;;;
47842836000105-1-000160/2026;4;3515509;Fernandópolis;0;2026;44;6;Pregão - Eletrônico;0;1;Divulgada no PNCP;0;ELABORAÇÃO DE ATA DE REGISTRO DE PREÇOS PARA AQUISIÇÃO DE GÊNEROS ALIMENTÍCIOS, COM PREVISÃO DE CONSUMO NO DECORRER DE 12 (DOZE) MESES;2026-09-03T11:27:43;2026-09-24T08:29:00;https://cnetmobile.estaleiro.serpro.gov.br/comprasnet-web/public/compras/acompanhamento-compra?compra=98641105000442026;MUNICIPIO DE FERNANDOPOLIS;Arroz Beneficiado tipo: agulhinha/branco, subgrupo: polido, classe: longo fino, qualidade: tipo 1;Embalagem 5 KG;300.0;21.04;6312.0;1;Em andamento;Participação exclusiva para ME/EPP;generos_alimenticios;produto;alimentacao;media;;;;;;
47842836000105-1-000160/2026;5;3515509;Fernandópolis;0;2026;44;6;Pregão - Eletrônico;0;1;Divulgada no PNCP;0;ELABORAÇÃO DE ATA DE REGISTRO DE PREÇOS PARA AQUISIÇÃO DE GÊNEROS ALIMENTÍCIOS, COM PREVISÃO DE CONSUMO NO DECORRER DE 12 (DOZE) MESES;2026-09-03T11:27:43;2026-09-24T08:29:00;https://cnetmobile.estaleiro.serpro.gov.br/comprasnet-web/public/compras/acompanhamento-compra?compra=98641105000442026;MUNICIPIO DE FERNANDOPOLIS;Arroz Beneficiado tipo: parboilizado, subgrupo: integral, classe: longo fino, qualidade: tipo 1;Embalagem 5 KG;20.0;24.61;492.2;1;Em andamento;Participação exclusiva para ME/EPP;generos_alimenticios;produto;alimentacao;media;;;;;;
47842836000105-1-000160/2026;6;3515509;Fernandópolis;0;2026;44;6;Pregão - Eletrônico;0;1;Divulgada no PNCP;0;ELABORAÇÃO DE ATA DE REGISTRO DE PREÇOS PARA AQUISIÇÃO DE GÊNEROS ALIMENTÍCIOS, COM PREVISÃO DE CONSUMO NO DECORRER DE 12 (DOZE) MESES;2026-09-03T11:27:43;2026-09-24T08:29:00;https://cnetmobile.estaleiro.serpro.gov.br/comprasnet-web/public/compras/acompanhamento-compra?compra=98641105000442026;MUNICIPIO DE FERNANDOPOLIS;Leguminosa variedade: feijão carioca, tipo: tipo 1;Embalagem 1 KG;700.0;8.78;6146.0;1;Em andamento;Participação exclusiva para ME/EPP;generos_alimenticios;produto;alimentacao;media;;;;;;
47842836000105-1-000160/2026;7;3515509;Fernandópolis;0;2026;44;6;Pregão - Eletrônico;0;1;Divulgada no PNCP;0;ELABORAÇÃO DE ATA DE REGISTRO DE PREÇOS PARA AQUISIÇÃO DE GÊNEROS ALIMENTÍCIOS, COM PREVISÃO DE CONSUMO NO DECORRER DE 12 (DOZE) MESES;2026-09-03T11:27:43;2026-09-24T08:29:00;https://cnetmobile.estaleiro.serpro.gov.br/comprasnet-web/public/compras/acompanhamento-compra?compra=98641105000442026;MUNICIPIO DE FERNANDOPOLIS;Leguminosa variedade: feijão preto, tipo: tipo 1;Embalagem 1 KG;130.0;7.5;975.0;1;Em andamento;Participação exclusiva para ME/EPP;generos_alimenticios;produto;alimentacao;media;;;;;;
47842836000105-1-000160/2026;8;3515509;Fernandópolis;0;2026;44;6;Pregão - Eletrônico;0;1;Divulgada no PNCP;0;ELABORAÇÃO DE ATA DE REGISTRO DE PREÇOS PARA AQUISIÇÃO DE GÊNEROS ALIMENTÍCIOS, COM PREVISÃO DE CONSUMO NO DECORRER DE 12 (DOZE) MESES;2026-09-03T11:27:43;2026-09-24T08:29:00;https://cnetmobile.estaleiro.serpro.gov.br/comprasnet-web/public/compras/acompanhamento-compra?compra=98641105000442026;MUNICIPIO DE FERNANDOPOLIS;Óleo Vegetal Comestível tipo: puro, espécie vegetal: soja, tipo qualidade: tipo 1;Embalagem 900 ML;450.0;9.78;4401.0;1;Em andamento;Participação exclusiva para ME/EPP;racao_agropecuaria;produto;agropecuaria;baixa;;;;;;
47842836000105-1-000160/2026;9;3515509;Fernandópolis;0;2026;44;6;Pregão - Eletrônico;0;1;Divulgada no PNCP;0;ELABORAÇÃO DE ATA DE REGISTRO DE PREÇOS PARA AQUISIÇÃO DE GÊNEROS ALIMENTÍCIOS, COM PREVISÃO DE CONSUMO NO DECORRER DE 12 (DOZE) MESES;2026-09-03T11:27:43;2026-09-24T08:29:00;https://cnetmobile.estaleiro.serpro.gov.br/comprasnet-web/public/compras/acompanhamento-compra?compra=98641105000442026;MUNICIPIO DE FERNANDOPOLIS;Sal tipo: refinado, aplicação: alimentícia, características adicionais: teor mínimo cloreto de sódio 98,5%;Pacote 1 KG;160.0;2.94;470.4;1;Em andamento;Participação exclusiva para ME/EPP;racao_agropecuaria;produto;agropecuaria;baixa;;;;;;
47842836000105-1-000160/2026;10;3515509;Fernandópolis;0;2026;44;6;Pregão - Eletrônico;0;1;Divulgada no PNCP;0;ELABORAÇÃO DE ATA DE REGISTRO DE PREÇOS PARA AQUISIÇÃO DE GÊNEROS ALIMENTÍCIOS, COM PREVISÃO DE CONSUMO NO DECORRER DE 12 (DOZE) MESES;2026-09-03T11:27:43;2026-09-24T08:29:00;https://cnetmobile.estaleiro.serpro.gov.br/comprasnet-web/public/compras/acompanhamento-compra?compra=98641105000442026;MUNICIPIO DE FERNANDOPOLIS;Polpa De Fruta tipo: acerola, apresentação: congelada;Grama    ;1000.0;4.39;4390.0;1;Em andamento;Participação exclusiva para ME/EPP;hortifruti;produto;alimentacao;baixa;;;;;;
47842836000105-1-000161/2026;1;3515509;Fernandópolis;0;2026;46;6;Pregão - Eletrônico;0;0;Divulgada no PNCP;0;AQUISIÇÃO DE CESTO METÁLICO PARA DUAS PESSOAS ACOPLADO PARA GUINDASTE/MUNCK;2026-09-04T09:19:23;2026-09-23T08:29:00;https://cnetmobile.estaleiro.serpro.gov.br/comprasnet-web/public/compras/acompanhamento-compra?compra=98641105000462026;MUNICIPIO DE FERNANDOPOLIS;Cesto Segurança Inspeção E Manutenção tipo: simples, material: fibra, capacidade: 150, caracteristicas adicionais: com sistema de  nivelamento mecãnico e trava, aplicação: guindaste;Unidade;1.0;14730.0;14730.0;1;Em andamento;Participação exclusiva para ME/EPP;nao_classificado;indefinido;indefinido;baixa;;;;;;
47842836000105-1-000162/2026;1;3515509;Fernandópolis;0;2026;47;6;Pregão - Eletrônico;0;1;Divulgada no PNCP;0;ELABORAÇÃO DE ATA DE REGISTRO DE PREÇOS PARA CONTRATAÇÃO DE EMPRESA ESPECIALIZADA NA PRESTAÇÃO DE SERVIÇOS DE DIAGNÓSTICO POR IMAGEM ODONTOLÓGICA, COMPREENDENDO A REALIZAÇÃO DE TOMOGRAFIA COMPUTADORIZADA DE FEIXE CÔNICO (CONE BEAM) DE MAXILA E DE MANDÍBULA, RADIOGRAFIA PANORÂMICA E RADIOGRAFIA PERIAPICAL, DESTINADOS AO ATENDIMENTO DOS PACIENTES ENCAMINHADOS PELA REDE MUNICIPAL DE SAÚDE DE FERNANDÓPOLIS/SP, COM PREVISÃO DE CONSUMO NO DECORRER DE 12 (DOZE) MESES;2026-09-04T15:43:12;2026-09-25T08:29:00;https://cnetmobile.estaleiro.serpro.gov.br/comprasnet-web/public/compras/acompanhamento-compra?compra=98641105000472026;MUNICIPIO DE FERNANDOPOLIS;Exame por Tomografia Computadorizada Exame por Tomografia Computadorizada;UNIDADE;75.0;393.0;29475.0;1;Em andamento;Sem benefício;informatica;produto;tecnologia;baixa;;;;;;
47842836000105-1-000162/2026;2;3515509;Fernandópolis;0;2026;47;6;Pregão - Eletrônico;0;1;Divulgada no PNCP;0;ELABORAÇÃO DE ATA DE REGISTRO DE PREÇOS PARA CONTRATAÇÃO DE EMPRESA ESPECIALIZADA NA PRESTAÇÃO DE SERVIÇOS DE DIAGNÓSTICO POR IMAGEM ODONTOLÓGICA, COMPREENDENDO A REALIZAÇÃO DE TOMOGRAFIA COMPUTADORIZADA DE FEIXE CÔNICO (CONE BEAM) DE MAXILA E DE MANDÍBULA, RADIOGRAFIA PANORÂMICA E RADIOGRAFIA PERIAPICAL, DESTINADOS AO ATENDIMENTO DOS PACIENTES ENCAMINHADOS PELA REDE MUNICIPAL DE SAÚDE DE FERNANDÓPOLIS/SP, COM PREVISÃO DE CONSUMO NO DECORRER DE 12 (DOZE) MESES;2026-09-04T15:43:12;2026-09-25T08:29:00;https://cnetmobile.estaleiro.serpro.gov.br/comprasnet-web/public/compras/acompanhamento-compra?compra=98641105000472026;MUNICIPIO DE FERNANDOPOLIS;Exame por Tomografia Computadorizada Exame por Tomografia Computadorizada;UNIDADE;75.0;393.0;29475.0;1;Em andamento;Sem benefício;informatica;produto;tecnologia;baixa;;;;;;
47842836000105-1-000162/2026;3;3515509;Fernandópolis;0;2026;47;6;Pregão - Eletrônico;0;1;Divulgada no PNCP;0;ELABORAÇÃO DE ATA DE REGISTRO DE PREÇOS PARA CONTRATAÇÃO DE EMPRESA ESPECIALIZADA NA PRESTAÇÃO DE SERVIÇOS DE DIAGNÓSTICO POR IMAGEM ODONTOLÓGICA, COMPREENDENDO A REALIZAÇÃO DE TOMOGRAFIA COMPUTADORIZADA DE FEIXE CÔNICO (CONE BEAM) DE MAXILA E DE MANDÍBULA, RADIOGRAFIA PANORÂMICA E RADIOGRAFIA PERIAPICAL, DESTINADOS AO ATENDIMENTO DOS PACIENTES ENCAMINHADOS PELA REDE MUNICIPAL DE SAÚDE DE FERNANDÓPOLIS/SP, COM PREVISÃO DE CONSUMO NO DECORRER DE 12 (DOZE) MESES;2026-09-04T15:43:12;2026-09-25T08:29:00;https://cnetmobile.estaleiro.serpro.gov.br/comprasnet-web/public/compras/acompanhamento-compra?compra=98641105000472026;MUNICIPIO DE FERNANDOPOLIS;radiografia obtida através de raios gama radiografia obtida através de raios gama;UNIDADE;2800.0;101.6667;284666.76;1;Em andamento;Sem benefício;material_odontologico;produto;saude;baixa;;;;;;
47842836000105-1-000162/2026;4;3515509;Fernandópolis;0;2026;47;6;Pregão - Eletrônico;0;1;Divulgada no PNCP;0;ELABORAÇÃO DE ATA DE REGISTRO DE PREÇOS PARA CONTRATAÇÃO DE EMPRESA ESPECIALIZADA NA PRESTAÇÃO DE SERVIÇOS DE DIAGNÓSTICO POR IMAGEM ODONTOLÓGICA, COMPREENDENDO A REALIZAÇÃO DE TOMOGRAFIA COMPUTADORIZADA DE FEIXE CÔNICO (CONE BEAM) DE MAXILA E DE MANDÍBULA, RADIOGRAFIA PANORÂMICA E RADIOGRAFIA PERIAPICAL, DESTINADOS AO ATENDIMENTO DOS PACIENTES ENCAMINHADOS PELA REDE MUNICIPAL DE SAÚDE DE FERNANDÓPOLIS/SP, COM PREVISÃO DE CONSUMO NO DECORRER DE 12 (DOZE) MESES;2026-09-04T15:43:12;2026-09-25T08:29:00;https://cnetmobile.estaleiro.serpro.gov.br/comprasnet-web/public/compras/acompanhamento-compra?compra=98641105000472026;MUNICIPIO DE FERNANDOPOLIS;radiografia obtida através de raios gama radiografia obtida através de raios gama;UNIDADE;3000.0;68.0;204000.0;1;Em andamento;Sem benefício;material_odontologico;produto;saude;baixa;;;;;;
47842836000105-1-000164/2026;1;3515509;Fernandópolis;0;2026;48;6;Pregão - Eletrônico;0;1;Divulgada no PNCP;0;ELABORAÇÃO DE ATA DE REGISTRO DE PREÇOS PARA A CONTRATAÇÃO DE EMPRESA ESPECIALIZADA NA PRESTAÇÃO DE SERVIÇOS PONTUAIS DE LOCAÇÃO DE BRINQUEDOS DIVERSOS E EQUIPAMENTOS RECREATIVOS/ESPORTIVOS COM MONITORIA, BEM COMO NO FORNECIMENTO E PREPARO DE ALIMENTOS DE CONSUMO IMEDIATO (PIPOCA SALGADA, ALGODÃO DOCE, CACHORRO-QUENTE E CHOCOLATE QUENTE) EM ESTAÇÕES DE ATENDIMENTO ÀS DEMANDAS DA SECRETARIA MUNICIPAL DE CULTURA E TURISMO E DEMAIS SECRETARIAS MUNICIPAIS DO MUNICÍPIO DE FERNANDÓPOLIS/SP, COM PREVISÃO DE CONSUMO NO DECORRER DE 12 (DOZE) MESES.;2026-09-10T10:27:09;2026-09-28T08:29:00;https://cnetmobile.estaleiro.serpro.gov.br/comprasnet-web/public/compras/acompanhamento-compra?compra=98641105000482026;MUNICIPIO DE FERNANDOPOLIS;Locação de Equipamento - Esporte / Lazer Locação de Equipamento - Esporte / Lazer;UNIDADE;220.0;429.67;94527.4;1;Em andamento;Sem benefício;madeira_construcao;produto;construcao;baixa;;;;;;
47842836000105-1-000164/2026;2;3515509;Fernandópolis;0;2026;48;6;Pregão - Eletrônico;0;1;Divulgada no PNCP;0;ELABORAÇÃO DE ATA DE REGISTRO DE PREÇOS PARA A CONTRATAÇÃO DE EMPRESA ESPECIALIZADA NA PRESTAÇÃO DE SERVIÇOS PONTUAIS DE LOCAÇÃO DE BRINQUEDOS DIVERSOS E EQUIPAMENTOS RECREATIVOS/ESPORTIVOS COM MONITORIA, BEM COMO NO FORNECIMENTO E PREPARO DE ALIMENTOS DE CONSUMO IMEDIATO (PIPOCA SALGADA, ALGODÃO DOCE, CACHORRO-QUENTE E CHOCOLATE QUENTE) EM ESTAÇÕES DE ATENDIMENTO ÀS DEMANDAS DA SECRETARIA MUNICIPAL DE CULTURA E TURISMO E DEMAIS SECRETARIAS MUNICIPAIS DO MUNICÍPIO DE FERNANDÓPOLIS/SP, COM PREVISÃO DE CONSUMO NO DECORRER DE 12 (DOZE) MESES.;2026-09-10T10:27:09;2026-09-28T08:29:00;https://cnetmobile.estaleiro.serpro.gov.br/comprasnet-web/public/compras/acompanhamento-compra?compra=98641105000482026;MUNICIPIO DE FERNANDOPOLIS;Locação de Equipamento - Esporte / Lazer Locação de Equipamento - Esporte / Lazer;UNIDADE;180.0;425.38;76568.4;1;Em andamento;Participação exclusiva para ME/EPP;madeira_construcao;produto;construcao;baixa;;;;;;
47842836000105-1-000164/2026;3;3515509;Fernandópolis;0;2026;48;6;Pregão - Eletrônico;0;1;Divulgada no PNCP;0;ELABORAÇÃO DE ATA DE REGISTRO DE PREÇOS PARA A CONTRATAÇÃO DE EMPRESA ESPECIALIZADA NA PRESTAÇÃO DE SERVIÇOS PONTUAIS DE LOCAÇÃO DE BRINQUEDOS DIVERSOS E EQUIPAMENTOS RECREATIVOS/ESPORTIVOS COM MONITORIA, BEM COMO NO FORNECIMENTO E PREPARO DE ALIMENTOS DE CONSUMO IMEDIATO (PIPOCA SALGADA, ALGODÃO DOCE, CACHORRO-QUENTE E CHOCOLATE QUENTE) EM ESTAÇÕES DE ATENDIMENTO ÀS DEMANDAS DA SECRETARIA MUNICIPAL DE CULTURA E TURISMO E DEMAIS SECRETARIAS MUNICIPAIS DO MUNICÍPIO DE FERNANDÓPOLIS/SP, COM PREVISÃO DE CONSUMO NO DECORRER DE 12 (DOZE) MESES.;2026-09-10T10:27:09;2026-09-28T08:29:00;https://cnetmobile.estaleiro.serpro.gov.br/comprasnet-web/public/compras/acompanhamento-compra?compra=98641105000482026;MUNICIPIO DE FERNANDOPOLIS;Locação de Equipamento - Esporte / Lazer Locação de Equipamento - Esporte / Lazer;UNIDADE;60.0;1006.89;60413.4;1;Em andamento;Participação exclusiva para ME/EPP;madeira_construcao;produto;construcao;baixa;;;;;;
47842836000105-1-000164/2026;4;3515509;Fernandópolis;0;2026;48;6;Pregão - Eletrônico;0;1;Divulgada no PNCP;0;ELABORAÇÃO DE ATA DE REGISTRO DE PREÇOS PARA A CONTRATAÇÃO DE EMPRESA ESPECIALIZADA NA PRESTAÇÃO DE SERVIÇOS PONTUAIS DE LOCAÇÃO DE BRINQUEDOS DIVERSOS E EQUIPAMENTOS RECREATIVOS/ESPORTIVOS COM MONITORIA, BEM COMO NO FORNECIMENTO E PREPARO DE ALIMENTOS DE CONSUMO IMEDIATO (PIPOCA SALGADA, ALGODÃO DOCE, CACHORRO-QUENTE E CHOCOLATE QUENTE) EM ESTAÇÕES DE ATENDIMENTO ÀS DEMANDAS DA SECRETARIA MUNICIPAL DE CULTURA E TURISMO E DEMAIS SECRETARIAS MUNICIPAIS DO MUNICÍPIO DE FERNANDÓPOLIS/SP, COM PREVISÃO DE CONSUMO NO DECORRER DE 12 (DOZE) MESES.;2026-09-10T10:27:09;2026-09-28T08:29:00;https://cnetmobile.estaleiro.serpro.gov.br/comprasnet-web/public/compras/acompanhamento-compra?compra=98641105000482026;MUNICIPIO DE FERNANDOPOLIS;Locação de Equipamento - Esporte / Lazer Locação de Equipamento - Esporte / Lazer;UNIDADE;100.0;1013.98;101398.0;1;Em andamento;Sem benefício;madeira_construcao;produto;construcao;baixa;;;;;;
47842836000105-1-000164/2026;5;3515509;Fernandópolis;0;2026;48;6;Pregão - Eletrônico;0;1;Divulgada no PNCP;0;ELABORAÇÃO DE ATA DE REGISTRO DE PREÇOS PARA A CONTRATAÇÃO DE EMPRESA ESPECIALIZADA NA PRESTAÇÃO DE SERVIÇOS PONTUAIS DE LOCAÇÃO DE BRINQUEDOS DIVERSOS E EQUIPAMENTOS RECREATIVOS/ESPORTIVOS COM MONITORIA, BEM COMO NO FORNECIMENTO E PREPARO DE ALIMENTOS DE CONSUMO IMEDIATO (PIPOCA SALGADA, ALGODÃO DOCE, CACHORRO-QUENTE E CHOCOLATE QUENTE) EM ESTAÇÕES DE ATENDIMENTO ÀS DEMANDAS DA SECRETARIA MUNICIPAL DE CULTURA E TURISMO E DEMAIS SECRETARIAS MUNICIPAIS DO MUNICÍPIO DE FERNANDÓPOLIS/SP, COM PREVISÃO DE CONSUMO NO DECORRER DE 12 (DOZE) MESES.;2026-09-10T10:27:09;2026-09-28T08:29:00;https://cnetmobile.estaleiro.serpro.gov.br/comprasnet-web/public/compras/acompanhamento-compra?compra=98641105000482026;MUNICIPIO DE FERNANDOPOLIS;Locação de Equipamento - Esporte / Lazer Locação de Equipamento - Esporte / Lazer;UNIDADE;100.0;790.21;79021.0;1;Em andamento;Participação exclusiva para ME/EPP;madeira_construcao;produto;construcao;baixa;;;;;;
47842836000105-1-000164/2026;6;3515509;Fernandópolis;0;2026;48;6;Pregão - Eletrônico;0;1;Divulgada no PNCP;0;ELABORAÇÃO DE ATA DE REGISTRO DE PREÇOS PARA A CONTRATAÇÃO DE EMPRESA ESPECIALIZADA NA PRESTAÇÃO DE SERVIÇOS PONTUAIS DE LOCAÇÃO DE BRINQUEDOS DIVERSOS E EQUIPAMENTOS RECREATIVOS/ESPORTIVOS COM MONITORIA, BEM COMO NO FORNECIMENTO E PREPARO DE ALIMENTOS DE CONSUMO IMEDIATO (PIPOCA SALGADA, ALGODÃO DOCE, CACHORRO-QUENTE E CHOCOLATE QUENTE) EM ESTAÇÕES DE ATENDIMENTO ÀS DEMANDAS DA SECRETARIA MUNICIPAL DE CULTURA E TURISMO E DEMAIS SECRETARIAS MUNICIPAIS DO MUNICÍPIO DE FERNANDÓPOLIS/SP, COM PREVISÃO DE CONSUMO NO DECORRER DE 12 (DOZE) MESES.;2026-09-10T10:27:09;2026-09-28T08:29:00;https://cnetmobile.estaleiro.serpro.gov.br/comprasnet-web/public/compras/acompanhamento-compra?compra=98641105000482026;MUNICIPIO DE FERNANDOPOLIS;Locação de Equipamento - Esporte / Lazer Locação de Equipamento - Esporte / Lazer;UNIDADE;60.0;636.28;38176.8;1;Em andamento;Participação exclusiva para ME/EPP;madeira_construcao;produto;construcao;baixa;;;;;;
47842836000105-1-000164/2026;7;3515509;Fernandópolis;0;2026;48;6;Pregão - Eletrônico;0;1;Divulgada no PNCP;0;ELABORAÇÃO DE ATA DE REGISTRO DE PREÇOS PARA A CONTRATAÇÃO DE EMPRESA ESPECIALIZADA NA PRESTAÇÃO DE SERVIÇOS PONTUAIS DE LOCAÇÃO DE BRINQUEDOS DIVERSOS E EQUIPAMENTOS RECREATIVOS/ESPORTIVOS COM MONITORIA, BEM COMO NO FORNECIMENTO E PREPARO DE ALIMENTOS DE CONSUMO IMEDIATO (PIPOCA SALGADA, ALGODÃO DOCE, CACHORRO-QUENTE E CHOCOLATE QUENTE) EM ESTAÇÕES DE ATENDIMENTO ÀS DEMANDAS DA SECRETARIA MUNICIPAL DE CULTURA E TURISMO E DEMAIS SECRETARIAS MUNICIPAIS DO MUNICÍPIO DE FERNANDÓPOLIS/SP, COM PREVISÃO DE CONSUMO NO DECORRER DE 12 (DOZE) MESES.;2026-09-10T10:27:09;2026-09-28T08:29:00;https://cnetmobile.estaleiro.serpro.gov.br/comprasnet-web/public/compras/acompanhamento-compra?compra=98641105000482026;MUNICIPIO DE FERNANDOPOLIS;Locação de Equipamento - Esporte / Lazer Locação de Equipamento - Esporte / Lazer;UNIDADE;160.0;627.02;100323.2;1;Em andamento;Sem benefício;madeira_construcao;produto;construcao;baixa;;;;;;
47842836000105-1-000164/2026;8;3515509;Fernandópolis;0;2026;48;6;Pregão - Eletrônico;0;1;Divulgada no PNCP;0;ELABORAÇÃO DE ATA DE REGISTRO DE PREÇOS PARA A CONTRATAÇÃO DE EMPRESA ESPECIALIZADA NA PRESTAÇÃO DE SERVIÇOS PONTUAIS DE LOCAÇÃO DE BRINQUEDOS DIVERSOS E EQUIPAMENTOS RECREATIVOS/ESPORTIVOS COM MONITORIA, BEM COMO NO FORNECIMENTO E PREPARO DE ALIMENTOS DE CONSUMO IMEDIATO (PIPOCA SALGADA, ALGODÃO DOCE, CACHORRO-QUENTE E CHOCOLATE QUENTE) EM ESTAÇÕES DE ATENDIMENTO ÀS DEMANDAS DA SECRETARIA MUNICIPAL DE CULTURA E TURISMO E DEMAIS SECRETARIAS MUNICIPAIS DO MUNICÍPIO DE FERNANDÓPOLIS/SP, COM PREVISÃO DE CONSUMO NO DECORRER DE 12 (DOZE) MESES.;2026-09-10T10:27:09;2026-09-28T08:29:00;https://cnetmobile.estaleiro.serpro.gov.br/comprasnet-web/public/compras/acompanhamento-compra?compra=98641105000482026;MUNICIPIO DE FERNANDOPOLIS;Locação de Equipamento - Esporte / Lazer Locação de Equipamento - Esporte / Lazer;UNIDADE;100.0;966.56;96656.0;1;Em andamento;Sem benefício;madeira_construcao;produto;construcao;baixa;;;;;;
47842836000105-1-000164/2026;9;3515509;Fernandópolis;0;2026;48;6;Pregão - Eletrônico;0;1;Divulgada no PNCP;0;ELABORAÇÃO DE ATA DE REGISTRO DE PREÇOS PARA A CONTRATAÇÃO DE EMPRESA ESPECIALIZADA NA PRESTAÇÃO DE SERVIÇOS PONTUAIS DE LOCAÇÃO DE BRINQUEDOS DIVERSOS E EQUIPAMENTOS RECREATIVOS/ESPORTIVOS COM MONITORIA, BEM COMO NO FORNECIMENTO E PREPARO DE ALIMENTOS DE CONSUMO IMEDIATO (PIPOCA SALGADA, ALGODÃO DOCE, CACHORRO-QUENTE E CHOCOLATE QUENTE) EM ESTAÇÕES DE ATENDIMENTO ÀS DEMANDAS DA SECRETARIA MUNICIPAL DE CULTURA E TURISMO E DEMAIS SECRETARIAS MUNICIPAIS DO MUNICÍPIO DE FERNANDÓPOLIS/SP, COM PREVISÃO DE CONSUMO NO DECORRER DE 12 (DOZE) MESES.;2026-09-10T10:27:09;2026-09-28T08:29:00;https://cnetmobile.estaleiro.serpro.gov.br/comprasnet-web/public/compras/acompanhamento-compra?compra=98641105000482026;MUNICIPIO DE FERNANDOPOLIS;Locação de Equipamento - Esporte / Lazer Locação de Equipamento - Esporte / Lazer;UNIDADE;200.0;461.02;92204.0;1;Em andamento;Sem benefício;madeira_construcao;produto;construcao;baixa;;;;;;
47842836000105-1-000164/2026;10;3515509;Fernandópolis;0;2026;48;6;Pregão - Eletrônico;0;1;Divulgada no PNCP;0;ELABORAÇÃO DE ATA DE REGISTRO DE PREÇOS PARA A CONTRATAÇÃO DE EMPRESA ESPECIALIZADA NA PRESTAÇÃO DE SERVIÇOS PONTUAIS DE LOCAÇÃO DE BRINQUEDOS DIVERSOS E EQUIPAMENTOS RECREATIVOS/ESPORTIVOS COM MONITORIA, BEM COMO NO FORNECIMENTO E PREPARO DE ALIMENTOS DE CONSUMO IMEDIATO (PIPOCA SALGADA, ALGODÃO DOCE, CACHORRO-QUENTE E CHOCOLATE QUENTE) EM ESTAÇÕES DE ATENDIMENTO ÀS DEMANDAS DA SECRETARIA MUNICIPAL DE CULTURA E TURISMO E DEMAIS SECRETARIAS MUNICIPAIS DO MUNICÍPIO DE FERNANDÓPOLIS/SP, COM PREVISÃO DE CONSUMO NO DECORRER DE 12 (DOZE) MESES.;2026-09-10T10:27:09;2026-09-28T08:29:00;https://cnetmobile.estaleiro.serpro.gov.br/comprasnet-web/public/compras/acompanhamento-compra?compra=98641105000482026;MUNICIPIO DE FERNANDOPOLIS;Locação de Equipamento - Esporte / Lazer Locação de Equipamento - Esporte / Lazer;UNIDADE;172.0;488.6;84039.2;1;Em andamento;Sem benefício;madeira_construcao;produto;construcao;baixa;;;;;;
47842836000105-1-000167/2026;1;3515509;Fernandópolis;0;2026;51;6;Pregão - Eletrônico;0;0;Divulgada no PNCP;0;“CONTRATAÇÃO DE EMPRESA ESPECIALIZADA E REGULARMENTE AUTORIZADA PARA A PRESTAÇÃO CONTÍNUA DE SERVIÇOS DE VIGILÂNCIA PATRIMONIAL DESARMADA, COM DEDICAÇÃO EXCLUSIVA DE MÃO DE OBRA, DESTINADOS À UNIDADE DE PRONTO ATENDIMENTO - UPA 24 HORAS DE FERNANDÓPOLIS/SP, PELO PERÍODO INICIAL DE 12 MESES, ABRANGENDO DOIS POSTOS FÍSICOS SIMULTÂNEOS NO PERÍODO DIURNO, DAS 07H ÀS 19H, E DOIS POSTOS FÍSICOS SIMULTÂNEOS NO PERÍODO NOTURNO, DAS 19H ÀS 07H, EM ESCALA 12X36, DURANTE TODOS OS DIAS DA SEMANA, INCLUSIVE SÁBADOS, DOMINGOS, FERIADOS E PONTOS FACULTATIVOS, NO MUNICÍPIO DE FERNANDÓPOLIS/SP”;2026-09-15T15:51:50;2026-10-01T08:29:00;https://cnetmobile.estaleiro.serpro.gov.br/comprasnet-web/public/compras/acompanhamento-compra?compra=98641105000512026;MUNICIPIO DE FERNANDOPOLIS;Prestação de Serviço de  Vigilância e Segurança - Orgânica -12 Horas Diurnas - 2ª a Domingo Prestação de Serviço de  Vigilância e Segurança - Orgânica -12 Horas Diurnas - 2ª a Domingo;POSTO;12.0;49244.3794;590932.5528;1;Em andamento;Sem benefício;nao_classificado;indefinido;indefinido;baixa;;;;;;
47842836000105-1-000167/2026;2;3515509;Fernandópolis;0;2026;51;6;Pregão - Eletrônico;0;0;Divulgada no PNCP;0;“CONTRATAÇÃO DE EMPRESA ESPECIALIZADA E REGULARMENTE AUTORIZADA PARA A PRESTAÇÃO CONTÍNUA DE SERVIÇOS DE VIGILÂNCIA PATRIMONIAL DESARMADA, COM DEDICAÇÃO EXCLUSIVA DE MÃO DE OBRA, DESTINADOS À UNIDADE DE PRONTO ATENDIMENTO - UPA 24 HORAS DE FERNANDÓPOLIS/SP, PELO PERÍODO INICIAL DE 12 MESES, ABRANGENDO DOIS POSTOS FÍSICOS SIMULTÂNEOS NO PERÍODO DIURNO, DAS 07H ÀS 19H, E DOIS POSTOS FÍSICOS SIMULTÂNEOS NO PERÍODO NOTURNO, DAS 19H ÀS 07H, EM ESCALA 12X36, DURANTE TODOS OS DIAS DA SEMANA, INCLUSIVE SÁBADOS, DOMINGOS, FERIADOS E PONTOS FACULTATIVOS, NO MUNICÍPIO DE FERNANDÓPOLIS/SP”;2026-09-15T15:51:50;2026-10-01T08:29:00;https://cnetmobile.estaleiro.serpro.gov.br/comprasnet-web/public/compras/acompanhamento-compra?compra=98641105000512026;MUNICIPIO DE FERNANDOPOLIS;Prestação de Serviço de  Vigilância e Segurança - Orgânica -12H Noturnas - 2ª a Domingo Prestação de Serviço de  Vigilância e Segurança - Orgânica -12H Noturnas - 2ª a Domingo;POSTO;12.0;55107.2875;661287.45;1;Em andamento;Sem benefício;nao_classificado;indefinido;indefinido;baixa;;;;;;
47842836000105-1-000171/2026;1;3515509;Fernandópolis;0;2026;55;6;Pregão - Eletrônico;0;1;Divulgada no PNCP;0;“ELABORAÇÃO DE ATA DE REGISTRO DE PREÇOS PARA FUTURA E EVENTUAL CONTRATAÇÃO DE EMPRESA ESPECIALIZADA NA CONFECÇÃO E NO FORNECIMENTO DE UNIFORMES FUNCIONAIS E ACESSÓRIOS DE IDENTIFICAÇÃO INSTITUCIONAL, DESTINADOS AO ATENDIMENTO DAS NECESSIDADES DAS SECRETARIAS MUNICIPAIS DE SAÚDE, ASSISTÊNCIA SOCIAL E CIDADANIA, TRÂNSITO E TRANSPORTE E PROCON, DO MUNICÍPIO DE FERNANDÓPOLIS/SP, COM PREVISÃO DE CONSUMO PARCELADAMENTE NO DECORRER DE 12 (DOZE) MESES”.;2026-09-24T09:58:19;2026-10-08T08:29:00;https://cnetmobile.estaleiro.serpro.gov.br/comprasnet-web/public/compras/acompanhamento-compra?compra=98641105000552026;MUNICIPIO DE FERNANDOPOLIS;Boné material corpo: tecido microfibra reversível, material aba: polietileno, material regulador abertura: regulagem plástica de um pino, modelo: amm-0 (recorte no morcego entretelado), cor: marinho noite, parte interna da aba verde, tipo impressão: conforme especificações do órgão, características adicionais: parte traseira com dois gomos, tamanho: único;Unidade;750.0;39.5;29625.0;1;Em andamento;Participação exclusiva para ME/EPP;textil_uniforme;produto;vestuario;media;;;;;;
47842836000105-1-000171/2026;2;3515509;Fernandópolis;0;2026;55;6;Pregão - Eletrônico;0;1;Divulgada no PNCP;0;“ELABORAÇÃO DE ATA DE REGISTRO DE PREÇOS PARA FUTURA E EVENTUAL CONTRATAÇÃO DE EMPRESA ESPECIALIZADA NA CONFECÇÃO E NO FORNECIMENTO DE UNIFORMES FUNCIONAIS E ACESSÓRIOS DE IDENTIFICAÇÃO INSTITUCIONAL, DESTINADOS AO ATENDIMENTO DAS NECESSIDADES DAS SECRETARIAS MUNICIPAIS DE SAÚDE, ASSISTÊNCIA SOCIAL E CIDADANIA, TRÂNSITO E TRANSPORTE E PROCON, DO MUNICÍPIO DE FERNANDÓPOLIS/SP, COM PREVISÃO DE CONSUMO PARCELADAMENTE NO DECORRER DE 12 (DOZE) MESES”.;2026-09-24T09:58:19;2026-10-08T08:29:00;https://cnetmobile.estaleiro.serpro.gov.br/comprasnet-web/public/compras/acompanhamento-compra?compra=98641105000552026;MUNICIPIO DE FERNANDOPOLIS;Boné material corpo: tecido microfibra reversível, material aba: polietileno, material regulador abertura: regulagem plástica de um pino, modelo: amm-0 (recorte no morcego entretelado), cor: marinho noite, parte interna da aba verde, tipo impressão: conforme especificações do órgão, características adicionais: parte traseira com dois gomos, tamanho: único;Unidade;750.0;39.5;29625.0;1;Em andamento;Participação exclusiva para ME/EPP;textil_uniforme;produto;vestuario;media;;;;;;
47842836000105-1-000171/2026;3;3515509;Fernandópolis;0;2026;55;6;Pregão - Eletrônico;0;1;Divulgada no PNCP;0;“ELABORAÇÃO DE ATA DE REGISTRO DE PREÇOS PARA FUTURA E EVENTUAL CONTRATAÇÃO DE EMPRESA ESPECIALIZADA NA CONFECÇÃO E NO FORNECIMENTO DE UNIFORMES FUNCIONAIS E ACESSÓRIOS DE IDENTIFICAÇÃO INSTITUCIONAL, DESTINADOS AO ATENDIMENTO DAS NECESSIDADES DAS SECRETARIAS MUNICIPAIS DE SAÚDE, ASSISTÊNCIA SOCIAL E CIDADANIA, TRÂNSITO E TRANSPORTE E PROCON, DO MUNICÍPIO DE FERNANDÓPOLIS/SP, COM PREVISÃO DE CONSUMO PARCELADAMENTE NO DECORRER DE 12 (DOZE) MESES”.;2026-09-24T09:58:19;2026-10-08T08:29:00;https://cnetmobile.estaleiro.serpro.gov.br/comprasnet-web/public/compras/acompanhamento-compra?compra=98641105000552026;MUNICIPIO DE FERNANDOPOLIS;Camiseta tipo: unissex, tipo manga: curta, tipo gola: careca, cor: branca, tamanho: variado, características adicionais: conforme modelo, material: 100% algodão;Unidade;500.0;46.2667;23133.35;1;Em andamento;Participação exclusiva para ME/EPP;textil_uniforme;produto;vestuario;media;;;;;;
47842836000105-1-000171/2026;4;3515509;Fernandópolis;0;2026;55;6;Pregão - Eletrônico;0;1;Divulgada no PNCP;0;“ELABORAÇÃO DE ATA DE REGISTRO DE PREÇOS PARA FUTURA E EVENTUAL CONTRATAÇÃO DE EMPRESA ESPECIALIZADA NA CONFECÇÃO E NO FORNECIMENTO DE UNIFORMES FUNCIONAIS E ACESSÓRIOS DE IDENTIFICAÇÃO INSTITUCIONAL, DESTINADOS AO ATENDIMENTO DAS NECESSIDADES DAS SECRETARIAS MUNICIPAIS DE SAÚDE, ASSISTÊNCIA SOCIAL E CIDADANIA, TRÂNSITO E TRANSPORTE E PROCON, DO MUNICÍPIO DE FERNANDÓPOLIS/SP, COM PREVISÃO DE CONSUMO PARCELADAMENTE NO DECORRER DE 12 (DOZE) MESES”.;2026-09-24T09:58:19;2026-10-08T08:29:00;https://cnetmobile.estaleiro.serpro.gov.br/comprasnet-web/public/compras/acompanhamento-compra?compra=98641105000552026;MUNICIPIO DE FERNANDOPOLIS;Camiseta tipo: unissex, tipo manga: curta, tipo gola: careca, cor: branca, tamanho: variado, características adicionais: conforme modelo, material: 100% algodão;Unidade;500.0;46.2667;23133.35;1;Em andamento;Participação exclusiva para ME/EPP;textil_uniforme;produto;vestuario;media;;;;;;
47842836000105-1-000171/2026;5;3515509;Fernandópolis;0;2026;55;6;Pregão - Eletrônico;0;1;Divulgada no PNCP;0;“ELABORAÇÃO DE ATA DE REGISTRO DE PREÇOS PARA FUTURA E EVENTUAL CONTRATAÇÃO DE EMPRESA ESPECIALIZADA NA CONFECÇÃO E NO FORNECIMENTO DE UNIFORMES FUNCIONAIS E ACESSÓRIOS DE IDENTIFICAÇÃO INSTITUCIONAL, DESTINADOS AO ATENDIMENTO DAS NECESSIDADES DAS SECRETARIAS MUNICIPAIS DE SAÚDE, ASSISTÊNCIA SOCIAL E CIDADANIA, TRÂNSITO E TRANSPORTE E PROCON, DO MUNICÍPIO DE FERNANDÓPOLIS/SP, COM PREVISÃO DE CONSUMO PARCELADAMENTE NO DECORRER DE 12 (DOZE) MESES”.;2026-09-24T09:58:19;2026-10-08T08:29:00;https://cnetmobile.estaleiro.serpro.gov.br/comprasnet-web/public/compras/acompanhamento-compra?compra=98641105000552026;MUNICIPIO DE FERNANDOPOLIS;Camiseta tipo: unissex, tipo manga: longa, tipo gola: redonda, cor: cinza, tamanho: sob medida, características adicionais: impressão frontal e mangas, material: 88% poliamida e 12% elastano, aplicação: uniforme;Unidade;750.0;84.5667;63425.025;1;Em andamento;Participação exclusiva para ME/EPP;textil_uniforme;produto;vestuario;media;;;;;;
47842836000105-1-000171/2026;6;3515509;Fernandópolis;0;2026;55;6;Pregão - Eletrônico;0;1;Divulgada no PNCP;0;“ELABORAÇÃO DE ATA DE REGISTRO DE PREÇOS PARA FUTURA E EVENTUAL CONTRATAÇÃO DE EMPRESA ESPECIALIZADA NA CONFECÇÃO E NO FORNECIMENTO DE UNIFORMES FUNCIONAIS E ACESSÓRIOS DE IDENTIFICAÇÃO INSTITUCIONAL, DESTINADOS AO ATENDIMENTO DAS NECESSIDADES DAS SECRETARIAS MUNICIPAIS DE SAÚDE, ASSISTÊNCIA SOCIAL E CIDADANIA, TRÂNSITO E TRANSPORTE E PROCON, DO MUNICÍPIO DE FERNANDÓPOLIS/SP, COM PREVISÃO DE CONSUMO PARCELADAMENTE NO DECORRER DE 12 (DOZE) MESES”.;2026-09-24T09:58:19;2026-10-08T08:29:00;https://cnetmobile.estaleiro.serpro.gov.br/comprasnet-web/public/compras/acompanhamento-compra?compra=98641105000552026;MUNICIPIO DE FERNANDOPOLIS;Camiseta tipo: unissex, tipo manga: longa, tipo gola: redonda, cor: cinza, tamanho: sob medida, características adicionais: impressão frontal e mangas, material: 88% poliamida e 12% elastano, aplicação: uniforme;Unidade;750.0;84.5667;63425.025;1;Em andamento;Participação exclusiva para ME/EPP;textil_uniforme;produto;vestuario;media;;;;;;
47842836000105-1-000171/2026;7;3515509;Fernandópolis;0;2026;55;6;Pregão - Eletrônico;0;1;Divulgada no PNCP;0;“ELABORAÇÃO DE ATA DE REGISTRO DE PREÇOS PARA FUTURA E EVENTUAL CONTRATAÇÃO DE EMPRESA ESPECIALIZADA NA CONFECÇÃO E NO FORNECIMENTO DE UNIFORMES FUNCIONAIS E ACESSÓRIOS DE IDENTIFICAÇÃO INSTITUCIONAL, DESTINADOS AO ATENDIMENTO DAS NECESSIDADES DAS SECRETARIAS MUNICIPAIS DE SAÚDE, ASSISTÊNCIA SOCIAL E CIDADANIA, TRÂNSITO E TRANSPORTE E PROCON, DO MUNICÍPIO DE FERNANDÓPOLIS/SP, COM PREVISÃO DE CONSUMO PARCELADAMENTE NO DECORRER DE 12 (DOZE) MESES”.;2026-09-24T09:58:19;2026-10-08T08:29:00;https://cnetmobile.estaleiro.serpro.gov.br/comprasnet-web/public/compras/acompanhamento-compra?compra=98641105000552026;MUNICIPIO DE FERNANDOPOLIS;Colete Identificação material: tecido, tipo tecido: tectel, quantidade bolsos: 2 externo, características adicionais: conforme modelo do órgão, cor: azul, tamanho: sob medida;Unidade;80.0;80.0;6400.0;1;Em andamento;Participação exclusiva para ME/EPP;textil_uniforme;produto;vestuario;media;;;;;;
47842836000105-1-000171/2026;8;3515509;Fernandópolis;0;2026;55;6;Pregão - Eletrônico;0;1;Divulgada no PNCP;0;“ELABORAÇÃO DE ATA DE REGISTRO DE PREÇOS PARA FUTURA E EVENTUAL CONTRATAÇÃO DE EMPRESA ESPECIALIZADA NA CONFECÇÃO E NO FORNECIMENTO DE UNIFORMES FUNCIONAIS E ACESSÓRIOS DE IDENTIFICAÇÃO INSTITUCIONAL, DESTINADOS AO ATENDIMENTO DAS NECESSIDADES DAS SECRETARIAS MUNICIPAIS DE SAÚDE, ASSISTÊNCIA SOCIAL E CIDADANIA, TRÂNSITO E TRANSPORTE E PROCON, DO MUNICÍPIO DE FERNANDÓPOLIS/SP, COM PREVISÃO DE CONSUMO PARCELADAMENTE NO DECORRER DE 12 (DOZE) MESES”.;2026-09-24T09:58:19;2026-10-08T08:29:00;https://cnetmobile.estaleiro.serpro.gov.br/comprasnet-web/public/compras/acompanhamento-compra?compra=98641105000552026;MUNICIPIO DE FERNANDOPOLIS;Confecção - Bordado - Aviamento de Roupa / fardamento / camiseta Confecção - Bordado - Aviamento de Roupa / fardamento / camiseta;UNIDADE;21.0;106.41;2234.61;1;Em andamento;Participação exclusiva para ME/EPP;textil_uniforme;produto;vestuario;media;;;;;;
47842836000105-1-000171/2026;9;3515509;Fernandópolis;0;2026;55;6;Pregão - Eletrônico;0;1;Divulgada no PNCP;0;“ELABORAÇÃO DE ATA DE REGISTRO DE PREÇOS PARA FUTURA E EVENTUAL CONTRATAÇÃO DE EMPRESA ESPECIALIZADA NA CONFECÇÃO E NO FORNECIMENTO DE UNIFORMES FUNCIONAIS E ACESSÓRIOS DE IDENTIFICAÇÃO INSTITUCIONAL, DESTINADOS AO ATENDIMENTO DAS NECESSIDADES DAS SECRETARIAS MUNICIPAIS DE SAÚDE, ASSISTÊNCIA SOCIAL E CIDADANIA, TRÂNSITO E TRANSPORTE E PROCON, DO MUNICÍPIO DE FERNANDÓPOLIS/SP, COM PREVISÃO DE CONSUMO PARCELADAMENTE NO DECORRER DE 12 (DOZE) MESES”.;2026-09-24T09:58:19;2026-10-08T08:29:00;https://cnetmobile.estaleiro.serpro.gov.br/comprasnet-web/public/compras/acompanhamento-compra?compra=98641105000552026;MUNICIPIO DE FERNANDOPOLIS;Colete Identificação material: 70% poliéster e 30% algodão, tipo tecido: rip stop, quantidade bolsos: 2 externo, características adicionais: conforme modelo do órgão, cor: bege e verde musgo, tamanho: sob medida;Unidade;500.0;159.318;79659.0;1;Em andamento;Participação exclusiva para ME/EPP;textil_uniforme;produto;vestuario;media;;;;;;
47842836000105-1-000171/2026;10;3515509;Fernandópolis;0;2026;55;6;Pregão - Eletrônico;0;1;Divulgada no PNCP;0;“ELABORAÇÃO DE ATA DE REGISTRO DE PREÇOS PARA FUTURA E EVENTUAL CONTRATAÇÃO DE EMPRESA ESPECIALIZADA NA CONFECÇÃO E NO FORNECIMENTO DE UNIFORMES FUNCIONAIS E ACESSÓRIOS DE IDENTIFICAÇÃO INSTITUCIONAL, DESTINADOS AO ATENDIMENTO DAS NECESSIDADES DAS SECRETARIAS MUNICIPAIS DE SAÚDE, ASSISTÊNCIA SOCIAL E CIDADANIA, TRÂNSITO E TRANSPORTE E PROCON, DO MUNICÍPIO DE FERNANDÓPOLIS/SP, COM PREVISÃO DE CONSUMO PARCELADAMENTE NO DECORRER DE 12 (DOZE) MESES”.;2026-09-24T09:58:19;2026-10-08T08:29:00;https://cnetmobile.estaleiro.serpro.gov.br/comprasnet-web/public/compras/acompanhamento-compra?compra=98641105000552026;MUNICIPIO DE FERNANDOPOLIS;Colete Identificação material: 70% poliéster e 30% algodão, tipo tecido: rip stop, quantidade bolsos: 2 externo, características adicionais: conforme modelo do órgão, cor: bege e verde musgo, tamanho: sob medida;Unidade;500.0;159.318;79659.0;1;Em andamento;Participação exclusiva para ME/EPP;textil_uniforme;produto;vestuario;media;;;;;;
47842836000105-1-000172/2026;1;3515509;Fernandópolis;0;2026;56;6;Pregão - Eletrônico;0;0;Divulgada no PNCP;0;AQUISIÇÃO DE TENDAS PERSONALIZADAS DESTINADAS ÀS UNIDADES DE PROTEÇÃO SOCIAL BÁSICA, DE PROTEÇÃO SOCIAL ESPECIAL E À CENTRAL DE CADASTRO ÚNICO, TODAS VINCULADAS À SECRETARIA MUNICIPAL DE ASSISTÊNCIA SOCIAL E CIDADANIA DE FERNANDÓPOLIS/SP;2026-09-24T15:31:29;2026-10-09T08:29:00;https://cnetmobile.estaleiro.serpro.gov.br/comprasnet-web/public/compras/acompanhamento-compra?compra=98641105000562026;MUNICIPIO DE FERNANDOPOLIS;Cobertura Barraca material: lona nylon 600, largura: 3, comprimento: 3, altura: 1,30 a 2,20, características adicionais: tenda sanfonada/piramidal/estrutura metálica;Unidade;8.0;5461.27;43690.16;1;Em andamento;Participação exclusiva para ME/EPP;nao_classificado;indefinido;indefinido;baixa;;;;;;
47842836000105-1-000175/2026;1;3515509;Fernandópolis;0;2026;57;6;Pregão - Eletrônico;0;1;Divulgada no PNCP;0;“ELABORAÇÃO DE ATA DE REGISTRO DE PREÇOS PARA AQUISIÇÃO DE CAMISETAS PERSONALIZADAS, DESTINADAS AO ATENDIMENTO DAS CAMPANHAS, AÇÕES EDUCATIVAS, PREVENTIVAS, DE PROMOÇÃO E DE CONSCIENTIZAÇÃO DESENVOLVIDAS PELA SECRETARIA MUNICIPAL DE SAÚDE DO MUNICÍPIO DE FERNANDÓPOLIS/SP, EM CORES, TAMANHOS E ESTAMPAS VARIADAS, COM PREVISÃO DE CONSUMO NO DECORRER DE 12 (DOZE) MESES”.;2026-09-29T10:37:28;2026-10-14T08:29:00;https://cnetmobile.estaleiro.serpro.gov.br/comprasnet-web/public/compras/acompanhamento-compra?compra=98641105000572026;MUNICIPIO DE FERNANDOPOLIS;Camiseta tipo: unissex, tipo manga: curta, tipo gola: careca, cor: branca, tamanho: sob medida, características adicionais: conforme modelo do órgão, material: malha fria, aplicação: uniforme;Unidade;3000.0;44.3;132900.0;1;Em andamento;Sem benefício;textil_uniforme;produto;vestuario;media;;;;;;
47842836000105-1-000175/2026;2;3515509;Fernandópolis;0;2026;57;6;Pregão - Eletrônico;0;1;Divulgada no PNCP;0;“ELABORAÇÃO DE ATA DE REGISTRO DE PREÇOS PARA AQUISIÇÃO DE CAMISETAS PERSONALIZADAS, DESTINADAS AO ATENDIMENTO DAS CAMPANHAS, AÇÕES EDUCATIVAS, PREVENTIVAS, DE PROMOÇÃO E DE CONSCIENTIZAÇÃO DESENVOLVIDAS PELA SECRETARIA MUNICIPAL DE SAÚDE DO MUNICÍPIO DE FERNANDÓPOLIS/SP, EM CORES, TAMANHOS E ESTAMPAS VARIADAS, COM PREVISÃO DE CONSUMO NO DECORRER DE 12 (DOZE) MESES”.;2026-09-29T10:37:28;2026-10-14T08:29:00;https://cnetmobile.estaleiro.serpro.gov.br/comprasnet-web/public/compras/acompanhamento-compra?compra=98641105000572026;MUNICIPIO DE FERNANDOPOLIS;Camiseta tipo: unissex, tipo manga: curta, tipo gola: careca, cor: branca, tamanho: sob medida, características adicionais: conforme modelo do órgão, material: malha fria, aplicação: uniforme;Unidade;1000.0;44.3;44300.0;1;Em andamento;Participação exclusiva para ME/EPP;textil_uniforme;produto;vestuario;media;;;;;;
47842836000105-1-000177/2026;1;3515509;Fernandópolis;0;2026;58;6;Pregão - Eletrônico;0;0;Divulgada no PNCP;0;CONTRATAÇÃO DE EMPRESA ESPECIALIZADA PARA A PRESTAÇÃO CONTÍNUA DE SERVIÇOS TERCEIRIZADOS, COM DEDICAÇÃO EXCLUSIVA DE MÃO DE OBRA, DESTINADOS ÀS ATIVIDADES DE MANUTENÇÃO, CONSERVAÇÃO, LIMPEZA URBANA, APOIO OPERACIONAL, CONDUÇÃO DE VEÍCULOS, OPERAÇÃO DE EQUIPAMENTOS, JARDINAGEM, RECEPÇÃO E ATENDIMENTO INICIAL, A SEREM EXECUTADOS NAS UNIDADES, PRÉDIOS, EQUIPAMENTOS, VIAS E DEMAIS ESPAÇOS PÚBLICOS PERTENCENTES, ADMINISTRADOS OU UTILIZADOS PELO MUNICÍPIO DE FERNANDÓPOLIS/SP;2026-09-30T09:32:52;2026-10-16T08:29:00;https://cnetmobile.estaleiro.serpro.gov.br/comprasnet-web/public/compras/acompanhamento-compra?compra=98641105000582026;MUNICIPIO DE FERNANDOPOLIS;Prestação de Serviços de Pedreiro Prestação de Serviços de Pedreiro;UNIDADE;144.0;5636.1;811598.4;1;Em andamento;Sem benefício;racao_agropecuaria;produto;agropecuaria;baixa;;;;;;
47842836000105-1-000177/2026;2;3515509;Fernandópolis;0;2026;58;6;Pregão - Eletrônico;0;0;Divulgada no PNCP;0;CONTRATAÇÃO DE EMPRESA ESPECIALIZADA PARA A PRESTAÇÃO CONTÍNUA DE SERVIÇOS TERCEIRIZADOS, COM DEDICAÇÃO EXCLUSIVA DE MÃO DE OBRA, DESTINADOS ÀS ATIVIDADES DE MANUTENÇÃO, CONSERVAÇÃO, LIMPEZA URBANA, APOIO OPERACIONAL, CONDUÇÃO DE VEÍCULOS, OPERAÇÃO DE EQUIPAMENTOS, JARDINAGEM, RECEPÇÃO E ATENDIMENTO INICIAL, A SEREM EXECUTADOS NAS UNIDADES, PRÉDIOS, EQUIPAMENTOS, VIAS E DEMAIS ESPAÇOS PÚBLICOS PERTENCENTES, ADMINISTRADOS OU UTILIZADOS PELO MUNICÍPIO DE FERNANDÓPOLIS/SP;2026-09-30T09:32:52;2026-10-16T08:29:00;https://cnetmobile.estaleiro.serpro.gov.br/comprasnet-web/public/compras/acompanhamento-compra?compra=98641105000582026;MUNICIPIO DE FERNANDOPOLIS;Prestação de Serviços de Pedreiro Prestação de Serviços de Pedreiro;UNIDADE;120.0;5636.1;676332.0;1;Em andamento;Sem benefício;racao_agropecuaria;produto;agropecuaria;baixa;;;;;;
47842836000105-1-000177/2026;3;3515509;Fernandópolis;0;2026;58;6;Pregão - Eletrônico;0;0;Divulgada no PNCP;0;CONTRATAÇÃO DE EMPRESA ESPECIALIZADA PARA A PRESTAÇÃO CONTÍNUA DE SERVIÇOS TERCEIRIZADOS, COM DEDICAÇÃO EXCLUSIVA DE MÃO DE OBRA, DESTINADOS ÀS ATIVIDADES DE MANUTENÇÃO, CONSERVAÇÃO, LIMPEZA URBANA, APOIO OPERACIONAL, CONDUÇÃO DE VEÍCULOS, OPERAÇÃO DE EQUIPAMENTOS, JARDINAGEM, RECEPÇÃO E ATENDIMENTO INICIAL, A SEREM EXECUTADOS NAS UNIDADES, PRÉDIOS, EQUIPAMENTOS, VIAS E DEMAIS ESPAÇOS PÚBLICOS PERTENCENTES, ADMINISTRADOS OU UTILIZADOS PELO MUNICÍPIO DE FERNANDÓPOLIS/SP;2026-09-30T09:32:52;2026-10-16T08:29:00;https://cnetmobile.estaleiro.serpro.gov.br/comprasnet-web/public/compras/acompanhamento-compra?compra=98641105000582026;MUNICIPIO DE FERNANDOPOLIS;Prestação de Serviços de Pedreiro Prestação de Serviços de Pedreiro;UNIDADE;24.0;7911.75;189882.0;1;Em andamento;Sem benefício;racao_agropecuaria;produto;agropecuaria;baixa;;;;;;
47842836000105-1-000177/2026;4;3515509;Fernandópolis;0;2026;58;6;Pregão - Eletrônico;0;0;Divulgada no PNCP;0;CONTRATAÇÃO DE EMPRESA ESPECIALIZADA PARA A PRESTAÇÃO CONTÍNUA DE SERVIÇOS TERCEIRIZADOS, COM DEDICAÇÃO EXCLUSIVA DE MÃO DE OBRA, DESTINADOS ÀS ATIVIDADES DE MANUTENÇÃO, CONSERVAÇÃO, LIMPEZA URBANA, APOIO OPERACIONAL, CONDUÇÃO DE VEÍCULOS, OPERAÇÃO DE EQUIPAMENTOS, JARDINAGEM, RECEPÇÃO E ATENDIMENTO INICIAL, A SEREM EXECUTADOS NAS UNIDADES, PRÉDIOS, EQUIPAMENTOS, VIAS E DEMAIS ESPAÇOS PÚBLICOS PERTENCENTES, ADMINISTRADOS OU UTILIZADOS PELO MUNICÍPIO DE FERNANDÓPOLIS/SP;2026-09-30T09:32:52;2026-10-16T08:29:00;https://cnetmobile.estaleiro.serpro.gov.br/comprasnet-web/public/compras/acompanhamento-compra?compra=98641105000582026;MUNICIPIO DE FERNANDOPOLIS;Prestação de Serviços de Motorista Prestação de Serviços de Motorista;UNIDADE;84.0;7166.81;602012.04;1;Em andamento;Sem benefício;racao_agropecuaria;produto;agropecuaria;baixa;;;;;;
47842836000105-1-000177/2026;5;3515509;Fernandópolis;0;2026;58;6;Pregão - Eletrônico;0;0;Divulgada no PNCP;0;CONTRATAÇÃO DE EMPRESA ESPECIALIZADA PARA A PRESTAÇÃO CONTÍNUA DE SERVIÇOS TERCEIRIZADOS, COM DEDICAÇÃO EXCLUSIVA DE MÃO DE OBRA, DESTINADOS ÀS ATIVIDADES DE MANUTENÇÃO, CONSERVAÇÃO, LIMPEZA URBANA, APOIO OPERACIONAL, CONDUÇÃO DE VEÍCULOS, OPERAÇÃO DE EQUIPAMENTOS, JARDINAGEM, RECEPÇÃO E ATENDIMENTO INICIAL, A SEREM EXECUTADOS NAS UNIDADES, PRÉDIOS, EQUIPAMENTOS, VIAS E DEMAIS ESPAÇOS PÚBLICOS PERTENCENTES, ADMINISTRADOS OU UTILIZADOS PELO MUNICÍPIO DE FERNANDÓPOLIS/SP;2026-09-30T09:32:52;2026-10-16T08:29:00;https://cnetmobile.estaleiro.serpro.gov.br/comprasnet-web/public/compras/acompanhamento-compra?compra=98641105000582026;MUNICIPIO DE FERNANDOPOLIS;Manutenção em oficina de carpintaria e marcenaria Manutenção em Oficina de Carpintaria e Marcenaria;UNIDADE;12.0;5645.08;67740.96;1;Em andamento;Sem benefício;racao_agropecuaria;produto;agropecuaria;baixa;;;;;;
47842836000105-1-000177/2026;6;3515509;Fernandópolis;0;2026;58;6;Pregão - Eletrônico;0;0;Divulgada no PNCP;0;CONTRATAÇÃO DE EMPRESA ESPECIALIZADA PARA A PRESTAÇÃO CONTÍNUA DE SERVIÇOS TERCEIRIZADOS, COM DEDICAÇÃO EXCLUSIVA DE MÃO DE OBRA, DESTINADOS ÀS ATIVIDADES DE MANUTENÇÃO, CONSERVAÇÃO, LIMPEZA URBANA, APOIO OPERACIONAL, CONDUÇÃO DE VEÍCULOS, OPERAÇÃO DE EQUIPAMENTOS, JARDINAGEM, RECEPÇÃO E ATENDIMENTO INICIAL, A SEREM EXECUTADOS NAS UNIDADES, PRÉDIOS, EQUIPAMENTOS, VIAS E DEMAIS ESPAÇOS PÚBLICOS PERTENCENTES, ADMINISTRADOS OU UTILIZADOS PELO MUNICÍPIO DE FERNANDÓPOLIS/SP;2026-09-30T09:32:52;2026-10-16T08:29:00;https://cnetmobile.estaleiro.serpro.gov.br/comprasnet-web/public/compras/acompanhamento-compra?compra=98641105000582026;MUNICIPIO DE FERNANDOPOLIS;Prestação de Serviço de Limpeza e Conservação - Áreas Exter-nas - Outras Necessidades. Prestação de Serviço de Limpeza e Conservação - Áreas Exter-nas - Outras Necessidades.;METRO QUADRADO;168.0;5642.12;947876.16;1;Em andamento;Sem benefício;racao_agropecuaria;produto;agropecuaria;baixa;;;;;;
47842836000105-1-000177/2026;7;3515509;Fernandópolis;0;2026;58;6;Pregão - Eletrônico;0;0;Divulgada no PNCP;0;CONTRATAÇÃO DE EMPRESA ESPECIALIZADA PARA A PRESTAÇÃO CONTÍNUA DE SERVIÇOS TERCEIRIZADOS, COM DEDICAÇÃO EXCLUSIVA DE MÃO DE OBRA, DESTINADOS ÀS ATIVIDADES DE MANUTENÇÃO, CONSERVAÇÃO, LIMPEZA URBANA, APOIO OPERACIONAL, CONDUÇÃO DE VEÍCULOS, OPERAÇÃO DE EQUIPAMENTOS, JARDINAGEM, RECEPÇÃO E ATENDIMENTO INICIAL, A SEREM EXECUTADOS NAS UNIDADES, PRÉDIOS, EQUIPAMENTOS, VIAS E DEMAIS ESPAÇOS PÚBLICOS PERTENCENTES, ADMINISTRADOS OU UTILIZADOS PELO MUNICÍPIO DE FERNANDÓPOLIS/SP;2026-09-30T09:32:52;2026-10-16T08:29:00;https://cnetmobile.estaleiro.serpro.gov.br/comprasnet-web/public/compras/acompanhamento-compra?compra=98641105000582026;MUNICIPIO DE FERNANDOPOLIS;Prestação de Serviço de Limpeza e Conservação - Áreas Exter-nas - Outras Necessidades. Prestação de Serviço de Limpeza e Conservação - Áreas Exter-nas - Outras Necessidades.;METRO QUADRADO;48.0;7016.0;336768.0;1;Em andamento;Sem benefício;racao_agropecuaria;produto;agropecuaria;baixa;;;;;;
47842836000105-1-000177/2026;8;3515509;Fernandópolis;0;2026;58;6;Pregão - Eletrônico;0;0;Divulgada no PNCP;0;CONTRATAÇÃO DE EMPRESA ESPECIALIZADA PARA A PRESTAÇÃO CONTÍNUA DE SERVIÇOS TERCEIRIZADOS, COM DEDICAÇÃO EXCLUSIVA DE MÃO DE OBRA, DESTINADOS ÀS ATIVIDADES DE MANUTENÇÃO, CONSERVAÇÃO, LIMPEZA URBANA, APOIO OPERACIONAL, CONDUÇÃO DE VEÍCULOS, OPERAÇÃO DE EQUIPAMENTOS, JARDINAGEM, RECEPÇÃO E ATENDIMENTO INICIAL, A SEREM EXECUTADOS NAS UNIDADES, PRÉDIOS, EQUIPAMENTOS, VIAS E DEMAIS ESPAÇOS PÚBLICOS PERTENCENTES, ADMINISTRADOS OU UTILIZADOS PELO MUNICÍPIO DE FERNANDÓPOLIS/SP;2026-09-30T09:32:52;2026-10-16T08:29:00;https://cnetmobile.estaleiro.serpro.gov.br/comprasnet-web/public/compras/acompanhamento-compra?compra=98641105000582026;MUNICIPIO DE FERNANDOPOLIS;Prestação de Serviço de Limpeza e Conservação - Áreas Exter-nas - Outras Necessidades. Prestação de Serviço de Limpeza e Conservação - Áreas Exter-nas - Outras Necessidades.;METRO QUADRADO;240.0;7075.28;1698067.2;1;Em andamento;Sem benefício;racao_agropecuaria;produto;agropecuaria;baixa;;;;;;
47842836000105-1-000177/2026;9;3515509;Fernandópolis;0;2026;58;6;Pregão - Eletrônico;0;0;Divulgada no PNCP;0;CONTRATAÇÃO DE EMPRESA ESPECIALIZADA PARA A PRESTAÇÃO CONTÍNUA DE SERVIÇOS TERCEIRIZADOS, COM DEDICAÇÃO EXCLUSIVA DE MÃO DE OBRA, DESTINADOS ÀS ATIVIDADES DE MANUTENÇÃO, CONSERVAÇÃO, LIMPEZA URBANA, APOIO OPERACIONAL, CONDUÇÃO DE VEÍCULOS, OPERAÇÃO DE EQUIPAMENTOS, JARDINAGEM, RECEPÇÃO E ATENDIMENTO INICIAL, A SEREM EXECUTADOS NAS UNIDADES, PRÉDIOS, EQUIPAMENTOS, VIAS E DEMAIS ESPAÇOS PÚBLICOS PERTENCENTES, ADMINISTRADOS OU UTILIZADOS PELO MUNICÍPIO DE FERNANDÓPOLIS/SP;2026-09-30T09:32:52;2026-10-16T08:29:00;https://cnetmobile.estaleiro.serpro.gov.br/comprasnet-web/public/compras/acompanhamento-compra?compra=98641105000582026;MUNICIPIO DE FERNANDOPOLIS;Prestação de Serviço de Limpeza e Conservação - Áreas Exter-nas - Outras Necessidades. Prestação de Serviço de Limpeza e Conservação - Áreas Exter-nas - Outras Necessidades.;METRO QUADRADO;48.0;7075.28;339613.44;1;Em andamento;Sem benefício;racao_agropecuaria;produto;agropecuaria;baixa;;;;;;
47842836000105-1-000177/2026;10;3515509;Fernandópolis;0;2026;58;6;Pregão - Eletrônico;0;0;Divulgada no PNCP;0;CONTRATAÇÃO DE EMPRESA ESPECIALIZADA PARA A PRESTAÇÃO CONTÍNUA DE SERVIÇOS TERCEIRIZADOS, COM DEDICAÇÃO EXCLUSIVA DE MÃO DE OBRA, DESTINADOS ÀS ATIVIDADES DE MANUTENÇÃO, CONSERVAÇÃO, LIMPEZA URBANA, APOIO OPERACIONAL, CONDUÇÃO DE VEÍCULOS, OPERAÇÃO DE EQUIPAMENTOS, JARDINAGEM, RECEPÇÃO E ATENDIMENTO INICIAL, A SEREM EXECUTADOS NAS UNIDADES, PRÉDIOS, EQUIPAMENTOS, VIAS E DEMAIS ESPAÇOS PÚBLICOS PERTENCENTES, ADMINISTRADOS OU UTILIZADOS PELO MUNICÍPIO DE FERNANDÓPOLIS/SP;2026-09-30T09:32:52;2026-10-16T08:29:00;https://cnetmobile.estaleiro.serpro.gov.br/comprasnet-web/public/compras/acompanhamento-compra?compra=98641105000582026;MUNICIPIO DE FERNANDOPOLIS;Prestação de Serviço de Limpeza e Conservação - Áreas Exter-nas - Outras Necessidades. Prestação de Serviço de Limpeza e Conservação - Áreas Exter-nas - Outras Necessidades.;METRO QUADRADO;24.0;7913.55;189925.2;1;Em andamento;Sem benefício;racao_agropecuaria;produto;agropecuaria;baixa;;;;;;
45115391000128-1-000015/2026;1;3518008;Guarani d'Oeste;0;2026;004;6;Pregão - Eletrônico;0;0;Divulgada no PNCP;0;CONTRATAÇÃO DE EMPRESA ESPECIALIZADA PARA SERVIÇOS DE DISPOSIÇÃO FINAL DOS RESÍDUOS SÓLIDOS DO MUNICÍPIO DE GUARANI D’OESTE/SP.;2026-08-31T17:01:18;2026-09-18T08:30:00;https://bllcompras.com/Process/ProcessView?param1=[gkz]jInmuOgu0_YB_dquijP_RZGWfyVr/eOdywIFnHRtIlyp5ms9JHxexy6A9a/qz4Pb/k9roi/SWuR_tSiwC0zGrkZi8qFpcI9cr/A2VKEm8Bs=;MUNICIPIO DE GUARANI D'OESTE;CONTRATAÇÃO DE EMPRESA ESPECIALIZADA PARA SERVIÇOS DE DISPOSIÇÃO FINAL DOS RESÍDUOS SÓLIDOS DO MUNICÍPIO DE GUARANI D’OESTE/SP;SV;1.0;117000.0;117000.0;1;Em andamento;Sem benefício;nao_classificado;indefinido;indefinido;baixa;;;;;;
45115391000128-1-000016/2026;1;3518008;Guarani d'Oeste;0;2026;005;6;Pregão - Eletrônico;0;0;Divulgada no PNCP;0;Aquisição de 01 (um) veículo automotor novo, zero quilômetro, tipo minivan, com capacidade mínima para 07 (sete) lugares destinado ao atendimento das demandas operacionais da Unidade Básica de Saúde (UBS) do Município de Guarani d’Oeste/SP.;2026-09-16T16:42:45;2026-09-30T08:30:00;https://bllcompras.com/Process/ProcessView?param1=[gkz]90pbVVV7dWulrdJtbzMbpFCO9fRd9qV0apwMtj1VSbZKGtcjc1IsYK6kUD7AK/BSTAd5BydMcq/Fm/RYLQ7x1lmqV4RO2RYBJPE2kIOTxN8=;MUNICIPIO DE GUARANI D'OESTE;Aquisição de 01 (um) veículo automotor novo, zero quilômetro, tipo minivan, com capacidade mínima para 07 (sete) lugares destinado ao atendimento das demandas operacionais da Unidade Básica de Saúde (UBS) do Município de Guarani d’Oeste/SP.;UN;1.0;161000.0;161000.0;1;Em andamento;Sem benefício;nao_classificado;indefinido;indefinido;baixa;;;;;;
04685273000178-1-000005/2026;1;3524808;Jales;1;2026;04;6;Pregão - Eletrônico;0;0;Suspensa;0;Contratação de pessoa jurídica especializada para IMPLANTAÇÃO E OPERACIONALIZAÇÃO DE LABORATÓRIO DE ANÁLISES CLÍNICAS NA UNIDADE DE PRONTO ATENDIMENTO – UPA 24H REGIONAL DE JALES, 24 horas por dia, em todos os dias da semana, para o período de 01/07/2026 a 30/06/2027, conforme descritivos do Termo de Referência – “ANEXO I”.;2026-05-29T07:59:17;2026-09-02T08:30:00;https://bllcompras.com/Process/ProcessView?param1=[gkz]VQbdY13xGn0VvJJIchzDOkxa2y4eiDN7CJMnolenCxogdBVDOJPC93pmZampAzJUbqAsV1WgDQ/UkEQHxPOqOw48oy0SHqM8Me8dzw4T1g8=;CONSORCIO PUBLICO INTERMUNICIPAL DE SAUDE DA REGIAO DE JALES - CONSIRJ;SERVIÇOS DE LABORATÓRIO EM ANÁLISES CLÍNICAS;PC;12.0;35000.0;420000.0;1;Em andamento;Sem benefício;servico_laboratorial;servico;saude;alta;;;;;;
45131885000104-1-000431/2026;1;3524808;Jales;1;2026;49;6;Pregão - Eletrônico;0;1;Divulgada no PNCP;0;Registro de Preço para eventual contratação de empresa especializada na prestação de serviços de lavagem de veículos oficiais que compõem a frota da Prefeitura do Município de Jales, com entrega parcelada, por tempo determinado, conforme Termo de Referência – Anexo I.;2026-08-13T13:55:08;2026-09-01T08:30:00;https://bllcompras.com/Process/ProcessView?param1=[gkz]VJo5dTc7f7/Nn32GzYuA7wEcBaDG1szU7VbbcslVUgjtfh8BbdfGWQSJyR_VrppL28se2l7XcqQL1XmRvNxUI79mCvti0RrALQqBJfbiTR0=;MUNICIPIO DE JALES;LAVAGEM DE VEÍCULOS COMPLETA - CONFORME ESPECIFICAÇÕES DO TERMO DE REFERÊNCIA;SV;1501.0;108.33;162603.33;1;Em andamento;Sem benefício;nao_classificado;indefinido;indefinido;baixa;;;;;;
45131885000104-1-000435/2026;1;3524808;Jales;1;2026;50;6;Pregão - Eletrônico;0;1;Divulgada no PNCP;0;Registro de Preço para eventual contratação de empresa especializada na prestação de serviço de locação de máquinas, caminhões e equipamentos, com entrega parcelada, por tempo determinado, conforme Termo de Referência – Anexo I.;2026-08-14T15:27:58;2026-08-31T08:30:00;https://bllcompras.com/Process/ProcessView?param1=[gkz]4KG7H2OT9ZdoLl1N0sP5YNZwYPqJ04fMbLkAAbc3a8rkfKF1md0LulkTQA/iQiNzdUNYy9Y79UkrB/LD6Ssv8jFald9vdHtagTNx4u4O1uc=;MUNICIPIO DE JALES;Locaçaõ dede pá carregadeira , comoperador , para realizar serviços no município de Jales S/P. A manutenção completa, incluindo todas as obrigações contratuais, trabalhistas, alimentação, hospedagem do motorista, combustível será de inteira resposabilidade da empresa contratada;HR;3000.0;348.33;1044990.0;1;Em andamento;Sem benefício;combustivel;produto;suprimentos;baixa;;;;;;
45131885000104-1-000435/2026;2;3524808;Jales;1;2026;50;6;Pregão - Eletrônico;0;1;Divulgada no PNCP;0;Registro de Preço para eventual contratação de empresa especializada na prestação de serviço de locação de máquinas, caminhões e equipamentos, com entrega parcelada, por tempo determinado, conforme Termo de Referência – Anexo I.;2026-08-14T15:27:58;2026-08-31T08:30:00;https://bllcompras.com/Process/ProcessView?param1=[gkz]4KG7H2OT9ZdoLl1N0sP5YNZwYPqJ04fMbLkAAbc3a8rkfKF1md0LulkTQA/iQiNzdUNYy9Y79UkrB/LD6Ssv8jFald9vdHtagTNx4u4O1uc=;MUNICIPIO DE JALES;LOCAÇÃO DE MOTONIVELADORA COMPLETRA COM RIPPER TRASEIRO E COM OPERADOR. CONFORME ESPECIFICAÇÕES DO TERMO DE REFERÊNCIA.;HR;3000.0;396.67;1190010.0;1;Em andamento;Sem benefício;nao_classificado;indefinido;indefinido;baixa;;;;;;
45131885000104-1-000435/2026;3;3524808;Jales;1;2026;50;6;Pregão - Eletrônico;0;1;Divulgada no PNCP;0;Registro de Preço para eventual contratação de empresa especializada na prestação de serviço de locação de máquinas, caminhões e equipamentos, com entrega parcelada, por tempo determinado, conforme Termo de Referência – Anexo I.;2026-08-14T15:27:58;2026-08-31T08:30:00;https://bllcompras.com/Process/ProcessView?param1=[gkz]4KG7H2OT9ZdoLl1N0sP5YNZwYPqJ04fMbLkAAbc3a8rkfKF1md0LulkTQA/iQiNzdUNYy9Y79UkrB/LD6Ssv8jFald9vdHtagTNx4u4O1uc=;MUNICIPIO DE JALES;LOCAÇÃO DE ROLO COMPACTADOR LISO COM OPERADOR, CAPACIDADE ACIMA DE 6 TONELADAS, PARA REALIZAR SERVIÇOS NO MUNICÍPIO DE JALES -SP. BOM ESTADO DE CONSERVAÇÃO. A MANUTENÇÃO COMPLETA INCLUINDO TODAS AS OBRIGAÇÕES CONTRATUAIS, TRABALHISTAS, ALIMENTAÇÃO, HOSPEDAGEM DO MOTORISTA E COMBUSTÍVEL, SERÁ DE INTEIRA RESPONSABILIDADE DA CONTRATADA. CONFORME ESPECIFICAÇÕES DO TERMO DE REFERÊNCIA;HR;3000.0;343.33;1029990.0;1;Em andamento;Sem benefício;combustivel;produto;suprimentos;baixa;;;;;;
45131885000104-1-000435/2026;4;3524808;Jales;1;2026;50;6;Pregão - Eletrônico;0;1;Divulgada no PNCP;0;Registro de Preço para eventual contratação de empresa especializada na prestação de serviço de locação de máquinas, caminhões e equipamentos, com entrega parcelada, por tempo determinado, conforme Termo de Referência – Anexo I.;2026-08-14T15:27:58;2026-08-31T08:30:00;https://bllcompras.com/Process/ProcessView?param1=[gkz]4KG7H2OT9ZdoLl1N0sP5YNZwYPqJ04fMbLkAAbc3a8rkfKF1md0LulkTQA/iQiNzdUNYy9Y79UkrB/LD6Ssv8jFald9vdHtagTNx4u4O1uc=;MUNICIPIO DE JALES;LOCAÇÃO DE ROLO COMPACTADOR PATA COMPLETO COM OPERADOR, CAPACIDADE ACIMA DE 6 TONELADAS, PARA REALIZAR SERVIÇOS NO MUNICÍPIO DE JALES -SP. BOM ESTADO DE CONSERVAÇÃO. A MANUTENÇÃO COMPLETA INCLUINDO TODAS AS OBRIGAÇÕES CONTRATUAIS, TRABALHISTAS, ALIMENTAÇÃO, HOSPEDAGEM DO MOTORISTA E COMBUSTÍVEL, SERÁ DE INTEIRA RESPONSABILIDADE DA CONTRATADA. CONFORME ESPECIFICAÇÕES DO TERMO DE REFERÊNCIA;HR;3000.0;343.33;1029990.0;1;Em andamento;Sem benefício;combustivel;produto;suprimentos;baixa;;;;;;
45131885000104-1-000435/2026;5;3524808;Jales;1;2026;50;6;Pregão - Eletrônico;0;1;Divulgada no PNCP;0;Registro de Preço para eventual contratação de empresa especializada na prestação de serviço de locação de máquinas, caminhões e equipamentos, com entrega parcelada, por tempo determinado, conforme Termo de Referência – Anexo I.;2026-08-14T15:27:58;2026-08-31T08:30:00;https://bllcompras.com/Process/ProcessView?param1=[gkz]4KG7H2OT9ZdoLl1N0sP5YNZwYPqJ04fMbLkAAbc3a8rkfKF1md0LulkTQA/iQiNzdUNYy9Y79UkrB/LD6Ssv8jFald9vdHtagTNx4u4O1uc=;MUNICIPIO DE JALES;LOCAÇÃO DE CAMINHÃO BASCULANTE LISO TRUCK COM MOTORISTA , CAPACIDADE MÍNIMA DE TRANSPORTE DE 12M³, PARA REALIZAR SERVIÇOS NO MUNICÍPIO DE JALES -SP. BOM ESTADO DE CONSERVAÇÃO. A MANUTENÇÃO COMPLETA INCLUINDO TODAS AS OBRIGAÇÕES CONTRATUAIS, TRABALHISTAS, ALIMENTAÇÃO, HOSPEDAGEM DO MOTORISTA E COMBUSTÍVEL, SERÁ DE INTEIRA RESPONSABILIDADE DA CONTRATADA. CONFORME ESPECIFICAÇÕES DO TERMO DE REFERÊNCIA;HR;3000.0;218.33;654990.0;1;Em andamento;Sem benefício;combustivel;produto;suprimentos;baixa;;;;;;
45131885000104-1-000435/2026;6;3524808;Jales;1;2026;50;6;Pregão - Eletrônico;0;1;Divulgada no PNCP;0;Registro de Preço para eventual contratação de empresa especializada na prestação de serviço de locação de máquinas, caminhões e equipamentos, com entrega parcelada, por tempo determinado, conforme Termo de Referência – Anexo I.;2026-08-14T15:27:58;2026-08-31T08:30:00;https://bllcompras.com/Process/ProcessView?param1=[gkz]4KG7H2OT9ZdoLl1N0sP5YNZwYPqJ04fMbLkAAbc3a8rkfKF1md0LulkTQA/iQiNzdUNYy9Y79UkrB/LD6Ssv8jFald9vdHtagTNx4u4O1uc=;MUNICIPIO DE JALES;LOCAÇÃO DE CAMINHÃO BASCULANTE TOCO COM MOTORISTA , CAPACIDADE MÍNIMA DE TRANSPORTE DE 6M³, PARA REALIZAR SERVIÇOS NO MUNICÍPIO DE JALES -SP. BOM ESTADO DE CONSERVAÇÃO. A MANUTENÇÃO COMPLETA INCLUINDO TODAS AS OBRIGAÇÕES CONTRATUAIS, TRABALHISTAS, ALIMENTAÇÃO, HOSPEDAGEM DO MOTORISTA E COMBUSTÍVEL, SERÁ DE INTEIRA RESPONSABILIDADE DA CONTRATADA. CONFORME ESPECIFICAÇÕES DO TERMO DE REFERÊNCIA;HR;3000.0;167.5;502500.0;1;Em andamento;Sem benefício;combustivel;produto;suprimentos;baixa;;;;;;
45131885000104-1-000435/2026;7;3524808;Jales;1;2026;50;6;Pregão - Eletrônico;0;1;Divulgada no PNCP;0;Registro de Preço para eventual contratação de empresa especializada na prestação de serviço de locação de máquinas, caminhões e equipamentos, com entrega parcelada, por tempo determinado, conforme Termo de Referência – Anexo I.;2026-08-14T15:27:58;2026-08-31T08:30:00;https://bllcompras.com/Process/ProcessView?param1=[gkz]4KG7H2OT9ZdoLl1N0sP5YNZwYPqJ04fMbLkAAbc3a8rkfKF1md0LulkTQA/iQiNzdUNYy9Y79UkrB/LD6Ssv8jFald9vdHtagTNx4u4O1uc=;MUNICIPIO DE JALES;LOCAÇÃO DE CAMINHÃO PRANCHA COM MOTORISTA , CAPACIDADE MÍNIMA DE 11 METROS LIVRE, PARA REALIZAR SERVIÇOS NO MUNICÍPIO DE JALES -SP. BOM ESTADO DE CONSERVAÇÃO. A MANUTENÇÃO COMPLETA INCLUINDO TODAS AS OBRIGAÇÕES CONTRATUAIS, TRABALHISTAS, ALIMENTAÇÃO, HOSPEDAGEM DO MOTORISTA E COMBUSTÍVEL, SERÁ DE INTEIRA RESPONSABILIDADE DA CONTRATADA. CONFORME ESPECIFICAÇÕES DO TERMO DE REFERÊNCIA;HR;3000.0;399.33;1197990.0;1;Em andamento;Sem benefício;combustivel;produto;suprimentos;baixa;;;;;;
45131885000104-1-000435/2026;8;3524808;Jales;1;2026;50;6;Pregão - Eletrônico;0;1;Divulgada no PNCP;0;Registro de Preço para eventual contratação de empresa especializada na prestação de serviço de locação de máquinas, caminhões e equipamentos, com entrega parcelada, por tempo determinado, conforme Termo de Referência – Anexo I.;2026-08-14T15:27:58;2026-08-31T08:30:00;https://bllcompras.com/Process/ProcessView?param1=[gkz]4KG7H2OT9ZdoLl1N0sP5YNZwYPqJ04fMbLkAAbc3a8rkfKF1md0LulkTQA/iQiNzdUNYy9Y79UkrB/LD6Ssv8jFald9vdHtagTNx4u4O1uc=;MUNICIPIO DE JALES;LOCAÇÃO DE CAMINHÃO DE BOMBEIRO (PIPA) COM MOTORISTA , CAPACIDADE 14 MIL LITROS, PARA REALIZAR SERVIÇOS NO MUNICÍPIO DE JALES -SP. BOM ESTADO DE CONSERVAÇÃO. A MANUTENÇÃO COMPLETA INCLUINDO TODAS AS OBRIGAÇÕES CONTRATUAIS, TRABALHISTAS, ALIMENTAÇÃO, HOSPEDAGEM DO MOTORISTA E COMBUSTÍVEL, SER Á DE INTEIRA RESPONSABILIDADE DA CONTRATADA. CONFORME ESPECIFICAÇÕES DO TERMO DE REFERÊNCIA;HR;3000.0;345.0;1035000.0;1;Em andamento;Sem benefício;combustivel;produto;suprimentos;baixa;;;;;;
45131885000104-1-000435/2026;9;3524808;Jales;1;2026;50;6;Pregão - Eletrônico;0;1;Divulgada no PNCP;0;Registro de Preço para eventual contratação de empresa especializada na prestação de serviço de locação de máquinas, caminhões e equipamentos, com entrega parcelada, por tempo determinado, conforme Termo de Referência – Anexo I.;2026-08-14T15:27:58;2026-08-31T08:30:00;https://bllcompras.com/Process/ProcessView?param1=[gkz]4KG7H2OT9ZdoLl1N0sP5YNZwYPqJ04fMbLkAAbc3a8rkfKF1md0LulkTQA/iQiNzdUNYy9Y79UkrB/LD6Ssv8jFald9vdHtagTNx4u4O1uc=;MUNICIPIO DE JALES;LOCAÇÃO DE CAMINHÃO DE BOMBEIRO (PIPA) COM MOTORISTA , CAPACIDADE 8 MIL LITROS, PARA REALIZAR SERVIÇOS NO MUNICÍPIO DE JALES -SP. BOM ESTADO DE CONSERVAÇÃO. A MANUTENÇÃO COMPLETA INCLUINDO TODAS AS OBRIGAÇÕES CONTRATUAIS, TRABALHISTAS, ALIMENTAÇÃO, HOSPEDAGEM DO MOTORISTA E COMBUSTÍVEL, SERÁ DE INTEIRA RESPONSABILIDADE DA CONTRATADA. CONFORME ESPECIFICAÇÕES DO TERMO DE REFERÊNCIA;HR;3000.0;298.33;894990.0;1;Em andamento;Sem benefício;combustivel;produto;suprimentos;baixa;;;;;;
45131885000104-1-000435/2026;10;3524808;Jales;1;2026;50;6;Pregão - Eletrônico;0;1;Divulgada no PNCP;0;Registro de Preço para eventual contratação de empresa especializada na prestação de serviço de locação de máquinas, caminhões e equipamentos, com entrega parcelada, por tempo determinado, conforme Termo de Referência – Anexo I.;2026-08-14T15:27:58;2026-08-31T08:30:00;https://bllcompras.com/Process/ProcessView?param1=[gkz]4KG7H2OT9ZdoLl1N0sP5YNZwYPqJ04fMbLkAAbc3a8rkfKF1md0LulkTQA/iQiNzdUNYy9Y79UkrB/LD6Ssv8jFald9vdHtagTNx4u4O1uc=;MUNICIPIO DE JALES;LOCAÇÃO DE ESCAVADEIRA HIDRÁULICA COM OPERADOR , CAPACIDADE MÍNIMA DE 16 TONELADAS, PARA REALIZAR SERVIÇOS NO MUNICÍPIO DE JALES -SP. BOM ESTADO DE CONSERVAÇÃO. A MANUTENÇÃO COMPLETA INCLUINDO TODAS AS OBRIGAÇÕES CONTRATUAIS, TRABALHISTAS, ALIMENTAÇÃO, HOSPEDAGEM DO MOTORISTA E COMBUSTÍVEL, SERÁ DE INTEIRA RESPONSABILIDADE DA CONTRATADA. CONFORME ESPECIFICAÇÕES DO TERMO DE REFERÊNCIA;HR;3000.0;411.67;1235010.0;1;Em andamento;Sem benefício;combustivel;produto;suprimentos;baixa;;;;;;
45131885000104-1-000443/2026;1;3524808;Jales;1;2026;30;8;Dispensa;0;0;Divulgada no PNCP;0;Aquisição de fórmula alimentar infantil e fórmula nutricional suplementar adulto, com entrega parcelada, por tempo determinado, conforme Termo de Referência – Anexo I.;2026-08-24T13:44:08;2026-09-01T08:00:00;https://bllcompras.com/Process/ProcessView?param1=[gkz]1upCoN7ZiJsUEwAoiB2f9MHbduSsl8fVDPC3qqik0GpqwA03_ThyqZFYELTyKn3LDkmUEkkIx/0cIxSQjP6opFwGUHV92Nqlyih9Slrb3G4=;MUNICIPIO DE JALES;FÓRMULA NUTRICIONAL SUPLEMENTAR ADULTO, 400G, EM PÓ, CONTÉM LACTOSE, DIETA NORMOCALÓRICA, NORMOPROTEICA, RICA EM VITAMINAS, SAIS MINERAIS ESSENCIAIS, INCLUSIVE ANTIOXIDANTES, SABOR BAUNILHA, FORMULADA PARA FORNECER OS NUTRIENTES NECESSÁRIOS PARA PESSOAS COM ALGUM DÉFICIT OU DEFICIÊNCIA NUTRICIONAL.. VALIDADE MÍNIMA DE 01 (UM) ANO.;LAT.;192.0;80.75;15504.0;1;Em andamento;Sem benefício;nao_classificado;indefinido;indefinido;baixa;;;;;;
45131885000104-1-000443/2026;2;3524808;Jales;1;2026;30;8;Dispensa;0;0;Divulgada no PNCP;0;Aquisição de fórmula alimentar infantil e fórmula nutricional suplementar adulto, com entrega parcelada, por tempo determinado, conforme Termo de Referência – Anexo I.;2026-08-24T13:44:08;2026-09-01T08:00:00;https://bllcompras.com/Process/ProcessView?param1=[gkz]1upCoN7ZiJsUEwAoiB2f9MHbduSsl8fVDPC3qqik0GpqwA03_ThyqZFYELTyKn3LDkmUEkkIx/0cIxSQjP6opFwGUHV92Nqlyih9Slrb3G4=;MUNICIPIO DE JALES;FÓRMULA ALIMENTAR INFANTIL, 800G, EM PÓ, CONTÉM LACTOSE, PARA LACTENTES DE 0 (ZERO) A 6 (SEIS) MESES, CONTÉM PREBIÓTICOS, DHA, ARA E NUCLEOTÍDEOS, NÃO CONTÉM GLÚTEN, FORMULADA PARA FORNECER TODOS OS NUTRIENTES NECESSÁRIOS PARA O CRESCIMENTO E DESENVOLVIMENTO SAUDÁVEL DOS BEBÊS. VALIDADE MÍNIMA DE 1 ANO.;LAT.;36.0;60.49;2177.64;1;Em andamento;Sem benefício;madeira_construcao;produto;construcao;baixa;;;;;;
45131885000104-1-000450/2026;1;3524808;Jales;1;2026;1;5;Concorrência - Presencial;1;0;Divulgada no PNCP;0;Contratação de serviços de publicidade prestados por intermédio de agência de propaganda, abrangendo o conjunto de atividades realizadas de forma integrada, para atendimento às necessidades de comunicação da Prefeitura Municipal de Jales - SP, por tempo determinado, conforme condições estabelecidas no Termo de Referência – Anexo I e Briefing – Anexo II.;2026-09-03T15:55:34;2026-10-29T09:30:00;;MUNICIPIO DE JALES;CONTRATAÇÃO DE AGÊNCIA DE PUBLICIDADE E PROPAGANDA PARA CRIAÇÃO E PRODUÇÃO DE CAMPANHAS INSTITUCIONAIS, BEM COMO PARA DIVULGAÇÃO DOS ATOS, PROGRAMAS, SERVIÇOS E INFORMAÇÕES DE INTERESSE PÚBLICO, PELO PERÍODO DE 12 (DOZE) MESES.;SERVIÇO;12.0;65000.0;780000.0;1;Em andamento;Não se aplica;nao_classificado;indefinido;indefinido;baixa;;;;;;
45131885000104-1-000453/2026;1;3524808;Jales;1;2026;51;6;Pregão - Eletrônico;0;1;Divulgada no PNCP;0;Registro de preço para eventual contratação de empresa especializada na prestação de serviços de desinsetização e desratização, com entrega parcelada, por tempo determinado, conforme Termo de Referência – Anexo I.;2026-09-09T16:37:32;2026-09-23T08:30:00;https://bllcompras.com/Process/ProcessView?param1=[gkz]272PXIa_X3K/Dn0ClRDNCOgzKKmbcajqOS8KqYJMhHrfGv06mjOU5Nl/Mr/ZOd9JSoqncVSisbuU1nxSMdxhnr6M6UZXNS4eioyDilIWK5w=;MUNICIPIO DE JALES;SERVIÇO DE DESINSETIZAÇÃO E DESRATIZAÇÃO INCLUSO DESLOCAMENTO DE PROFISSIONAL, COM FORNECIMENTO DE MAO DE OBRA, TODOS OS INSUMOS, MATERIAIS, EQUIPAMENTOS E FERRAMENTAS NECESSARIAS A SEREM EXECUTADAS NAS AREAS INTERNAS E EXTERNAS.;M²;183856.0;1.06;194887.36;1;Em andamento;Sem benefício;madeira_construcao;produto;construcao;baixa;;;;;;
46377800000127-1-004183/2026;1;3524808;Jales;1;2026;14;6;Pregão - Eletrônico;0;0;Divulgada no PNCP;0;Aquisição de impressoras laser coloridas para instalação e funcionamento das Salas DDM e instituição do Núcleo de Gestão Integrada das Salas DDM;2026-09-28T15:44:03;2026-10-26T08:59:00;https://cnetmobile.estaleiro.serpro.gov.br/comprasnet-web/public/compras/acompanhamento-compra?compra=18031105000142026;SAO PAULO SECRETARIA DA SEGURANCA PUBLICA;"Impressora Multifuncional tipo impressão: laser, resolução impressão: 1200 x 1200, tensão alimentação: bivolt, velocidade impressão preto e branco: 25, conectividade: usb 2.0 e ethernet gigabit com rj-45, tipo papel: a4, carta, ofício, capacidade memória: 512, características adicionais: colorida, duplex automático Impressora Laser; Colorida; Impressao Duplex Automatica; Velocidade Minima Na Cor Preta de 27 Ppm; Colorido de 27 Ppm; Resolucao Minima Na Cor Preta de 600 x 600 Dpi; a Cores de 600 x 600 Dpi; Memoria Minima de Usb 2.0 de Alta Velocidade; Porta Usb p";Unidade;25.0;3092.0;77300.0;1;Em andamento;Não se aplica;informatica;produto;tecnologia;baixa;;;;;;
46377800000127-1-004185/2026;1;3524808;Jales;1;2026;15;6;Pregão - Eletrônico;0;0;Anulada;0;Aquisição de material permanente, eletroeletrõnicos, televisores e aparelhos condicionadores de ar;2026-09-28T16:05:28;2026-10-27T08:59:00;https://cnetmobile.estaleiro.serpro.gov.br/comprasnet-web/public/compras/acompanhamento-compra?compra=18031105000152026;SAO PAULO SECRETARIA DA SEGURANCA PUBLICA;Televisor tamanho tela: 50, voltagem: bivolt, características adicionais: smart tv, full hd, entradas hdmi/usb, conversor di, tipo tela: led, acessórios: controle remoto;Unidade;6.0;2758.47;16550.82;3;Anulado/Revogado/Cancelado;Não se aplica;nao_classificado;indefinido;indefinido;baixa;;;;;;
46377800000127-1-004185/2026;2;3524808;Jales;1;2026;15;6;Pregão - Eletrônico;0;0;Anulada;0;Aquisição de material permanente, eletroeletrõnicos, televisores e aparelhos condicionadores de ar;2026-09-28T16:05:28;2026-10-27T08:59:00;https://cnetmobile.estaleiro.serpro.gov.br/comprasnet-web/public/compras/acompanhamento-compra?compra=18031105000152026;SAO PAULO SECRETARIA DA SEGURANCA PUBLICA;Aparelho Ar Condicionado modelo: split inverter, capacidade refrigeração: 18.000, vazão ar: 2,280, tensão: 220, freqüência: 60, nível ruído interno: 45/43/38/32, características adicionais 1: aletas direcionais, filtro de ar lavável, garantia: 1;Unidade;12.0;3629.0;43548.0;3;Anulado/Revogado/Cancelado;Não se aplica;racao_agropecuaria;produto;agropecuaria;baixa;;;;;;
46377800000127-1-004185/2026;3;3524808;Jales;1;2026;15;6;Pregão - Eletrônico;0;0;Anulada;0;Aquisição de material permanente, eletroeletrõnicos, televisores e aparelhos condicionadores de ar;2026-09-28T16:05:28;2026-10-27T08:59:00;https://cnetmobile.estaleiro.serpro.gov.br/comprasnet-web/public/compras/acompanhamento-compra?compra=18031105000152026;SAO PAULO SECRETARIA DA SEGURANCA PUBLICA;Aparelho Ar Condicionado tipo: split hi wall, capacidade refrigeração: 12.000, tensão: 220, características adicionais 1: controle remoto s/fio, inverter;Unidade;46.0;2459.0;113114.0;3;Anulado/Revogado/Cancelado;Não se aplica;racao_agropecuaria;produto;agropecuaria;baixa;;;;;;
46377800000127-1-004202/2026;1;3524808;Jales;1;2026;16;6;Pregão - Eletrônico;0;0;Divulgada no PNCP;0;Aquisição de material permanente, televisores e aparelhos condicionadores de ar.;2026-09-29T14:42:29;2026-10-27T08:59:00;https://cnetmobile.estaleiro.serpro.gov.br/comprasnet-web/public/compras/acompanhamento-compra?compra=18031105000162026;SAO PAULO SECRETARIA DA SEGURANCA PUBLICA;Televisor tamanho tela: 50, voltagem: bivolt, características adicionais: smart tv, full hd, entradas hdmi/usb, conversor di, tipo tela: led, acessórios: controle remoto;Unidade;6.0;2758.47;16550.82;1;Em andamento;Não se aplica;nao_classificado;indefinido;indefinido;baixa;;;;;;
46377800000127-1-004202/2026;2;3524808;Jales;1;2026;16;6;Pregão - Eletrônico;0;0;Divulgada no PNCP;0;Aquisição de material permanente, televisores e aparelhos condicionadores de ar.;2026-09-29T14:42:29;2026-10-27T08:59:00;https://cnetmobile.estaleiro.serpro.gov.br/comprasnet-web/public/compras/acompanhamento-compra?compra=18031105000162026;SAO PAULO SECRETARIA DA SEGURANCA PUBLICA;Aparelho Ar Condicionado modelo: split inverter, capacidade refrigeração: 18.000, vazão ar: 2,280, tensão: 220, freqüência: 60, nível ruído interno: 45/43/38/32, características adicionais 1: aletas direcionais, filtro de ar lavável, garantia: 1;Unidade;12.0;3629.0;43548.0;1;Em andamento;Não se aplica;racao_agropecuaria;produto;agropecuaria;baixa;;;;;;
46377800000127-1-004202/2026;3;3524808;Jales;1;2026;16;6;Pregão - Eletrônico;0;0;Divulgada no PNCP;0;Aquisição de material permanente, televisores e aparelhos condicionadores de ar.;2026-09-29T14:42:29;2026-10-27T08:59:00;https://cnetmobile.estaleiro.serpro.gov.br/comprasnet-web/public/compras/acompanhamento-compra?compra=18031105000162026;SAO PAULO SECRETARIA DA SEGURANCA PUBLICA;Aparelho Ar Condicionado tipo: split hi wall, capacidade refrigeração: 12.000, tensão: 220, características adicionais 1: controle remoto s/fio, inverter;Unidade;46.0;2459.0;113114.0;1;Em andamento;Não se aplica;racao_agropecuaria;produto;agropecuaria;baixa;;;;;;
45116092000108-1-000109/2026;1;3529609;Meridiano;0;2026;5;7;Pregão - Presencial;1;0;Divulgada no PNCP;0;CONTRATAÇÃO DE EMPRESA ESPECIALIZADA PARA A PRESTAÇÃO DE SERVIÇOS MÉDICOS NA ESPECIALIDADE DE GINECOLOGIA E OBSTETRÍCIA, MEDIANTE DISPONIBILIZAÇÃO DE PROFISSIONAL MÉDICO DEVIDAMENTE HABILITADO, PARA REALIZAÇÃO DE CONSULTAS, ATENDIMENTOS, AVALIAÇÕES, ACOMPANHAMENTO CLÍNICO E DEMAIS PROCEDIMENTOS COMPATÍVEIS COM A ESPECIALIDADE, DESTINADOS ÀS USUÁRIAS DA REDE MUNICIPAL DE SAÚDE DE MERIDIANO/SP;2026-08-19T14:25:57;2026-09-03T23:59:00;https://meridiano.sp.gov.br/licitacao/;MUNICIPIO DE MERIDIANO;Proposta para todos os itens;Unidade;1.0;106488.0;106488.0;1;Em andamento;Não se aplica;servico_saude_assistencial;servico;saude;media;;;;;;
45116092000108-1-000120/2026;1;3529609;Meridiano;0;2026;23;6;Pregão - Eletrônico;0;1;Divulgada no PNCP;0;AQUISIÇÃO DE UNIFORMES ESCOLARES DESTINADOS AOS ALUNOS MATRICULADOS NA REDE MUNICIPAL DE ENSINO DE MERIDIANO/SP, COMPREENDENDO O FORNECIMENTO DE PEÇAS DE VESTUÁRIO CONFECCIONADAS DE ACORDO COM AS ESPECIFICAÇÕES TÉCNICAS ESTABELECIDAS PELA SECRETARIA MUNICIPAL DE EDUCAÇÃO, INCLUINDO UNIFORME DE VERÃO E ITEM DE UNIFORME DE INVERNO, DEVIDAMENTE PERSONALIZADOS COM IDENTIFICAÇÃO VISUAL DO MUNICÍPIO E DA SECRETARIA MUNICIPAL DE EDUCAÇÃO.;2026-09-16T15:55:48;2026-10-01T07:59:00;https://meridiano.sp.gov.br/licitacao/;MUNICIPIO DE MERIDIANO;LOTE 1;Unidade;1.0;280186.0;280186.0;1;Em andamento;Não se aplica;textil_uniforme;produto;vestuario;media;;;;;;
45116092000108-1-000124/2026;1;3529609;Meridiano;0;2026;26;6;Pregão - Eletrônico;0;0;Divulgada no PNCP;0;AQUISIÇÃO DE MATERIAIS PERMANENTES E EQUIPAMENTOS DESTINADOS AO ATENDIMENTO DAS NECESSIDADES DA COORDENADORIA MUNICIPAL DE SAÚDE E DAS UNIDADES E SERVIÇOS MUNICIPAIS DE SAÚDE DE MERIDIANO/SP;2026-09-22T16:11:41;2026-10-05T07:59:00;https://meridiano.sp.gov.br/licitacao/;MUNICIPIO DE MERIDIANO;ADIPOMETRO DIGITAL;UN;1.0;1805.48;1805.48;1;Em andamento;Não se aplica;nao_classificado;indefinido;indefinido;baixa;;;;;;
45116092000108-1-000124/2026;2;3529609;Meridiano;0;2026;26;6;Pregão - Eletrônico;0;0;Divulgada no PNCP;0;AQUISIÇÃO DE MATERIAIS PERMANENTES E EQUIPAMENTOS DESTINADOS AO ATENDIMENTO DAS NECESSIDADES DA COORDENADORIA MUNICIPAL DE SAÚDE E DAS UNIDADES E SERVIÇOS MUNICIPAIS DE SAÚDE DE MERIDIANO/SP;2026-09-22T16:11:41;2026-10-05T07:59:00;https://meridiano.sp.gov.br/licitacao/;MUNICIPIO DE MERIDIANO;APARELHO DE INFRAVERMELHO COM PEDESTAL FISIOTERAPIA 250 W;UNIDADE;2.0;469.72;939.44;1;Em andamento;Não se aplica;nao_classificado;indefinido;indefinido;baixa;;;;;;
45116092000108-1-000124/2026;3;3529609;Meridiano;0;2026;26;6;Pregão - Eletrônico;0;0;Divulgada no PNCP;0;AQUISIÇÃO DE MATERIAIS PERMANENTES E EQUIPAMENTOS DESTINADOS AO ATENDIMENTO DAS NECESSIDADES DA COORDENADORIA MUNICIPAL DE SAÚDE E DAS UNIDADES E SERVIÇOS MUNICIPAIS DE SAÚDE DE MERIDIANO/SP;2026-09-22T16:11:41;2026-10-05T07:59:00;https://meridiano.sp.gov.br/licitacao/;MUNICIPIO DE MERIDIANO;AR CONDICIONADO 12.000 BTUS, INVERTER, FRIO, 220 VOLTS;UNIDADE;5.0;2739.33;13696.65;1;Em andamento;Não se aplica;nao_classificado;indefinido;indefinido;baixa;;;;;;
45116092000108-1-000124/2026;4;3529609;Meridiano;0;2026;26;6;Pregão - Eletrônico;0;0;Divulgada no PNCP;0;AQUISIÇÃO DE MATERIAIS PERMANENTES E EQUIPAMENTOS DESTINADOS AO ATENDIMENTO DAS NECESSIDADES DA COORDENADORIA MUNICIPAL DE SAÚDE E DAS UNIDADES E SERVIÇOS MUNICIPAIS DE SAÚDE DE MERIDIANO/SP;2026-09-22T16:11:41;2026-10-05T07:59:00;https://meridiano.sp.gov.br/licitacao/;MUNICIPIO DE MERIDIANO;AR CONDICONADO 36.000 BTUS, INVERTER, FRIO, 220 VOLTS;UN;1.0;10815.04;10815.04;1;Em andamento;Não se aplica;nao_classificado;indefinido;indefinido;baixa;;;;;;
45116092000108-1-000124/2026;5;3529609;Meridiano;0;2026;26;6;Pregão - Eletrônico;0;0;Divulgada no PNCP;0;AQUISIÇÃO DE MATERIAIS PERMANENTES E EQUIPAMENTOS DESTINADOS AO ATENDIMENTO DAS NECESSIDADES DA COORDENADORIA MUNICIPAL DE SAÚDE E DAS UNIDADES E SERVIÇOS MUNICIPAIS DE SAÚDE DE MERIDIANO/SP;2026-09-22T16:11:41;2026-10-05T07:59:00;https://meridiano.sp.gov.br/licitacao/;MUNICIPIO DE MERIDIANO;ARMÁRIO BAIXO EM MDF;UNIDADE;2.0;696.49;1392.98;1;Em andamento;Não se aplica;nao_classificado;indefinido;indefinido;baixa;;;;;;
45116092000108-1-000124/2026;6;3529609;Meridiano;0;2026;26;6;Pregão - Eletrônico;0;0;Divulgada no PNCP;0;AQUISIÇÃO DE MATERIAIS PERMANENTES E EQUIPAMENTOS DESTINADOS AO ATENDIMENTO DAS NECESSIDADES DA COORDENADORIA MUNICIPAL DE SAÚDE E DAS UNIDADES E SERVIÇOS MUNICIPAIS DE SAÚDE DE MERIDIANO/SP;2026-09-22T16:11:41;2026-10-05T07:59:00;https://meridiano.sp.gov.br/licitacao/;MUNICIPIO DE MERIDIANO;ARMARIO DE AÇO COM 2 PORTAS;UNIDADE;20.0;1257.31;25146.2;1;Em andamento;Não se aplica;nao_classificado;indefinido;indefinido;baixa;;;;;;
45116092000108-1-000124/2026;7;3529609;Meridiano;0;2026;26;6;Pregão - Eletrônico;0;0;Divulgada no PNCP;0;AQUISIÇÃO DE MATERIAIS PERMANENTES E EQUIPAMENTOS DESTINADOS AO ATENDIMENTO DAS NECESSIDADES DA COORDENADORIA MUNICIPAL DE SAÚDE E DAS UNIDADES E SERVIÇOS MUNICIPAIS DE SAÚDE DE MERIDIANO/SP;2026-09-22T16:11:41;2026-10-05T07:59:00;https://meridiano.sp.gov.br/licitacao/;MUNICIPIO DE MERIDIANO;ARQUIVO EM AÇO COM 4 GAVETAS;UNIDADE;12.0;1385.83;16629.96;1;Em andamento;Não se aplica;nao_classificado;indefinido;indefinido;baixa;;;;;;
45116092000108-1-000124/2026;8;3529609;Meridiano;0;2026;26;6;Pregão - Eletrônico;0;0;Divulgada no PNCP;0;AQUISIÇÃO DE MATERIAIS PERMANENTES E EQUIPAMENTOS DESTINADOS AO ATENDIMENTO DAS NECESSIDADES DA COORDENADORIA MUNICIPAL DE SAÚDE E DAS UNIDADES E SERVIÇOS MUNICIPAIS DE SAÚDE DE MERIDIANO/SP;2026-09-22T16:11:41;2026-10-05T07:59:00;https://meridiano.sp.gov.br/licitacao/;MUNICIPIO DE MERIDIANO;BARRA MULTIFUNCIONAL;UNIDADE;1.0;3418.4;3418.4;1;Em andamento;Não se aplica;nao_classificado;indefinido;indefinido;baixa;;;;;;
45116092000108-1-000124/2026;9;3529609;Meridiano;0;2026;26;6;Pregão - Eletrônico;0;0;Divulgada no PNCP;0;AQUISIÇÃO DE MATERIAIS PERMANENTES E EQUIPAMENTOS DESTINADOS AO ATENDIMENTO DAS NECESSIDADES DA COORDENADORIA MUNICIPAL DE SAÚDE E DAS UNIDADES E SERVIÇOS MUNICIPAIS DE SAÚDE DE MERIDIANO/SP;2026-09-22T16:11:41;2026-10-05T07:59:00;https://meridiano.sp.gov.br/licitacao/;MUNICIPIO DE MERIDIANO;BEBEDOURO INDUSTRIAL REFRIGERADO 25L- 127 V-C/ 2 TORNEIRAS;UN;1.0;2168.92;2168.92;1;Em andamento;Não se aplica;nao_classificado;indefinido;indefinido;baixa;;;;;;
45116092000108-1-000124/2026;10;3529609;Meridiano;0;2026;26;6;Pregão - Eletrônico;0;0;Divulgada no PNCP;0;AQUISIÇÃO DE MATERIAIS PERMANENTES E EQUIPAMENTOS DESTINADOS AO ATENDIMENTO DAS NECESSIDADES DA COORDENADORIA MUNICIPAL DE SAÚDE E DAS UNIDADES E SERVIÇOS MUNICIPAIS DE SAÚDE DE MERIDIANO/SP;2026-09-22T16:11:41;2026-10-05T07:59:00;https://meridiano.sp.gov.br/licitacao/;MUNICIPIO DE MERIDIANO;CADEIRA BAIXA REDONDA;UNIDADE;3.0;747.64;2242.92;1;Em andamento;Não se aplica;nao_classificado;indefinido;indefinido;baixa;;;;;;
45116092000108-1-000125/2026;1;3529609;Meridiano;0;2026;25;6;Pregão - Eletrônico;0;1;Divulgada no PNCP;0;REGISTRO DE PREÇOS PARA FUTURA E EVENTUAL AQUISIÇÃO PARCELADA DE PNEUS NOVOS, DE PRIMEIRO USO, CÂMARAS DE AR E PROTETORES, CORRESPONDENTES AOS ITENS QUE RESTARAM FRACASSADOS NO PREGÃO ELETRÔNICO Nº 024/2026, DESTINADOS À MANUTENÇÃO PREVENTIVA E CORRETIVA DA FROTA DE VEÍCULOS, CAMINHÕES, MÁQUINAS, TRATORES E IMPLEMENTOS DO MUNICÍPIO DE MERIDIANO/SP, CONFORME ESPECIFICAÇÕES, QUANTIDADES ESTIMADAS E DEMAIS CONDIÇÕES ESTABELECIDAS NO TERMO DE REFERÊNCIA;2026-09-23T14:57:41;2026-10-06T07:59:00;https://meridiano.sp.gov.br/licitacao/;MUNICIPIO DE MERIDIANO;CÂMARA DE AR 13.6 X 38.;UNIDADE;8.0;196.5;1572.0;1;Em andamento;Não se aplica;nao_classificado;indefinido;indefinido;baixa;;;;;;
45116092000108-1-000125/2026;2;3529609;Meridiano;0;2026;25;6;Pregão - Eletrônico;0;1;Divulgada no PNCP;0;REGISTRO DE PREÇOS PARA FUTURA E EVENTUAL AQUISIÇÃO PARCELADA DE PNEUS NOVOS, DE PRIMEIRO USO, CÂMARAS DE AR E PROTETORES, CORRESPONDENTES AOS ITENS QUE RESTARAM FRACASSADOS NO PREGÃO ELETRÔNICO Nº 024/2026, DESTINADOS À MANUTENÇÃO PREVENTIVA E CORRETIVA DA FROTA DE VEÍCULOS, CAMINHÕES, MÁQUINAS, TRATORES E IMPLEMENTOS DO MUNICÍPIO DE MERIDIANO/SP, CONFORME ESPECIFICAÇÕES, QUANTIDADES ESTIMADAS E DEMAIS CONDIÇÕES ESTABELECIDAS NO TERMO DE REFERÊNCIA;2026-09-23T14:57:41;2026-10-06T07:59:00;https://meridiano.sp.gov.br/licitacao/;MUNICIPIO DE MERIDIANO;PNEU 175/70 R13 – PNEU NOVO, RADIAL, SEM CÂMARA, DESTINADO A VEÍCULOS DE PASSEIO.;UNIDADE;16.0;355.72;5691.52;1;Em andamento;Não se aplica;nao_classificado;indefinido;indefinido;baixa;;;;;;
45116092000108-1-000125/2026;3;3529609;Meridiano;0;2026;25;6;Pregão - Eletrônico;0;1;Divulgada no PNCP;0;REGISTRO DE PREÇOS PARA FUTURA E EVENTUAL AQUISIÇÃO PARCELADA DE PNEUS NOVOS, DE PRIMEIRO USO, CÂMARAS DE AR E PROTETORES, CORRESPONDENTES AOS ITENS QUE RESTARAM FRACASSADOS NO PREGÃO ELETRÔNICO Nº 024/2026, DESTINADOS À MANUTENÇÃO PREVENTIVA E CORRETIVA DA FROTA DE VEÍCULOS, CAMINHÕES, MÁQUINAS, TRATORES E IMPLEMENTOS DO MUNICÍPIO DE MERIDIANO/SP, CONFORME ESPECIFICAÇÕES, QUANTIDADES ESTIMADAS E DEMAIS CONDIÇÕES ESTABELECIDAS NO TERMO DE REFERÊNCIA;2026-09-23T14:57:41;2026-10-06T07:59:00;https://meridiano.sp.gov.br/licitacao/;MUNICIPIO DE MERIDIANO;PNEU 185/70 R14 – PNEU NOVO, RADIAL, SEM CÂMARA, DESTINADO A VEÍCULOS DE PASSEIO.;UNIDADE;24.0;465.0;11160.0;1;Em andamento;Não se aplica;nao_classificado;indefinido;indefinido;baixa;;;;;;
45116092000108-1-000125/2026;4;3529609;Meridiano;0;2026;25;6;Pregão - Eletrônico;0;1;Divulgada no PNCP;0;REGISTRO DE PREÇOS PARA FUTURA E EVENTUAL AQUISIÇÃO PARCELADA DE PNEUS NOVOS, DE PRIMEIRO USO, CÂMARAS DE AR E PROTETORES, CORRESPONDENTES AOS ITENS QUE RESTARAM FRACASSADOS NO PREGÃO ELETRÔNICO Nº 024/2026, DESTINADOS À MANUTENÇÃO PREVENTIVA E CORRETIVA DA FROTA DE VEÍCULOS, CAMINHÕES, MÁQUINAS, TRATORES E IMPLEMENTOS DO MUNICÍPIO DE MERIDIANO/SP, CONFORME ESPECIFICAÇÕES, QUANTIDADES ESTIMADAS E DEMAIS CONDIÇÕES ESTABELECIDAS NO TERMO DE REFERÊNCIA;2026-09-23T14:57:41;2026-10-06T07:59:00;https://meridiano.sp.gov.br/licitacao/;MUNICIPIO DE MERIDIANO;PNEU 235/75 R17.5 – PNEU NOVO, DE PRIMEIRO USO, RADIAL, TIPO LISO/RODOVIÁRIO, DESTINADO A VEÍCULOS DE CARGA.;UNIDADE;84.0;998.33;83859.72;1;Em andamento;Não se aplica;nao_classificado;indefinido;indefinido;baixa;;;;;;
45116092000108-1-000125/2026;5;3529609;Meridiano;0;2026;25;6;Pregão - Eletrônico;0;1;Divulgada no PNCP;0;REGISTRO DE PREÇOS PARA FUTURA E EVENTUAL AQUISIÇÃO PARCELADA DE PNEUS NOVOS, DE PRIMEIRO USO, CÂMARAS DE AR E PROTETORES, CORRESPONDENTES AOS ITENS QUE RESTARAM FRACASSADOS NO PREGÃO ELETRÔNICO Nº 024/2026, DESTINADOS À MANUTENÇÃO PREVENTIVA E CORRETIVA DA FROTA DE VEÍCULOS, CAMINHÕES, MÁQUINAS, TRATORES E IMPLEMENTOS DO MUNICÍPIO DE MERIDIANO/SP, CONFORME ESPECIFICAÇÕES, QUANTIDADES ESTIMADAS E DEMAIS CONDIÇÕES ESTABELECIDAS NO TERMO DE REFERÊNCIA;2026-09-23T14:57:41;2026-10-06T07:59:00;https://meridiano.sp.gov.br/licitacao/;MUNICIPIO DE MERIDIANO;PNEU 245/70 R16 BORRACHUDO – USO MISTO/TRACIONAL – PNEU NOVO, RADIAL, SEM CÂMARA, DESTINADO AO EIXO DE TRAÇÃO.;UNIDADE;12.0;1080.0;12960.0;1;Em andamento;Não se aplica;racao_agropecuaria;produto;agropecuaria;baixa;;;;;;
45116092000108-1-000125/2026;6;3529609;Meridiano;0;2026;25;6;Pregão - Eletrônico;0;1;Divulgada no PNCP;0;REGISTRO DE PREÇOS PARA FUTURA E EVENTUAL AQUISIÇÃO PARCELADA DE PNEUS NOVOS, DE PRIMEIRO USO, CÂMARAS DE AR E PROTETORES, CORRESPONDENTES AOS ITENS QUE RESTARAM FRACASSADOS NO PREGÃO ELETRÔNICO Nº 024/2026, DESTINADOS À MANUTENÇÃO PREVENTIVA E CORRETIVA DA FROTA DE VEÍCULOS, CAMINHÕES, MÁQUINAS, TRATORES E IMPLEMENTOS DO MUNICÍPIO DE MERIDIANO/SP, CONFORME ESPECIFICAÇÕES, QUANTIDADES ESTIMADAS E DEMAIS CONDIÇÕES ESTABELECIDAS NO TERMO DE REFERÊNCIA;2026-09-23T14:57:41;2026-10-06T07:59:00;https://meridiano.sp.gov.br/licitacao/;MUNICIPIO DE MERIDIANO;PNEU 275/80 R22.5 LISO – PNEU NOVO, RADIAL, SEM CÂMARA, DESTINADO À UTILIZAÇÃO EM CAMINHÕES TRUCK, CAVALOS-MECÂNICOS E DEMAIS VEÍCULOS DE CARGA PESADA.;UNIDADE;100.0;1771.5;177150.0;1;Em andamento;Não se aplica;nao_classificado;indefinido;indefinido;baixa;;;;;;
45116092000108-1-000125/2026;7;3529609;Meridiano;0;2026;25;6;Pregão - Eletrônico;0;1;Divulgada no PNCP;0;REGISTRO DE PREÇOS PARA FUTURA E EVENTUAL AQUISIÇÃO PARCELADA DE PNEUS NOVOS, DE PRIMEIRO USO, CÂMARAS DE AR E PROTETORES, CORRESPONDENTES AOS ITENS QUE RESTARAM FRACASSADOS NO PREGÃO ELETRÔNICO Nº 024/2026, DESTINADOS À MANUTENÇÃO PREVENTIVA E CORRETIVA DA FROTA DE VEÍCULOS, CAMINHÕES, MÁQUINAS, TRATORES E IMPLEMENTOS DO MUNICÍPIO DE MERIDIANO/SP, CONFORME ESPECIFICAÇÕES, QUANTIDADES ESTIMADAS E DEMAIS CONDIÇÕES ESTABELECIDAS NO TERMO DE REFERÊNCIA;2026-09-23T14:57:41;2026-10-06T07:59:00;https://meridiano.sp.gov.br/licitacao/;MUNICIPIO DE MERIDIANO;PNEU 295/80 R22.5 LISO – PNEU NOVO, RADIAL, SEM CÂMARA, DESTINADO A VEÍCULOS DE CARGA PESADA.;UNIDADE;112.0;1896.5;212408.0;1;Em andamento;Não se aplica;nao_classificado;indefinido;indefinido;baixa;;;;;;
45116092000108-1-000125/2026;8;3529609;Meridiano;0;2026;25;6;Pregão - Eletrônico;0;1;Divulgada no PNCP;0;REGISTRO DE PREÇOS PARA FUTURA E EVENTUAL AQUISIÇÃO PARCELADA DE PNEUS NOVOS, DE PRIMEIRO USO, CÂMARAS DE AR E PROTETORES, CORRESPONDENTES AOS ITENS QUE RESTARAM FRACASSADOS NO PREGÃO ELETRÔNICO Nº 024/2026, DESTINADOS À MANUTENÇÃO PREVENTIVA E CORRETIVA DA FROTA DE VEÍCULOS, CAMINHÕES, MÁQUINAS, TRATORES E IMPLEMENTOS DO MUNICÍPIO DE MERIDIANO/SP, CONFORME ESPECIFICAÇÕES, QUANTIDADES ESTIMADAS E DEMAIS CONDIÇÕES ESTABELECIDAS NO TERMO DE REFERÊNCIA;2026-09-23T14:57:41;2026-10-06T07:59:00;https://meridiano.sp.gov.br/licitacao/;MUNICIPIO DE MERIDIANO;PNEU 7.50R16C – NOVO, RADIAL, DE CARGA – CAPACIDADE MÍNIMA DE 14 PR (PLY RATING).;UNID;18.0;1033.3;18599.4;1;Em andamento;Não se aplica;nao_classificado;indefinido;indefinido;baixa;;;;;;
45116092000108-1-000125/2026;9;3529609;Meridiano;0;2026;25;6;Pregão - Eletrônico;0;1;Divulgada no PNCP;0;REGISTRO DE PREÇOS PARA FUTURA E EVENTUAL AQUISIÇÃO PARCELADA DE PNEUS NOVOS, DE PRIMEIRO USO, CÂMARAS DE AR E PROTETORES, CORRESPONDENTES AOS ITENS QUE RESTARAM FRACASSADOS NO PREGÃO ELETRÔNICO Nº 024/2026, DESTINADOS À MANUTENÇÃO PREVENTIVA E CORRETIVA DA FROTA DE VEÍCULOS, CAMINHÕES, MÁQUINAS, TRATORES E IMPLEMENTOS DO MUNICÍPIO DE MERIDIANO/SP, CONFORME ESPECIFICAÇÕES, QUANTIDADES ESTIMADAS E DEMAIS CONDIÇÕES ESTABELECIDAS NO TERMO DE REFERÊNCIA;2026-09-23T14:57:41;2026-10-06T07:59:00;https://meridiano.sp.gov.br/licitacao/;MUNICIPIO DE MERIDIANO;PNEU AGRÍCOLA 12.4X24 – CAPACIDADE MÍNIMA DE 8 PR – PNEU NOVO, DE PRIMEIRO USO.;UNIDADE;8.0;1775.0;14200.0;1;Em andamento;Não se aplica;nao_classificado;indefinido;indefinido;baixa;;;;;;
45116092000108-1-000125/2026;10;3529609;Meridiano;0;2026;25;6;Pregão - Eletrônico;0;1;Divulgada no PNCP;0;REGISTRO DE PREÇOS PARA FUTURA E EVENTUAL AQUISIÇÃO PARCELADA DE PNEUS NOVOS, DE PRIMEIRO USO, CÂMARAS DE AR E PROTETORES, CORRESPONDENTES AOS ITENS QUE RESTARAM FRACASSADOS NO PREGÃO ELETRÔNICO Nº 024/2026, DESTINADOS À MANUTENÇÃO PREVENTIVA E CORRETIVA DA FROTA DE VEÍCULOS, CAMINHÕES, MÁQUINAS, TRATORES E IMPLEMENTOS DO MUNICÍPIO DE MERIDIANO/SP, CONFORME ESPECIFICAÇÕES, QUANTIDADES ESTIMADAS E DEMAIS CONDIÇÕES ESTABELECIDAS NO TERMO DE REFERÊNCIA;2026-09-23T14:57:41;2026-10-06T07:59:00;https://meridiano.sp.gov.br/licitacao/;MUNICIPIO DE MERIDIANO;PNEU AGRÍCOLA 13.6X38 – CAPACIDADE MÍNIMA DE 7 PR – PNEU NOVO, DE PRIMEIRO USO.;UNIDADE;8.0;3827.74;30621.92;1;Em andamento;Não se aplica;nao_classificado;indefinido;indefinido;baixa;;;;;;
45116290000171-1-000071/2026;1;3530003;Mira Estrela;0;2026;26;6;Pregão - Eletrônico;0;1;Divulgada no PNCP;0;SOLICITÇÃO DE PREGÃO DE MEDICAMENTOS CONTROLADO, GERAL E INJETAVEIS;2026-08-26T10:41:37;2026-09-09T08:30:00;;MUNICIPIO DE MIRA ESTRELA;ÁCIDO VALPRÓICO 250MG - SUSPENSÃO;FRASCO;100.0;16.59;1659.0;1;Em andamento;Não se aplica;medicamentos;produto;saude;bloqueado;;;;;;
45116290000171-1-000071/2026;2;3530003;Mira Estrela;0;2026;26;6;Pregão - Eletrônico;0;1;Divulgada no PNCP;0;SOLICITÇÃO DE PREGÃO DE MEDICAMENTOS CONTROLADO, GERAL E INJETAVEIS;2026-08-26T10:41:37;2026-09-09T08:30:00;;MUNICIPIO DE MIRA ESTRELA;ALPRAZOLAM 0,5MG;COMPRIMIDO;21000.0;0.45;9450.0;1;Em andamento;Não se aplica;medicamentos;produto;saude;bloqueado;;;;;;
45116290000171-1-000071/2026;3;3530003;Mira Estrela;0;2026;26;6;Pregão - Eletrônico;0;1;Divulgada no PNCP;0;SOLICITÇÃO DE PREGÃO DE MEDICAMENTOS CONTROLADO, GERAL E INJETAVEIS;2026-08-26T10:41:37;2026-09-09T08:30:00;;MUNICIPIO DE MIRA ESTRELA;ALPRAZOLAM 1 MG;COMPRIMIDO;25000.0;0.57;14250.0;1;Em andamento;Não se aplica;medicamentos;produto;saude;bloqueado;;;;;;
45116290000171-1-000071/2026;4;3530003;Mira Estrela;0;2026;26;6;Pregão - Eletrônico;0;1;Divulgada no PNCP;0;SOLICITÇÃO DE PREGÃO DE MEDICAMENTOS CONTROLADO, GERAL E INJETAVEIS;2026-08-26T10:41:37;2026-09-09T08:30:00;;MUNICIPIO DE MIRA ESTRELA;AMITRIPTILINA CLORIDRATO 25 MG;COMPRIMIDO;35000.0;0.22;7700.0;1;Em andamento;Não se aplica;medicamentos;produto;saude;bloqueado;;;;;;
45116290000171-1-000071/2026;5;3530003;Mira Estrela;0;2026;26;6;Pregão - Eletrônico;0;1;Divulgada no PNCP;0;SOLICITÇÃO DE PREGÃO DE MEDICAMENTOS CONTROLADO, GERAL E INJETAVEIS;2026-08-26T10:41:37;2026-09-09T08:30:00;;MUNICIPIO DE MIRA ESTRELA;ARIPIPRAZOL 10MG;COMPRIMIDO;20000.0;3.87;77400.0;1;Em andamento;Não se aplica;medicamentos;produto;saude;bloqueado;;;;;;
45116290000171-1-000071/2026;6;3530003;Mira Estrela;0;2026;26;6;Pregão - Eletrônico;0;1;Divulgada no PNCP;0;SOLICITÇÃO DE PREGÃO DE MEDICAMENTOS CONTROLADO, GERAL E INJETAVEIS;2026-08-26T10:41:37;2026-09-09T08:30:00;;MUNICIPIO DE MIRA ESTRELA;CANABIDIOL 200 MG/ML;FRASCO;50.0;1392.98;69649.0;1;Em andamento;Não se aplica;medicamentos;produto;saude;bloqueado;;;;;;
45116290000171-1-000071/2026;7;3530003;Mira Estrela;0;2026;26;6;Pregão - Eletrônico;0;1;Divulgada no PNCP;0;SOLICITÇÃO DE PREGÃO DE MEDICAMENTOS CONTROLADO, GERAL E INJETAVEIS;2026-08-26T10:41:37;2026-09-09T08:30:00;;MUNICIPIO DE MIRA ESTRELA;CARBAMAZEPINA 200 MG;COMPRIMIDO;20000.0;0.67;13400.0;1;Em andamento;Não se aplica;medicamentos;produto;saude;bloqueado;;;;;;
45116290000171-1-000071/2026;8;3530003;Mira Estrela;0;2026;26;6;Pregão - Eletrônico;0;1;Divulgada no PNCP;0;SOLICITÇÃO DE PREGÃO DE MEDICAMENTOS CONTROLADO, GERAL E INJETAVEIS;2026-08-26T10:41:37;2026-09-09T08:30:00;;MUNICIPIO DE MIRA ESTRELA;CARBAMAZEPINA SUSPENSÃO;FRASCO;150.0;22.92;3438.0;1;Em andamento;Não se aplica;medicamentos;produto;saude;bloqueado;;;;;;
45116290000171-1-000071/2026;9;3530003;Mira Estrela;0;2026;26;6;Pregão - Eletrônico;0;1;Divulgada no PNCP;0;SOLICITÇÃO DE PREGÃO DE MEDICAMENTOS CONTROLADO, GERAL E INJETAVEIS;2026-08-26T10:41:37;2026-09-09T08:30:00;;MUNICIPIO DE MIRA ESTRELA;CARBONATO DE LITIO 300MG;COMPRIMIDO;25000.0;0.83;20750.0;1;Em andamento;Não se aplica;medicamentos;produto;saude;bloqueado;;;;;;
45116290000171-1-000071/2026;10;3530003;Mira Estrela;0;2026;26;6;Pregão - Eletrônico;0;1;Divulgada no PNCP;0;SOLICITÇÃO DE PREGÃO DE MEDICAMENTOS CONTROLADO, GERAL E INJETAVEIS;2026-08-26T10:41:37;2026-09-09T08:30:00;;MUNICIPIO DE MIRA ESTRELA;CITALOPRAM 20 MG;COMPRIMIDO;25000.0;0.66;16500.0;1;Em andamento;Não se aplica;medicamentos;produto;saude;bloqueado;;;;;;
45116290000171-1-000072/2026;1;3530003;Mira Estrela;0;2026;29;6;Pregão - Eletrônico;0;1;Divulgada no PNCP;0;ELABORAÇÃO DE ATA (S) DE REGISTRO DE PREÇOS PARA EVENTUAL E FUTURA AQUISIÇÃO DE MEDICAMENTOS (BÁSICOS, CONTROLADOS, INJETÁVEIS E DE USO CONTÍNUO) PARA SUPRIR AS NECESSIDADES DA FARMÁCIA MUNICIPAL E DA UNIDADE BÁSICA DE SAÚDE (UBS) DO MUNICÍPIO DE MIRA ESTRELA/SP;2026-09-18T13:23:18;2026-09-28T08:30:00;;MUNICIPIO DE MIRA ESTRELA;ACEBROFILINA 10MG XP ADULTO;FRASCO;1000.0;20.31;20310.0;1;Em andamento;Sem benefício;medicamentos;produto;saude;bloqueado;;;;;;
45116290000171-1-000072/2026;2;3530003;Mira Estrela;0;2026;29;6;Pregão - Eletrônico;0;1;Divulgada no PNCP;0;ELABORAÇÃO DE ATA (S) DE REGISTRO DE PREÇOS PARA EVENTUAL E FUTURA AQUISIÇÃO DE MEDICAMENTOS (BÁSICOS, CONTROLADOS, INJETÁVEIS E DE USO CONTÍNUO) PARA SUPRIR AS NECESSIDADES DA FARMÁCIA MUNICIPAL E DA UNIDADE BÁSICA DE SAÚDE (UBS) DO MUNICÍPIO DE MIRA ESTRELA/SP;2026-09-18T13:23:18;2026-09-28T08:30:00;;MUNICIPIO DE MIRA ESTRELA;ACEBROFILINA 5MG XP PEDIATRICO;FRASCO;1000.0;16.4;16400.0;1;Em andamento;Sem benefício;medicamentos;produto;saude;bloqueado;;;;;;
45116290000171-1-000072/2026;3;3530003;Mira Estrela;0;2026;29;6;Pregão - Eletrônico;0;1;Divulgada no PNCP;0;ELABORAÇÃO DE ATA (S) DE REGISTRO DE PREÇOS PARA EVENTUAL E FUTURA AQUISIÇÃO DE MEDICAMENTOS (BÁSICOS, CONTROLADOS, INJETÁVEIS E DE USO CONTÍNUO) PARA SUPRIR AS NECESSIDADES DA FARMÁCIA MUNICIPAL E DA UNIDADE BÁSICA DE SAÚDE (UBS) DO MUNICÍPIO DE MIRA ESTRELA/SP;2026-09-18T13:23:18;2026-09-28T08:30:00;;MUNICIPIO DE MIRA ESTRELA;ACETATO DE RETINOL+ COLECALCIFEROL 50.000 UI/10.000 UI/ML;FRASCO;500.0;22.95;11475.0;1;Em andamento;Sem benefício;medicamentos;produto;saude;bloqueado;;;;;;
45116290000171-1-000072/2026;4;3530003;Mira Estrela;0;2026;29;6;Pregão - Eletrônico;0;1;Divulgada no PNCP;0;ELABORAÇÃO DE ATA (S) DE REGISTRO DE PREÇOS PARA EVENTUAL E FUTURA AQUISIÇÃO DE MEDICAMENTOS (BÁSICOS, CONTROLADOS, INJETÁVEIS E DE USO CONTÍNUO) PARA SUPRIR AS NECESSIDADES DA FARMÁCIA MUNICIPAL E DA UNIDADE BÁSICA DE SAÚDE (UBS) DO MUNICÍPIO DE MIRA ESTRELA/SP;2026-09-18T13:23:18;2026-09-28T08:30:00;;MUNICIPIO DE MIRA ESTRELA;ACETATO MEDROXIPROGESTERONA 150MG;FRASCO;50.0;39.23;1961.5;1;Em andamento;Sem benefício;medicamentos;produto;saude;bloqueado;;;;;;
45116290000171-1-000072/2026;5;3530003;Mira Estrela;0;2026;29;6;Pregão - Eletrônico;0;1;Divulgada no PNCP;0;ELABORAÇÃO DE ATA (S) DE REGISTRO DE PREÇOS PARA EVENTUAL E FUTURA AQUISIÇÃO DE MEDICAMENTOS (BÁSICOS, CONTROLADOS, INJETÁVEIS E DE USO CONTÍNUO) PARA SUPRIR AS NECESSIDADES DA FARMÁCIA MUNICIPAL E DA UNIDADE BÁSICA DE SAÚDE (UBS) DO MUNICÍPIO DE MIRA ESTRELA/SP;2026-09-18T13:23:18;2026-09-28T08:30:00;;MUNICIPIO DE MIRA ESTRELA;ACETILCISTEINA 20MG/ML XP;FRASCO;1000.0;16.35;16350.0;1;Em andamento;Sem benefício;medicamentos;produto;saude;bloqueado;;;;;;
45116290000171-1-000072/2026;6;3530003;Mira Estrela;0;2026;29;6;Pregão - Eletrônico;0;1;Divulgada no PNCP;0;ELABORAÇÃO DE ATA (S) DE REGISTRO DE PREÇOS PARA EVENTUAL E FUTURA AQUISIÇÃO DE MEDICAMENTOS (BÁSICOS, CONTROLADOS, INJETÁVEIS E DE USO CONTÍNUO) PARA SUPRIR AS NECESSIDADES DA FARMÁCIA MUNICIPAL E DA UNIDADE BÁSICA DE SAÚDE (UBS) DO MUNICÍPIO DE MIRA ESTRELA/SP;2026-09-18T13:23:18;2026-09-28T08:30:00;;MUNICIPIO DE MIRA ESTRELA;ACETILCISTEÍNA 600MG/G ENVELOPE DE 5GR ENVELOPE CX C/16 ENVELOPES;CAIXA;3000.0;30.56;91680.0;1;Em andamento;Sem benefício;medicamentos;produto;saude;bloqueado;;;;;;
45116290000171-1-000072/2026;7;3530003;Mira Estrela;0;2026;29;6;Pregão - Eletrônico;0;1;Divulgada no PNCP;0;ELABORAÇÃO DE ATA (S) DE REGISTRO DE PREÇOS PARA EVENTUAL E FUTURA AQUISIÇÃO DE MEDICAMENTOS (BÁSICOS, CONTROLADOS, INJETÁVEIS E DE USO CONTÍNUO) PARA SUPRIR AS NECESSIDADES DA FARMÁCIA MUNICIPAL E DA UNIDADE BÁSICA DE SAÚDE (UBS) DO MUNICÍPIO DE MIRA ESTRELA/SP;2026-09-18T13:23:18;2026-09-28T08:30:00;;MUNICIPIO DE MIRA ESTRELA;ACETILCISTEÍNA 600MG/G ENVELOPE DE 5GR ENVELOPE CX C/16 ENVELOPES;CAIXA;1000.0;30.56;30560.0;1;Em andamento;Cota reservada para ME/EPP;medicamentos;produto;saude;bloqueado;;;;;;
45116290000171-1-000072/2026;8;3530003;Mira Estrela;0;2026;29;6;Pregão - Eletrônico;0;1;Divulgada no PNCP;0;ELABORAÇÃO DE ATA (S) DE REGISTRO DE PREÇOS PARA EVENTUAL E FUTURA AQUISIÇÃO DE MEDICAMENTOS (BÁSICOS, CONTROLADOS, INJETÁVEIS E DE USO CONTÍNUO) PARA SUPRIR AS NECESSIDADES DA FARMÁCIA MUNICIPAL E DA UNIDADE BÁSICA DE SAÚDE (UBS) DO MUNICÍPIO DE MIRA ESTRELA/SP;2026-09-18T13:23:18;2026-09-28T08:30:00;;MUNICIPIO DE MIRA ESTRELA;ACICLOVIR 200MG COMPRIMIDO;COMPRIMIDO;5000.0;1.2;6000.0;1;Em andamento;Sem benefício;medicamentos;produto;saude;bloqueado;;;;;;
45116290000171-1-000072/2026;9;3530003;Mira Estrela;0;2026;29;6;Pregão - Eletrônico;0;1;Divulgada no PNCP;0;ELABORAÇÃO DE ATA (S) DE REGISTRO DE PREÇOS PARA EVENTUAL E FUTURA AQUISIÇÃO DE MEDICAMENTOS (BÁSICOS, CONTROLADOS, INJETÁVEIS E DE USO CONTÍNUO) PARA SUPRIR AS NECESSIDADES DA FARMÁCIA MUNICIPAL E DA UNIDADE BÁSICA DE SAÚDE (UBS) DO MUNICÍPIO DE MIRA ESTRELA/SP;2026-09-18T13:23:18;2026-09-28T08:30:00;;MUNICIPIO DE MIRA ESTRELA;ACICLOVIR 50MG CR. DERMATOLÓGICO;TUBO;500.0;8.25;4125.0;1;Em andamento;Sem benefício;medicamentos;produto;saude;bloqueado;;;;;;
45116290000171-1-000072/2026;10;3530003;Mira Estrela;0;2026;29;6;Pregão - Eletrônico;0;1;Divulgada no PNCP;0;ELABORAÇÃO DE ATA (S) DE REGISTRO DE PREÇOS PARA EVENTUAL E FUTURA AQUISIÇÃO DE MEDICAMENTOS (BÁSICOS, CONTROLADOS, INJETÁVEIS E DE USO CONTÍNUO) PARA SUPRIR AS NECESSIDADES DA FARMÁCIA MUNICIPAL E DA UNIDADE BÁSICA DE SAÚDE (UBS) DO MUNICÍPIO DE MIRA ESTRELA/SP;2026-09-18T13:23:18;2026-09-28T08:30:00;;MUNICIPIO DE MIRA ESTRELA;ÁCIDO ACETILSALICILICO 100MG;COMPRIMIDO;50000.0;0.15;7500.0;1;Em andamento;Sem benefício;medicamentos;produto;saude;bloqueado;;;;;;
65711954000158-1-000014/2026;1;3532843;Nova Canaã Paulista;0;2026;000000014;6;Pregão - Eletrônico;0;1;Divulgada no PNCP;0;Registro De Preços para futuras aquisições de materiais de construção para atender as necessidades da Prefeitura Municipal de Nova Canaã Paulista/SP conforme condições, quantidades e exigências estabelecidas neste Edital e seus anexos;2026-09-09T08:24:35;2026-09-22T08:00:00;https://bllcompras.com/Process/ProcessView?param1=[gkz]i9VvvQxOk/1oT5sGK11s87N3btc/69GPfBkgTKIWl89r6bnu0eN8xEH2aoXtgY2cILS8BN6vVvBd5WyNcFh7hMUO_H_tjdrSJAYfeBqZ3y4=;MUNICIPIO DE NOVA CANAA PAULISTA;FIO (2,5MM);MT;2270.0;3.69;8376.3;1;Em andamento;Sem benefício;nao_classificado;indefinido;indefinido;baixa;;;;;;
65711954000158-1-000014/2026;2;3532843;Nova Canaã Paulista;0;2026;000000014;6;Pregão - Eletrônico;0;1;Divulgada no PNCP;0;Registro De Preços para futuras aquisições de materiais de construção para atender as necessidades da Prefeitura Municipal de Nova Canaã Paulista/SP conforme condições, quantidades e exigências estabelecidas neste Edital e seus anexos;2026-09-09T08:24:35;2026-09-22T08:00:00;https://bllcompras.com/Process/ProcessView?param1=[gkz]i9VvvQxOk/1oT5sGK11s87N3btc/69GPfBkgTKIWl89r6bnu0eN8xEH2aoXtgY2cILS8BN6vVvBd5WyNcFh7hMUO_H_tjdrSJAYfeBqZ3y4=;MUNICIPIO DE NOVA CANAA PAULISTA;FIO (4MM);MT;1670.0;5.54;9251.8;1;Em andamento;Sem benefício;nao_classificado;indefinido;indefinido;baixa;;;;;;
65711954000158-1-000014/2026;3;3532843;Nova Canaã Paulista;0;2026;000000014;6;Pregão - Eletrônico;0;1;Divulgada no PNCP;0;Registro De Preços para futuras aquisições de materiais de construção para atender as necessidades da Prefeitura Municipal de Nova Canaã Paulista/SP conforme condições, quantidades e exigências estabelecidas neste Edital e seus anexos;2026-09-09T08:24:35;2026-09-22T08:00:00;https://bllcompras.com/Process/ProcessView?param1=[gkz]i9VvvQxOk/1oT5sGK11s87N3btc/69GPfBkgTKIWl89r6bnu0eN8xEH2aoXtgY2cILS8BN6vVvBd5WyNcFh7hMUO_H_tjdrSJAYfeBqZ3y4=;MUNICIPIO DE NOVA CANAA PAULISTA;FIO(6MM);MT;1170.0;8.81;10307.7;1;Em andamento;Sem benefício;nao_classificado;indefinido;indefinido;baixa;;;;;;
65711954000158-1-000014/2026;4;3532843;Nova Canaã Paulista;0;2026;000000014;6;Pregão - Eletrônico;0;1;Divulgada no PNCP;0;Registro De Preços para futuras aquisições de materiais de construção para atender as necessidades da Prefeitura Municipal de Nova Canaã Paulista/SP conforme condições, quantidades e exigências estabelecidas neste Edital e seus anexos;2026-09-09T08:24:35;2026-09-22T08:00:00;https://bllcompras.com/Process/ProcessView?param1=[gkz]i9VvvQxOk/1oT5sGK11s87N3btc/69GPfBkgTKIWl89r6bnu0eN8xEH2aoXtgY2cILS8BN6vVvBd5WyNcFh7hMUO_H_tjdrSJAYfeBqZ3y4=;MUNICIPIO DE NOVA CANAA PAULISTA;MANGUEIRA JARDIM;M;430.0;4.35;1870.5;1;Em andamento;Sem benefício;nao_classificado;indefinido;indefinido;baixa;;;;;;
65711954000158-1-000014/2026;5;3532843;Nova Canaã Paulista;0;2026;000000014;6;Pregão - Eletrônico;0;1;Divulgada no PNCP;0;Registro De Preços para futuras aquisições de materiais de construção para atender as necessidades da Prefeitura Municipal de Nova Canaã Paulista/SP conforme condições, quantidades e exigências estabelecidas neste Edital e seus anexos;2026-09-09T08:24:35;2026-09-22T08:00:00;https://bllcompras.com/Process/ProcessView?param1=[gkz]i9VvvQxOk/1oT5sGK11s87N3btc/69GPfBkgTKIWl89r6bnu0eN8xEH2aoXtgY2cILS8BN6vVvBd5WyNcFh7hMUO_H_tjdrSJAYfeBqZ3y4=;MUNICIPIO DE NOVA CANAA PAULISTA;ARGAMASSA;UN;30.0;15.97;479.1;1;Em andamento;Sem benefício;nao_classificado;indefinido;indefinido;baixa;;;;;;
65711954000158-1-000014/2026;6;3532843;Nova Canaã Paulista;0;2026;000000014;6;Pregão - Eletrônico;0;1;Divulgada no PNCP;0;Registro De Preços para futuras aquisições de materiais de construção para atender as necessidades da Prefeitura Municipal de Nova Canaã Paulista/SP conforme condições, quantidades e exigências estabelecidas neste Edital e seus anexos;2026-09-09T08:24:35;2026-09-22T08:00:00;https://bllcompras.com/Process/ProcessView?param1=[gkz]i9VvvQxOk/1oT5sGK11s87N3btc/69GPfBkgTKIWl89r6bnu0eN8xEH2aoXtgY2cILS8BN6vVvBd5WyNcFh7hMUO_H_tjdrSJAYfeBqZ3y4=;MUNICIPIO DE NOVA CANAA PAULISTA;BOIA P/ CAIXA DE AGUA;UN;72.0;23.89;1720.08;1;Em andamento;Sem benefício;nao_classificado;indefinido;indefinido;baixa;;;;;;
65711954000158-1-000014/2026;7;3532843;Nova Canaã Paulista;0;2026;000000014;6;Pregão - Eletrônico;0;1;Divulgada no PNCP;0;Registro De Preços para futuras aquisições de materiais de construção para atender as necessidades da Prefeitura Municipal de Nova Canaã Paulista/SP conforme condições, quantidades e exigências estabelecidas neste Edital e seus anexos;2026-09-09T08:24:35;2026-09-22T08:00:00;https://bllcompras.com/Process/ProcessView?param1=[gkz]i9VvvQxOk/1oT5sGK11s87N3btc/69GPfBkgTKIWl89r6bnu0eN8xEH2aoXtgY2cILS8BN6vVvBd5WyNcFh7hMUO_H_tjdrSJAYfeBqZ3y4=;MUNICIPIO DE NOVA CANAA PAULISTA;BUCHA Nº 06 C/ PARAFUSO;UN;550.0;1.62;891.0;1;Em andamento;Sem benefício;nao_classificado;indefinido;indefinido;baixa;;;;;;
65711954000158-1-000014/2026;8;3532843;Nova Canaã Paulista;0;2026;000000014;6;Pregão - Eletrônico;0;1;Divulgada no PNCP;0;Registro De Preços para futuras aquisições de materiais de construção para atender as necessidades da Prefeitura Municipal de Nova Canaã Paulista/SP conforme condições, quantidades e exigências estabelecidas neste Edital e seus anexos;2026-09-09T08:24:35;2026-09-22T08:00:00;https://bllcompras.com/Process/ProcessView?param1=[gkz]i9VvvQxOk/1oT5sGK11s87N3btc/69GPfBkgTKIWl89r6bnu0eN8xEH2aoXtgY2cILS8BN6vVvBd5WyNcFh7hMUO_H_tjdrSJAYfeBqZ3y4=;MUNICIPIO DE NOVA CANAA PAULISTA;BUCHA Nº 08 C/ PARAFUSO;UN;550.0;1.95;1072.5;1;Em andamento;Sem benefício;nao_classificado;indefinido;indefinido;baixa;;;;;;
65711954000158-1-000014/2026;9;3532843;Nova Canaã Paulista;0;2026;000000014;6;Pregão - Eletrônico;0;1;Divulgada no PNCP;0;Registro De Preços para futuras aquisições de materiais de construção para atender as necessidades da Prefeitura Municipal de Nova Canaã Paulista/SP conforme condições, quantidades e exigências estabelecidas neste Edital e seus anexos;2026-09-09T08:24:35;2026-09-22T08:00:00;https://bllcompras.com/Process/ProcessView?param1=[gkz]i9VvvQxOk/1oT5sGK11s87N3btc/69GPfBkgTKIWl89r6bnu0eN8xEH2aoXtgY2cILS8BN6vVvBd5WyNcFh7hMUO_H_tjdrSJAYfeBqZ3y4=;MUNICIPIO DE NOVA CANAA PAULISTA;BUCHA Nº 10 C/ PARAFUSO;UN;550.0;1.99;1094.5;1;Em andamento;Sem benefício;nao_classificado;indefinido;indefinido;baixa;;;;;;
65711954000158-1-000014/2026;10;3532843;Nova Canaã Paulista;0;2026;000000014;6;Pregão - Eletrônico;0;1;Divulgada no PNCP;0;Registro De Preços para futuras aquisições de materiais de construção para atender as necessidades da Prefeitura Municipal de Nova Canaã Paulista/SP conforme condições, quantidades e exigências estabelecidas neste Edital e seus anexos;2026-09-09T08:24:35;2026-09-22T08:00:00;https://bllcompras.com/Process/ProcessView?param1=[gkz]i9VvvQxOk/1oT5sGK11s87N3btc/69GPfBkgTKIWl89r6bnu0eN8xEH2aoXtgY2cILS8BN6vVvBd5WyNcFh7hMUO_H_tjdrSJAYfeBqZ3y4=;MUNICIPIO DE NOVA CANAA PAULISTA;CADEADO 30MM;UN;74.0;29.05;2149.7;1;Em andamento;Sem benefício;nao_classificado;indefinido;indefinido;baixa;;;;;;
65711954000158-1-000015/2026;1;3532843;Nova Canaã Paulista;0;2026;000000015;6;Pregão - Eletrônico;0;0;Divulgada no PNCP;0;"Contratação de empresa para aquisição de equipamentos, materiais permanentes e de consumo, para a Secretaria Municipal de Educação.

";2026-09-18T08:12:27;2026-09-30T08:00:00;https://bllcompras.com/Process/ProcessView?param1=[gkz]VROo7D/6Qd8gFbSmCXDOLD1JKv4Nc9qmGh3cIbXiNQVg1ciWMoS5xdmb2OXQBOzGRcsjysGwDFuuEumM/tKMfvays6MvGdYI4m0IKSuU5GY=;MUNICIPIO DE NOVA CANAA PAULISTA;CONJUNTO PARA PROFESSOR;CJ;15.0;1500.0;22500.0;1;Em andamento;Sem benefício;nao_classificado;indefinido;indefinido;baixa;;;;;;
65711954000158-1-000015/2026;2;3532843;Nova Canaã Paulista;0;2026;000000015;6;Pregão - Eletrônico;0;0;Divulgada no PNCP;0;"Contratação de empresa para aquisição de equipamentos, materiais permanentes e de consumo, para a Secretaria Municipal de Educação.

";2026-09-18T08:12:27;2026-09-30T08:00:00;https://bllcompras.com/Process/ProcessView?param1=[gkz]VROo7D/6Qd8gFbSmCXDOLD1JKv4Nc9qmGh3cIbXiNQVg1ciWMoS5xdmb2OXQBOzGRcsjysGwDFuuEumM/tKMfvays6MvGdYI4m0IKSuU5GY=;MUNICIPIO DE NOVA CANAA PAULISTA;ARMÁRIO DE AÇO 02 PORTAS;UN;5.0;2405.33;12026.65;1;Em andamento;Sem benefício;nao_classificado;indefinido;indefinido;baixa;;;;;;
65711954000158-1-000015/2026;3;3532843;Nova Canaã Paulista;0;2026;000000015;6;Pregão - Eletrônico;0;0;Divulgada no PNCP;0;"Contratação de empresa para aquisição de equipamentos, materiais permanentes e de consumo, para a Secretaria Municipal de Educação.

";2026-09-18T08:12:27;2026-09-30T08:00:00;https://bllcompras.com/Process/ProcessView?param1=[gkz]VROo7D/6Qd8gFbSmCXDOLD1JKv4Nc9qmGh3cIbXiNQVg1ciWMoS5xdmb2OXQBOzGRcsjysGwDFuuEumM/tKMfvays6MvGdYI4m0IKSuU5GY=;MUNICIPIO DE NOVA CANAA PAULISTA;SMART TV 50 4K HDR COM CONEXÃO BLUETOOTH, WI-FI, USB E HDMI .;UN;5.0;4966.67;24833.35;1;Em andamento;Sem benefício;nao_classificado;indefinido;indefinido;baixa;;;;;;
65711954000158-1-000015/2026;4;3532843;Nova Canaã Paulista;0;2026;000000015;6;Pregão - Eletrônico;0;0;Divulgada no PNCP;0;"Contratação de empresa para aquisição de equipamentos, materiais permanentes e de consumo, para a Secretaria Municipal de Educação.

";2026-09-18T08:12:27;2026-09-30T08:00:00;https://bllcompras.com/Process/ProcessView?param1=[gkz]VROo7D/6Qd8gFbSmCXDOLD1JKv4Nc9qmGh3cIbXiNQVg1ciWMoS5xdmb2OXQBOzGRcsjysGwDFuuEumM/tKMfvays6MvGdYI4m0IKSuU5GY=;MUNICIPIO DE NOVA CANAA PAULISTA;MESA DE REUNIÃO;UN;2.0;4221.56;8443.12;1;Em andamento;Sem benefício;nao_classificado;indefinido;indefinido;baixa;;;;;;
65711954000158-1-000015/2026;5;3532843;Nova Canaã Paulista;0;2026;000000015;6;Pregão - Eletrônico;0;0;Divulgada no PNCP;0;"Contratação de empresa para aquisição de equipamentos, materiais permanentes e de consumo, para a Secretaria Municipal de Educação.

";2026-09-18T08:12:27;2026-09-30T08:00:00;https://bllcompras.com/Process/ProcessView?param1=[gkz]VROo7D/6Qd8gFbSmCXDOLD1JKv4Nc9qmGh3cIbXiNQVg1ciWMoS5xdmb2OXQBOzGRcsjysGwDFuuEumM/tKMfvays6MvGdYI4m0IKSuU5GY=;MUNICIPIO DE NOVA CANAA PAULISTA;MICROFONE COM FIO;UN;2.0;395.41;790.82;1;Em andamento;Sem benefício;nao_classificado;indefinido;indefinido;baixa;;;;;;
65711954000158-1-000015/2026;6;3532843;Nova Canaã Paulista;0;2026;000000015;6;Pregão - Eletrônico;0;0;Divulgada no PNCP;0;"Contratação de empresa para aquisição de equipamentos, materiais permanentes e de consumo, para a Secretaria Municipal de Educação.

";2026-09-18T08:12:27;2026-09-30T08:00:00;https://bllcompras.com/Process/ProcessView?param1=[gkz]VROo7D/6Qd8gFbSmCXDOLD1JKv4Nc9qmGh3cIbXiNQVg1ciWMoS5xdmb2OXQBOzGRcsjysGwDFuuEumM/tKMfvays6MvGdYI4m0IKSuU5GY=;MUNICIPIO DE NOVA CANAA PAULISTA;BICICLETÁRIO DE CHÃO;UN;2.0;1512.14;3024.28;1;Em andamento;Sem benefício;nao_classificado;indefinido;indefinido;baixa;;;;;;
65711954000158-1-000015/2026;7;3532843;Nova Canaã Paulista;0;2026;000000015;6;Pregão - Eletrônico;0;0;Divulgada no PNCP;0;"Contratação de empresa para aquisição de equipamentos, materiais permanentes e de consumo, para a Secretaria Municipal de Educação.

";2026-09-18T08:12:27;2026-09-30T08:00:00;https://bllcompras.com/Process/ProcessView?param1=[gkz]VROo7D/6Qd8gFbSmCXDOLD1JKv4Nc9qmGh3cIbXiNQVg1ciWMoS5xdmb2OXQBOzGRcsjysGwDFuuEumM/tKMfvays6MvGdYI4m0IKSuU5GY=;MUNICIPIO DE NOVA CANAA PAULISTA;ORGANIZADOR COM BAÚS;UN;2.0;1823.12;3646.24;1;Em andamento;Sem benefício;nao_classificado;indefinido;indefinido;baixa;;;;;;
65711954000158-1-000015/2026;8;3532843;Nova Canaã Paulista;0;2026;000000015;6;Pregão - Eletrônico;0;0;Divulgada no PNCP;0;"Contratação de empresa para aquisição de equipamentos, materiais permanentes e de consumo, para a Secretaria Municipal de Educação.

";2026-09-18T08:12:27;2026-09-30T08:00:00;https://bllcompras.com/Process/ProcessView?param1=[gkz]VROo7D/6Qd8gFbSmCXDOLD1JKv4Nc9qmGh3cIbXiNQVg1ciWMoS5xdmb2OXQBOzGRcsjysGwDFuuEumM/tKMfvays6MvGdYI4m0IKSuU5GY=;MUNICIPIO DE NOVA CANAA PAULISTA;MICROFONE SEM FIO;UN;2.0;1356.2;2712.4;1;Em andamento;Sem benefício;nao_classificado;indefinido;indefinido;baixa;;;;;;
65711954000158-1-000015/2026;9;3532843;Nova Canaã Paulista;0;2026;000000015;6;Pregão - Eletrônico;0;0;Divulgada no PNCP;0;"Contratação de empresa para aquisição de equipamentos, materiais permanentes e de consumo, para a Secretaria Municipal de Educação.

";2026-09-18T08:12:27;2026-09-30T08:00:00;https://bllcompras.com/Process/ProcessView?param1=[gkz]VROo7D/6Qd8gFbSmCXDOLD1JKv4Nc9qmGh3cIbXiNQVg1ciWMoS5xdmb2OXQBOzGRcsjysGwDFuuEumM/tKMfvays6MvGdYI4m0IKSuU5GY=;MUNICIPIO DE NOVA CANAA PAULISTA;CONJUNTO DE CARTEIRA FDE - TAMANHO 04;CONJ;55.0;775.67;42661.85;1;Em andamento;Sem benefício;nao_classificado;indefinido;indefinido;baixa;;;;;;
65711954000158-1-000015/2026;10;3532843;Nova Canaã Paulista;0;2026;000000015;6;Pregão - Eletrônico;0;0;Divulgada no PNCP;0;"Contratação de empresa para aquisição de equipamentos, materiais permanentes e de consumo, para a Secretaria Municipal de Educação.

";2026-09-18T08:12:27;2026-09-30T08:00:00;https://bllcompras.com/Process/ProcessView?param1=[gkz]VROo7D/6Qd8gFbSmCXDOLD1JKv4Nc9qmGh3cIbXiNQVg1ciWMoS5xdmb2OXQBOzGRcsjysGwDFuuEumM/tKMfvays6MvGdYI4m0IKSuU5GY=;MUNICIPIO DE NOVA CANAA PAULISTA;CONJUNTO DE CARTEIRA FDE - TAMANHO 05;CONJ;55.0;727.67;40021.85;1;Em andamento;Sem benefício;nao_classificado;indefinido;indefinido;baixa;;;;;;
65711954000158-1-000016/2026;1;3532843;Nova Canaã Paulista;0;2026;000000017;6;Pregão - Eletrônico;0;1;Divulgada no PNCP;0;escolha da proposta mais vantajosa para o Registro De Preços para futuras aquisições de material de limpeza e produtos de higienização para atender as necessidades da Prefeitura Municipal de Nova Canaã Paulista/SP conforme condições, quantidades e exigências estabelecidas neste Edital e seus anexos;2026-09-18T08:36:28;2026-10-06T08:00:00;https://bllcompras.com/Process/ProcessView?param1=[gkz]Jh059qVv/0vqp0XIS5k/7_/nwoi8pyIq75lodIJmv0_NzoLS_uF7Yu8ShbcCOZet72JUy_b0JFolCyr0bd5LC9qLqCkXGJQw13P7y_Tmtdw=;MUNICIPIO DE NOVA CANAA PAULISTA;"AGUA SANITARIA: COMPOSIÇAO: HIPOCLORITO DE SODIO E AGUA; PRINCIPIO ATIVO: HIPOCLORITO DE SODIO TEOR DE CLORO ATIVO 2,0% A 2,5% P/P. FRASCO DE 2000 ML, VALIDADE MINIMA 12 MESES.";FRAS;3080.0;6.39;19681.2;1;Em andamento;Sem benefício;limpeza_higiene;produto;suprimentos;media;;;;;;
65711954000158-1-000016/2026;2;3532843;Nova Canaã Paulista;0;2026;000000017;6;Pregão - Eletrônico;0;1;Divulgada no PNCP;0;escolha da proposta mais vantajosa para o Registro De Preços para futuras aquisições de material de limpeza e produtos de higienização para atender as necessidades da Prefeitura Municipal de Nova Canaã Paulista/SP conforme condições, quantidades e exigências estabelecidas neste Edital e seus anexos;2026-09-18T08:36:28;2026-10-06T08:00:00;https://bllcompras.com/Process/ProcessView?param1=[gkz]Jh059qVv/0vqp0XIS5k/7_/nwoi8pyIq75lodIJmv0_NzoLS_uF7Yu8ShbcCOZet72JUy_b0JFolCyr0bd5LC9qLqCkXGJQw13P7y_Tmtdw=;MUNICIPIO DE NOVA CANAA PAULISTA;ALCOOL 70% GEL ANTISSEPTICO 500ML - FRASCO COM 500ML DERMATOLOGICAMENTE TESTADO ,A 70% ELIMINA 99,9% DOS GERMES E BACTERIAS, ACAO IMEDIATA E PARA USO EXTERNO COM VALVULA;FRAS;334.0;13.82;4615.88;1;Em andamento;Sem benefício;limpeza_higiene;produto;suprimentos;media;;;;;;
65711954000158-1-000016/2026;3;3532843;Nova Canaã Paulista;0;2026;000000017;6;Pregão - Eletrônico;0;1;Divulgada no PNCP;0;escolha da proposta mais vantajosa para o Registro De Preços para futuras aquisições de material de limpeza e produtos de higienização para atender as necessidades da Prefeitura Municipal de Nova Canaã Paulista/SP conforme condições, quantidades e exigências estabelecidas neste Edital e seus anexos;2026-09-18T08:36:28;2026-10-06T08:00:00;https://bllcompras.com/Process/ProcessView?param1=[gkz]Jh059qVv/0vqp0XIS5k/7_/nwoi8pyIq75lodIJmv0_NzoLS_uF7Yu8ShbcCOZet72JUy_b0JFolCyr0bd5LC9qLqCkXGJQw13P7y_Tmtdw=;MUNICIPIO DE NOVA CANAA PAULISTA;ALCOOL ETILICO HIDRATADO- PARA USO DOMESTICO- 92,8 INPM, COM REGISTRO DO RESPONSAVEL QUIMICO, REGISTRO NO INMETRO, C/ DATA DE ENVASAMENTO, N° DE LOTE E VALIDADE NA EMBALAGEM, C/ TAMPA DE ROSCA PARA FACILITAR O MANUSEIO, COM SAC DA EMPRESA. FRASCO PLASTICO DE 1 LITRO.;UN;3414.0;10.63;36290.82;1;Em andamento;Sem benefício;panificacao;produto;alimentacao;media;;;;;;
65711954000158-1-000016/2026;4;3532843;Nova Canaã Paulista;0;2026;000000017;6;Pregão - Eletrônico;0;1;Divulgada no PNCP;0;escolha da proposta mais vantajosa para o Registro De Preços para futuras aquisições de material de limpeza e produtos de higienização para atender as necessidades da Prefeitura Municipal de Nova Canaã Paulista/SP conforme condições, quantidades e exigências estabelecidas neste Edital e seus anexos;2026-09-18T08:36:28;2026-10-06T08:00:00;https://bllcompras.com/Process/ProcessView?param1=[gkz]Jh059qVv/0vqp0XIS5k/7_/nwoi8pyIq75lodIJmv0_NzoLS_uF7Yu8ShbcCOZet72JUy_b0JFolCyr0bd5LC9qLqCkXGJQw13P7y_Tmtdw=;MUNICIPIO DE NOVA CANAA PAULISTA;AMACIANTE DE ROUPA 2 LITROS ? Cloreto dialquil dimetil amônio, tensoativo cationico, ceraidas, preservante, umectante, conservante, corante, coadjuvante, fragrância e água. Função amaciante. Apresentação Liquida. Embalagem plástica, de 2 litros, devendo conter as seguintes informações, nome, marca, categoria e destinação de acordo com ANVISA.;UN;435.0;12.08;5254.8;1;Em andamento;Sem benefício;limpeza_higiene;produto;suprimentos;media;;;;;;
65711954000158-1-000016/2026;5;3532843;Nova Canaã Paulista;0;2026;000000017;6;Pregão - Eletrônico;0;1;Divulgada no PNCP;0;escolha da proposta mais vantajosa para o Registro De Preços para futuras aquisições de material de limpeza e produtos de higienização para atender as necessidades da Prefeitura Municipal de Nova Canaã Paulista/SP conforme condições, quantidades e exigências estabelecidas neste Edital e seus anexos;2026-09-18T08:36:28;2026-10-06T08:00:00;https://bllcompras.com/Process/ProcessView?param1=[gkz]Jh059qVv/0vqp0XIS5k/7_/nwoi8pyIq75lodIJmv0_NzoLS_uF7Yu8ShbcCOZet72JUy_b0JFolCyr0bd5LC9qLqCkXGJQw13P7y_Tmtdw=;MUNICIPIO DE NOVA CANAA PAULISTA;AROMATIZADOR DE AMBIENTE AEROSSOL 360ML ? Composição: Álcool Etílico, Conservante, Antioxidante, Desnaturante, Fragrância, Água e Propelentes. Função: desodorizador. Embalagem plástica, de 360ml aproximadamente, devendo conter as seguintes informações, nome, marca, categoria e destinação de acordo com ANVISA;FRAS;752.0;18.37;13814.24;1;Em andamento;Sem benefício;limpeza_higiene;produto;suprimentos;media;;;;;;
65711954000158-1-000016/2026;6;3532843;Nova Canaã Paulista;0;2026;000000017;6;Pregão - Eletrônico;0;1;Divulgada no PNCP;0;escolha da proposta mais vantajosa para o Registro De Preços para futuras aquisições de material de limpeza e produtos de higienização para atender as necessidades da Prefeitura Municipal de Nova Canaã Paulista/SP conforme condições, quantidades e exigências estabelecidas neste Edital e seus anexos;2026-09-18T08:36:28;2026-10-06T08:00:00;https://bllcompras.com/Process/ProcessView?param1=[gkz]Jh059qVv/0vqp0XIS5k/7_/nwoi8pyIq75lodIJmv0_NzoLS_uF7Yu8ShbcCOZet72JUy_b0JFolCyr0bd5LC9qLqCkXGJQw13P7y_Tmtdw=;MUNICIPIO DE NOVA CANAA PAULISTA;AROMATIZANTE DE AMBIENTE ESSÊNCIA 120ML ? Composição: Álcool, conservante e água. Fragrância de Citronela, Capim limão, Chá Branco, Lavanda.;FRAS;3258.0;16.71;54441.18;1;Em andamento;Sem benefício;limpeza_higiene;produto;suprimentos;media;;;;;;
65711954000158-1-000016/2026;7;3532843;Nova Canaã Paulista;0;2026;000000017;6;Pregão - Eletrônico;0;1;Divulgada no PNCP;0;escolha da proposta mais vantajosa para o Registro De Preços para futuras aquisições de material de limpeza e produtos de higienização para atender as necessidades da Prefeitura Municipal de Nova Canaã Paulista/SP conforme condições, quantidades e exigências estabelecidas neste Edital e seus anexos;2026-09-18T08:36:28;2026-10-06T08:00:00;https://bllcompras.com/Process/ProcessView?param1=[gkz]Jh059qVv/0vqp0XIS5k/7_/nwoi8pyIq75lodIJmv0_NzoLS_uF7Yu8ShbcCOZet72JUy_b0JFolCyr0bd5LC9qLqCkXGJQw13P7y_Tmtdw=;MUNICIPIO DE NOVA CANAA PAULISTA;AVENTAL IMPERMEAVEL, CONFECCIONADO EM PVC FORRADO, TAMANHO 70CMX100CM TRANSPARENTE OU BRANCO.;UN;137.0;28.86;3953.82;1;Em andamento;Sem benefício;limpeza_higiene;produto;suprimentos;media;;;;;;
65711954000158-1-000016/2026;8;3532843;Nova Canaã Paulista;0;2026;000000017;6;Pregão - Eletrônico;0;1;Divulgada no PNCP;0;escolha da proposta mais vantajosa para o Registro De Preços para futuras aquisições de material de limpeza e produtos de higienização para atender as necessidades da Prefeitura Municipal de Nova Canaã Paulista/SP conforme condições, quantidades e exigências estabelecidas neste Edital e seus anexos;2026-09-18T08:36:28;2026-10-06T08:00:00;https://bllcompras.com/Process/ProcessView?param1=[gkz]Jh059qVv/0vqp0XIS5k/7_/nwoi8pyIq75lodIJmv0_NzoLS_uF7Yu8ShbcCOZet72JUy_b0JFolCyr0bd5LC9qLqCkXGJQw13P7y_Tmtdw=;MUNICIPIO DE NOVA CANAA PAULISTA;BALDE PLÁSTICO COM ALÇA DE METAL 12 LITROS ? Composição: Polipropileno, pigmento, arame galvanizado. Etiqueta devendo conter as seguintes informações, nome, marca, categoria e destinação de acordo com ANVISA.;UN;97.0;16.76;1625.72;1;Em andamento;Sem benefício;limpeza_higiene;produto;suprimentos;media;;;;;;
65711954000158-1-000016/2026;9;3532843;Nova Canaã Paulista;0;2026;000000017;6;Pregão - Eletrônico;0;1;Divulgada no PNCP;0;escolha da proposta mais vantajosa para o Registro De Preços para futuras aquisições de material de limpeza e produtos de higienização para atender as necessidades da Prefeitura Municipal de Nova Canaã Paulista/SP conforme condições, quantidades e exigências estabelecidas neste Edital e seus anexos;2026-09-18T08:36:28;2026-10-06T08:00:00;https://bllcompras.com/Process/ProcessView?param1=[gkz]Jh059qVv/0vqp0XIS5k/7_/nwoi8pyIq75lodIJmv0_NzoLS_uF7Yu8ShbcCOZet72JUy_b0JFolCyr0bd5LC9qLqCkXGJQw13P7y_Tmtdw=;MUNICIPIO DE NOVA CANAA PAULISTA;BALDE PLÁSTICO COM ALÇA DE METAL 20 LITROS ? Composição: Polipropileno, pigmento, arame galvanizado. Etiqueta devendo conter as seguintes informações, nome, marca, categoria e destinação de acordo com ANVISA.;UN;109.0;26.15;2850.35;1;Em andamento;Sem benefício;limpeza_higiene;produto;suprimentos;media;;;;;;
65711954000158-1-000016/2026;10;3532843;Nova Canaã Paulista;0;2026;000000017;6;Pregão - Eletrônico;0;1;Divulgada no PNCP;0;escolha da proposta mais vantajosa para o Registro De Preços para futuras aquisições de material de limpeza e produtos de higienização para atender as necessidades da Prefeitura Municipal de Nova Canaã Paulista/SP conforme condições, quantidades e exigências estabelecidas neste Edital e seus anexos;2026-09-18T08:36:28;2026-10-06T08:00:00;https://bllcompras.com/Process/ProcessView?param1=[gkz]Jh059qVv/0vqp0XIS5k/7_/nwoi8pyIq75lodIJmv0_NzoLS_uF7Yu8ShbcCOZet72JUy_b0JFolCyr0bd5LC9qLqCkXGJQw13P7y_Tmtdw=;MUNICIPIO DE NOVA CANAA PAULISTA;CERA LIQUIDA INCOLOR PISO LAVAVEL 750 ML ?  Composição: Ceras naturais, tensos ativos não iônicos, polímero acrílico, resina natural alcalinizada. Indicação pisos laváveis, cerâmicos, ardósia, granitos, granilites, mármore e paviflex. Função: impermeabilizante. Embalagem plástica, de 750 ml, devendo conter as seguintes informações, nome, marca, categoria e destinação de acordo com ANVISA.;UN;158.0;18.04;2850.32;1;Em andamento;Sem benefício;limpeza_higiene;produto;suprimentos;media;;;;;;
65711954000158-1-000017/2026;1;3532843;Nova Canaã Paulista;0;2026;000000018;6;Pregão - Eletrônico;0;0;Divulgada no PNCP;0;1.1.	Constitui objeto da presente licitação, Contratação de empresa para a aquisição de implementos agrícolas, para atendimento à emenda impositiva, conforme especificações contidas no Termo de Referência;2026-09-23T08:49:32;2026-10-06T12:00:00;https://bllcompras.com/Process/ProcessView?param1=[gkz]8spZ9r6Ts0VuAU7fE3lSy/xQWZCYd_i6HJCzan9LHp2WzyWsfj/TAzuXmpRI0b/Mv29qp3UFLGRlPC5vdxijNPchsGBlWimoA0tVi8NqZzU=;MUNICIPIO DE NOVA CANAA PAULISTA;GRADE ARADORA;UN;1.0;29325.0;29325.0;1;Em andamento;Sem benefício;nao_classificado;indefinido;indefinido;baixa;;;;;;
65711954000158-1-000017/2026;2;3532843;Nova Canaã Paulista;0;2026;000000018;6;Pregão - Eletrônico;0;0;Divulgada no PNCP;0;1.1.	Constitui objeto da presente licitação, Contratação de empresa para a aquisição de implementos agrícolas, para atendimento à emenda impositiva, conforme especificações contidas no Termo de Referência;2026-09-23T08:49:32;2026-10-06T12:00:00;https://bllcompras.com/Process/ProcessView?param1=[gkz]8spZ9r6Ts0VuAU7fE3lSy/xQWZCYd_i6HJCzan9LHp2WzyWsfj/TAzuXmpRI0b/Mv29qp3UFLGRlPC5vdxijNPchsGBlWimoA0tVi8NqZzU=;MUNICIPIO DE NOVA CANAA PAULISTA;DISTRIBUIDOR DE FERTILIZANTES;UN;1.0;33037.5;33037.5;1;Em andamento;Sem benefício;nao_classificado;indefinido;indefinido;baixa;;;;;;
65711954000158-1-000017/2026;3;3532843;Nova Canaã Paulista;0;2026;000000018;6;Pregão - Eletrônico;0;0;Divulgada no PNCP;0;1.1.	Constitui objeto da presente licitação, Contratação de empresa para a aquisição de implementos agrícolas, para atendimento à emenda impositiva, conforme especificações contidas no Termo de Referência;2026-09-23T08:49:32;2026-10-06T12:00:00;https://bllcompras.com/Process/ProcessView?param1=[gkz]8spZ9r6Ts0VuAU7fE3lSy/xQWZCYd_i6HJCzan9LHp2WzyWsfj/TAzuXmpRI0b/Mv29qp3UFLGRlPC5vdxijNPchsGBlWimoA0tVi8NqZzU=;MUNICIPIO DE NOVA CANAA PAULISTA;CONCHA TRASEIRA AGRICOLA;UN;1.0;4993.75;4993.75;1;Em andamento;Sem benefício;nao_classificado;indefinido;indefinido;baixa;;;;;;
65711954000158-1-000017/2026;4;3532843;Nova Canaã Paulista;0;2026;000000018;6;Pregão - Eletrônico;0;0;Divulgada no PNCP;0;1.1.	Constitui objeto da presente licitação, Contratação de empresa para a aquisição de implementos agrícolas, para atendimento à emenda impositiva, conforme especificações contidas no Termo de Referência;2026-09-23T08:49:32;2026-10-06T12:00:00;https://bllcompras.com/Process/ProcessView?param1=[gkz]8spZ9r6Ts0VuAU7fE3lSy/xQWZCYd_i6HJCzan9LHp2WzyWsfj/TAzuXmpRI0b/Mv29qp3UFLGRlPC5vdxijNPchsGBlWimoA0tVi8NqZzU=;MUNICIPIO DE NOVA CANAA PAULISTA;DISTRIBUIDOR DE ADUBOS E SEMENTES;UN;1.0;8074.5;8074.5;1;Em andamento;Sem benefício;nao_classificado;indefinido;indefinido;baixa;;;;;;
65711954000158-1-000017/2026;5;3532843;Nova Canaã Paulista;0;2026;000000018;6;Pregão - Eletrônico;0;0;Divulgada no PNCP;0;1.1.	Constitui objeto da presente licitação, Contratação de empresa para a aquisição de implementos agrícolas, para atendimento à emenda impositiva, conforme especificações contidas no Termo de Referência;2026-09-23T08:49:32;2026-10-06T12:00:00;https://bllcompras.com/Process/ProcessView?param1=[gkz]8spZ9r6Ts0VuAU7fE3lSy/xQWZCYd_i6HJCzan9LHp2WzyWsfj/TAzuXmpRI0b/Mv29qp3UFLGRlPC5vdxijNPchsGBlWimoA0tVi8NqZzU=;MUNICIPIO DE NOVA CANAA PAULISTA;CARRETA TANQUE AGRICOLA CAPACIDADE 6500 LITROS;UN;1.0;30612.5;30612.5;1;Em andamento;Sem benefício;nao_classificado;indefinido;indefinido;baixa;;;;;;
65711954000158-1-000017/2026;6;3532843;Nova Canaã Paulista;0;2026;000000018;6;Pregão - Eletrônico;0;0;Divulgada no PNCP;0;1.1.	Constitui objeto da presente licitação, Contratação de empresa para a aquisição de implementos agrícolas, para atendimento à emenda impositiva, conforme especificações contidas no Termo de Referência;2026-09-23T08:49:32;2026-10-06T12:00:00;https://bllcompras.com/Process/ProcessView?param1=[gkz]8spZ9r6Ts0VuAU7fE3lSy/xQWZCYd_i6HJCzan9LHp2WzyWsfj/TAzuXmpRI0b/Mv29qp3UFLGRlPC5vdxijNPchsGBlWimoA0tVi8NqZzU=;MUNICIPIO DE NOVA CANAA PAULISTA;CARRETA AGICOLA BASCULANTE 05 TONELADAS;UN;1.0;21672.5;21672.5;1;Em andamento;Sem benefício;nao_classificado;indefinido;indefinido;baixa;;;;;;
01613202000171-1-000002/2026;1;3532868;Nova Castilho;1;2026;010;6;Pregão - Eletrônico;0;0;Divulgada no PNCP;0;Aquisição de Equipamentos;2026-09-02T14:57:17;2026-09-16T08:30:00;https://bllcompras.com/Process/ProcessView?param1=[gkz]pBpu1ToEXvqoatStX5iXKa1wR44yORZ45qMl76FhGtut7rYep2kFZAJsG7zT4s6KjfRuhBqECni4Ntp8BZTF3SR2yHcdE1XmKhYrF0q8fXs=;MUNICIPIO DE NOVA CASTILHO;ARMÁRIO GAVETEIRO PARA USO INSTITUCIONALDescrição Técnica: Armário tipo gaveteiro destinado a ambiente institucional de unidade de saúde, confeccionado em MDF de alta densidade ou aço carbono, com a;UN;2.0;2108.84;4217.68;1;Em andamento;Sem benefício;nao_classificado;indefinido;indefinido;baixa;;;;;;
01613202000171-1-000002/2026;2;3532868;Nova Castilho;1;2026;010;6;Pregão - Eletrônico;0;0;Divulgada no PNCP;0;Aquisição de Equipamentos;2026-09-02T14:57:17;2026-09-16T08:30:00;https://bllcompras.com/Process/ProcessView?param1=[gkz]pBpu1ToEXvqoatStX5iXKa1wR44yORZ45qMl76FhGtut7rYep2kFZAJsG7zT4s6KjfRuhBqECni4Ntp8BZTF3SR2yHcdE1XmKhYrF0q8fXs=;MUNICIPIO DE NOVA CASTILHO;BALANÇA ANTROPOMÉTRICA DIGITAL – SALA DE PESAGEMDescrição Técnica: Balança antropométrica digital destinada à aferição de peso e estatura em ambiente de unidade de saúde. Capacidade mínima de 200 kg;UN;1.0;2698.3333;2698.3333;1;Em andamento;Sem benefício;nao_classificado;indefinido;indefinido;baixa;;;;;;
01613202000171-1-000002/2026;3;3532868;Nova Castilho;1;2026;010;6;Pregão - Eletrônico;0;0;Divulgada no PNCP;0;Aquisição de Equipamentos;2026-09-02T14:57:17;2026-09-16T08:30:00;https://bllcompras.com/Process/ProcessView?param1=[gkz]pBpu1ToEXvqoatStX5iXKa1wR44yORZ45qMl76FhGtut7rYep2kFZAJsG7zT4s6KjfRuhBqECni4Ntp8BZTF3SR2yHcdE1XmKhYrF0q8fXs=;MUNICIPIO DE NOVA CASTILHO;BEBEDOURO INDUSTRIAL PARA RECEPÇÃO DE UBSDescrição Técnica: Bebedouro industrial de alta capacidade, destinado a ambiente institucional, com estrutura em aço inoxidável ou aço com revestimento antic;UN;1.0;2737.2667;2737.2667;1;Em andamento;Sem benefício;nao_classificado;indefinido;indefinido;baixa;;;;;;
01613202000171-1-000002/2026;4;3532868;Nova Castilho;1;2026;010;6;Pregão - Eletrônico;0;0;Divulgada no PNCP;0;Aquisição de Equipamentos;2026-09-02T14:57:17;2026-09-16T08:30:00;https://bllcompras.com/Process/ProcessView?param1=[gkz]pBpu1ToEXvqoatStX5iXKa1wR44yORZ45qMl76FhGtut7rYep2kFZAJsG7zT4s6KjfRuhBqECni4Ntp8BZTF3SR2yHcdE1XmKhYrF0q8fXs=;MUNICIPIO DE NOVA CASTILHO;CADEIRA EXECUTIVA Descrição mínima exigida: Cadeira giratória tipo executiva, com encosto médio, confeccionada com estrutura interna em madeira compensada ou material equivalente, com espuma injetad;UN;6.0;1072.16;6432.96;1;Em andamento;Sem benefício;madeira_construcao;produto;construcao;baixa;;;;;;
01613202000171-1-000002/2026;5;3532868;Nova Castilho;1;2026;010;6;Pregão - Eletrônico;0;0;Divulgada no PNCP;0;Aquisição de Equipamentos;2026-09-02T14:57:17;2026-09-16T08:30:00;https://bllcompras.com/Process/ProcessView?param1=[gkz]pBpu1ToEXvqoatStX5iXKa1wR44yORZ45qMl76FhGtut7rYep2kFZAJsG7zT4s6KjfRuhBqECni4Ntp8BZTF3SR2yHcdE1XmKhYrF0q8fXs=;MUNICIPIO DE NOVA CASTILHO;CADEIRA PRESIDENTE GIRATÓRIADescrição Técnica: Cadeira de escritório tipo presidente, giratória, com encosto médio a alto, confeccionada com estrutura interna resistente em madeira compensada multil;UN;6.0;1198.86;7193.16;1;Em andamento;Sem benefício;madeira_construcao;produto;construcao;baixa;;;;;;
01613202000171-1-000002/2026;6;3532868;Nova Castilho;1;2026;010;6;Pregão - Eletrônico;0;0;Divulgada no PNCP;0;Aquisição de Equipamentos;2026-09-02T14:57:17;2026-09-16T08:30:00;https://bllcompras.com/Process/ProcessView?param1=[gkz]pBpu1ToEXvqoatStX5iXKa1wR44yORZ45qMl76FhGtut7rYep2kFZAJsG7zT4s6KjfRuhBqECni4Ntp8BZTF3SR2yHcdE1XmKhYrF0q8fXs=;MUNICIPIO DE NOVA CASTILHO;CADEIRA PRESIDENTE PREMIUMDescrição mínima exigida: Cadeira giratória tipo presidente premium, com encosto alto (espaldar elevado), indicada para uso em ambientes de direção superior, confeccionada;UN;1.0;1924.8467;1924.8467;1;Em andamento;Sem benefício;nao_classificado;indefinido;indefinido;baixa;;;;;;
01613202000171-1-000002/2026;7;3532868;Nova Castilho;1;2026;010;6;Pregão - Eletrônico;0;0;Divulgada no PNCP;0;Aquisição de Equipamentos;2026-09-02T14:57:17;2026-09-16T08:30:00;https://bllcompras.com/Process/ProcessView?param1=[gkz]pBpu1ToEXvqoatStX5iXKa1wR44yORZ45qMl76FhGtut7rYep2kFZAJsG7zT4s6KjfRuhBqECni4Ntp8BZTF3SR2yHcdE1XmKhYrF0q8fXs=;MUNICIPIO DE NOVA CASTILHO;CADEIRA TIPO POLTRONA ESTOFADA PARA PACIENTE – BASE METÁLICA CONTÍNUADescrição Técnica: Cadeira tipo poltrona destinada a ambiente institucional de unidade de saúde, com estrutura fixa em aço carbon;UN;12.0;1400.8333;16809.9996;1;Em andamento;Sem benefício;nao_classificado;indefinido;indefinido;baixa;;;;;;
01613202000171-1-000002/2026;8;3532868;Nova Castilho;1;2026;010;6;Pregão - Eletrônico;0;0;Divulgada no PNCP;0;Aquisição de Equipamentos;2026-09-02T14:57:17;2026-09-16T08:30:00;https://bllcompras.com/Process/ProcessView?param1=[gkz]pBpu1ToEXvqoatStX5iXKa1wR44yORZ45qMl76FhGtut7rYep2kFZAJsG7zT4s6KjfRuhBqECni4Ntp8BZTF3SR2yHcdE1XmKhYrF0q8fXs=;MUNICIPIO DE NOVA CASTILHO;CAIXA TÉRMICA ELÉTRICA PARA TRANSPORTE DE IMUNOBIOLÓGICOSDescrição Técnica: Caixa térmica elétrica destinada ao transporte e conservação de imunobiológicos, com sistema de refrigeração ativo por con;UN;1.0;8032.1667;8032.1667;1;Em andamento;Sem benefício;rede_frio_imunizacao;produto;saude;media;;;;;;
01613202000171-1-000002/2026;9;3532868;Nova Castilho;1;2026;010;6;Pregão - Eletrônico;0;0;Divulgada no PNCP;0;Aquisição de Equipamentos;2026-09-02T14:57:17;2026-09-16T08:30:00;https://bllcompras.com/Process/ProcessView?param1=[gkz]pBpu1ToEXvqoatStX5iXKa1wR44yORZ45qMl76FhGtut7rYep2kFZAJsG7zT4s6KjfRuhBqECni4Ntp8BZTF3SR2yHcdE1XmKhYrF0q8fXs=;MUNICIPIO DE NOVA CASTILHO;CILINDRO DE OXIGÊNIO 15 LITROSDescrição Técnica: Cilindro destinado ao armazenamento de oxigênio medicinal, com capacidade hidráulica aproximada de 15 litros, confeccionado em aço carbono ou liga de;UN;1.0;2391.4467;2391.4467;1;Em andamento;Sem benefício;nao_classificado;indefinido;indefinido;baixa;;;;;;
01613202000171-1-000002/2026;10;3532868;Nova Castilho;1;2026;010;6;Pregão - Eletrônico;0;0;Divulgada no PNCP;0;Aquisição de Equipamentos;2026-09-02T14:57:17;2026-09-16T08:30:00;https://bllcompras.com/Process/ProcessView?param1=[gkz]pBpu1ToEXvqoatStX5iXKa1wR44yORZ45qMl76FhGtut7rYep2kFZAJsG7zT4s6KjfRuhBqECni4Ntp8BZTF3SR2yHcdE1XmKhYrF0q8fXs=;MUNICIPIO DE NOVA CASTILHO;FRAGMENTADORA DE PAPEL – ALTA CAPACIDADE (30 FOLHAS)Descrição Técnica: Fragmentadora de papel de uso institucional, com sistema de corte em partículas (corte cruzado), proporcionando maior nível de;UN;1.0;4176.0;4176.0;1;Em andamento;Sem benefício;nao_classificado;indefinido;indefinido;baixa;;;;;;
01611213000112-1-000042/2026;1;3534757;Ouroeste;0;2026;23;6;Pregão - Eletrônico;0;0;Divulgada no PNCP;0;AQUISIÇÃO DE EXAMES LABORATORIAIS DE SANGUE;2026-08-17T14:40:55;2026-09-01T08:30:00;http://pm.ouroeste.sp.gov.br:8079/comprasedital/;MUNICIPIO DE OUROESTE;EXAMES LABORATORIAIS;Unidade;1.0;539869.05;539869.05;1;Em andamento;Não se aplica;servico_laboratorial;servico;saude;alta;;;;;;
01611213000112-1-000044/2026;1;3534757;Ouroeste;0;2026;16;6;Pregão - Eletrônico;0;1;Divulgada no PNCP;0;Contratação de empresa especializada em exames do PCMSO (Programa de Controle Médico de Saúde Ocupacional);2026-09-14T10:09:20;2026-09-30T08:30:00;http://pm.ouroeste.sp.gov.br:8079/comprasedital/;MUNICIPIO DE OUROESTE;EXAMES ADMISSIONAIS;Unidade;1.0;300065.3;300065.3;1;Em andamento;Não se aplica;nao_classificado;indefinido;indefinido;baixa;;;;;;
01611213000112-1-000045/2026;1;3534757;Ouroeste;0;2026;24;6;Pregão - Eletrônico;0;1;Divulgada no PNCP;0; ELABORAÇÃO DE ATA DE REGISTRO DE PREÇOS PARA CONTRATAÇÃO (ÕES) DE EMPRESA (S) ESPECIALIZADA (S) NO FORNECIMENTO DE GÁS OXIGÊNIO MEDICINAL E NA LOCAÇÃO DE CONCENTRADORES DE OXIGÊNIO, PARA SECRETARIA MUNICIPAL DE SAÚDE DO MUNICÍPIO DE OUROESTE/SP, COM PREVISÃO DE USO NO DECORRER DE 12 (DOZE) MESES – CONFORME TERMO DE REFERÊNCIA;2026-09-14T10:53:30;2026-09-29T08:30:00;http://pm.ouroeste.sp.gov.br:8079/comprasedital/;MUNICIPIO DE OUROESTE;GÁS OXIGENIO MEDICINAL-  CIL 07L  1 M³;M3;150.0;166.18;24927.0;1;Em andamento;Sem benefício;madeira_construcao;produto;construcao;baixa;;;;;;
01611213000112-1-000045/2026;2;3534757;Ouroeste;0;2026;24;6;Pregão - Eletrônico;0;1;Divulgada no PNCP;0; ELABORAÇÃO DE ATA DE REGISTRO DE PREÇOS PARA CONTRATAÇÃO (ÕES) DE EMPRESA (S) ESPECIALIZADA (S) NO FORNECIMENTO DE GÁS OXIGÊNIO MEDICINAL E NA LOCAÇÃO DE CONCENTRADORES DE OXIGÊNIO, PARA SECRETARIA MUNICIPAL DE SAÚDE DO MUNICÍPIO DE OUROESTE/SP, COM PREVISÃO DE USO NO DECORRER DE 12 (DOZE) MESES – CONFORME TERMO DE REFERÊNCIA;2026-09-14T10:53:30;2026-09-29T08:30:00;http://pm.ouroeste.sp.gov.br:8079/comprasedital/;MUNICIPIO DE OUROESTE;GÁS OXIGENIO MEDICINAL-  CIL 07L  1 M³;M3;50.0;166.18;8309.0;1;Em andamento;Cota reservada para ME/EPP;madeira_construcao;produto;construcao;baixa;;;;;;
01611213000112-1-000045/2026;3;3534757;Ouroeste;0;2026;24;6;Pregão - Eletrônico;0;1;Divulgada no PNCP;0; ELABORAÇÃO DE ATA DE REGISTRO DE PREÇOS PARA CONTRATAÇÃO (ÕES) DE EMPRESA (S) ESPECIALIZADA (S) NO FORNECIMENTO DE GÁS OXIGÊNIO MEDICINAL E NA LOCAÇÃO DE CONCENTRADORES DE OXIGÊNIO, PARA SECRETARIA MUNICIPAL DE SAÚDE DO MUNICÍPIO DE OUROESTE/SP, COM PREVISÃO DE USO NO DECORRER DE 12 (DOZE) MESES – CONFORME TERMO DE REFERÊNCIA;2026-09-14T10:53:30;2026-09-29T08:30:00;http://pm.ouroeste.sp.gov.br:8079/comprasedital/;MUNICIPIO DE OUROESTE;GÁS OXIGENIO MEDICINAL  50L -10 M³;M3;2625.0;34.02;89302.5;1;Em andamento;Sem benefício;madeira_construcao;produto;construcao;baixa;;;;;;
01611213000112-1-000045/2026;4;3534757;Ouroeste;0;2026;24;6;Pregão - Eletrônico;0;1;Divulgada no PNCP;0; ELABORAÇÃO DE ATA DE REGISTRO DE PREÇOS PARA CONTRATAÇÃO (ÕES) DE EMPRESA (S) ESPECIALIZADA (S) NO FORNECIMENTO DE GÁS OXIGÊNIO MEDICINAL E NA LOCAÇÃO DE CONCENTRADORES DE OXIGÊNIO, PARA SECRETARIA MUNICIPAL DE SAÚDE DO MUNICÍPIO DE OUROESTE/SP, COM PREVISÃO DE USO NO DECORRER DE 12 (DOZE) MESES – CONFORME TERMO DE REFERÊNCIA;2026-09-14T10:53:30;2026-09-29T08:30:00;http://pm.ouroeste.sp.gov.br:8079/comprasedital/;MUNICIPIO DE OUROESTE;GÁS OXIGENIO MEDICINAL  50L -10 M³;M3;875.0;34.02;29767.5;1;Em andamento;Cota reservada para ME/EPP;madeira_construcao;produto;construcao;baixa;;;;;;
01611213000112-1-000045/2026;5;3534757;Ouroeste;0;2026;24;6;Pregão - Eletrônico;0;1;Divulgada no PNCP;0; ELABORAÇÃO DE ATA DE REGISTRO DE PREÇOS PARA CONTRATAÇÃO (ÕES) DE EMPRESA (S) ESPECIALIZADA (S) NO FORNECIMENTO DE GÁS OXIGÊNIO MEDICINAL E NA LOCAÇÃO DE CONCENTRADORES DE OXIGÊNIO, PARA SECRETARIA MUNICIPAL DE SAÚDE DO MUNICÍPIO DE OUROESTE/SP, COM PREVISÃO DE USO NO DECORRER DE 12 (DOZE) MESES – CONFORME TERMO DE REFERÊNCIA;2026-09-14T10:53:30;2026-09-29T08:30:00;http://pm.ouroeste.sp.gov.br:8079/comprasedital/;MUNICIPIO DE OUROESTE;LOCAÇÃO DE CONCENTRADOR DE OXIGÊNIO;Acertar Manualmente...;90.0;744.22;66979.8;1;Em andamento;Sem benefício;madeira_construcao;produto;construcao;baixa;;;;;;
01611213000112-1-000045/2026;6;3534757;Ouroeste;0;2026;24;6;Pregão - Eletrônico;0;1;Divulgada no PNCP;0; ELABORAÇÃO DE ATA DE REGISTRO DE PREÇOS PARA CONTRATAÇÃO (ÕES) DE EMPRESA (S) ESPECIALIZADA (S) NO FORNECIMENTO DE GÁS OXIGÊNIO MEDICINAL E NA LOCAÇÃO DE CONCENTRADORES DE OXIGÊNIO, PARA SECRETARIA MUNICIPAL DE SAÚDE DO MUNICÍPIO DE OUROESTE/SP, COM PREVISÃO DE USO NO DECORRER DE 12 (DOZE) MESES – CONFORME TERMO DE REFERÊNCIA;2026-09-14T10:53:30;2026-09-29T08:30:00;http://pm.ouroeste.sp.gov.br:8079/comprasedital/;MUNICIPIO DE OUROESTE;LOCAÇÃO DE CONCENTRADOR DE OXIGÊNIO;Acertar Manualmente...;30.0;744.22;22326.6;1;Em andamento;Cota reservada para ME/EPP;madeira_construcao;produto;construcao;baixa;;;;;;
01611213000112-1-000045/2026;7;3534757;Ouroeste;0;2026;24;6;Pregão - Eletrônico;0;1;Divulgada no PNCP;0; ELABORAÇÃO DE ATA DE REGISTRO DE PREÇOS PARA CONTRATAÇÃO (ÕES) DE EMPRESA (S) ESPECIALIZADA (S) NO FORNECIMENTO DE GÁS OXIGÊNIO MEDICINAL E NA LOCAÇÃO DE CONCENTRADORES DE OXIGÊNIO, PARA SECRETARIA MUNICIPAL DE SAÚDE DO MUNICÍPIO DE OUROESTE/SP, COM PREVISÃO DE USO NO DECORRER DE 12 (DOZE) MESES – CONFORME TERMO DE REFERÊNCIA;2026-09-14T10:53:30;2026-09-29T08:30:00;http://pm.ouroeste.sp.gov.br:8079/comprasedital/;MUNICIPIO DE OUROESTE;OXIGÊNIO MEDICINAL DE 15L À 16L - CORRESPONDENDO A 2M³ A 2,5M³;M3;188.0;94.75;17813.0;1;Em andamento;Sem benefício;madeira_construcao;produto;construcao;baixa;;;;;;
01611213000112-1-000045/2026;8;3534757;Ouroeste;0;2026;24;6;Pregão - Eletrônico;0;1;Divulgada no PNCP;0; ELABORAÇÃO DE ATA DE REGISTRO DE PREÇOS PARA CONTRATAÇÃO (ÕES) DE EMPRESA (S) ESPECIALIZADA (S) NO FORNECIMENTO DE GÁS OXIGÊNIO MEDICINAL E NA LOCAÇÃO DE CONCENTRADORES DE OXIGÊNIO, PARA SECRETARIA MUNICIPAL DE SAÚDE DO MUNICÍPIO DE OUROESTE/SP, COM PREVISÃO DE USO NO DECORRER DE 12 (DOZE) MESES – CONFORME TERMO DE REFERÊNCIA;2026-09-14T10:53:30;2026-09-29T08:30:00;http://pm.ouroeste.sp.gov.br:8079/comprasedital/;MUNICIPIO DE OUROESTE;OXIGÊNIO MEDICINAL DE 15L À 16L - CORRESPONDENDO A 2M³ A 2,5M³;M3;62.0;94.75;5874.5;1;Em andamento;Cota reservada para ME/EPP;madeira_construcao;produto;construcao;baixa;;;;;;
01611213000112-1-000046/2026;1;3534757;Ouroeste;0;2026;20;8;Dispensa;0;0;Divulgada no PNCP;0;“CONTRATAÇÃO DE EMPRESA ESPECIALIZADA NA CONFECÇÃO E FORNECIMENTO DIVERSOS TIPOS DE FIGURINOS PARA A APRESENTAÇÃO DO BALLET MUNICIPAL DE OUROESTE NO DIA 27 DE NOVEMBRO DE 2026”.;2026-09-14T15:18:21;2026-09-21T08:59:00;http://pm.ouroeste.sp.gov.br:8079/comprasedital/;MUNICIPIO DE OUROESTE;CONFECÇÃO DE FIGURINO DIVERTIDAMENTE;SERVIÇO;8.0;375.0;3000.0;1;Em andamento;Não se aplica;textil_uniforme;produto;vestuario;media;;;;;;
01611213000112-1-000046/2026;2;3534757;Ouroeste;0;2026;20;8;Dispensa;0;0;Divulgada no PNCP;0;“CONTRATAÇÃO DE EMPRESA ESPECIALIZADA NA CONFECÇÃO E FORNECIMENTO DIVERSOS TIPOS DE FIGURINOS PARA A APRESENTAÇÃO DO BALLET MUNICIPAL DE OUROESTE NO DIA 27 DE NOVEMBRO DE 2026”.;2026-09-14T15:18:21;2026-09-21T08:59:00;http://pm.ouroeste.sp.gov.br:8079/comprasedital/;MUNICIPIO DE OUROESTE;CONFECÇÃO DE FIGURINO FROZEN – ANA;SERVIÇO;5.0;465.0;2325.0;1;Em andamento;Não se aplica;textil_uniforme;produto;vestuario;media;;;;;;
01611213000112-1-000046/2026;3;3534757;Ouroeste;0;2026;20;8;Dispensa;0;0;Divulgada no PNCP;0;“CONTRATAÇÃO DE EMPRESA ESPECIALIZADA NA CONFECÇÃO E FORNECIMENTO DIVERSOS TIPOS DE FIGURINOS PARA A APRESENTAÇÃO DO BALLET MUNICIPAL DE OUROESTE NO DIA 27 DE NOVEMBRO DE 2026”.;2026-09-14T15:18:21;2026-09-21T08:59:00;http://pm.ouroeste.sp.gov.br:8079/comprasedital/;MUNICIPIO DE OUROESTE;CONFECÇÃO DE FIGURINO GUERREIRAS DO K-POP;SERVIÇO;3.0;449.0;1347.0;1;Em andamento;Não se aplica;textil_uniforme;produto;vestuario;media;;;;;;
01611213000112-1-000046/2026;4;3534757;Ouroeste;0;2026;20;8;Dispensa;0;0;Divulgada no PNCP;0;“CONTRATAÇÃO DE EMPRESA ESPECIALIZADA NA CONFECÇÃO E FORNECIMENTO DIVERSOS TIPOS DE FIGURINOS PARA A APRESENTAÇÃO DO BALLET MUNICIPAL DE OUROESTE NO DIA 27 DE NOVEMBRO DE 2026”.;2026-09-14T15:18:21;2026-09-21T08:59:00;http://pm.ouroeste.sp.gov.br:8079/comprasedital/;MUNICIPIO DE OUROESTE;CONFECÇÃO DE FIGURINO MINIONS;SERVIÇO;6.0;396.6666;2380.0;1;Em andamento;Não se aplica;textil_uniforme;produto;vestuario;media;;;;;;
01611213000112-1-000046/2026;5;3534757;Ouroeste;0;2026;20;8;Dispensa;0;0;Divulgada no PNCP;0;“CONTRATAÇÃO DE EMPRESA ESPECIALIZADA NA CONFECÇÃO E FORNECIMENTO DIVERSOS TIPOS DE FIGURINOS PARA A APRESENTAÇÃO DO BALLET MUNICIPAL DE OUROESTE NO DIA 27 DE NOVEMBRO DE 2026”.;2026-09-14T15:18:21;2026-09-21T08:59:00;http://pm.ouroeste.sp.gov.br:8079/comprasedital/;MUNICIPIO DE OUROESTE;CONFECÇÃO DE FIGURINO PINÓQUIO;SERVIÇO;7.0;465.0;3255.0;1;Em andamento;Não se aplica;textil_uniforme;produto;vestuario;media;;;;;;
01611213000112-1-000046/2026;6;3534757;Ouroeste;0;2026;20;8;Dispensa;0;0;Divulgada no PNCP;0;“CONTRATAÇÃO DE EMPRESA ESPECIALIZADA NA CONFECÇÃO E FORNECIMENTO DIVERSOS TIPOS DE FIGURINOS PARA A APRESENTAÇÃO DO BALLET MUNICIPAL DE OUROESTE NO DIA 27 DE NOVEMBRO DE 2026”.;2026-09-14T15:18:21;2026-09-21T08:59:00;http://pm.ouroeste.sp.gov.br:8079/comprasedital/;MUNICIPIO DE OUROESTE;CONFECÇÃO DE FIGURINO RATATOUILLE;SERVIÇO;4.0;355.0;1420.0;1;Em andamento;Não se aplica;textil_uniforme;produto;vestuario;media;;;;;;
01611213000112-1-000046/2026;7;3534757;Ouroeste;0;2026;20;8;Dispensa;0;0;Divulgada no PNCP;0;“CONTRATAÇÃO DE EMPRESA ESPECIALIZADA NA CONFECÇÃO E FORNECIMENTO DIVERSOS TIPOS DE FIGURINOS PARA A APRESENTAÇÃO DO BALLET MUNICIPAL DE OUROESTE NO DIA 27 DE NOVEMBRO DE 2026”.;2026-09-14T15:18:21;2026-09-21T08:59:00;http://pm.ouroeste.sp.gov.br:8079/comprasedital/;MUNICIPIO DE OUROESTE;CONFECÇÃO DE FIGURINO TINKER BELL / PETER PAN;SERVIÇO;2.0;424.0;848.0;1;Em andamento;Não se aplica;textil_uniforme;produto;vestuario;media;;;;;;
01611213000112-1-000046/2026;8;3534757;Ouroeste;0;2026;20;8;Dispensa;0;0;Divulgada no PNCP;0;“CONTRATAÇÃO DE EMPRESA ESPECIALIZADA NA CONFECÇÃO E FORNECIMENTO DIVERSOS TIPOS DE FIGURINOS PARA A APRESENTAÇÃO DO BALLET MUNICIPAL DE OUROESTE NO DIA 27 DE NOVEMBRO DE 2026”.;2026-09-14T15:18:21;2026-09-21T08:59:00;http://pm.ouroeste.sp.gov.br:8079/comprasedital/;MUNICIPIO DE OUROESTE;CONFECÇÃO DE FIGURINO TOY STORY;SERVIÇO;5.0;380.0;1900.0;1;Em andamento;Não se aplica;textil_uniforme;produto;vestuario;media;;;;;;
01611213000112-1-000046/2026;9;3534757;Ouroeste;0;2026;20;8;Dispensa;0;0;Divulgada no PNCP;0;“CONTRATAÇÃO DE EMPRESA ESPECIALIZADA NA CONFECÇÃO E FORNECIMENTO DIVERSOS TIPOS DE FIGURINOS PARA A APRESENTAÇÃO DO BALLET MUNICIPAL DE OUROESTE NO DIA 27 DE NOVEMBRO DE 2026”.;2026-09-14T15:18:21;2026-09-21T08:59:00;http://pm.ouroeste.sp.gov.br:8079/comprasedital/;MUNICIPIO DE OUROESTE;CONFECÇÃO DE FIGURINO TROLLS;SERVIÇO;1.0;415.0;415.0;1;Em andamento;Não se aplica;textil_uniforme;produto;vestuario;media;;;;;;
01611213000112-1-000048/2026;1;3534757;Ouroeste;0;2026;15;6;Pregão - Eletrônico;0;0;Divulgada no PNCP;0;“CONTRATAÇÃO DE EMPRESA ESPECIALIZADA PARA PRESTAÇÃO DE SERVIÇOS DE SST (SAÚDE E SEGURANÇA DO TRABALHO) PARA PREFEITURA DO MUNICIPIO DE OUROESTE/SP E DISTRITO DE ARABÁ”.;2026-09-18T08:43:48;2026-10-01T08:29:00;http://pm.ouroeste.sp.gov.br:8079/comprasedital/;MUNICIPIO DE OUROESTE;CONTRATAÇÃO DE EMPRESA ESPECIALIZADA EM SST(SAÚDE E SEGURANÇA DO TRABALHO), PARA PREFEITURA DO MUNICÍPIO DE OUROESTE/SP E DISTRITO DO ARABÁ;SERVIÇO;12.0;5000.0;60000.0;1;Em andamento;Não se aplica;nao_classificado;indefinido;indefinido;baixa;;;;;;
01611213000112-1-000049/2026;1;3534757;Ouroeste;0;2026;28;6;Pregão - Eletrônico;0;1;Divulgada no PNCP;0;ELABORAÇÃO DE ATA DE REGISTRO DE PREÇO PARA AQUISIÇÃO FUTURA E EVENTUAL DE EQUIPAMENTOS DE PROTEÇÃO INDIVIDUAL (EPI), PARA USO NO DECORRER DE 12 (DOZE) MESES;2026-09-23T16:04:14;2026-10-07T08:30:00;http://pm.ouroeste.sp.gov.br:8079/comprasedital/;MUNICIPIO DE OUROESTE;ABAFADOR DE RUÍDO TIPO CONCHA;Acertar Manualmente...;38.0;24.78;941.64;1;Em andamento;Sem benefício;racao_agropecuaria;produto;agropecuaria;baixa;;;;;;
01611213000112-1-000049/2026;2;3534757;Ouroeste;0;2026;28;6;Pregão - Eletrônico;0;1;Divulgada no PNCP;0;ELABORAÇÃO DE ATA DE REGISTRO DE PREÇO PARA AQUISIÇÃO FUTURA E EVENTUAL DE EQUIPAMENTOS DE PROTEÇÃO INDIVIDUAL (EPI), PARA USO NO DECORRER DE 12 (DOZE) MESES;2026-09-23T16:04:14;2026-10-07T08:30:00;http://pm.ouroeste.sp.gov.br:8079/comprasedital/;MUNICIPIO DE OUROESTE;ABAFADOR DE RUÍDO TIPO CONCHA;Acertar Manualmente...;12.0;24.78;297.36;1;Em andamento;Cota reservada para ME/EPP;racao_agropecuaria;produto;agropecuaria;baixa;;;;;;
01611213000112-1-000049/2026;3;3534757;Ouroeste;0;2026;28;6;Pregão - Eletrônico;0;1;Divulgada no PNCP;0;ELABORAÇÃO DE ATA DE REGISTRO DE PREÇO PARA AQUISIÇÃO FUTURA E EVENTUAL DE EQUIPAMENTOS DE PROTEÇÃO INDIVIDUAL (EPI), PARA USO NO DECORRER DE 12 (DOZE) MESES;2026-09-23T16:04:14;2026-10-07T08:30:00;http://pm.ouroeste.sp.gov.br:8079/comprasedital/;MUNICIPIO DE OUROESTE;AVENTAL DE SEGURANÇA CONFECCIONADO EM COURO RASPA ESTILO BARBEIRO (TIPO AÇOUGUEIRO/SOLDADOR);Acertar Manualmente...;8.0;57.25;458.0;1;Em andamento;Sem benefício;racao_agropecuaria;produto;agropecuaria;baixa;;;;;;
01611213000112-1-000049/2026;4;3534757;Ouroeste;0;2026;28;6;Pregão - Eletrônico;0;1;Divulgada no PNCP;0;ELABORAÇÃO DE ATA DE REGISTRO DE PREÇO PARA AQUISIÇÃO FUTURA E EVENTUAL DE EQUIPAMENTOS DE PROTEÇÃO INDIVIDUAL (EPI), PARA USO NO DECORRER DE 12 (DOZE) MESES;2026-09-23T16:04:14;2026-10-07T08:30:00;http://pm.ouroeste.sp.gov.br:8079/comprasedital/;MUNICIPIO DE OUROESTE;AVENTAL DE SEGURANÇA CONFECCIONADO EM COURO RASPA ESTILO BARBEIRO (TIPO AÇOUGUEIRO/SOLDADOR);Acertar Manualmente...;2.0;57.25;114.5;1;Em andamento;Cota reservada para ME/EPP;racao_agropecuaria;produto;agropecuaria;baixa;;;;;;
01611213000112-1-000049/2026;5;3534757;Ouroeste;0;2026;28;6;Pregão - Eletrônico;0;1;Divulgada no PNCP;0;ELABORAÇÃO DE ATA DE REGISTRO DE PREÇO PARA AQUISIÇÃO FUTURA E EVENTUAL DE EQUIPAMENTOS DE PROTEÇÃO INDIVIDUAL (EPI), PARA USO NO DECORRER DE 12 (DOZE) MESES;2026-09-23T16:04:14;2026-10-07T08:30:00;http://pm.ouroeste.sp.gov.br:8079/comprasedital/;MUNICIPIO DE OUROESTE;AVENTAL DE SEGURANÇA CONFECCIONADO EM POLICLORETO DE VINILA (PVC) COM FORRO;Acertar Manualmente...;23.0;33.13;761.99;1;Em andamento;Sem benefício;racao_agropecuaria;produto;agropecuaria;baixa;;;;;;
01611213000112-1-000049/2026;6;3534757;Ouroeste;0;2026;28;6;Pregão - Eletrônico;0;1;Divulgada no PNCP;0;ELABORAÇÃO DE ATA DE REGISTRO DE PREÇO PARA AQUISIÇÃO FUTURA E EVENTUAL DE EQUIPAMENTOS DE PROTEÇÃO INDIVIDUAL (EPI), PARA USO NO DECORRER DE 12 (DOZE) MESES;2026-09-23T16:04:14;2026-10-07T08:30:00;http://pm.ouroeste.sp.gov.br:8079/comprasedital/;MUNICIPIO DE OUROESTE;AVENTAL DE SEGURANÇA CONFECCIONADO EM POLICLORETO DE VINILA (PVC) COM FORRO;Acertar Manualmente...;7.0;33.13;231.91;1;Em andamento;Cota reservada para ME/EPP;racao_agropecuaria;produto;agropecuaria;baixa;;;;;;
01611213000112-1-000049/2026;7;3534757;Ouroeste;0;2026;28;6;Pregão - Eletrônico;0;1;Divulgada no PNCP;0;ELABORAÇÃO DE ATA DE REGISTRO DE PREÇO PARA AQUISIÇÃO FUTURA E EVENTUAL DE EQUIPAMENTOS DE PROTEÇÃO INDIVIDUAL (EPI), PARA USO NO DECORRER DE 12 (DOZE) MESES;2026-09-23T16:04:14;2026-10-07T08:30:00;http://pm.ouroeste.sp.gov.br:8079/comprasedital/;MUNICIPIO DE OUROESTE;BALACLAVA;Acertar Manualmente...;8.0;100.87;806.96;1;Em andamento;Sem benefício;racao_agropecuaria;produto;agropecuaria;baixa;;;;;;
01611213000112-1-000049/2026;8;3534757;Ouroeste;0;2026;28;6;Pregão - Eletrônico;0;1;Divulgada no PNCP;0;ELABORAÇÃO DE ATA DE REGISTRO DE PREÇO PARA AQUISIÇÃO FUTURA E EVENTUAL DE EQUIPAMENTOS DE PROTEÇÃO INDIVIDUAL (EPI), PARA USO NO DECORRER DE 12 (DOZE) MESES;2026-09-23T16:04:14;2026-10-07T08:30:00;http://pm.ouroeste.sp.gov.br:8079/comprasedital/;MUNICIPIO DE OUROESTE;BALACLAVA;Acertar Manualmente...;2.0;100.87;201.74;1;Em andamento;Cota reservada para ME/EPP;racao_agropecuaria;produto;agropecuaria;baixa;;;;;;
01611213000112-1-000049/2026;9;3534757;Ouroeste;0;2026;28;6;Pregão - Eletrônico;0;1;Divulgada no PNCP;0;ELABORAÇÃO DE ATA DE REGISTRO DE PREÇO PARA AQUISIÇÃO FUTURA E EVENTUAL DE EQUIPAMENTOS DE PROTEÇÃO INDIVIDUAL (EPI), PARA USO NO DECORRER DE 12 (DOZE) MESES;2026-09-23T16:04:14;2026-10-07T08:30:00;http://pm.ouroeste.sp.gov.br:8079/comprasedital/;MUNICIPIO DE OUROESTE;BONÉ DE SEGURANÇA – MODELO CASQUETE INTERNO;UNIDADE;38.0;64.66;2457.08;1;Em andamento;Sem benefício;racao_agropecuaria;produto;agropecuaria;baixa;;;;;;
01611213000112-1-000049/2026;10;3534757;Ouroeste;0;2026;28;6;Pregão - Eletrônico;0;1;Divulgada no PNCP;0;ELABORAÇÃO DE ATA DE REGISTRO DE PREÇO PARA AQUISIÇÃO FUTURA E EVENTUAL DE EQUIPAMENTOS DE PROTEÇÃO INDIVIDUAL (EPI), PARA USO NO DECORRER DE 12 (DOZE) MESES;2026-09-23T16:04:14;2026-10-07T08:30:00;http://pm.ouroeste.sp.gov.br:8079/comprasedital/;MUNICIPIO DE OUROESTE;BONÉ DE SEGURANÇA – MODELO CASQUETE INTERNO;UNIDADE;12.0;64.66;775.92;1;Em andamento;Cota reservada para ME/EPP;racao_agropecuaria;produto;agropecuaria;baixa;;;;;;
01611213000112-1-000050/2026;1;3534757;Ouroeste;0;2026;25;6;Pregão - Eletrônico;0;1;Divulgada no PNCP;0;“ELABORAÇÃO DE ATA DE REGISTRO DE PREÇOS PARA CONTRATAÇÃO DE EMPRESA ESPECIALIZADA NA COLETA, TRANSPORTE, ARMAZENAMENTO, TRATAMENTO E DESTINAÇÃO FINAL DO LIXO HOSPITALAR - RESÍDUOS DO SERVIÇO DE SAÚDE DOS GRUPOS “A”, “B” e “E” - DEFINIDOS NA RESOLUÇÃO CONAMA Nº 358/2005, DOS ESTABELECIMENTOS DE SAÚDE DO MUNICÍPIO DE OUROESTE/SP, NO DECORRER DE 12 (DOZE) MESES”;2026-09-29T10:15:53;2026-10-15T08:59:00;http://pm.ouroeste.sp.gov.br:8079/comprasedital/;MUNICIPIO DE OUROESTE;RESÍDUOS DO GRUPO A;SERVIÇO;3750.0;22.73;85237.5;1;Em andamento;Sem benefício;madeira_construcao;produto;construcao;baixa;;;;;;
01611213000112-1-000050/2026;2;3534757;Ouroeste;0;2026;25;6;Pregão - Eletrônico;0;1;Divulgada no PNCP;0;“ELABORAÇÃO DE ATA DE REGISTRO DE PREÇOS PARA CONTRATAÇÃO DE EMPRESA ESPECIALIZADA NA COLETA, TRANSPORTE, ARMAZENAMENTO, TRATAMENTO E DESTINAÇÃO FINAL DO LIXO HOSPITALAR - RESÍDUOS DO SERVIÇO DE SAÚDE DOS GRUPOS “A”, “B” e “E” - DEFINIDOS NA RESOLUÇÃO CONAMA Nº 358/2005, DOS ESTABELECIMENTOS DE SAÚDE DO MUNICÍPIO DE OUROESTE/SP, NO DECORRER DE 12 (DOZE) MESES”;2026-09-29T10:15:53;2026-10-15T08:59:00;http://pm.ouroeste.sp.gov.br:8079/comprasedital/;MUNICIPIO DE OUROESTE;RESÍDUOS DO GRUPO A;SERVIÇO;1250.0;22.73;28412.5;1;Em andamento;Cota reservada para ME/EPP;madeira_construcao;produto;construcao;baixa;;;;;;
01611213000112-1-000050/2026;3;3534757;Ouroeste;0;2026;25;6;Pregão - Eletrônico;0;1;Divulgada no PNCP;0;“ELABORAÇÃO DE ATA DE REGISTRO DE PREÇOS PARA CONTRATAÇÃO DE EMPRESA ESPECIALIZADA NA COLETA, TRANSPORTE, ARMAZENAMENTO, TRATAMENTO E DESTINAÇÃO FINAL DO LIXO HOSPITALAR - RESÍDUOS DO SERVIÇO DE SAÚDE DOS GRUPOS “A”, “B” e “E” - DEFINIDOS NA RESOLUÇÃO CONAMA Nº 358/2005, DOS ESTABELECIMENTOS DE SAÚDE DO MUNICÍPIO DE OUROESTE/SP, NO DECORRER DE 12 (DOZE) MESES”;2026-09-29T10:15:53;2026-10-15T08:59:00;http://pm.ouroeste.sp.gov.br:8079/comprasedital/;MUNICIPIO DE OUROESTE;RESÍDUOS DO GRUPO B;SERVIÇO;750.0;23.29;17467.5;1;Em andamento;Sem benefício;madeira_construcao;produto;construcao;baixa;;;;;;
01611213000112-1-000050/2026;4;3534757;Ouroeste;0;2026;25;6;Pregão - Eletrônico;0;1;Divulgada no PNCP;0;“ELABORAÇÃO DE ATA DE REGISTRO DE PREÇOS PARA CONTRATAÇÃO DE EMPRESA ESPECIALIZADA NA COLETA, TRANSPORTE, ARMAZENAMENTO, TRATAMENTO E DESTINAÇÃO FINAL DO LIXO HOSPITALAR - RESÍDUOS DO SERVIÇO DE SAÚDE DOS GRUPOS “A”, “B” e “E” - DEFINIDOS NA RESOLUÇÃO CONAMA Nº 358/2005, DOS ESTABELECIMENTOS DE SAÚDE DO MUNICÍPIO DE OUROESTE/SP, NO DECORRER DE 12 (DOZE) MESES”;2026-09-29T10:15:53;2026-10-15T08:59:00;http://pm.ouroeste.sp.gov.br:8079/comprasedital/;MUNICIPIO DE OUROESTE;RESÍDUOS DO GRUPO B;SERVIÇO;250.0;23.29;5822.5;1;Em andamento;Cota reservada para ME/EPP;madeira_construcao;produto;construcao;baixa;;;;;;
01611213000112-1-000050/2026;5;3534757;Ouroeste;0;2026;25;6;Pregão - Eletrônico;0;1;Divulgada no PNCP;0;“ELABORAÇÃO DE ATA DE REGISTRO DE PREÇOS PARA CONTRATAÇÃO DE EMPRESA ESPECIALIZADA NA COLETA, TRANSPORTE, ARMAZENAMENTO, TRATAMENTO E DESTINAÇÃO FINAL DO LIXO HOSPITALAR - RESÍDUOS DO SERVIÇO DE SAÚDE DOS GRUPOS “A”, “B” e “E” - DEFINIDOS NA RESOLUÇÃO CONAMA Nº 358/2005, DOS ESTABELECIMENTOS DE SAÚDE DO MUNICÍPIO DE OUROESTE/SP, NO DECORRER DE 12 (DOZE) MESES”;2026-09-29T10:15:53;2026-10-15T08:59:00;http://pm.ouroeste.sp.gov.br:8079/comprasedital/;MUNICIPIO DE OUROESTE;RESÍDUOS DO GRUPO E;SERVIÇO;488.0;22.73;11092.24;1;Em andamento;Sem benefício;madeira_construcao;produto;construcao;baixa;;;;;;
01611213000112-1-000050/2026;6;3534757;Ouroeste;0;2026;25;6;Pregão - Eletrônico;0;1;Divulgada no PNCP;0;“ELABORAÇÃO DE ATA DE REGISTRO DE PREÇOS PARA CONTRATAÇÃO DE EMPRESA ESPECIALIZADA NA COLETA, TRANSPORTE, ARMAZENAMENTO, TRATAMENTO E DESTINAÇÃO FINAL DO LIXO HOSPITALAR - RESÍDUOS DO SERVIÇO DE SAÚDE DOS GRUPOS “A”, “B” e “E” - DEFINIDOS NA RESOLUÇÃO CONAMA Nº 358/2005, DOS ESTABELECIMENTOS DE SAÚDE DO MUNICÍPIO DE OUROESTE/SP, NO DECORRER DE 12 (DOZE) MESES”;2026-09-29T10:15:53;2026-10-15T08:59:00;http://pm.ouroeste.sp.gov.br:8079/comprasedital/;MUNICIPIO DE OUROESTE;RESÍDUOS DO GRUPO E;SERVIÇO;162.0;22.73;3682.26;1;Em andamento;Cota reservada para ME/EPP;madeira_construcao;produto;construcao;baixa;;;;;;
01611213000112-1-000051/2026;1;3534757;Ouroeste;0;2026;26;6;Pregão - Eletrônico;0;1;Divulgada no PNCP;0;“ELABORAÇÃO DE ATA DE REGISTRO DE PREÇOS PARA CONTRATAÇÃO(ÕES) DE EMPRESA(S) ESPECIALIZADA(S) NA PRESTAÇÃO DE SERVIÇOS VOLTADOS PARA ÁREA DO ESPORTE E CULTURA, COM FORNECIMENTO DE ATÉ 05 (CINCO) PROFISSIONAIS CAPACITADOS PARA MINISTRAR AULAS DE: BASQUETE, BEACH TÊNNIS, CAPOEIRA, DANÇA E KARATÊ, NO MUNICÍPIO DE OUROESTE/SP”;2026-09-29T11:09:04;2026-10-13T09:00:00;http://pm.ouroeste.sp.gov.br:8079/comprasedital/;MUNICIPIO DE OUROESTE;CONTRATAÇÃO DE PROFESSOR ESPECIALIZADO PARA MINISTRAR AULAS DE  CAPOEIRA;HORAS;360.0;181.32;65275.2;1;Em andamento;Não se aplica;madeira_construcao;produto;construcao;baixa;;;;;;
01611213000112-1-000051/2026;2;3534757;Ouroeste;0;2026;26;6;Pregão - Eletrônico;0;1;Divulgada no PNCP;0;“ELABORAÇÃO DE ATA DE REGISTRO DE PREÇOS PARA CONTRATAÇÃO(ÕES) DE EMPRESA(S) ESPECIALIZADA(S) NA PRESTAÇÃO DE SERVIÇOS VOLTADOS PARA ÁREA DO ESPORTE E CULTURA, COM FORNECIMENTO DE ATÉ 05 (CINCO) PROFISSIONAIS CAPACITADOS PARA MINISTRAR AULAS DE: BASQUETE, BEACH TÊNNIS, CAPOEIRA, DANÇA E KARATÊ, NO MUNICÍPIO DE OUROESTE/SP”;2026-09-29T11:09:04;2026-10-13T09:00:00;http://pm.ouroeste.sp.gov.br:8079/comprasedital/;MUNICIPIO DE OUROESTE;CONTRATAÇÃO DE PROFESSOR ESPECIALIZADO PARA MINISTRAR AULAS DE  KARATÊ;HORAS;360.0;145.34;52322.4;1;Em andamento;Não se aplica;madeira_construcao;produto;construcao;baixa;;;;;;
01611213000112-1-000051/2026;3;3534757;Ouroeste;0;2026;26;6;Pregão - Eletrônico;0;1;Divulgada no PNCP;0;“ELABORAÇÃO DE ATA DE REGISTRO DE PREÇOS PARA CONTRATAÇÃO(ÕES) DE EMPRESA(S) ESPECIALIZADA(S) NA PRESTAÇÃO DE SERVIÇOS VOLTADOS PARA ÁREA DO ESPORTE E CULTURA, COM FORNECIMENTO DE ATÉ 05 (CINCO) PROFISSIONAIS CAPACITADOS PARA MINISTRAR AULAS DE: BASQUETE, BEACH TÊNNIS, CAPOEIRA, DANÇA E KARATÊ, NO MUNICÍPIO DE OUROESTE/SP”;2026-09-29T11:09:04;2026-10-13T09:00:00;http://pm.ouroeste.sp.gov.br:8079/comprasedital/;MUNICIPIO DE OUROESTE;CONTRATAÇÃO DE PROFESSOR ESPECIALIZADO PARA MINISTRAR AULAS DE BASQUETE;HORAS;180.0;101.67;18300.6;1;Em andamento;Não se aplica;madeira_construcao;produto;construcao;baixa;;;;;;
01611213000112-1-000051/2026;4;3534757;Ouroeste;0;2026;26;6;Pregão - Eletrônico;0;1;Divulgada no PNCP;0;“ELABORAÇÃO DE ATA DE REGISTRO DE PREÇOS PARA CONTRATAÇÃO(ÕES) DE EMPRESA(S) ESPECIALIZADA(S) NA PRESTAÇÃO DE SERVIÇOS VOLTADOS PARA ÁREA DO ESPORTE E CULTURA, COM FORNECIMENTO DE ATÉ 05 (CINCO) PROFISSIONAIS CAPACITADOS PARA MINISTRAR AULAS DE: BASQUETE, BEACH TÊNNIS, CAPOEIRA, DANÇA E KARATÊ, NO MUNICÍPIO DE OUROESTE/SP”;2026-09-29T11:09:04;2026-10-13T09:00:00;http://pm.ouroeste.sp.gov.br:8079/comprasedital/;MUNICIPIO DE OUROESTE;CONTRATAÇÃO DE PROFESSOR ESPECIALIZADO PARA MINISTRAR AULAS DE BEACH TENNIS;HORAS;120.0;123.33;14799.6;1;Em andamento;Não se aplica;madeira_construcao;produto;construcao;baixa;;;;;;
01611213000112-1-000051/2026;5;3534757;Ouroeste;0;2026;26;6;Pregão - Eletrônico;0;1;Divulgada no PNCP;0;“ELABORAÇÃO DE ATA DE REGISTRO DE PREÇOS PARA CONTRATAÇÃO(ÕES) DE EMPRESA(S) ESPECIALIZADA(S) NA PRESTAÇÃO DE SERVIÇOS VOLTADOS PARA ÁREA DO ESPORTE E CULTURA, COM FORNECIMENTO DE ATÉ 05 (CINCO) PROFISSIONAIS CAPACITADOS PARA MINISTRAR AULAS DE: BASQUETE, BEACH TÊNNIS, CAPOEIRA, DANÇA E KARATÊ, NO MUNICÍPIO DE OUROESTE/SP”;2026-09-29T11:09:04;2026-10-13T09:00:00;http://pm.ouroeste.sp.gov.br:8079/comprasedital/;MUNICIPIO DE OUROESTE;CONTRATAÇÃO DE PROFESSOR ESPECIALIZADO PARA MINISTRAR AULAS DE MIX DANCE.;HORAS;146.0;183.74;26826.04;1;Em andamento;Não se aplica;madeira_construcao;produto;construcao;baixa;;;;;;
46609731000130-1-000009/2026;1;3535200;Palmeira d'Oeste;0;2026;0011/26;6;Pregão - Eletrônico;0;0;Divulgada no PNCP;0;AQUISIÇÃO DE MATERIAL PERMANENTE E EQUIPAMENTOS PARA ATENDER AS DEMANDAS DAS EMENDAS IMPOSITIVAS DO MUNICÍPIO DE PALMEIRA D’ OESTE;2026-08-24T16:38:02;2026-09-09T07:55:00;https://bllcompras.com/Process/ProcessView?param1=[gkz]QnI_GPPDwUvDgOdOlJLDJhZZiulGuLBl9ABAquFHbN8NuY8msOBhFE2geRC3Qh4U8jymTBYarlI4L6jhmqtI6kPr7M6M3vExjtzomNkyN2k=;MUNICIPIO DE PALMEIRA D'OESTE;APARELHO DE AR-CONDICIONADO SPLIT HI-WALL 30.000 BTU/H ? INVERTER ? FRIO ? 220 V;UN;2.0;6175.5;12351.0;1;Em andamento;Sem benefício;nao_classificado;indefinido;indefinido;baixa;;;;;;
46609731000130-1-000009/2026;2;3535200;Palmeira d'Oeste;0;2026;0011/26;6;Pregão - Eletrônico;0;0;Divulgada no PNCP;0;AQUISIÇÃO DE MATERIAL PERMANENTE E EQUIPAMENTOS PARA ATENDER AS DEMANDAS DAS EMENDAS IMPOSITIVAS DO MUNICÍPIO DE PALMEIRA D’ OESTE;2026-08-24T16:38:02;2026-09-09T07:55:00;https://bllcompras.com/Process/ProcessView?param1=[gkz]QnI_GPPDwUvDgOdOlJLDJhZZiulGuLBl9ABAquFHbN8NuY8msOBhFE2geRC3Qh4U8jymTBYarlI4L6jhmqtI6kPr7M6M3vExjtzomNkyN2k=;MUNICIPIO DE PALMEIRA D'OESTE;APARELHO DE SOM PORTÁTIL COM TECNOLOGIA BLUETOOTH;UN;1.0;399.0;399.0;1;Em andamento;Sem benefício;nao_classificado;indefinido;indefinido;baixa;;;;;;
46609731000130-1-000009/2026;3;3535200;Palmeira d'Oeste;0;2026;0011/26;6;Pregão - Eletrônico;0;0;Divulgada no PNCP;0;AQUISIÇÃO DE MATERIAL PERMANENTE E EQUIPAMENTOS PARA ATENDER AS DEMANDAS DAS EMENDAS IMPOSITIVAS DO MUNICÍPIO DE PALMEIRA D’ OESTE;2026-08-24T16:38:02;2026-09-09T07:55:00;https://bllcompras.com/Process/ProcessView?param1=[gkz]QnI_GPPDwUvDgOdOlJLDJhZZiulGuLBl9ABAquFHbN8NuY8msOBhFE2geRC3Qh4U8jymTBYarlI4L6jhmqtI6kPr7M6M3vExjtzomNkyN2k=;MUNICIPIO DE PALMEIRA D'OESTE;AR CONDICIONADO 12000BTU - CONDICIONADOR DE AR TIPO SPLIT HI-WALL, CAPACIDADE DE 12.000 BTU/H, CICLO FRIO, TECNOLOGIA INVERTER, ALIMENTAÇÃO ELÉTRICA 220 V, CLASSIFICAÇÃO DE EFICIÊNCIA ENERGÉTICA COMPATÍVEL COM A REGULAMENTAÇÃO VIGENTE, UTILIZAÇÃO DE GÁS REFRIGERANTE ECOLÓGICO R-32 OU R-410A, FILTRO DE AR LAVÁVEL, BAIXO NÍVEL DE RUÍDO, FUNÇÕES MÍNIMAS DE REFRIGERAÇÃO, VENTILAÇÃO, DESUMIDIFICAÇÃO, TIMER, SLEEP E REINÍCIO AUTOMÁTICO APÓS FALTA DE ENERGIA. DEVERÁ ACOMPANHAR CONTROLE REMOTO SEM FIO E TODOS OS ACESSÓRIOS NECESSÁRIOS PARA INSTALAÇÃO. EQUIPAMENTO COM REGISTRO E CERTIFICAÇÕES EXIGIDAS PELOS ÓRGÃOS COMPETENTES, GARANTIA MÍNIMA DE 12 (DOZE) MESES E ASSISTÊNCIA TÉCNICA AUTORIZADA NO TERRITÓRIO NACIONAL;UN;7.0;2717.81;19024.67;1;Em andamento;Sem benefício;racao_agropecuaria;produto;agropecuaria;baixa;;;;;;
46609731000130-1-000009/2026;4;3535200;Palmeira d'Oeste;0;2026;0011/26;6;Pregão - Eletrônico;0;0;Divulgada no PNCP;0;AQUISIÇÃO DE MATERIAL PERMANENTE E EQUIPAMENTOS PARA ATENDER AS DEMANDAS DAS EMENDAS IMPOSITIVAS DO MUNICÍPIO DE PALMEIRA D’ OESTE;2026-08-24T16:38:02;2026-09-09T07:55:00;https://bllcompras.com/Process/ProcessView?param1=[gkz]QnI_GPPDwUvDgOdOlJLDJhZZiulGuLBl9ABAquFHbN8NuY8msOBhFE2geRC3Qh4U8jymTBYarlI4L6jhmqtI6kPr7M6M3vExjtzomNkyN2k=;MUNICIPIO DE PALMEIRA D'OESTE;ARMARIO DE AÇO 2 PORTAS - ARMÁRIO DE AÇO COM 02 PORTAS, DESTINADO AO ARMAZENAMENTO DE MATERIAIS DIVERSOS, CONFECCIONADO EM AÇO CARBONO DE ALTA RESISTÊNCIA, COM TRATAMENTO ANTICORROSIVO E PINTURA ELETROSTÁTICA A PÓ.;UN;3.0;967.0;2901.0;1;Em andamento;Sem benefício;nao_classificado;indefinido;indefinido;baixa;;;;;;
46609731000130-1-000009/2026;5;3535200;Palmeira d'Oeste;0;2026;0011/26;6;Pregão - Eletrônico;0;0;Divulgada no PNCP;0;AQUISIÇÃO DE MATERIAL PERMANENTE E EQUIPAMENTOS PARA ATENDER AS DEMANDAS DAS EMENDAS IMPOSITIVAS DO MUNICÍPIO DE PALMEIRA D’ OESTE;2026-08-24T16:38:02;2026-09-09T07:55:00;https://bllcompras.com/Process/ProcessView?param1=[gkz]QnI_GPPDwUvDgOdOlJLDJhZZiulGuLBl9ABAquFHbN8NuY8msOBhFE2geRC3Qh4U8jymTBYarlI4L6jhmqtI6kPr7M6M3vExjtzomNkyN2k=;MUNICIPIO DE PALMEIRA D'OESTE;AUTOCLAVE 60L - DESTINADA À ESTERILIZAÇÃO DE MATERIAIS E INSTRUMENTAIS, COM CÂMARA INTERNA EM AÇO INOXIDÁVEL, CONTROLE ELETRÔNICO  MICROPROCESSADO, PAINEL DIGITAL, FUNCIONAMENTO AUTOMÁTICO, COM CICLOS PROGRAMÁVEIS PARA ESTERILIZAÇÃO E SECAGEM. DEVERÁ OPERAR NAS TEMPERATURAS DE 121°C E/OU 134°C, POSSUIR SISTEMA DE TRAVAMENTO DE PORTA COM DISPOSITIVOS DE SEGURANÇA, PROTEÇÃO CONTRA SOBREPRESSÃO E SUPERAQUECIMENTO, INDICAÇÃO DE FALHAS E FALTA DE ÁGUA, NO MÍNIMO 03 BANDEJAS REMOVÍVEIS, REGISTRO NA ANVISA;UN;1.0;10681.03;10681.03;1;Em andamento;Sem benefício;equipamento_medico;produto;saude;baixa;;;;;;
46609731000130-1-000009/2026;6;3535200;Palmeira d'Oeste;0;2026;0011/26;6;Pregão - Eletrônico;0;0;Divulgada no PNCP;0;AQUISIÇÃO DE MATERIAL PERMANENTE E EQUIPAMENTOS PARA ATENDER AS DEMANDAS DAS EMENDAS IMPOSITIVAS DO MUNICÍPIO DE PALMEIRA D’ OESTE;2026-08-24T16:38:02;2026-09-09T07:55:00;https://bllcompras.com/Process/ProcessView?param1=[gkz]QnI_GPPDwUvDgOdOlJLDJhZZiulGuLBl9ABAquFHbN8NuY8msOBhFE2geRC3Qh4U8jymTBYarlI4L6jhmqtI6kPr7M6M3vExjtzomNkyN2k=;MUNICIPIO DE PALMEIRA D'OESTE;AUTOCLAVE HORIZONTAL 21L -AUTOCLAVE HORIZONTAL A VAPOR SOB PRESSÃO, CAPACIDADE MÍNIMA DE 21 LITROS, DESTINADA À ESTERILIZAÇÃO DE INSTRUMENTAIS E MATERIAIS TERMORRESISTENTES, COM CÂMARA INTERNA EM AÇO INOXIDÁVEL, CONTROLE ELETRÔNICO MICROPROCESSADO, PAINEL DIGITAL, FUNCIONAMENTO TOTALMENTE AUTOMÁTICO, COM CICLOS DE ESTERILIZAÇÃO E SECAGEM AUTOMÁTICOS. DEVERÁ OPERAR EM TEMPERATURA DE ESTERILIZAÇÃO DE 121°C E/OU 134°C, POSSUIR SISTEMA DE SEGURANÇA COM TRAVAMENTO DA PORTA, PROTEÇÃO CONTRA SOBREPRESSÃO, SOBREAQUECIMENTO E FALTA DE ÁGUA, NO MÍNIMO 03 BANDEJAS REMOVÍVEIS, ALIMENTAÇÃO ELÉTRICA COMPATÍVEL COM A REDE DA UNIDADE, REGISTRO NA ANVISA, CONFORMIDADE COM AS NORMAS TÉCNICAS VIGENTES, GARANTIA MÍNIMA DE 24 (VINTE E QUATRO) MESES E ASSISTÊNCIA TÉCNICA AUTORIZADA NO TERRITÓRIO NACIONAL;UN;1.0;6374.26;6374.26;1;Em andamento;Sem benefício;equipamento_medico;produto;saude;baixa;;;;;;
46609731000130-1-000009/2026;7;3535200;Palmeira d'Oeste;0;2026;0011/26;6;Pregão - Eletrônico;0;0;Divulgada no PNCP;0;AQUISIÇÃO DE MATERIAL PERMANENTE E EQUIPAMENTOS PARA ATENDER AS DEMANDAS DAS EMENDAS IMPOSITIVAS DO MUNICÍPIO DE PALMEIRA D’ OESTE;2026-08-24T16:38:02;2026-09-09T07:55:00;https://bllcompras.com/Process/ProcessView?param1=[gkz]QnI_GPPDwUvDgOdOlJLDJhZZiulGuLBl9ABAquFHbN8NuY8msOBhFE2geRC3Qh4U8jymTBYarlI4L6jhmqtI6kPr7M6M3vExjtzomNkyN2k=;MUNICIPIO DE PALMEIRA D'OESTE;BALANÇA DIGITAL PARA PESAGEM HUMANA, TIPO PLATAFORMA EM VIDRO TEMPERADO, CAPACIDADE MÍNIMA DE 180 KG, GRADUAÇÃO DE PRECISÃO DE 100 G OU SUPERIOR, VISOR DIGITAL DE FÁCIL LEITURA, ACIONAMENTO POR TOQUE OU AUTOMÁTICO, DESLIGAMENTO AUTOMÁTICO PARA ECONOMIA DE ENERGIA, ALIMENTAÇÃO POR PILHAS OU BATERIA RECARREGÁVEL, BASE ANTIDERRAPANTE.;UN;3.0;111.65;334.95;1;Em andamento;Sem benefício;nao_classificado;indefinido;indefinido;baixa;;;;;;
46609731000130-1-000009/2026;8;3535200;Palmeira d'Oeste;0;2026;0011/26;6;Pregão - Eletrônico;0;0;Divulgada no PNCP;0;AQUISIÇÃO DE MATERIAL PERMANENTE E EQUIPAMENTOS PARA ATENDER AS DEMANDAS DAS EMENDAS IMPOSITIVAS DO MUNICÍPIO DE PALMEIRA D’ OESTE;2026-08-24T16:38:02;2026-09-09T07:55:00;https://bllcompras.com/Process/ProcessView?param1=[gkz]QnI_GPPDwUvDgOdOlJLDJhZZiulGuLBl9ABAquFHbN8NuY8msOBhFE2geRC3Qh4U8jymTBYarlI4L6jhmqtI6kPr7M6M3vExjtzomNkyN2k=;MUNICIPIO DE PALMEIRA D'OESTE;BEBEDOURO 2 TORNEIRAS 25L - BEBEDOURO DE COLUNA INDUSTRIAL, CAPACIDADE MÍNIMA DE 25 LITROS, COM GABINETE EM AÇO INOXIDÁVEL, RESERVATÓRIO EM AÇO INOXIDÁVEL, ISOLAMENTO TÉRMICO EM POLIURETANO, REFRIGERAÇÃO POR COMPRESSOR, ALIMENTAÇÃO ELÉTRICA COMPATÍVEL COM A REDE DA UNIDADE, 02 TORNEIRAS DE ALTA RESISTÊNCIA (SENDO, PREFERENCIALMENTE, UMA PARA ÁGUA NATURAL E UMA PARA ÁGUA GELADA), BANDEJA COLETORA REMOVÍVEL, PÉS NIVELADORES, BAIXO CONSUMO DE ENERGIA, CERTIFICAÇÃO DO INMETRO, GARANTIA MÍNIMA DE 12 (DOZE) MESES E ASSISTÊNCIA TÉCNICA NO TERRITÓRIO NACIONAL;UN;1.0;1598.85;1598.85;1;Em andamento;Sem benefício;racao_agropecuaria;produto;agropecuaria;baixa;;;;;;
46609731000130-1-000009/2026;9;3535200;Palmeira d'Oeste;0;2026;0011/26;6;Pregão - Eletrônico;0;0;Divulgada no PNCP;0;AQUISIÇÃO DE MATERIAL PERMANENTE E EQUIPAMENTOS PARA ATENDER AS DEMANDAS DAS EMENDAS IMPOSITIVAS DO MUNICÍPIO DE PALMEIRA D’ OESTE;2026-08-24T16:38:02;2026-09-09T07:55:00;https://bllcompras.com/Process/ProcessView?param1=[gkz]QnI_GPPDwUvDgOdOlJLDJhZZiulGuLBl9ABAquFHbN8NuY8msOBhFE2geRC3Qh4U8jymTBYarlI4L6jhmqtI6kPr7M6M3vExjtzomNkyN2k=;MUNICIPIO DE PALMEIRA D'OESTE;BISTURI ELETRICO - BISTURI ELÉTRICO/ELETROCIRÚRGICO, DESTINADO A PROCEDIMENTOS CIRÚRGICOS DE CORTE E COAGULAÇÃO, COM POTÊNCIA MÍNIMA COMPATÍVEL PARA USO EM PEQUENAS E MÉDIAS CIRURGIAS, COM AJUSTE ELETRÔNICO DE POTÊNCIA PARA CORTE E COAGULAÇÃO, CONTROLE POR PEDAL E/OU ACIONAMENTO MANUAL, SISTEMA DE SEGURANÇA CONTRA SOBRECARGA, ALARME SONORO E/OU VISUAL DE FUNCIONAMENTO, COMPATÍVEL COM ELETRODOS E ACESSÓRIOS PADRÃO HOSPITALAR.DEVERÁ POSSUIR, NO MÍNIMO, FUNÇÕES DE CORTE PURO, CORTE/COAGULAÇÃO E COAGULAÇÃO BIPOLAR OU MONOPOLAR, DISPLAY OU INDICAÇÃO VISUAL DE POTÊNCIA, ALIMENTAÇÃO ELÉTRICA COMPATÍVEL COM A REDE DA UNIDADE, SISTEMA DE MONITORAMENTO DE PLACA NEUTRA (QUANDO APLICÁVEL), GABINETE RESISTENTE DE FÁCIL HIGIENIZAÇÃO, REGISTRO NA ANVISA, CONFORMIDADE COM NORMAS TÉCNICAS VIGENTES (ABNT E IEC APLICÁVEIS), GARANTIA MÍNIMA DE 12 (DOZE) MESES E ASSISTÊNCIA TÉCNICA AUTORIZADA NO TERRITÓRIO NACIONAL;UN;1.0;5411.55;5411.55;1;Em andamento;Sem benefício;nao_classificado;indefinido;indefinido;baixa;;;;;;
46609731000130-1-000009/2026;10;3535200;Palmeira d'Oeste;0;2026;0011/26;6;Pregão - Eletrônico;0;0;Divulgada no PNCP;0;AQUISIÇÃO DE MATERIAL PERMANENTE E EQUIPAMENTOS PARA ATENDER AS DEMANDAS DAS EMENDAS IMPOSITIVAS DO MUNICÍPIO DE PALMEIRA D’ OESTE;2026-08-24T16:38:02;2026-09-09T07:55:00;https://bllcompras.com/Process/ProcessView?param1=[gkz]QnI_GPPDwUvDgOdOlJLDJhZZiulGuLBl9ABAquFHbN8NuY8msOBhFE2geRC3Qh4U8jymTBYarlI4L6jhmqtI6kPr7M6M3vExjtzomNkyN2k=;MUNICIPIO DE PALMEIRA D'OESTE;CAIXA DE SOM;UN;1.0;814.5;814.5;1;Em andamento;Sem benefício;nao_classificado;indefinido;indefinido;baixa;;;;;;
46609731000130-1-000010/2026;1;3535200;Palmeira d'Oeste;0;2026;0012/26;6;Pregão - Eletrônico;0;1;Divulgada no PNCP;0;Registro de preço para futura e eventual aquisição e fornecimento de materiais hospitalares e injetáveis (ampolas) que serão utilizados nas Unidades Básicas de Saúde do município de Palmeira D’Oeste;2026-08-27T09:03:35;2026-09-15T07:55:00;https://bllcompras.com/Process/ProcessView?param1=[gkz]l2ky7JpCrcgDbj_wLQNaUs/Mz/47PiTcEIcmcwf6lBs4uuoJI5JXsJ_Ups37yV8xnqw04gNabtq9EQoZRGeClFx0zNFKTnizlwfbEv/M2IM=;MUNICIPIO DE PALMEIRA D'OESTE;ABAIXADOR DE LÍNGUA - EMBALAGEM INDIVIDUAL -  PCT 100 UND;PCT;100.0;5.247;524.7;1;Em andamento;Sem benefício;madeira_construcao;produto;construcao;baixa;;;;;;
46609731000130-1-000010/2026;2;3535200;Palmeira d'Oeste;0;2026;0012/26;6;Pregão - Eletrônico;0;1;Divulgada no PNCP;0;Registro de preço para futura e eventual aquisição e fornecimento de materiais hospitalares e injetáveis (ampolas) que serão utilizados nas Unidades Básicas de Saúde do município de Palmeira D’Oeste;2026-08-27T09:03:35;2026-09-15T07:55:00;https://bllcompras.com/Process/ProcessView?param1=[gkz]l2ky7JpCrcgDbj_wLQNaUs/Mz/47PiTcEIcmcwf6lBs4uuoJI5JXsJ_Ups37yV8xnqw04gNabtq9EQoZRGeClFx0zNFKTnizlwfbEv/M2IM=;MUNICIPIO DE PALMEIRA D'OESTE;ABOCATH Nº 18;UN;5000.0;1.69;8450.0;1;Em andamento;Sem benefício;madeira_construcao;produto;construcao;baixa;;;;;;
46609731000130-1-000010/2026;3;3535200;Palmeira d'Oeste;0;2026;0012/26;6;Pregão - Eletrônico;0;1;Divulgada no PNCP;0;Registro de preço para futura e eventual aquisição e fornecimento de materiais hospitalares e injetáveis (ampolas) que serão utilizados nas Unidades Básicas de Saúde do município de Palmeira D’Oeste;2026-08-27T09:03:35;2026-09-15T07:55:00;https://bllcompras.com/Process/ProcessView?param1=[gkz]l2ky7JpCrcgDbj_wLQNaUs/Mz/47PiTcEIcmcwf6lBs4uuoJI5JXsJ_Ups37yV8xnqw04gNabtq9EQoZRGeClFx0zNFKTnizlwfbEv/M2IM=;MUNICIPIO DE PALMEIRA D'OESTE;ABOCATH Nº 20;UN;5000.0;1.263;6315.0;1;Em andamento;Sem benefício;madeira_construcao;produto;construcao;baixa;;;;;;
46609731000130-1-000010/2026;4;3535200;Palmeira d'Oeste;0;2026;0012/26;6;Pregão - Eletrônico;0;1;Divulgada no PNCP;0;Registro de preço para futura e eventual aquisição e fornecimento de materiais hospitalares e injetáveis (ampolas) que serão utilizados nas Unidades Básicas de Saúde do município de Palmeira D’Oeste;2026-08-27T09:03:35;2026-09-15T07:55:00;https://bllcompras.com/Process/ProcessView?param1=[gkz]l2ky7JpCrcgDbj_wLQNaUs/Mz/47PiTcEIcmcwf6lBs4uuoJI5JXsJ_Ups37yV8xnqw04gNabtq9EQoZRGeClFx0zNFKTnizlwfbEv/M2IM=;MUNICIPIO DE PALMEIRA D'OESTE;ABOCATH Nº 22;UN;5000.0;1.373;6865.0;1;Em andamento;Sem benefício;madeira_construcao;produto;construcao;baixa;;;;;;
46609731000130-1-000010/2026;5;3535200;Palmeira d'Oeste;0;2026;0012/26;6;Pregão - Eletrônico;0;1;Divulgada no PNCP;0;Registro de preço para futura e eventual aquisição e fornecimento de materiais hospitalares e injetáveis (ampolas) que serão utilizados nas Unidades Básicas de Saúde do município de Palmeira D’Oeste;2026-08-27T09:03:35;2026-09-15T07:55:00;https://bllcompras.com/Process/ProcessView?param1=[gkz]l2ky7JpCrcgDbj_wLQNaUs/Mz/47PiTcEIcmcwf6lBs4uuoJI5JXsJ_Ups37yV8xnqw04gNabtq9EQoZRGeClFx0zNFKTnizlwfbEv/M2IM=;MUNICIPIO DE PALMEIRA D'OESTE;ABOCATH Nº 24;UN;8000.0;1.186;9488.0;1;Em andamento;Sem benefício;madeira_construcao;produto;construcao;baixa;;;;;;
46609731000130-1-000010/2026;6;3535200;Palmeira d'Oeste;0;2026;0012/26;6;Pregão - Eletrônico;0;1;Divulgada no PNCP;0;Registro de preço para futura e eventual aquisição e fornecimento de materiais hospitalares e injetáveis (ampolas) que serão utilizados nas Unidades Básicas de Saúde do município de Palmeira D’Oeste;2026-08-27T09:03:35;2026-09-15T07:55:00;https://bllcompras.com/Process/ProcessView?param1=[gkz]l2ky7JpCrcgDbj_wLQNaUs/Mz/47PiTcEIcmcwf6lBs4uuoJI5JXsJ_Ups37yV8xnqw04gNabtq9EQoZRGeClFx0zNFKTnizlwfbEv/M2IM=;MUNICIPIO DE PALMEIRA D'OESTE;ÁGUA DESTILADA PARA ESTERILIZAÇÃO - 5L;GL;200.0;13.598;2719.6;1;Em andamento;Sem benefício;madeira_construcao;produto;construcao;baixa;;;;;;
46609731000130-1-000010/2026;7;3535200;Palmeira d'Oeste;0;2026;0012/26;6;Pregão - Eletrônico;0;1;Divulgada no PNCP;0;Registro de preço para futura e eventual aquisição e fornecimento de materiais hospitalares e injetáveis (ampolas) que serão utilizados nas Unidades Básicas de Saúde do município de Palmeira D’Oeste;2026-08-27T09:03:35;2026-09-15T07:55:00;https://bllcompras.com/Process/ProcessView?param1=[gkz]l2ky7JpCrcgDbj_wLQNaUs/Mz/47PiTcEIcmcwf6lBs4uuoJI5JXsJ_Ups37yV8xnqw04gNabtq9EQoZRGeClFx0zNFKTnizlwfbEv/M2IM=;MUNICIPIO DE PALMEIRA D'OESTE;ÁGUA OXIGENADA 1L;UN;100.0;11.183;1118.3;1;Em andamento;Sem benefício;madeira_construcao;produto;construcao;baixa;;;;;;
46609731000130-1-000010/2026;8;3535200;Palmeira d'Oeste;0;2026;0012/26;6;Pregão - Eletrônico;0;1;Divulgada no PNCP;0;Registro de preço para futura e eventual aquisição e fornecimento de materiais hospitalares e injetáveis (ampolas) que serão utilizados nas Unidades Básicas de Saúde do município de Palmeira D’Oeste;2026-08-27T09:03:35;2026-09-15T07:55:00;https://bllcompras.com/Process/ProcessView?param1=[gkz]l2ky7JpCrcgDbj_wLQNaUs/Mz/47PiTcEIcmcwf6lBs4uuoJI5JXsJ_Ups37yV8xnqw04gNabtq9EQoZRGeClFx0zNFKTnizlwfbEv/M2IM=;MUNICIPIO DE PALMEIRA D'OESTE;AGULHA DESCARTÁVEL 13X4,5 - CX100;CX;80.0;10.66;852.8;1;Em andamento;Sem benefício;material_medico_hospitalar;produto;saude;media;;;;;;
46609731000130-1-000010/2026;9;3535200;Palmeira d'Oeste;0;2026;0012/26;6;Pregão - Eletrônico;0;1;Divulgada no PNCP;0;Registro de preço para futura e eventual aquisição e fornecimento de materiais hospitalares e injetáveis (ampolas) que serão utilizados nas Unidades Básicas de Saúde do município de Palmeira D’Oeste;2026-08-27T09:03:35;2026-09-15T07:55:00;https://bllcompras.com/Process/ProcessView?param1=[gkz]l2ky7JpCrcgDbj_wLQNaUs/Mz/47PiTcEIcmcwf6lBs4uuoJI5JXsJ_Ups37yV8xnqw04gNabtq9EQoZRGeClFx0zNFKTnizlwfbEv/M2IM=;MUNICIPIO DE PALMEIRA D'OESTE;AGULHA DESCARTÁVEL 20X5,5 - CX 100UN;CX;80.0;10.633;850.64;1;Em andamento;Sem benefício;material_medico_hospitalar;produto;saude;media;;;;;;
46609731000130-1-000010/2026;10;3535200;Palmeira d'Oeste;0;2026;0012/26;6;Pregão - Eletrônico;0;1;Divulgada no PNCP;0;Registro de preço para futura e eventual aquisição e fornecimento de materiais hospitalares e injetáveis (ampolas) que serão utilizados nas Unidades Básicas de Saúde do município de Palmeira D’Oeste;2026-08-27T09:03:35;2026-09-15T07:55:00;https://bllcompras.com/Process/ProcessView?param1=[gkz]l2ky7JpCrcgDbj_wLQNaUs/Mz/47PiTcEIcmcwf6lBs4uuoJI5JXsJ_Ups37yV8xnqw04gNabtq9EQoZRGeClFx0zNFKTnizlwfbEv/M2IM=;MUNICIPIO DE PALMEIRA D'OESTE;AGULHA DESCARTÁVEL 25X6 - CX 100UN;CX;80.0;13.74;1099.2;1;Em andamento;Sem benefício;material_medico_hospitalar;produto;saude;media;;;;;;
51842177000176-1-000009/2026;1;3540408;Populina;0;2026;15;6;Pregão - Eletrônico;0;1;Divulgada no PNCP;0;Registro de preços para futura e eventual aquisição, com instalação, de playgrounds, brinquedos infantis, equipamentos recreativos e mobiliário de apoio, destinados a praças, parques, escolas e demais espaços públicos municipais de Populina/SP.;2026-08-25T21:46:44;2026-09-11T08:25:00;https://bllcompras.com/Process/ProcessView?param1=[gkz]bLezG7PRY7kJ7HUtk7XrKi8hDh5fHQ8eun9/MHtyLQ04gxN3BLr9J8rvwQ/KeKtJFkMnFHKfUVMoJVWokccurrPTtpguXan7eH8UyRlHbHw=;MUNICIPIO DE POPULINA;PARQUE COLORIDO - MODELO 01;UND;1.0;36613.5;36613.5;1;Em andamento;Sem benefício;nao_classificado;indefinido;indefinido;baixa;;;;;;
51842177000176-1-000009/2026;2;3540408;Populina;0;2026;15;6;Pregão - Eletrônico;0;1;Divulgada no PNCP;0;Registro de preços para futura e eventual aquisição, com instalação, de playgrounds, brinquedos infantis, equipamentos recreativos e mobiliário de apoio, destinados a praças, parques, escolas e demais espaços públicos municipais de Populina/SP.;2026-08-25T21:46:44;2026-09-11T08:25:00;https://bllcompras.com/Process/ProcessView?param1=[gkz]bLezG7PRY7kJ7HUtk7XrKi8hDh5fHQ8eun9/MHtyLQ04gxN3BLr9J8rvwQ/KeKtJFkMnFHKfUVMoJVWokccurrPTtpguXan7eH8UyRlHbHw=;MUNICIPIO DE POPULINA;PARQUE COLORIDO - MODELO 02;UND;2.0;74185.65;148371.3;1;Em andamento;Sem benefício;nao_classificado;indefinido;indefinido;baixa;;;;;;
51842177000176-1-000009/2026;3;3540408;Populina;0;2026;15;6;Pregão - Eletrônico;0;1;Divulgada no PNCP;0;Registro de preços para futura e eventual aquisição, com instalação, de playgrounds, brinquedos infantis, equipamentos recreativos e mobiliário de apoio, destinados a praças, parques, escolas e demais espaços públicos municipais de Populina/SP.;2026-08-25T21:46:44;2026-09-11T08:25:00;https://bllcompras.com/Process/ProcessView?param1=[gkz]bLezG7PRY7kJ7HUtk7XrKi8hDh5fHQ8eun9/MHtyLQ04gxN3BLr9J8rvwQ/KeKtJFkMnFHKfUVMoJVWokccurrPTtpguXan7eH8UyRlHbHw=;MUNICIPIO DE POPULINA;PARQUE COLORIDO - MODELO 03;UND;2.0;112959.0;225918.0;1;Em andamento;Sem benefício;nao_classificado;indefinido;indefinido;baixa;;;;;;
51842177000176-1-000009/2026;4;3540408;Populina;0;2026;15;6;Pregão - Eletrônico;0;1;Divulgada no PNCP;0;Registro de preços para futura e eventual aquisição, com instalação, de playgrounds, brinquedos infantis, equipamentos recreativos e mobiliário de apoio, destinados a praças, parques, escolas e demais espaços públicos municipais de Populina/SP.;2026-08-25T21:46:44;2026-09-11T08:25:00;https://bllcompras.com/Process/ProcessView?param1=[gkz]bLezG7PRY7kJ7HUtk7XrKi8hDh5fHQ8eun9/MHtyLQ04gxN3BLr9J8rvwQ/KeKtJFkMnFHKfUVMoJVWokccurrPTtpguXan7eH8UyRlHbHw=;MUNICIPIO DE POPULINA;PARQUE COLORIDO - MODELO 04;UND;1.0;14322.0;14322.0;1;Em andamento;Sem benefício;nao_classificado;indefinido;indefinido;baixa;;;;;;
51842177000176-1-000009/2026;5;3540408;Populina;0;2026;15;6;Pregão - Eletrônico;0;1;Divulgada no PNCP;0;Registro de preços para futura e eventual aquisição, com instalação, de playgrounds, brinquedos infantis, equipamentos recreativos e mobiliário de apoio, destinados a praças, parques, escolas e demais espaços públicos municipais de Populina/SP.;2026-08-25T21:46:44;2026-09-11T08:25:00;https://bllcompras.com/Process/ProcessView?param1=[gkz]bLezG7PRY7kJ7HUtk7XrKi8hDh5fHQ8eun9/MHtyLQ04gxN3BLr9J8rvwQ/KeKtJFkMnFHKfUVMoJVWokccurrPTtpguXan7eH8UyRlHbHw=;MUNICIPIO DE POPULINA;PARQUE COLORIDO - MODELO 05;UND;1.0;29983.8;29983.8;1;Em andamento;Sem benefício;nao_classificado;indefinido;indefinido;baixa;;;;;;
51842177000176-1-000009/2026;6;3540408;Populina;0;2026;15;6;Pregão - Eletrônico;0;1;Divulgada no PNCP;0;Registro de preços para futura e eventual aquisição, com instalação, de playgrounds, brinquedos infantis, equipamentos recreativos e mobiliário de apoio, destinados a praças, parques, escolas e demais espaços públicos municipais de Populina/SP.;2026-08-25T21:46:44;2026-09-11T08:25:00;https://bllcompras.com/Process/ProcessView?param1=[gkz]bLezG7PRY7kJ7HUtk7XrKi8hDh5fHQ8eun9/MHtyLQ04gxN3BLr9J8rvwQ/KeKtJFkMnFHKfUVMoJVWokccurrPTtpguXan7eH8UyRlHbHw=;MUNICIPIO DE POPULINA;PARQUE COLORIDO - MODELO 06;UND;1.0;226380.0;226380.0;1;Em andamento;Sem benefício;nao_classificado;indefinido;indefinido;baixa;;;;;;
51842177000176-1-000009/2026;7;3540408;Populina;0;2026;15;6;Pregão - Eletrônico;0;1;Divulgada no PNCP;0;Registro de preços para futura e eventual aquisição, com instalação, de playgrounds, brinquedos infantis, equipamentos recreativos e mobiliário de apoio, destinados a praças, parques, escolas e demais espaços públicos municipais de Populina/SP.;2026-08-25T21:46:44;2026-09-11T08:25:00;https://bllcompras.com/Process/ProcessView?param1=[gkz]bLezG7PRY7kJ7HUtk7XrKi8hDh5fHQ8eun9/MHtyLQ04gxN3BLr9J8rvwQ/KeKtJFkMnFHKfUVMoJVWokccurrPTtpguXan7eH8UyRlHbHw=;MUNICIPIO DE POPULINA;GANGORRA EM ALUMÍNIO;UND;20.0;12012.0;240240.0;1;Em andamento;Sem benefício;nao_classificado;indefinido;indefinido;baixa;;;;;;
51842177000176-1-000009/2026;8;3540408;Populina;0;2026;15;6;Pregão - Eletrônico;0;1;Divulgada no PNCP;0;Registro de preços para futura e eventual aquisição, com instalação, de playgrounds, brinquedos infantis, equipamentos recreativos e mobiliário de apoio, destinados a praças, parques, escolas e demais espaços públicos municipais de Populina/SP.;2026-08-25T21:46:44;2026-09-11T08:25:00;https://bllcompras.com/Process/ProcessView?param1=[gkz]bLezG7PRY7kJ7HUtk7XrKi8hDh5fHQ8eun9/MHtyLQ04gxN3BLr9J8rvwQ/KeKtJFkMnFHKfUVMoJVWokccurrPTtpguXan7eH8UyRlHbHw=;MUNICIPIO DE POPULINA;CARROSSEL INFANTIL COM ASSENTOS EM ROTOMOLDADO;UND;14.0;12936.0;181104.0;1;Em andamento;Sem benefício;nao_classificado;indefinido;indefinido;baixa;;;;;;
51842177000176-1-000009/2026;9;3540408;Populina;0;2026;15;6;Pregão - Eletrônico;0;1;Divulgada no PNCP;0;Registro de preços para futura e eventual aquisição, com instalação, de playgrounds, brinquedos infantis, equipamentos recreativos e mobiliário de apoio, destinados a praças, parques, escolas e demais espaços públicos municipais de Populina/SP.;2026-08-25T21:46:44;2026-09-11T08:25:00;https://bllcompras.com/Process/ProcessView?param1=[gkz]bLezG7PRY7kJ7HUtk7XrKi8hDh5fHQ8eun9/MHtyLQ04gxN3BLr9J8rvwQ/KeKtJFkMnFHKfUVMoJVWokccurrPTtpguXan7eH8UyRlHbHw=;MUNICIPIO DE POPULINA;SCANDERE DOMOS;UND;10.0;28413.0;284130.0;1;Em andamento;Sem benefício;nao_classificado;indefinido;indefinido;baixa;;;;;;
51842177000176-1-000009/2026;10;3540408;Populina;0;2026;15;6;Pregão - Eletrônico;0;1;Divulgada no PNCP;0;Registro de preços para futura e eventual aquisição, com instalação, de playgrounds, brinquedos infantis, equipamentos recreativos e mobiliário de apoio, destinados a praças, parques, escolas e demais espaços públicos municipais de Populina/SP.;2026-08-25T21:46:44;2026-09-11T08:25:00;https://bllcompras.com/Process/ProcessView?param1=[gkz]bLezG7PRY7kJ7HUtk7XrKi8hDh5fHQ8eun9/MHtyLQ04gxN3BLr9J8rvwQ/KeKtJFkMnFHKfUVMoJVWokccurrPTtpguXan7eH8UyRlHbHw=;MUNICIPIO DE POPULINA;BALANÇO AVULSO EM ALUMÍNIO;UND;9.0;17325.0;155925.0;1;Em andamento;Sem benefício;nao_classificado;indefinido;indefinido;baixa;;;;;;
51842177000176-1-000010/2026;1;3540408;Populina;0;2026;63;8;Dispensa;0;0;Divulgada no PNCP;0;Aquisição de barracas desmontáveis e a contratação de empresa responsável pelo fornecimento e execução de apresentações musicais ao vivo de pequeno porte, destinadas à execução das ações culturais vinculadas à Política Nacional Aldir Blanc de Fomento à Cultura — PNAB.;2026-09-29T12:56:17;2026-10-07T08:00:00;https://bllcompras.com/Process/ProcessView?param1=[gkz]VqXvPd4e6RZQRnaf/jnMELKoz6jPa9Ct_f7Qsd5i1AU6B6nb8STXFMBJW9iIn8XxP5i3QhE/Q8R2l4asMr5V0knAUY/NilxLeDEBtYWup1w=;MUNICIPIO DE POPULINA;Barraca desmontável para feira: barraca desmontável, nova e completa, destinada à utilização em feiras e eventos, com dimensões aproximadas de 2,00 m x 1,50 m x 2,40 m, confeccionada com chassi/estrutura em tubo quadrado de aço carbono, fechamentos em chapa de aço carbono pré-pintada na cor branca, toldo em lona resistente e impermeável, balcão para atendimento/manuseio situado a aproximadamente 1,00 m de altura, pés metálicos e tratamento anticorrosivo. A estrutura deverá apresentar resistência e estabilidade compatíveis com sua finalidade, ser adequada ao uso externo e permitir montagem, desmontagem, transporte e utilização de forma segura. O bem deverá ser fornecido novo, de primeiro uso, completo, sem avarias ou defeitos e em condições imediatas de utilização.;UN;20.0;1410.18;28203.6;1;Em andamento;Sem benefício;madeira_construcao;produto;construcao;baixa;;;;;;
51842177000176-1-000010/2026;2;3540408;Populina;0;2026;63;8;Dispensa;0;0;Divulgada no PNCP;0;Aquisição de barracas desmontáveis e a contratação de empresa responsável pelo fornecimento e execução de apresentações musicais ao vivo de pequeno porte, destinadas à execução das ações culturais vinculadas à Política Nacional Aldir Blanc de Fomento à Cultura — PNAB.;2026-09-29T12:56:17;2026-10-07T08:00:00;https://bllcompras.com/Process/ProcessView?param1=[gkz]VqXvPd4e6RZQRnaf/jnMELKoz6jPa9Ct_f7Qsd5i1AU6B6nb8STXFMBJW9iIn8XxP5i3QhE/Q8R2l4asMr5V0knAUY/NilxLeDEBtYWup1w=;MUNICIPIO DE POPULINA;"Apresentação musical ao vivo de pequeno porte: apresentação musical ao vivo com duração mínima de 2 (duas) horas, podendo ser realizada por cantor(a) solo, dupla, trio ou formação musical equivalente de pequeno porte. A apresentação deverá contemplar os instrumentos musicais e respectivos acessórios necessários à formação artística proposta; sistema de sonorização compacto e compatível com apresentação musical de pequeno porte em ambiente aberto, incluindo caixas acústicas, mesa de áudio, microfones, pedestais, retornos/monitores quando necessários, cabeamento, conexões e demais acessórios indispensáveis à execução; e sistema básico de iluminação cênica, suficiente para proporcionar adequada iluminação dos artistas durante apresentações noturnas. A apresentação será realizada diretamente no piso do local indicado pela Administração, sem utilização de palco, praticável, tablado ou estrutura elevada. A contratada será responsável pelo fornecimento da atração musical, instrumentos, acessórios, sonorização compacta, iluminação cênica básica, equipe e demais meios necessários à completa execução da apresentação. Antes de cada apresentação, a contratada deverá indicar previamente a atração musical proposta, que será submetida à aprovação da Administração, e eventual substituição também dependerá de aprovação prévia. O Município disponibilizará exclusivamente o ponto de energia elétrica necessário à execução.";APR;11.0;2250.0;24750.0;1;Em andamento;Sem benefício;madeira_construcao;produto;construcao;baixa;;;;;;
45135043000112-1-000043/2026;1;3544509;Rubinéia;0;2026;17;7;Pregão - Presencial;1;0;Divulgada no PNCP;0;SERVIÇOS MÉDICO NA ESPECIALIDADE DE CLÍNICA MÉDICA;2026-08-17T16:59:07;2026-09-01T14:00:00;;MUNICIPIO DE RUBINEIA;MÉDICO(A) CLÍNICO(A) GERAL;SERVIÇO;12.0;11733.36;140800.32;1;Em andamento;Não se aplica;nao_classificado;indefinido;indefinido;baixa;;;;;;
45135043000112-1-000044/2026;1;3544509;Rubinéia;0;2026;16;7;Pregão - Presencial;1;0;Divulgada no PNCP;0;SERVIÇOS DE MANUTENÇÃO E INSTALAÇÃO DE SISTEMAS DE AR-CONDICIONADO E CLIMATIZADORES, COM REPOSIÇÃO DE PEÇAS;2026-08-21T15:41:27;2026-09-10T09:15:00;;MUNICIPIO DE RUBINEIA;LOTE 01;Unidade;1.0;338529.86;338529.86;1;Em andamento;Não se aplica;nao_classificado;indefinido;indefinido;baixa;;;;;;
45135043000112-1-000044/2026;2;3544509;Rubinéia;0;2026;16;7;Pregão - Presencial;1;0;Divulgada no PNCP;0;SERVIÇOS DE MANUTENÇÃO E INSTALAÇÃO DE SISTEMAS DE AR-CONDICIONADO E CLIMATIZADORES, COM REPOSIÇÃO DE PEÇAS;2026-08-21T15:41:27;2026-09-10T09:15:00;;MUNICIPIO DE RUBINEIA;LOTE 02;Unidade;1.0;15500.0;15500.0;1;Em andamento;Não se aplica;nao_classificado;indefinido;indefinido;baixa;;;;;;
45135530000185-1-000043/2026;1;3545704;Santa Albertina;0;2026;12;6;Pregão - Eletrônico;0;1;Divulgada no PNCP;0;SOLICITAÇÃO GERADA PARA COTAÇÃO DE VÁRIAS SOLICITAÇÕES;2026-08-26T08:10:54;2026-09-10T08:30:00;;MUNICIPIO DE SANTA ALBERTINA;PNEU 10,5-65-16 OU 11L16 C/ CAMARA E PROTETOR;UN;14.0;1152.62;16136.68;1;Em andamento;Participação exclusiva para ME/EPP;nao_classificado;indefinido;indefinido;baixa;;;;;;
45135530000185-1-000043/2026;2;3545704;Santa Albertina;0;2026;12;6;Pregão - Eletrônico;0;1;Divulgada no PNCP;0;SOLICITAÇÃO GERADA PARA COTAÇÃO DE VÁRIAS SOLICITAÇÕES;2026-08-26T08:10:54;2026-09-10T08:30:00;;MUNICIPIO DE SANTA ALBERTINA;PNEU 12,5/80-18 10 LONAS COM CAMARA E PROTETOR;UN;8.0;1788.44;14307.52;1;Em andamento;Participação exclusiva para ME/EPP;nao_classificado;indefinido;indefinido;baixa;;;;;;
45135530000185-1-000043/2026;3;3545704;Santa Albertina;0;2026;12;6;Pregão - Eletrônico;0;1;Divulgada no PNCP;0;SOLICITAÇÃO GERADA PARA COTAÇÃO DE VÁRIAS SOLICITAÇÕES;2026-08-26T08:10:54;2026-09-10T08:30:00;;MUNICIPIO DE SANTA ALBERTINA;PNEU 1400/24 LAM 12 LONAS C/CAMARA E PROTETOR LISO;UN;20.0;3431.74;68634.8;1;Em andamento;Não se aplica;nao_classificado;indefinido;indefinido;baixa;;;;;;
45135530000185-1-000043/2026;4;3545704;Santa Albertina;0;2026;12;6;Pregão - Eletrônico;0;1;Divulgada no PNCP;0;SOLICITAÇÃO GERADA PARA COTAÇÃO DE VÁRIAS SOLICITAÇÕES;2026-08-26T08:10:54;2026-09-10T08:30:00;;MUNICIPIO DE SANTA ALBERTINA;PNEU 17,5/25 L3 12 LONAS C/CAMARA;UN;8.0;4684.37;37474.96;1;Em andamento;Não se aplica;nao_classificado;indefinido;indefinido;baixa;;;;;;
45135530000185-1-000043/2026;5;3545704;Santa Albertina;0;2026;12;6;Pregão - Eletrônico;0;1;Divulgada no PNCP;0;SOLICITAÇÃO GERADA PARA COTAÇÃO DE VÁRIAS SOLICITAÇÕES;2026-08-26T08:10:54;2026-09-10T08:30:00;;MUNICIPIO DE SANTA ALBERTINA;PNEU 175/70/14 88T;UN;46.0;390.59;17967.14;1;Em andamento;Não se aplica;nao_classificado;indefinido;indefinido;baixa;;;;;;
45135530000185-1-000043/2026;6;3545704;Santa Albertina;0;2026;12;6;Pregão - Eletrônico;0;1;Divulgada no PNCP;0;SOLICITAÇÃO GERADA PARA COTAÇÃO DE VÁRIAS SOLICITAÇÕES;2026-08-26T08:10:54;2026-09-10T08:30:00;;MUNICIPIO DE SANTA ALBERTINA;PNEU 18.4-30;UN;2.0;5167.34;10334.68;1;Em andamento;Não se aplica;nao_classificado;indefinido;indefinido;baixa;;;;;;
45135530000185-1-000043/2026;7;3545704;Santa Albertina;0;2026;12;6;Pregão - Eletrônico;0;1;Divulgada no PNCP;0;SOLICITAÇÃO GERADA PARA COTAÇÃO DE VÁRIAS SOLICITAÇÕES;2026-08-26T08:10:54;2026-09-10T08:30:00;;MUNICIPIO DE SANTA ALBERTINA;PNEU 185/60 R15;UN;4.0;421.67;1686.68;1;Em andamento;Não se aplica;nao_classificado;indefinido;indefinido;baixa;;;;;;
45135530000185-1-000043/2026;8;3545704;Santa Albertina;0;2026;12;6;Pregão - Eletrônico;0;1;Divulgada no PNCP;0;SOLICITAÇÃO GERADA PARA COTAÇÃO DE VÁRIAS SOLICITAÇÕES;2026-08-26T08:10:54;2026-09-10T08:30:00;;MUNICIPIO DE SANTA ALBERTINA;PNEU 185/65/14;UN;4.0;448.67;1794.68;1;Em andamento;Não se aplica;nao_classificado;indefinido;indefinido;baixa;;;;;;
45135530000185-1-000043/2026;9;3545704;Santa Albertina;0;2026;12;6;Pregão - Eletrônico;0;1;Divulgada no PNCP;0;SOLICITAÇÃO GERADA PARA COTAÇÃO DE VÁRIAS SOLICITAÇÕES;2026-08-26T08:10:54;2026-09-10T08:30:00;;MUNICIPIO DE SANTA ALBERTINA;PNEU 185/65/15;UN;28.0;419.67;11750.76;1;Em andamento;Não se aplica;nao_classificado;indefinido;indefinido;baixa;;;;;;
45135530000185-1-000043/2026;10;3545704;Santa Albertina;0;2026;12;6;Pregão - Eletrônico;0;1;Divulgada no PNCP;0;SOLICITAÇÃO GERADA PARA COTAÇÃO DE VÁRIAS SOLICITAÇÕES;2026-08-26T08:10:54;2026-09-10T08:30:00;;MUNICIPIO DE SANTA ALBERTINA;PNEU 185/70/14 88T;UN;10.0;420.08;4200.8;1;Em andamento;Não se aplica;nao_classificado;indefinido;indefinido;baixa;;;;;;
45135530000185-1-000045/2026;1;3545704;Santa Albertina;0;2026;13;6;Pregão - Eletrônico;0;0;Divulgada no PNCP;0;AQUISIÇÃO DE 2 (DUAS) COLHEDORAS DE FORRAGEM PARA A SECRETARIA DE AGRICULTURA E ABASTECIMENTO DO MUNICIPIO DE SANTA ALBERTINA/SP, CONFORME TERMO DE CONVÊNIO SAA-PRC-2025-00065-DM;2026-09-09T08:41:34;2026-09-22T08:30:00;;MUNICIPIO DE SANTA ALBERTINA;COLHEDORAS DE FORRAGEM;UN;2.0;78100.0;156200.0;1;Em andamento;Não se aplica;madeira_construcao;produto;construcao;baixa;;;;;;
45135530000185-1-000046/2026;1;3545704;Santa Albertina;0;2026;14;6;Pregão - Eletrônico;0;0;Divulgada no PNCP;0;Aquisição de móveis, equipamentos eletrônicos e de informática, brinquedos infantis para a Creche Fernando Cesar Fiorilli;2026-09-23T08:36:57;2026-10-06T08:30:00;;MUNICIPIO DE SANTA ALBERTINA;ARMÁRIO DE AÇO 2 PORTAS;Un;3.0;280.84;842.52;1;Em andamento;Participação exclusiva para ME/EPP;nao_classificado;indefinido;indefinido;baixa;;;;;;
45135530000185-1-000046/2026;2;3545704;Santa Albertina;0;2026;14;6;Pregão - Eletrônico;0;0;Divulgada no PNCP;0;Aquisição de móveis, equipamentos eletrônicos e de informática, brinquedos infantis para a Creche Fernando Cesar Fiorilli;2026-09-23T08:36:57;2026-10-06T08:30:00;;MUNICIPIO DE SANTA ALBERTINA;CONJUNTO MESA E CADEIRA PARA PROFESSOR PADRÃO FNDE;UN;3.0;486.65;1459.95;1;Em andamento;Participação exclusiva para ME/EPP;nao_classificado;indefinido;indefinido;baixa;;;;;;
45135530000185-1-000046/2026;3;3545704;Santa Albertina;0;2026;14;6;Pregão - Eletrônico;0;0;Divulgada no PNCP;0;Aquisição de móveis, equipamentos eletrônicos e de informática, brinquedos infantis para a Creche Fernando Cesar Fiorilli;2026-09-23T08:36:57;2026-10-06T08:30:00;;MUNICIPIO DE SANTA ALBERTINA;IMPRESSORA MULTIFUNCIONAL COM TECNOLOGIA DE IMPRESSÃO JATO DE TINTA;UN;2.0;1817.98;3635.96;1;Em andamento;Participação exclusiva para ME/EPP;informatica;produto;tecnologia;baixa;;;;;;
45135530000185-1-000046/2026;4;3545704;Santa Albertina;0;2026;14;6;Pregão - Eletrônico;0;0;Divulgada no PNCP;0;Aquisição de móveis, equipamentos eletrônicos e de informática, brinquedos infantis para a Creche Fernando Cesar Fiorilli;2026-09-23T08:36:57;2026-10-06T08:30:00;;MUNICIPIO DE SANTA ALBERTINA;"APARELHO DE TELEVISÃO - SMART TV LED 65"" 4 K";UN;3.0;3336.29;10008.87;1;Em andamento;Participação exclusiva para ME/EPP;nao_classificado;indefinido;indefinido;baixa;;;;;;
45135530000185-1-000046/2026;5;3545704;Santa Albertina;0;2026;14;6;Pregão - Eletrônico;0;0;Divulgada no PNCP;0;Aquisição de móveis, equipamentos eletrônicos e de informática, brinquedos infantis para a Creche Fernando Cesar Fiorilli;2026-09-23T08:36:57;2026-10-06T08:30:00;;MUNICIPIO DE SANTA ALBERTINA;PISCINA DE BOLINHA INFANTIL - 1,50M X 1,50M;UN;2.0;1913.29;3826.58;1;Em andamento;Participação exclusiva para ME/EPP;nao_classificado;indefinido;indefinido;baixa;;;;;;
45135530000185-1-000046/2026;6;3545704;Santa Albertina;0;2026;14;6;Pregão - Eletrônico;0;0;Divulgada no PNCP;0;Aquisição de móveis, equipamentos eletrônicos e de informática, brinquedos infantis para a Creche Fernando Cesar Fiorilli;2026-09-23T08:36:57;2026-10-06T08:30:00;;MUNICIPIO DE SANTA ALBERTINA;AR-CONDICIONADO SPLIT INVERTER 36.000 BTUS – PISO TETO;UN;3.0;5385.31;16155.93;1;Em andamento;Participação exclusiva para ME/EPP;nao_classificado;indefinido;indefinido;baixa;;;;;;
45135530000185-1-000046/2026;7;3545704;Santa Albertina;0;2026;14;6;Pregão - Eletrônico;0;0;Divulgada no PNCP;0;Aquisição de móveis, equipamentos eletrônicos e de informática, brinquedos infantis para a Creche Fernando Cesar Fiorilli;2026-09-23T08:36:57;2026-10-06T08:30:00;;MUNICIPIO DE SANTA ALBERTINA;BERÇO PADRÃO FNDE - COR BRANCA COM COLCHÃO;UN;22.0;408.47;8986.34;1;Em andamento;Participação exclusiva para ME/EPP;nao_classificado;indefinido;indefinido;baixa;;;;;;
45138070000149-1-000740/2026;1;3546603;Santa Fé do Sul;1;2026;117;6;Pregão - Eletrônico;0;1;Divulgada no PNCP;0; Registro de Preços para futura e eventual aquisição de medicamentos de uso veterinário,e de uso humano .;2026-08-17T15:16:18;2026-09-02T08:00:00;https://cnetmobile.estaleiro.serpro.gov.br/comprasnet-web/public/compras/acompanhamento-compra?compra=98703305001172026;MUNICIPIO DE SANTA FE DO SUL;Acepromazina concentração*: 2, forma farmacêutica: solução injetável, uso*: uso veterinário;Frasco 20 ML;44.0;48.76;2145.44;1;Em andamento;Não se aplica;racao_agropecuaria;produto;agropecuaria;baixa;;;;;;
45138070000149-1-000740/2026;2;3546603;Santa Fé do Sul;1;2026;117;6;Pregão - Eletrônico;0;1;Divulgada no PNCP;0; Registro de Preços para futura e eventual aquisição de medicamentos de uso veterinário,e de uso humano .;2026-08-17T15:16:18;2026-09-02T08:00:00;https://cnetmobile.estaleiro.serpro.gov.br/comprasnet-web/public/compras/acompanhamento-compra?compra=98703305001172026;MUNICIPIO DE SANTA FE DO SUL;Acetilcisteína composição: n-acetilcisteína, concentraçao: 100, forma farmaceutica: solução oral, característica adicional: formulação especialmente manipulada;Ampola 3 ML;34.0;5.84;198.56;1;Em andamento;Não se aplica;racao_agropecuaria;produto;agropecuaria;baixa;;;;;;
45138070000149-1-000740/2026;3;3546603;Santa Fé do Sul;1;2026;117;6;Pregão - Eletrônico;0;1;Divulgada no PNCP;0; Registro de Preços para futura e eventual aquisição de medicamentos de uso veterinário,e de uso humano .;2026-08-17T15:16:18;2026-09-02T08:00:00;https://cnetmobile.estaleiro.serpro.gov.br/comprasnet-web/public/compras/acompanhamento-compra?compra=98703305001172026;MUNICIPIO DE SANTA FE DO SUL;Ácido Salicílico composição: associado ao ácido láctico e microcápsulas, concentração: 1,1 mg/ml + 28,8 mg/ml + 10, forma farmacêutica: solução otológica, aplicação: uso veterinário;Frasco 100 ML;30.0;29.38;881.4;1;Em andamento;Não se aplica;racao_agropecuaria;produto;agropecuaria;baixa;;;;;;
45138070000149-1-000740/2026;4;3546603;Santa Fé do Sul;1;2026;117;6;Pregão - Eletrônico;0;1;Divulgada no PNCP;0; Registro de Preços para futura e eventual aquisição de medicamentos de uso veterinário,e de uso humano .;2026-08-17T15:16:18;2026-09-02T08:00:00;https://cnetmobile.estaleiro.serpro.gov.br/comprasnet-web/public/compras/acompanhamento-compra?compra=98703305001172026;MUNICIPIO DE SANTA FE DO SUL;Alopurinol dosagem: 100 mg;Comprimido;7500.0;0.14;1050.0;1;Em andamento;Não se aplica;medicamentos;produto;saude;bloqueado;;;;;;
45138070000149-1-000740/2026;5;3546603;Santa Fé do Sul;1;2026;117;6;Pregão - Eletrônico;0;1;Divulgada no PNCP;0; Registro de Preços para futura e eventual aquisição de medicamentos de uso veterinário,e de uso humano .;2026-08-17T15:16:18;2026-09-02T08:00:00;https://cnetmobile.estaleiro.serpro.gov.br/comprasnet-web/public/compras/acompanhamento-compra?compra=98703305001172026;MUNICIPIO DE SANTA FE DO SUL;Amoxicilina princípio ativo: associada com clavulanato de potássio, concentração: 50 mg/ml + 12,5, forma farmacêutica: suspensão oral;Frasco 75 ML;34.0;18.28;621.52;1;Em andamento;Não se aplica;racao_agropecuaria;produto;agropecuaria;baixa;;;;;;
45138070000149-1-000740/2026;6;3546603;Santa Fé do Sul;1;2026;117;6;Pregão - Eletrônico;0;1;Divulgada no PNCP;0; Registro de Preços para futura e eventual aquisição de medicamentos de uso veterinário,e de uso humano .;2026-08-17T15:16:18;2026-09-02T08:00:00;https://cnetmobile.estaleiro.serpro.gov.br/comprasnet-web/public/compras/acompanhamento-compra?compra=98703305001172026;MUNICIPIO DE SANTA FE DO SUL;Amoxicilina composição: associada ao clavulanato de potássio, concentração: 40 mg + 10, forma física: comprimidos palatáveis, uso: uso veterinário;Comprimido;600.0;11.27;6762.0;1;Em andamento;Não se aplica;medicamentos;produto;saude;bloqueado;;;;;;
45138070000149-1-000740/2026;7;3546603;Santa Fé do Sul;1;2026;117;6;Pregão - Eletrônico;0;1;Divulgada no PNCP;0; Registro de Preços para futura e eventual aquisição de medicamentos de uso veterinário,e de uso humano .;2026-08-17T15:16:18;2026-09-02T08:00:00;https://cnetmobile.estaleiro.serpro.gov.br/comprasnet-web/public/compras/acompanhamento-compra?compra=98703305001172026;MUNICIPIO DE SANTA FE DO SUL;Amoxicilina concentração: 150, forma física: solução injetável, uso: uso veterinário;Frasco 50 ML;92.0;45.92;4224.64;1;Em andamento;Não se aplica;racao_agropecuaria;produto;agropecuaria;baixa;;;;;;
45138070000149-1-000740/2026;8;3546603;Santa Fé do Sul;1;2026;117;6;Pregão - Eletrônico;0;1;Divulgada no PNCP;0; Registro de Preços para futura e eventual aquisição de medicamentos de uso veterinário,e de uso humano .;2026-08-17T15:16:18;2026-09-02T08:00:00;https://cnetmobile.estaleiro.serpro.gov.br/comprasnet-web/public/compras/acompanhamento-compra?compra=98703305001172026;MUNICIPIO DE SANTA FE DO SUL;Anfotericina B dosagem: 50, aplicação: injetável;Frasco 10 ML;24.0;34.0;816.0;1;Em andamento;Não se aplica;medicamentos;produto;saude;bloqueado;;;;;;
45138070000149-1-000740/2026;9;3546603;Santa Fé do Sul;1;2026;117;6;Pregão - Eletrônico;0;1;Divulgada no PNCP;0; Registro de Preços para futura e eventual aquisição de medicamentos de uso veterinário,e de uso humano .;2026-08-17T15:16:18;2026-09-02T08:00:00;https://cnetmobile.estaleiro.serpro.gov.br/comprasnet-web/public/compras/acompanhamento-compra?compra=98703305001172026;MUNICIPIO DE SANTA FE DO SUL;Pirantel Pamoato composição: associado ao praziquantel, concentração: 144 mg + 50, uso: uso veterinário;Comprimido;400.0;1.77;708.0;1;Em andamento;Não se aplica;racao_agropecuaria;produto;agropecuaria;baixa;;;;;;
45138070000149-1-000740/2026;10;3546603;Santa Fé do Sul;1;2026;117;6;Pregão - Eletrônico;0;1;Divulgada no PNCP;0; Registro de Preços para futura e eventual aquisição de medicamentos de uso veterinário,e de uso humano .;2026-08-17T15:16:18;2026-09-02T08:00:00;https://cnetmobile.estaleiro.serpro.gov.br/comprasnet-web/public/compras/acompanhamento-compra?compra=98703305001172026;MUNICIPIO DE SANTA FE DO SUL;Pirantel Pamoato composição: associado ao praziquantel, concentração: 230 mg + 20 mg, forma física: em comprimido, uso: uso veterinário;Comprimido;500.0;3.06;1530.0;1;Em andamento;Não se aplica;medicamentos;produto;saude;bloqueado;;;;;;
45138070000149-1-000762/2026;1;3546603;Santa Fé do Sul;1;2026;11;6;Pregão - Eletrônico;0;1;Divulgada no PNCP;0;Registro de Preços para futura e eventual aquisição de materiais de consumo (Gêneros Alimentícios Estocáveis), para atendimento da demanda dos diversos setores da Administração Pública Municipal, com entrega parcelada, conforme condições, quantidades e exigências estabelecidas no Anexo I deste edital e seus anexos, por tempo determinado.;2026-08-19T11:53:14;2026-09-02T08:00:00;https://cnetmobile.estaleiro.serpro.gov.br/comprasnet-web/public/compras/acompanhamento-compra?compra=98703305000112026;MUNICIPIO DE SANTA FE DO SUL;Achocolatado apresentação: pó, sabor: tradicional, característica adicional: enriquecido com vitaminas;Embalagem;1471.0;24.99;36760.29;1;Em andamento;Não se aplica;racao_agropecuaria;produto;agropecuaria;baixa;;;;;;
45138070000149-1-000762/2026;2;3546603;Santa Fé do Sul;1;2026;11;6;Pregão - Eletrônico;0;1;Divulgada no PNCP;0;Registro de Preços para futura e eventual aquisição de materiais de consumo (Gêneros Alimentícios Estocáveis), para atendimento da demanda dos diversos setores da Administração Pública Municipal, com entrega parcelada, conforme condições, quantidades e exigências estabelecidas no Anexo I deste edital e seus anexos, por tempo determinado.;2026-08-19T11:53:14;2026-09-02T08:00:00;https://cnetmobile.estaleiro.serpro.gov.br/comprasnet-web/public/compras/acompanhamento-compra?compra=98703305000112026;MUNICIPIO DE SANTA FE DO SUL;Açúcar tipo: cristal, coloração: branca;Embalagem 5 KG;9008.0;23.0;207184.0;1;Em andamento;Não se aplica;generos_alimenticios;produto;alimentacao;media;;;;;;
45138070000149-1-000762/2026;3;3546603;Santa Fé do Sul;1;2026;11;6;Pregão - Eletrônico;0;1;Divulgada no PNCP;0;Registro de Preços para futura e eventual aquisição de materiais de consumo (Gêneros Alimentícios Estocáveis), para atendimento da demanda dos diversos setores da Administração Pública Municipal, com entrega parcelada, conforme condições, quantidades e exigências estabelecidas no Anexo I deste edital e seus anexos, por tempo determinado.;2026-08-19T11:53:14;2026-09-02T08:00:00;https://cnetmobile.estaleiro.serpro.gov.br/comprasnet-web/public/compras/acompanhamento-compra?compra=98703305000112026;MUNICIPIO DE SANTA FE DO SUL;Adoçante aspecto físico: líquido transparente, ingredientes: sucralose, prazo validade: 1, tipo: dietético, características adicionais: bico dosador;Frasco 100 ML;879.0;7.69;6759.51;1;Em andamento;Não se aplica;racao_agropecuaria;produto;agropecuaria;baixa;;;;;;
45138070000149-1-000762/2026;4;3546603;Santa Fé do Sul;1;2026;11;6;Pregão - Eletrônico;0;1;Divulgada no PNCP;0;Registro de Preços para futura e eventual aquisição de materiais de consumo (Gêneros Alimentícios Estocáveis), para atendimento da demanda dos diversos setores da Administração Pública Municipal, com entrega parcelada, conforme condições, quantidades e exigências estabelecidas no Anexo I deste edital e seus anexos, por tempo determinado.;2026-08-19T11:53:14;2026-09-02T08:00:00;https://cnetmobile.estaleiro.serpro.gov.br/comprasnet-web/public/compras/acompanhamento-compra?compra=98703305000112026;MUNICIPIO DE SANTA FE DO SUL;Amido base: de milho;Grama;271.0;7.99;2165.29;1;Em andamento;Não se aplica;racao_agropecuaria;produto;agropecuaria;baixa;;;;;;
45138070000149-1-000762/2026;5;3546603;Santa Fé do Sul;1;2026;11;6;Pregão - Eletrônico;0;1;Divulgada no PNCP;0;Registro de Preços para futura e eventual aquisição de materiais de consumo (Gêneros Alimentícios Estocáveis), para atendimento da demanda dos diversos setores da Administração Pública Municipal, com entrega parcelada, conforme condições, quantidades e exigências estabelecidas no Anexo I deste edital e seus anexos, por tempo determinado.;2026-08-19T11:53:14;2026-09-02T08:00:00;https://cnetmobile.estaleiro.serpro.gov.br/comprasnet-web/public/compras/acompanhamento-compra?compra=98703305000112026;MUNICIPIO DE SANTA FE DO SUL;Arroz Beneficiado tipo: agulhinha, subgrupo: integral, classe: longo fino, qualidade: tipo 1;Embalagem 5 KG;1870.0;27.59;51593.3;1;Em andamento;Não se aplica;generos_alimenticios;produto;alimentacao;media;;;;;;
45138070000149-1-000762/2026;6;3546603;Santa Fé do Sul;1;2026;11;6;Pregão - Eletrônico;0;1;Divulgada no PNCP;0;Registro de Preços para futura e eventual aquisição de materiais de consumo (Gêneros Alimentícios Estocáveis), para atendimento da demanda dos diversos setores da Administração Pública Municipal, com entrega parcelada, conforme condições, quantidades e exigências estabelecidas no Anexo I deste edital e seus anexos, por tempo determinado.;2026-08-19T11:53:14;2026-09-02T08:00:00;https://cnetmobile.estaleiro.serpro.gov.br/comprasnet-web/public/compras/acompanhamento-compra?compra=98703305000112026;MUNICIPIO DE SANTA FE DO SUL;Azeite espécie vegetal: de oliva, tipo: puro, teor da acidez: extravirgem - menor que 0,8%;Embalagem 500 ML;159.0;39.9;6344.1;1;Em andamento;Não se aplica;racao_agropecuaria;produto;agropecuaria;baixa;;;;;;
45138070000149-1-000762/2026;7;3546603;Santa Fé do Sul;1;2026;11;6;Pregão - Eletrônico;0;1;Divulgada no PNCP;0;Registro de Preços para futura e eventual aquisição de materiais de consumo (Gêneros Alimentícios Estocáveis), para atendimento da demanda dos diversos setores da Administração Pública Municipal, com entrega parcelada, conforme condições, quantidades e exigências estabelecidas no Anexo I deste edital e seus anexos, por tempo determinado.;2026-08-19T11:53:14;2026-09-02T08:00:00;https://cnetmobile.estaleiro.serpro.gov.br/comprasnet-web/public/compras/acompanhamento-compra?compra=98703305000112026;MUNICIPIO DE SANTA FE DO SUL;Legume Em Conserva tipo: azeitona verde, tamanho: média, apresentação: sem caroço;Grama;408.0;24.99;10195.92;1;Em andamento;Não se aplica;racao_agropecuaria;produto;agropecuaria;baixa;;;;;;
45138070000149-1-000762/2026;8;3546603;Santa Fé do Sul;1;2026;11;6;Pregão - Eletrônico;0;1;Divulgada no PNCP;0;Registro de Preços para futura e eventual aquisição de materiais de consumo (Gêneros Alimentícios Estocáveis), para atendimento da demanda dos diversos setores da Administração Pública Municipal, com entrega parcelada, conforme condições, quantidades e exigências estabelecidas no Anexo I deste edital e seus anexos, por tempo determinado.;2026-08-19T11:53:14;2026-09-02T08:00:00;https://cnetmobile.estaleiro.serpro.gov.br/comprasnet-web/public/compras/acompanhamento-compra?compra=98703305000112026;MUNICIPIO DE SANTA FE DO SUL;Batata Processada espécie: inglesa, tipo formato: palha, tipo: frita, apresentação: pronto para consumo;Grama;318.0;22.49;7151.82;1;Em andamento;Não se aplica;racao_agropecuaria;produto;agropecuaria;baixa;;;;;;
45138070000149-1-000762/2026;9;3546603;Santa Fé do Sul;1;2026;11;6;Pregão - Eletrônico;0;1;Divulgada no PNCP;0;Registro de Preços para futura e eventual aquisição de materiais de consumo (Gêneros Alimentícios Estocáveis), para atendimento da demanda dos diversos setores da Administração Pública Municipal, com entrega parcelada, conforme condições, quantidades e exigências estabelecidas no Anexo I deste edital e seus anexos, por tempo determinado.;2026-08-19T11:53:14;2026-09-02T08:00:00;https://cnetmobile.estaleiro.serpro.gov.br/comprasnet-web/public/compras/acompanhamento-compra?compra=98703305000112026;MUNICIPIO DE SANTA FE DO SUL;Legume Processado tipo: batata, formato: palito, preparo: pré frito, apresentação: congelado;Quilograma;384.0;26.99;10364.16;1;Em andamento;Não se aplica;racao_agropecuaria;produto;agropecuaria;baixa;;;;;;
45138070000149-1-000762/2026;10;3546603;Santa Fé do Sul;1;2026;11;6;Pregão - Eletrônico;0;1;Divulgada no PNCP;0;Registro de Preços para futura e eventual aquisição de materiais de consumo (Gêneros Alimentícios Estocáveis), para atendimento da demanda dos diversos setores da Administração Pública Municipal, com entrega parcelada, conforme condições, quantidades e exigências estabelecidas no Anexo I deste edital e seus anexos, por tempo determinado.;2026-08-19T11:53:14;2026-09-02T08:00:00;https://cnetmobile.estaleiro.serpro.gov.br/comprasnet-web/public/compras/acompanhamento-compra?compra=98703305000112026;MUNICIPIO DE SANTA FE DO SUL;Biscoito apresentação: redondo, sabor: maizena, tipo: maria, características adicionais: sem recheio, classificação: doce, aplicação: alimentação humana, prazo validade: 1 ano;Pacote 200 G;367.0;4.79;1757.93;1;Em andamento;Não se aplica;panificacao;produto;alimentacao;media;;;;;;
45138070000149-1-000780/2026;1;3546603;Santa Fé do Sul;1;2026;77;6;Pregão - Eletrônico;0;1;Divulgada no PNCP;0;Registro de preços para aquisição de medicamentos para atendimento das demanda da farmacia municipal e demandas judiciais.;2026-08-21T17:03:50;2026-09-04T08:00:00;https://cnetmobile.estaleiro.serpro.gov.br/comprasnet-web/public/compras/acompanhamento-compra?compra=98703305000772026;MUNICIPIO DE SANTA FE DO SUL;Betametasona composição: acetato, apresentação: associada com betametasona fosfato, dosagem: 3mg + 3mg/ml, uso: injetável;Ampola 1 ML;343.0;7.76;2661.68;1;Em andamento;Não se aplica;medicamentos;produto;saude;bloqueado;;;;;;
45138070000149-1-000780/2026;2;3546603;Santa Fé do Sul;1;2026;77;6;Pregão - Eletrônico;0;1;Divulgada no PNCP;0;Registro de preços para aquisição de medicamentos para atendimento das demanda da farmacia municipal e demandas judiciais.;2026-08-21T17:03:50;2026-09-04T08:00:00;https://cnetmobile.estaleiro.serpro.gov.br/comprasnet-web/public/compras/acompanhamento-compra?compra=98703305000772026;MUNICIPIO DE SANTA FE DO SUL;Acetilcisteína dosagem: 20, indicação: xarope;Frasco 120 ML;500.0;4.25;2125.0;1;Em andamento;Não se aplica;medicamentos;produto;saude;bloqueado;;;;;;
45138070000149-1-000780/2026;3;3546603;Santa Fé do Sul;1;2026;77;6;Pregão - Eletrônico;0;1;Divulgada no PNCP;0;Registro de preços para aquisição de medicamentos para atendimento das demanda da farmacia municipal e demandas judiciais.;2026-08-21T17:03:50;2026-09-04T08:00:00;https://cnetmobile.estaleiro.serpro.gov.br/comprasnet-web/public/compras/acompanhamento-compra?compra=98703305000772026;MUNICIPIO DE SANTA FE DO SUL;Acetilcisteína concentraçao: 40, forma farmaceutica: xarope;Frasco 120 ML;1500.0;6.03;9045.0;1;Em andamento;Não se aplica;racao_agropecuaria;produto;agropecuaria;baixa;;;;;;
45138070000149-1-000780/2026;4;3546603;Santa Fé do Sul;1;2026;77;6;Pregão - Eletrônico;0;1;Divulgada no PNCP;0;Registro de preços para aquisição de medicamentos para atendimento das demanda da farmacia municipal e demandas judiciais.;2026-08-21T17:03:50;2026-09-04T08:00:00;https://cnetmobile.estaleiro.serpro.gov.br/comprasnet-web/public/compras/acompanhamento-compra?compra=98703305000772026;MUNICIPIO DE SANTA FE DO SUL;Alendronato De Sódio dosagem: 70;Comprimido;17143.0;0.29;4971.47;1;Em andamento;Não se aplica;medicamentos;produto;saude;bloqueado;;;;;;
45138070000149-1-000780/2026;5;3546603;Santa Fé do Sul;1;2026;77;6;Pregão - Eletrônico;0;1;Divulgada no PNCP;0;Registro de preços para aquisição de medicamentos para atendimento das demanda da farmacia municipal e demandas judiciais.;2026-08-21T17:03:50;2026-09-04T08:00:00;https://cnetmobile.estaleiro.serpro.gov.br/comprasnet-web/public/compras/acompanhamento-compra?compra=98703305000772026;MUNICIPIO DE SANTA FE DO SUL;Alopurinol dosagem: 100 mg;Comprimido;24000.0;0.17;4080.0;1;Em andamento;Não se aplica;medicamentos;produto;saude;bloqueado;;;;;;
45138070000149-1-000780/2026;6;3546603;Santa Fé do Sul;1;2026;77;6;Pregão - Eletrônico;0;1;Divulgada no PNCP;0;Registro de preços para aquisição de medicamentos para atendimento das demanda da farmacia municipal e demandas judiciais.;2026-08-21T17:03:50;2026-09-04T08:00:00;https://cnetmobile.estaleiro.serpro.gov.br/comprasnet-web/public/compras/acompanhamento-compra?compra=98703305000772026;MUNICIPIO DE SANTA FE DO SUL;Aminofilina dosagem: 100;Comprimido;1000.0;0.11;110.0;1;Em andamento;Não se aplica;medicamentos;produto;saude;bloqueado;;;;;;
45138070000149-1-000780/2026;7;3546603;Santa Fé do Sul;1;2026;77;6;Pregão - Eletrônico;0;1;Divulgada no PNCP;0;Registro de preços para aquisição de medicamentos para atendimento das demanda da farmacia municipal e demandas judiciais.;2026-08-21T17:03:50;2026-09-04T08:00:00;https://cnetmobile.estaleiro.serpro.gov.br/comprasnet-web/public/compras/acompanhamento-compra?compra=98703305000772026;MUNICIPIO DE SANTA FE DO SUL;Amiodarona dosagem: 200 mg;Comprimido;90858.0;0.41;37251.78;1;Em andamento;Não se aplica;medicamentos;produto;saude;bloqueado;;;;;;
45138070000149-1-000780/2026;8;3546603;Santa Fé do Sul;1;2026;77;6;Pregão - Eletrônico;0;1;Divulgada no PNCP;0;Registro de preços para aquisição de medicamentos para atendimento das demanda da farmacia municipal e demandas judiciais.;2026-08-21T17:03:50;2026-09-04T08:00:00;https://cnetmobile.estaleiro.serpro.gov.br/comprasnet-web/public/compras/acompanhamento-compra?compra=98703305000772026;MUNICIPIO DE SANTA FE DO SUL;Amoxicilina princípio ativo: associada com clavulanato de potássio, concentração: 50 mg/ml + 12,5, forma farmacêutica: suspensão oral;Frasco 75 ML;1000.0;9.7;9700.0;1;Em andamento;Não se aplica;racao_agropecuaria;produto;agropecuaria;baixa;;;;;;
45138070000149-1-000780/2026;9;3546603;Santa Fé do Sul;1;2026;77;6;Pregão - Eletrônico;0;1;Divulgada no PNCP;0;Registro de preços para aquisição de medicamentos para atendimento das demanda da farmacia municipal e demandas judiciais.;2026-08-21T17:03:50;2026-09-04T08:00:00;https://cnetmobile.estaleiro.serpro.gov.br/comprasnet-web/public/compras/acompanhamento-compra?compra=98703305000772026;MUNICIPIO DE SANTA FE DO SUL;Anlodipino Besilato dosagem: 5;Comprimido;454286.0;0.05;22714.3;1;Em andamento;Não se aplica;medicamentos;produto;saude;bloqueado;;;;;;
45138070000149-1-000780/2026;10;3546603;Santa Fé do Sul;1;2026;77;6;Pregão - Eletrônico;0;1;Divulgada no PNCP;0;Registro de preços para aquisição de medicamentos para atendimento das demanda da farmacia municipal e demandas judiciais.;2026-08-21T17:03:50;2026-09-04T08:00:00;https://cnetmobile.estaleiro.serpro.gov.br/comprasnet-web/public/compras/acompanhamento-compra?compra=98703305000772026;MUNICIPIO DE SANTA FE DO SUL;Probiótico composição: bacillus clausii, concentração: 2 bilhões de, forma farmacêutica: suspensão oral;Flaconete 5 ML;6686.0;3.83;25607.38;1;Em andamento;Não se aplica;racao_agropecuaria;produto;agropecuaria;baixa;;;;;;
45138070000149-1-000794/2026;1;3546603;Santa Fé do Sul;1;2026;1;6;Pregão - Eletrônico;0;1;Divulgada no PNCP;0;Aquisição de material permanente do tipo arma de fogo, destinados ao aparelhamento da Guarda Civil Municipal;2026-08-31T08:46:50;2026-09-14T08:00:00;https://cnetmobile.estaleiro.serpro.gov.br/comprasnet-web/public/compras/acompanhamento-compra?compra=98703305000012026;MUNICIPIO DE SANTA FE DO SUL;Arma De Fogo De Pequeno Porte - Revólver / Pistola nome: arma de fogo de pequeno porte - revolver;Unidade;45.0;4777.39;214982.55;1;Em andamento;Não se aplica;nao_classificado;indefinido;indefinido;baixa;;;;;;
45138070000149-1-000806/2026;1;3546603;Santa Fé do Sul;1;2026;102;6;Pregão - Eletrônico;0;1;Divulgada no PNCP;0;Contratação de empresa especializada em manejo arbóreo dentro do limite territorial de Santa Fé do Sul;2026-09-02T11:02:06;2026-09-18T08:00:00;https://cnetmobile.estaleiro.serpro.gov.br/comprasnet-web/public/compras/acompanhamento-compra?compra=98703305001022026;MUNICIPIO DE SANTA FE DO SUL;Poda, Corte, Arrancamento de Árvores - Áreas Pública / Particular Poda, Corte, Arrancamento de Árvores - Áreas Pública / Particular;UNIDADE;20000.0;165.23;3304600.0;1;Em andamento;Não se aplica;nao_classificado;indefinido;indefinido;baixa;;;;;;
45138070000149-1-000807/2026;1;3546603;Santa Fé do Sul;1;2026;42;6;Pregão - Eletrônico;0;1;Divulgada no PNCP;0;REGISTRO DE PREÇOS para futura e eventual aquisição de materiais recreativos, jogos educativos e brinquedos, destinados ao atendimento das necessidades das Secretarias do Município de Santa Fé do Sul/SP, pelo período de 12 (doze) meses, com fornecimento de forma parcelada, conforme a demanda, observadas as condições, quantidades e exigências estabelecidas no Edital e em seus anexos.;2026-09-02T11:16:04;2026-09-21T08:00:00;https://cnetmobile.estaleiro.serpro.gov.br/comprasnet-web/public/compras/acompanhamento-compra?compra=98703305000422026;MUNICIPIO DE SANTA FE DO SUL;Jogo / Brinquedo Pedagógico Jogo / Brinquedo Pedagógico, Tipo:Linha De Atividade Corporal 2, Material:Caixa Em Madeira E Tabuleiro Em Mdf, Quantidade:52 Pecas, Caracteristicas Adicionais:Contendo 08 Formas Geometricas E Moldes Formato: M, Cor:Multicolorido, Uso:Coordenação Motora, O Desenvolvimento Psicomotor,, Aplicação:Práticas Esportivas Pedagógicas E Recreativas, Componentes:Bolas, Pula-Cordas, Gangorra, Cilindro, Prancha De, Outros Componentes:Kricts E Suporte, Pes De Pau, Corda, Martelos;Unidade;14.0;688.9;9644.6;1;Em andamento;Não se aplica;madeira_construcao;produto;construcao;baixa;;;;;;
45138070000149-1-000807/2026;2;3546603;Santa Fé do Sul;1;2026;42;6;Pregão - Eletrônico;0;1;Divulgada no PNCP;0;REGISTRO DE PREÇOS para futura e eventual aquisição de materiais recreativos, jogos educativos e brinquedos, destinados ao atendimento das necessidades das Secretarias do Município de Santa Fé do Sul/SP, pelo período de 12 (doze) meses, com fornecimento de forma parcelada, conforme a demanda, observadas as condições, quantidades e exigências estabelecidas no Edital e em seus anexos.;2026-09-02T11:16:04;2026-09-21T08:00:00;https://cnetmobile.estaleiro.serpro.gov.br/comprasnet-web/public/compras/acompanhamento-compra?compra=98703305000422026;MUNICIPIO DE SANTA FE DO SUL;Brinquedo Em Geral Brinquedo Em Geral, Material:Plástico, Tipo:Jogo Boliche, Componentes:10 Pinos De 40cm, Com Bola De 60cm;Unidade;50.0;49.06;2453.0;1;Em andamento;Não se aplica;madeira_construcao;produto;construcao;baixa;;;;;;
45138070000149-1-000807/2026;3;3546603;Santa Fé do Sul;1;2026;42;6;Pregão - Eletrônico;0;1;Divulgada no PNCP;0;REGISTRO DE PREÇOS para futura e eventual aquisição de materiais recreativos, jogos educativos e brinquedos, destinados ao atendimento das necessidades das Secretarias do Município de Santa Fé do Sul/SP, pelo período de 12 (doze) meses, com fornecimento de forma parcelada, conforme a demanda, observadas as condições, quantidades e exigências estabelecidas no Edital e em seus anexos.;2026-09-02T11:16:04;2026-09-21T08:00:00;https://cnetmobile.estaleiro.serpro.gov.br/comprasnet-web/public/compras/acompanhamento-compra?compra=98703305000422026;MUNICIPIO DE SANTA FE DO SUL;Brinquedo Em Geral Brinquedo Em Geral, Material:Papel Couchê, Tipo 2:Jogo De Tabuleiro Para Educação De Trânsito, Cor:Multicolor, Dimensões:43,5 X 28,5 CM, Componentes:Livro De Instruções, Aplicação:Orientação No Trânsito, Características Adicionais 1:Conforme Modelo;Unidade;12.0;561.21;6734.52;1;Em andamento;Não se aplica;madeira_construcao;produto;construcao;baixa;;;;;;
45138070000149-1-000807/2026;4;3546603;Santa Fé do Sul;1;2026;42;6;Pregão - Eletrônico;0;1;Divulgada no PNCP;0;REGISTRO DE PREÇOS para futura e eventual aquisição de materiais recreativos, jogos educativos e brinquedos, destinados ao atendimento das necessidades das Secretarias do Município de Santa Fé do Sul/SP, pelo período de 12 (doze) meses, com fornecimento de forma parcelada, conforme a demanda, observadas as condições, quantidades e exigências estabelecidas no Edital e em seus anexos.;2026-09-02T11:16:04;2026-09-21T08:00:00;https://cnetmobile.estaleiro.serpro.gov.br/comprasnet-web/public/compras/acompanhamento-compra?compra=98703305000422026;MUNICIPIO DE SANTA FE DO SUL;Brinquedo Em Geral Brinquedo Em Geral, Material:Polietileno;Unidade;4.0;372.0;1488.0;1;Em andamento;Não se aplica;madeira_construcao;produto;construcao;baixa;;;;;;
45138070000149-1-000807/2026;5;3546603;Santa Fé do Sul;1;2026;42;6;Pregão - Eletrônico;0;1;Divulgada no PNCP;0;REGISTRO DE PREÇOS para futura e eventual aquisição de materiais recreativos, jogos educativos e brinquedos, destinados ao atendimento das necessidades das Secretarias do Município de Santa Fé do Sul/SP, pelo período de 12 (doze) meses, com fornecimento de forma parcelada, conforme a demanda, observadas as condições, quantidades e exigências estabelecidas no Edital e em seus anexos.;2026-09-02T11:16:04;2026-09-21T08:00:00;https://cnetmobile.estaleiro.serpro.gov.br/comprasnet-web/public/compras/acompanhamento-compra?compra=98703305000422026;MUNICIPIO DE SANTA FE DO SUL;Brinquedo Em Geral Brinquedo Em Geral, Material:Plástico, Tipo 2:Kit Feirinha, Componentes:Balança, 3 Cestas, Produtos De Supermecado E Feira, Características Adicionais 1:Faixa Etária A Partir De 3 Anos;Unidade;4.0;439.03;1756.12;1;Em andamento;Não se aplica;madeira_construcao;produto;construcao;baixa;;;;;;
45138070000149-1-000807/2026;6;3546603;Santa Fé do Sul;1;2026;42;6;Pregão - Eletrônico;0;1;Divulgada no PNCP;0;REGISTRO DE PREÇOS para futura e eventual aquisição de materiais recreativos, jogos educativos e brinquedos, destinados ao atendimento das necessidades das Secretarias do Município de Santa Fé do Sul/SP, pelo período de 12 (doze) meses, com fornecimento de forma parcelada, conforme a demanda, observadas as condições, quantidades e exigências estabelecidas no Edital e em seus anexos.;2026-09-02T11:16:04;2026-09-21T08:00:00;https://cnetmobile.estaleiro.serpro.gov.br/comprasnet-web/public/compras/acompanhamento-compra?compra=98703305000422026;MUNICIPIO DE SANTA FE DO SUL;"Conjunto Alfabeto Conjunto Alfabeto, Material:Eva, Tamanho Letra:Pequeno, Cor:Colorido, Tipo Letra:Forma, Características Adicionais:Letras De ""A A Z"",Inclusive K,Y E W";Unidade;4.0;77.49;309.96;1;Em andamento;Não se aplica;madeira_construcao;produto;construcao;baixa;;;;;;
45138070000149-1-000807/2026;7;3546603;Santa Fé do Sul;1;2026;42;6;Pregão - Eletrônico;0;1;Divulgada no PNCP;0;REGISTRO DE PREÇOS para futura e eventual aquisição de materiais recreativos, jogos educativos e brinquedos, destinados ao atendimento das necessidades das Secretarias do Município de Santa Fé do Sul/SP, pelo período de 12 (doze) meses, com fornecimento de forma parcelada, conforme a demanda, observadas as condições, quantidades e exigências estabelecidas no Edital e em seus anexos.;2026-09-02T11:16:04;2026-09-21T08:00:00;https://cnetmobile.estaleiro.serpro.gov.br/comprasnet-web/public/compras/acompanhamento-compra?compra=98703305000422026;MUNICIPIO DE SANTA FE DO SUL;"Conjunto Alfabeto Conjunto Alfabeto, Material:Eva, Tamanho Letra:Pequeno, Cor:Colorido, Tipo Letra:Forma, Características Adicionais:Letras De ""A A Z"",Inclusive K,Y E W";Unidade;4.0;155.0;620.0;1;Em andamento;Não se aplica;madeira_construcao;produto;construcao;baixa;;;;;;
45138070000149-1-000807/2026;8;3546603;Santa Fé do Sul;1;2026;42;6;Pregão - Eletrônico;0;1;Divulgada no PNCP;0;REGISTRO DE PREÇOS para futura e eventual aquisição de materiais recreativos, jogos educativos e brinquedos, destinados ao atendimento das necessidades das Secretarias do Município de Santa Fé do Sul/SP, pelo período de 12 (doze) meses, com fornecimento de forma parcelada, conforme a demanda, observadas as condições, quantidades e exigências estabelecidas no Edital e em seus anexos.;2026-09-02T11:16:04;2026-09-21T08:00:00;https://cnetmobile.estaleiro.serpro.gov.br/comprasnet-web/public/compras/acompanhamento-compra?compra=98703305000422026;MUNICIPIO DE SANTA FE DO SUL;Jogo / Brinquedo Pedagógico Jogo / Brinquedo Pedagógico, Tipo:Quebra-Cabeça, Material:Mdf, Quantidade:20 Peças, Caracteristicas Adicionais:Pintadas E Serigrafadas, Base Em Madeira, Tema: An, Tamanho:5 X 5 /30 X 23 CM, Cor:Multicolorido;Unidade;8.0;110.0;880.0;1;Em andamento;Não se aplica;madeira_construcao;produto;construcao;baixa;;;;;;
45138070000149-1-000807/2026;9;3546603;Santa Fé do Sul;1;2026;42;6;Pregão - Eletrônico;0;1;Divulgada no PNCP;0;REGISTRO DE PREÇOS para futura e eventual aquisição de materiais recreativos, jogos educativos e brinquedos, destinados ao atendimento das necessidades das Secretarias do Município de Santa Fé do Sul/SP, pelo período de 12 (doze) meses, com fornecimento de forma parcelada, conforme a demanda, observadas as condições, quantidades e exigências estabelecidas no Edital e em seus anexos.;2026-09-02T11:16:04;2026-09-21T08:00:00;https://cnetmobile.estaleiro.serpro.gov.br/comprasnet-web/public/compras/acompanhamento-compra?compra=98703305000422026;MUNICIPIO DE SANTA FE DO SUL;Jogo / Brinquedo Pedagógico Jogo / Brinquedo Pedagógico, Tipo:Quebra-Cabeça, Material:Mdf, Quantidade:20 Peças, Caracteristicas Adicionais:Pintadas E Serigrafadas, Base Em Madeira, Tema: An, Tamanho:5 X 5 /30 X 23 CM, Cor:Multicolorido;Unidade;10.0;48.12;481.2;1;Em andamento;Não se aplica;madeira_construcao;produto;construcao;baixa;;;;;;
45138070000149-1-000807/2026;10;3546603;Santa Fé do Sul;1;2026;42;6;Pregão - Eletrônico;0;1;Divulgada no PNCP;0;REGISTRO DE PREÇOS para futura e eventual aquisição de materiais recreativos, jogos educativos e brinquedos, destinados ao atendimento das necessidades das Secretarias do Município de Santa Fé do Sul/SP, pelo período de 12 (doze) meses, com fornecimento de forma parcelada, conforme a demanda, observadas as condições, quantidades e exigências estabelecidas no Edital e em seus anexos.;2026-09-02T11:16:04;2026-09-21T08:00:00;https://cnetmobile.estaleiro.serpro.gov.br/comprasnet-web/public/compras/acompanhamento-compra?compra=98703305000422026;MUNICIPIO DE SANTA FE DO SUL;Jogo / Brinquedo Pedagógico Jogo / Brinquedo Pedagógico, Tipo:Quebra-Cabeça, Material:Mdf, Quantidade:20 Peças, Caracteristicas Adicionais:Pintadas E Serigrafadas, Base Em Madeira, Tema: An, Tamanho:5 X 5 /30 X 23 CM, Cor:Multicolorido;Unidade;7.0;42.1;294.7;1;Em andamento;Não se aplica;madeira_construcao;produto;construcao;baixa;;;;;;
45138070000149-1-000808/2026;1;3546603;Santa Fé do Sul;1;2026;44;6;Pregão - Eletrônico;0;0;Divulgada no PNCP;0;Registro de Preços para a eventual e futura contratação de empresa especializada na prestação de Serviços de Acolhimento Institucional (Casa Lar) – Cuidador Social, de forma contínua e ininterrupta (24 horas diárias), pelo período de 12 (doze) meses, a fim de atender às demandas da Secretaria Municipal de Assistência Social do Município de Santa Fé do Sul/SP, conforme especificações, condições e quantitativos constantes no Edital e seus anexos.;2026-09-02T15:28:00;2026-09-18T09:00:00;https://bllcompras.com/Process/ProcessView?param1=[gkz]/CmfpGhytjQ86nEur6pI0vxA1RabGATCTXzld4gfF6AbTpiSSmM4bMLVDnfjQ5cLn2dn4G4Brm43OZiEQl039/968_HFwLH4kw9VmdoGfTw=;MUNICIPIO DE SANTA FE DO SUL;CUIDADOR SOCIALCUIDADOR SOCIAL - PRESTAR SERVICO ININTERRUPTO-  para o Servico de Acolhimento Institucional - Casa Lar.;HORA;52560.0;21.95;1153692.0;1;Em andamento;Sem benefício;nao_classificado;indefinido;indefinido;baixa;;;;;;
45138070000149-1-000838/2026;1;3546603;Santa Fé do Sul;1;2026;122;6;Pregão - Eletrônico;0;0;Divulgada no PNCP;0;Visa-se a contratação de empresas para realização de diversas Oficinas para o CRAS, CREAS, Centro Dia, Casa da Juventude, Casa da Mulher Paulista e Projeto Renascer, de acordo com a demanda da Secretaria Municipal de Assistência Social, por tempo determinado, conforme condições, quantidades e exigências estabelecidas no Edital e seus anexos.;2026-09-14T09:35:27;2026-09-30T08:00:00;https://cnetmobile.estaleiro.serpro.gov.br/comprasnet-web/public/compras/acompanhamento-compra?compra=98703305001222026;MUNICIPIO DE SANTA FE DO SUL;Artes Plásticas - Confecção de Objetos Artes Plásticas - Confecção de Objetos;UNIDADE;1.0;2273.33;2273.33;1;Em andamento;Não se aplica;textil_uniforme;produto;vestuario;media;;;;;;
45138070000149-1-000838/2026;2;3546603;Santa Fé do Sul;1;2026;122;6;Pregão - Eletrônico;0;0;Divulgada no PNCP;0;Visa-se a contratação de empresas para realização de diversas Oficinas para o CRAS, CREAS, Centro Dia, Casa da Juventude, Casa da Mulher Paulista e Projeto Renascer, de acordo com a demanda da Secretaria Municipal de Assistência Social, por tempo determinado, conforme condições, quantidades e exigências estabelecidas no Edital e seus anexos.;2026-09-14T09:35:27;2026-09-30T08:00:00;https://cnetmobile.estaleiro.serpro.gov.br/comprasnet-web/public/compras/acompanhamento-compra?compra=98703305001222026;MUNICIPIO DE SANTA FE DO SUL;Artes Plásticas - Confecção de Objetos Artes Plásticas - Confecção de Objetos;UNIDADE;1.0;2280.0;2280.0;1;Em andamento;Não se aplica;textil_uniforme;produto;vestuario;media;;;;;;
45138070000149-1-000838/2026;3;3546603;Santa Fé do Sul;1;2026;122;6;Pregão - Eletrônico;0;0;Divulgada no PNCP;0;Visa-se a contratação de empresas para realização de diversas Oficinas para o CRAS, CREAS, Centro Dia, Casa da Juventude, Casa da Mulher Paulista e Projeto Renascer, de acordo com a demanda da Secretaria Municipal de Assistência Social, por tempo determinado, conforme condições, quantidades e exigências estabelecidas no Edital e seus anexos.;2026-09-14T09:35:27;2026-09-30T08:00:00;https://cnetmobile.estaleiro.serpro.gov.br/comprasnet-web/public/compras/acompanhamento-compra?compra=98703305001222026;MUNICIPIO DE SANTA FE DO SUL;Artes Plásticas - Confecção de Objetos Artes Plásticas - Confecção de Objetos;UNIDADE;1.0;2187.83;2187.83;1;Em andamento;Não se aplica;textil_uniforme;produto;vestuario;media;;;;;;
45138070000149-1-000838/2026;4;3546603;Santa Fé do Sul;1;2026;122;6;Pregão - Eletrônico;0;0;Divulgada no PNCP;0;Visa-se a contratação de empresas para realização de diversas Oficinas para o CRAS, CREAS, Centro Dia, Casa da Juventude, Casa da Mulher Paulista e Projeto Renascer, de acordo com a demanda da Secretaria Municipal de Assistência Social, por tempo determinado, conforme condições, quantidades e exigências estabelecidas no Edital e seus anexos.;2026-09-14T09:35:27;2026-09-30T08:00:00;https://cnetmobile.estaleiro.serpro.gov.br/comprasnet-web/public/compras/acompanhamento-compra?compra=98703305001222026;MUNICIPIO DE SANTA FE DO SUL;Artes Plásticas - Confecção de Objetos Artes Plásticas - Confecção de Objetos;UNIDADE;1.0;2519.83;2519.83;1;Em andamento;Não se aplica;textil_uniforme;produto;vestuario;media;;;;;;
45138070000149-1-000838/2026;5;3546603;Santa Fé do Sul;1;2026;122;6;Pregão - Eletrônico;0;0;Divulgada no PNCP;0;Visa-se a contratação de empresas para realização de diversas Oficinas para o CRAS, CREAS, Centro Dia, Casa da Juventude, Casa da Mulher Paulista e Projeto Renascer, de acordo com a demanda da Secretaria Municipal de Assistência Social, por tempo determinado, conforme condições, quantidades e exigências estabelecidas no Edital e seus anexos.;2026-09-14T09:35:27;2026-09-30T08:00:00;https://cnetmobile.estaleiro.serpro.gov.br/comprasnet-web/public/compras/acompanhamento-compra?compra=98703305001222026;MUNICIPIO DE SANTA FE DO SUL;Apresentação Artística / Musical / Canto / Coral Apresentação Artística / Musical / Canto / Coral;UNIDADE;42.0;181.39;7618.38;1;Em andamento;Não se aplica;nao_classificado;indefinido;indefinido;baixa;;;;;;
45138070000149-1-000838/2026;6;3546603;Santa Fé do Sul;1;2026;122;6;Pregão - Eletrônico;0;0;Divulgada no PNCP;0;Visa-se a contratação de empresas para realização de diversas Oficinas para o CRAS, CREAS, Centro Dia, Casa da Juventude, Casa da Mulher Paulista e Projeto Renascer, de acordo com a demanda da Secretaria Municipal de Assistência Social, por tempo determinado, conforme condições, quantidades e exigências estabelecidas no Edital e seus anexos.;2026-09-14T09:35:27;2026-09-30T08:00:00;https://cnetmobile.estaleiro.serpro.gov.br/comprasnet-web/public/compras/acompanhamento-compra?compra=98703305001222026;MUNICIPIO DE SANTA FE DO SUL;Orientação / Educação - Atividade Física Orientação / Educação - Atividade Física;HOMEM/HORA;43.0;129.58;5571.94;1;Em andamento;Não se aplica;nao_classificado;indefinido;indefinido;baixa;;;;;;
45138070000149-1-000838/2026;7;3546603;Santa Fé do Sul;1;2026;122;6;Pregão - Eletrônico;0;0;Divulgada no PNCP;0;Visa-se a contratação de empresas para realização de diversas Oficinas para o CRAS, CREAS, Centro Dia, Casa da Juventude, Casa da Mulher Paulista e Projeto Renascer, de acordo com a demanda da Secretaria Municipal de Assistência Social, por tempo determinado, conforme condições, quantidades e exigências estabelecidas no Edital e seus anexos.;2026-09-14T09:35:27;2026-09-30T08:00:00;https://cnetmobile.estaleiro.serpro.gov.br/comprasnet-web/public/compras/acompanhamento-compra?compra=98703305001222026;MUNICIPIO DE SANTA FE DO SUL;Serviço Fotográfico Serviço Fotográfico;UNIDADE;20.0;242.77;4855.4;1;Em andamento;Não se aplica;nao_classificado;indefinido;indefinido;baixa;;;;;;
45138070000149-1-000838/2026;8;3546603;Santa Fé do Sul;1;2026;122;6;Pregão - Eletrônico;0;0;Divulgada no PNCP;0;Visa-se a contratação de empresas para realização de diversas Oficinas para o CRAS, CREAS, Centro Dia, Casa da Juventude, Casa da Mulher Paulista e Projeto Renascer, de acordo com a demanda da Secretaria Municipal de Assistência Social, por tempo determinado, conforme condições, quantidades e exigências estabelecidas no Edital e seus anexos.;2026-09-14T09:35:27;2026-09-30T08:00:00;https://cnetmobile.estaleiro.serpro.gov.br/comprasnet-web/public/compras/acompanhamento-compra?compra=98703305001222026;MUNICIPIO DE SANTA FE DO SUL;Curso Teatro / Teledramaturgia / Cinema Curso Teatro / Teledramaturgia / Cinema;UNIDADE;80.0;110.7;8856.0;1;Em andamento;Não se aplica;nao_classificado;indefinido;indefinido;baixa;;;;;;
45138070000149-1-000838/2026;9;3546603;Santa Fé do Sul;1;2026;122;6;Pregão - Eletrônico;0;0;Divulgada no PNCP;0;Visa-se a contratação de empresas para realização de diversas Oficinas para o CRAS, CREAS, Centro Dia, Casa da Juventude, Casa da Mulher Paulista e Projeto Renascer, de acordo com a demanda da Secretaria Municipal de Assistência Social, por tempo determinado, conforme condições, quantidades e exigências estabelecidas no Edital e seus anexos.;2026-09-14T09:35:27;2026-09-30T08:00:00;https://cnetmobile.estaleiro.serpro.gov.br/comprasnet-web/public/compras/acompanhamento-compra?compra=98703305001222026;MUNICIPIO DE SANTA FE DO SUL;Treinamento - Área Artística Treinamento - Área Artística;UNIDADE;78.0;196.67;15340.26;1;Em andamento;Não se aplica;servico_capacitacao_saude;servico;saude;alta;;;;;;
45138070000149-1-000838/2026;10;3546603;Santa Fé do Sul;1;2026;122;6;Pregão - Eletrônico;0;0;Divulgada no PNCP;0;Visa-se a contratação de empresas para realização de diversas Oficinas para o CRAS, CREAS, Centro Dia, Casa da Juventude, Casa da Mulher Paulista e Projeto Renascer, de acordo com a demanda da Secretaria Municipal de Assistência Social, por tempo determinado, conforme condições, quantidades e exigências estabelecidas no Edital e seus anexos.;2026-09-14T09:35:27;2026-09-30T08:00:00;https://cnetmobile.estaleiro.serpro.gov.br/comprasnet-web/public/compras/acompanhamento-compra?compra=98703305001222026;MUNICIPIO DE SANTA FE DO SUL;Orientação / Educação - Atividade Física Orientação / Educação - Atividade Física;HOMEM/HORA;45.0;130.42;5868.9;1;Em andamento;Não se aplica;nao_classificado;indefinido;indefinido;baixa;;;;;;
45138070000149-1-000853/2026;1;3546603;Santa Fé do Sul;1;2026;123;6;Pregão - Eletrônico;0;0;Divulgada no PNCP;0;Visa-se a aquisição de materiais permanentes, compreendendo mobiliários, equipamentos de processamento de dados e demais equipamentos destinados à estruturação e ao pleno funcionamento da nova Unidade Básica de Saúde (UBS), ESF Village Drº Flávio Guimarães, no Município de Santa Fé do Sul/SP, conforme condições e exigências estabelecidas no Edital e seus anexos.;2026-09-17T10:00:29;2026-09-30T08:00:00;https://cnetmobile.estaleiro.serpro.gov.br/comprasnet-web/public/compras/acompanhamento-compra?compra=98703305001232026;MUNICIPIO DE SANTA FE DO SUL;Armário Aço Armário Aço, Acabamento Superficial:Pintura Lisa, Cor:Cinza Esmalte, Quantidade Portas:2 UN, Tipo Fixação Portas:Com Dobradiças, Quantidade Prateleiras:4 UN, Altura:1,98 M, Largura:0,90 M, Profundidade:0,45 M, Características Adicionais:Desmontável, Prateleiras Reguláveis E Removíveis., Tratamento Superficial:Antiferrugem, Característica Portas:Com Chave E Puxador 2 PORTAS;Unidade;10.0;1937.2;19372.0;1;Em andamento;Não se aplica;racao_agropecuaria;produto;agropecuaria;baixa;;;;;;
45138070000149-1-000853/2026;2;3546603;Santa Fé do Sul;1;2026;123;6;Pregão - Eletrônico;0;0;Divulgada no PNCP;0;Visa-se a aquisição de materiais permanentes, compreendendo mobiliários, equipamentos de processamento de dados e demais equipamentos destinados à estruturação e ao pleno funcionamento da nova Unidade Básica de Saúde (UBS), ESF Village Drº Flávio Guimarães, no Município de Santa Fé do Sul/SP, conforme condições e exigências estabelecidas no Edital e seus anexos.;2026-09-17T10:00:29;2026-09-30T08:00:00;https://cnetmobile.estaleiro.serpro.gov.br/comprasnet-web/public/compras/acompanhamento-compra?compra=98703305001232026;MUNICIPIO DE SANTA FE DO SUL;Cadeira Escritório Cadeira Escritório, Material Estrutura:Aço, Material Revestimento Assento E Encosto:Tecido Alta Resistência, Material Encosto:Tela 100% Poliéster, Material Assento:Espuma Laminada, Tratamento Superficial Estrutura:Pintura Em Epóxi, Tipo Base:Giratória Com 5 Rodízios Duplos, Tipo Encosto:Regulável, Apoio Braço:Com Braços Reguláveis, Cor:Preta, Características Adicionais:Pistão Reforçado Classe 4, Cor Estrutura:Preta, Quantidade Pés:5 UN, Dimensões Assento:54 X 55 CM, Dimensões Encosto:65 X 51 CM EXECUTIVAS, NA COR PRETO;Unidade;9.0;641.35;5772.15;1;Em andamento;Não se aplica;textil_uniforme;produto;vestuario;media;;;;;;
45138070000149-1-000853/2026;3;3546603;Santa Fé do Sul;1;2026;123;6;Pregão - Eletrônico;0;0;Divulgada no PNCP;0;Visa-se a aquisição de materiais permanentes, compreendendo mobiliários, equipamentos de processamento de dados e demais equipamentos destinados à estruturação e ao pleno funcionamento da nova Unidade Básica de Saúde (UBS), ESF Village Drº Flávio Guimarães, no Município de Santa Fé do Sul/SP, conforme condições e exigências estabelecidas no Edital e seus anexos.;2026-09-17T10:00:29;2026-09-30T08:00:00;https://cnetmobile.estaleiro.serpro.gov.br/comprasnet-web/public/compras/acompanhamento-compra?compra=98703305001232026;MUNICIPIO DE SANTA FE DO SUL;Mesa Reunião Retangular Mesa Reunião Retangular, Material:Madeira Mdf, Comprimento:2 M, Largura:1,00 M, Altura:0,75 M, Revestimento:Laminado Melamínico Baixa Pressão, Material Face Superior:Laminado Melamínico, Tipo Bordas:Arredondadas, Tipo Estrutura:Madeira, Material Borda Lateral:Pvc, Características Adicionais:Calha Metálica Para Fiação. Sapatas Niveladoras, Espessura Tampo:25 MM, Material Tampo:Mdf GRANDE 2,20X0,90M;Unidade;1.0;1749.6;1749.6;1;Em andamento;Não se aplica;madeira_construcao;produto;construcao;baixa;;;;;;
45138070000149-1-000853/2026;4;3546603;Santa Fé do Sul;1;2026;123;6;Pregão - Eletrônico;0;0;Divulgada no PNCP;0;Visa-se a aquisição de materiais permanentes, compreendendo mobiliários, equipamentos de processamento de dados e demais equipamentos destinados à estruturação e ao pleno funcionamento da nova Unidade Básica de Saúde (UBS), ESF Village Drº Flávio Guimarães, no Município de Santa Fé do Sul/SP, conforme condições e exigências estabelecidas no Edital e seus anexos.;2026-09-17T10:00:29;2026-09-30T08:00:00;https://cnetmobile.estaleiro.serpro.gov.br/comprasnet-web/public/compras/acompanhamento-compra?compra=98703305001232026;MUNICIPIO DE SANTA FE DO SUL;Fogão Gás Fogão Gás, Material:Chapa Aço, Aplicação:Doméstica, Tipo Fogão:Convencional, Quantidade Bocas:4 UN, Características Adicionais:Mesa Em Inox, Forno Auto-Limpante, Tampo De Vidro, Voltagem:110/220 V, Cor:Branca 4 BOCAS,;Unidade;1.0;1356.25;1356.25;1;Em andamento;Não se aplica;racao_agropecuaria;produto;agropecuaria;baixa;;;;;;
45138070000149-1-000853/2026;5;3546603;Santa Fé do Sul;1;2026;123;6;Pregão - Eletrônico;0;0;Divulgada no PNCP;0;Visa-se a aquisição de materiais permanentes, compreendendo mobiliários, equipamentos de processamento de dados e demais equipamentos destinados à estruturação e ao pleno funcionamento da nova Unidade Básica de Saúde (UBS), ESF Village Drº Flávio Guimarães, no Município de Santa Fé do Sul/SP, conforme condições e exigências estabelecidas no Edital e seus anexos.;2026-09-17T10:00:29;2026-09-30T08:00:00;https://cnetmobile.estaleiro.serpro.gov.br/comprasnet-web/public/compras/acompanhamento-compra?compra=98703305001232026;MUNICIPIO DE SANTA FE DO SUL;Refrigerador Duplex Refrigerador Duplex, Capacidade Refrigeração:360 L, Capacidade Congelador:70 L, Altura:170 CM, Largura:62 CM, Profundidade:69,50 CM, Tipo Portas:Reversíveis, Sistema Degelo:Automático, Cor:Branca, Tensão Alimentação:220 V, Características Adicionais:Prateleiras Deslizantes VERTICAL 390 LITROS;Unidade;1.0;3379.0;3379.0;1;Em andamento;Não se aplica;racao_agropecuaria;produto;agropecuaria;baixa;;;;;;
45138070000149-1-000853/2026;6;3546603;Santa Fé do Sul;1;2026;123;6;Pregão - Eletrônico;0;0;Divulgada no PNCP;0;Visa-se a aquisição de materiais permanentes, compreendendo mobiliários, equipamentos de processamento de dados e demais equipamentos destinados à estruturação e ao pleno funcionamento da nova Unidade Básica de Saúde (UBS), ESF Village Drº Flávio Guimarães, no Município de Santa Fé do Sul/SP, conforme condições e exigências estabelecidas no Edital e seus anexos.;2026-09-17T10:00:29;2026-09-30T08:00:00;https://cnetmobile.estaleiro.serpro.gov.br/comprasnet-web/public/compras/acompanhamento-compra?compra=98703305001232026;MUNICIPIO DE SANTA FE DO SUL;Bebedouro Água Bebedouro Água, Tipo:Industrial, Características Adicionais:2 Saídas Uma P/ Água Gelada E Uma P/ Água Natural, Voltagem:127 V, Material Gabinete:Aço Inoxidável, Capacidade Água:25 L PURIFICADOR  DE COLUNA, EM AÇO INOX;Unidade;2.0;1744.42;3488.84;1;Em andamento;Não se aplica;racao_agropecuaria;produto;agropecuaria;baixa;;;;;;
45138070000149-1-000853/2026;7;3546603;Santa Fé do Sul;1;2026;123;6;Pregão - Eletrônico;0;0;Divulgada no PNCP;0;Visa-se a aquisição de materiais permanentes, compreendendo mobiliários, equipamentos de processamento de dados e demais equipamentos destinados à estruturação e ao pleno funcionamento da nova Unidade Básica de Saúde (UBS), ESF Village Drº Flávio Guimarães, no Município de Santa Fé do Sul/SP, conforme condições e exigências estabelecidas no Edital e seus anexos.;2026-09-17T10:00:29;2026-09-30T08:00:00;https://cnetmobile.estaleiro.serpro.gov.br/comprasnet-web/public/compras/acompanhamento-compra?compra=98703305001232026;MUNICIPIO DE SANTA FE DO SUL;Divã Clínico Divã Clínico, Material Estrutura:Estrutura Tubular Aço Inox, Comprimento:1,80 M, Largura:0,70 CM, Altura:0,80 CM, Material Estofamento:Espuma Densidade 28, Revestimento:Revestido Em Courvin, Acessórios:Com Suporte De Lençol, Soro E Cilindro De Oxigênio, Característica Adicional:Pés Com Sapatas De Borracha ADULTO;Unidade;4.0;1358.39;5433.56;1;Em andamento;Não se aplica;racao_agropecuaria;produto;agropecuaria;baixa;;;;;;
45138070000149-1-000853/2026;8;3546603;Santa Fé do Sul;1;2026;123;6;Pregão - Eletrônico;0;0;Divulgada no PNCP;0;Visa-se a aquisição de materiais permanentes, compreendendo mobiliários, equipamentos de processamento de dados e demais equipamentos destinados à estruturação e ao pleno funcionamento da nova Unidade Básica de Saúde (UBS), ESF Village Drº Flávio Guimarães, no Município de Santa Fé do Sul/SP, conforme condições e exigências estabelecidas no Edital e seus anexos.;2026-09-17T10:00:29;2026-09-30T08:00:00;https://cnetmobile.estaleiro.serpro.gov.br/comprasnet-web/public/compras/acompanhamento-compra?compra=98703305001232026;MUNICIPIO DE SANTA FE DO SUL;Foco Foco, Tipo:Cirúrgico Auxiliar, Portátil, Cúpula:1 Cúpula, Lâmpada / Vida Útil:Led Mín 50.000 H, Luminosidade:Cerca De 160.000 Lux, Articulação:Cúpula E Braço Articuláveis, Estrutura 1:Haste Rígida Metálica, C/ Pintura Epóxi, Rodizios:Base Metálica E Plástica, C/ Rodízios, Adicional 1:C/ Ajuste Sombra, Diâmetro Luz E Dimmer, Adicional 3:C/ Bateria GINECOLÓGICO;Unidade;1.0;784.73;784.73;1;Em andamento;Não se aplica;racao_agropecuaria;produto;agropecuaria;baixa;;;;;;
45138070000149-1-000853/2026;9;3546603;Santa Fé do Sul;1;2026;123;6;Pregão - Eletrônico;0;0;Divulgada no PNCP;0;Visa-se a aquisição de materiais permanentes, compreendendo mobiliários, equipamentos de processamento de dados e demais equipamentos destinados à estruturação e ao pleno funcionamento da nova Unidade Básica de Saúde (UBS), ESF Village Drº Flávio Guimarães, no Município de Santa Fé do Sul/SP, conforme condições e exigências estabelecidas no Edital e seus anexos.;2026-09-17T10:00:29;2026-09-30T08:00:00;https://cnetmobile.estaleiro.serpro.gov.br/comprasnet-web/public/compras/acompanhamento-compra?compra=98703305001232026;MUNICIPIO DE SANTA FE DO SUL;Banco Giratório Banco Giratório, Material:Aço Inoxidável, Tipo De Assento:Assento Giratório E Altura Regulável, Acabamento Do Assento:Estofado, Revestido Em Courvim, Diâmetro:Cerca De 40 Cm De Diâmetro, Tipo De Pés:Pés Com 5 Rodízios, Acabamento Dos Rodízios:Termoplástica GIRATÓRIA;Unidade;3.0;486.81;1460.43;1;Em andamento;Não se aplica;racao_agropecuaria;produto;agropecuaria;baixa;;;;;;
45138070000149-1-000853/2026;10;3546603;Santa Fé do Sul;1;2026;123;6;Pregão - Eletrônico;0;0;Divulgada no PNCP;0;Visa-se a aquisição de materiais permanentes, compreendendo mobiliários, equipamentos de processamento de dados e demais equipamentos destinados à estruturação e ao pleno funcionamento da nova Unidade Básica de Saúde (UBS), ESF Village Drº Flávio Guimarães, no Município de Santa Fé do Sul/SP, conforme condições e exigências estabelecidas no Edital e seus anexos.;2026-09-17T10:00:29;2026-09-30T08:00:00;https://cnetmobile.estaleiro.serpro.gov.br/comprasnet-web/public/compras/acompanhamento-compra?compra=98703305001232026;MUNICIPIO DE SANTA FE DO SUL;"Carro Aço Inox Para Curativo Carro Aço Inox Para Curativo, Tipo Estrutura:Estrutura Tubular E Tampos Em Aço Inox, Tipo Rodízio:Rodízios De 2"", Com Freios, Acessórios:Com Balde E Bacia Acoplados, Medida:73x41x76 Cm CM, Outros Componentes:Compartimento Para Utensílio CURATIVO";Unidade;1.0;1243.46;1243.46;1;Em andamento;Não se aplica;material_medico_hospitalar;produto;saude;media;;;;;;
47527288000110-1-000004/2026;1;3546603;Santa Fé do Sul;1;2026;1;5;Concorrência - Presencial;1;0;Divulgada no PNCP;0;objetiva empreitada global, do tipo técnica e preço, para a contratação de agência de publicidade para prestação de serviços de consultoria, planejamento, comunicação social, publicidade, propaganda e marketing, visando atender às necessidades da instituição, no regime de empreitada global, de acordo com o que determina a Lei Federal nº. 12.232/10, Lei Federal nº. 8.666/93, a Lei Federal nº. 4.680/65, e as Normas Padrão da Atividade Publicitária, sob orientação do CENP, em seu texto vigente na presente data e as cláusulas do Edital;2026-09-28T08:30:35;2026-11-12T09:00:00;http://transparencia.funecsantafe.edu.br/comprasedital;FUNDACAO MUNICIPAL DE EDUCACAO E CULTURA - FUNEC;CONTRATAÇÃO DE AGÊNCIA DE PROPAGANDA PARA PRESTAÇÃO DE SERVIÇOS INTEGRADOS DE CONSULTORIA, PLANEJAMENTO, CONCEITUAÇÃO, CONCEPÇÃO, CRIAÇÃO, EXECUÇÃO INTERNA, INTERMEDIAÇÃO, SUPERVISÃO DA EXECUÇÃO EXTERNA, DISTRIBUIÇÃO DE PUBLICIDADE AOS VEÍCULOS E DEMAIS MEIOS DE DIVULGAÇÃO, COM O OBJETIVO DE PROMOVER, DIVULGAR A INSTITUIÇÃO;SERVIÇOS;1.0;1100000.0;1100000.0;1;Em andamento;Não se aplica;nao_classificado;indefinido;indefinido;baixa;;;;;;
01611211000123-1-000046/2026;1;3547650;Santa Salete;0;2026;19;6;Pregão - Eletrônico;0;0;Divulgada no PNCP;0;CONTRATAÇÃO DE EMPRESA ESPECIALIZADA PARA O FORNECIMENTO DE EQUIPAMENTOS, MATERIAIS E BENS PERMANENTES DESTINADOS À IMPLANTAÇÃO DE SALA SENSORIAL NA SECRETARIA MUNICIPAL DE EDUCAÇÃO DE SANTA SALETE/SP, VISANDO AO ATENDIMENTO DE CRIANÇAS E ADOLESCENTES COM DEFICIÊNCIA E/OU NECESSIDADES ESPECÍFICAS, COM RECURSOS PROVENIENTES DO TERMO DE CONVÊNIO Nº 34/2026, PROCESSO DE DEMANDA Nº SDPCD-PRC-2026-00030-DM, CELEBRADO ENTRE A SECRETARIA DE ESTADO DOS DIREITOS DA PESSOA COM DEFICIÊNCIA DO GOVERNO DO ESTADO DE SÃO PAULO E O MUNICÍPIO DE SANTA SALETE/SP;2026-08-18T15:06:25;2026-09-01T08:30:00;;MUNICIPIO DE SANTA SALETE;1010100004 BARRIL TUBAO;UN;1.0;2473.9;2473.9;1;Em andamento;Não se aplica;madeira_construcao;produto;construcao;baixa;;;;;;
01611211000123-1-000046/2026;2;3547650;Santa Salete;0;2026;19;6;Pregão - Eletrônico;0;0;Divulgada no PNCP;0;CONTRATAÇÃO DE EMPRESA ESPECIALIZADA PARA O FORNECIMENTO DE EQUIPAMENTOS, MATERIAIS E BENS PERMANENTES DESTINADOS À IMPLANTAÇÃO DE SALA SENSORIAL NA SECRETARIA MUNICIPAL DE EDUCAÇÃO DE SANTA SALETE/SP, VISANDO AO ATENDIMENTO DE CRIANÇAS E ADOLESCENTES COM DEFICIÊNCIA E/OU NECESSIDADES ESPECÍFICAS, COM RECURSOS PROVENIENTES DO TERMO DE CONVÊNIO Nº 34/2026, PROCESSO DE DEMANDA Nº SDPCD-PRC-2026-00030-DM, CELEBRADO ENTRE A SECRETARIA DE ESTADO DOS DIREITOS DA PESSOA COM DEFICIÊNCIA DO GOVERNO DO ESTADO DE SÃO PAULO E O MUNICÍPIO DE SANTA SALETE/SP;2026-08-18T15:06:25;2026-09-01T08:30:00;;MUNICIPIO DE SANTA SALETE;1010100036 COLCHONETE ECO;UN;1.0;539.27;539.27;1;Em andamento;Não se aplica;madeira_construcao;produto;construcao;baixa;;;;;;
01611211000123-1-000046/2026;3;3547650;Santa Salete;0;2026;19;6;Pregão - Eletrônico;0;0;Divulgada no PNCP;0;CONTRATAÇÃO DE EMPRESA ESPECIALIZADA PARA O FORNECIMENTO DE EQUIPAMENTOS, MATERIAIS E BENS PERMANENTES DESTINADOS À IMPLANTAÇÃO DE SALA SENSORIAL NA SECRETARIA MUNICIPAL DE EDUCAÇÃO DE SANTA SALETE/SP, VISANDO AO ATENDIMENTO DE CRIANÇAS E ADOLESCENTES COM DEFICIÊNCIA E/OU NECESSIDADES ESPECÍFICAS, COM RECURSOS PROVENIENTES DO TERMO DE CONVÊNIO Nº 34/2026, PROCESSO DE DEMANDA Nº SDPCD-PRC-2026-00030-DM, CELEBRADO ENTRE A SECRETARIA DE ESTADO DOS DIREITOS DA PESSOA COM DEFICIÊNCIA DO GOVERNO DO ESTADO DE SÃO PAULO E O MUNICÍPIO DE SANTA SALETE/SP;2026-08-18T15:06:25;2026-09-01T08:30:00;;MUNICIPIO DE SANTA SALETE;1010100044 KIT PLAY CASINHA;UN;1.0;13881.53;13881.53;1;Em andamento;Não se aplica;madeira_construcao;produto;construcao;baixa;;;;;;
01611211000123-1-000046/2026;4;3547650;Santa Salete;0;2026;19;6;Pregão - Eletrônico;0;0;Divulgada no PNCP;0;CONTRATAÇÃO DE EMPRESA ESPECIALIZADA PARA O FORNECIMENTO DE EQUIPAMENTOS, MATERIAIS E BENS PERMANENTES DESTINADOS À IMPLANTAÇÃO DE SALA SENSORIAL NA SECRETARIA MUNICIPAL DE EDUCAÇÃO DE SANTA SALETE/SP, VISANDO AO ATENDIMENTO DE CRIANÇAS E ADOLESCENTES COM DEFICIÊNCIA E/OU NECESSIDADES ESPECÍFICAS, COM RECURSOS PROVENIENTES DO TERMO DE CONVÊNIO Nº 34/2026, PROCESSO DE DEMANDA Nº SDPCD-PRC-2026-00030-DM, CELEBRADO ENTRE A SECRETARIA DE ESTADO DOS DIREITOS DA PESSOA COM DEFICIÊNCIA DO GOVERNO DO ESTADO DE SÃO PAULO E O MUNICÍPIO DE SANTA SALETE/SP;2026-08-18T15:06:25;2026-09-01T08:30:00;;MUNICIPIO DE SANTA SALETE;1010100049 PISCINA LED;UN;1.0;7598.73;7598.73;1;Em andamento;Não se aplica;madeira_construcao;produto;construcao;baixa;;;;;;
01611211000123-1-000046/2026;5;3547650;Santa Salete;0;2026;19;6;Pregão - Eletrônico;0;0;Divulgada no PNCP;0;CONTRATAÇÃO DE EMPRESA ESPECIALIZADA PARA O FORNECIMENTO DE EQUIPAMENTOS, MATERIAIS E BENS PERMANENTES DESTINADOS À IMPLANTAÇÃO DE SALA SENSORIAL NA SECRETARIA MUNICIPAL DE EDUCAÇÃO DE SANTA SALETE/SP, VISANDO AO ATENDIMENTO DE CRIANÇAS E ADOLESCENTES COM DEFICIÊNCIA E/OU NECESSIDADES ESPECÍFICAS, COM RECURSOS PROVENIENTES DO TERMO DE CONVÊNIO Nº 34/2026, PROCESSO DE DEMANDA Nº SDPCD-PRC-2026-00030-DM, CELEBRADO ENTRE A SECRETARIA DE ESTADO DOS DIREITOS DA PESSOA COM DEFICIÊNCIA DO GOVERNO DO ESTADO DE SÃO PAULO E O MUNICÍPIO DE SANTA SALETE/SP;2026-08-18T15:06:25;2026-09-01T08:30:00;;MUNICIPIO DE SANTA SALETE;1010100063 PISA FOFO;UN;1.0;1013.63;1013.63;1;Em andamento;Não se aplica;madeira_construcao;produto;construcao;baixa;;;;;;
01611211000123-1-000046/2026;6;3547650;Santa Salete;0;2026;19;6;Pregão - Eletrônico;0;0;Divulgada no PNCP;0;CONTRATAÇÃO DE EMPRESA ESPECIALIZADA PARA O FORNECIMENTO DE EQUIPAMENTOS, MATERIAIS E BENS PERMANENTES DESTINADOS À IMPLANTAÇÃO DE SALA SENSORIAL NA SECRETARIA MUNICIPAL DE EDUCAÇÃO DE SANTA SALETE/SP, VISANDO AO ATENDIMENTO DE CRIANÇAS E ADOLESCENTES COM DEFICIÊNCIA E/OU NECESSIDADES ESPECÍFICAS, COM RECURSOS PROVENIENTES DO TERMO DE CONVÊNIO Nº 34/2026, PROCESSO DE DEMANDA Nº SDPCD-PRC-2026-00030-DM, CELEBRADO ENTRE A SECRETARIA DE ESTADO DOS DIREITOS DA PESSOA COM DEFICIÊNCIA DO GOVERNO DO ESTADO DE SÃO PAULO E O MUNICÍPIO DE SANTA SALETE/SP;2026-08-18T15:06:25;2026-09-01T08:30:00;;MUNICIPIO DE SANTA SALETE;1010100090 ESCORREGADOR DE ROLOS;UN;1.0;4992.9;4992.9;1;Em andamento;Não se aplica;madeira_construcao;produto;construcao;baixa;;;;;;
01611211000123-1-000046/2026;7;3547650;Santa Salete;0;2026;19;6;Pregão - Eletrônico;0;0;Divulgada no PNCP;0;CONTRATAÇÃO DE EMPRESA ESPECIALIZADA PARA O FORNECIMENTO DE EQUIPAMENTOS, MATERIAIS E BENS PERMANENTES DESTINADOS À IMPLANTAÇÃO DE SALA SENSORIAL NA SECRETARIA MUNICIPAL DE EDUCAÇÃO DE SANTA SALETE/SP, VISANDO AO ATENDIMENTO DE CRIANÇAS E ADOLESCENTES COM DEFICIÊNCIA E/OU NECESSIDADES ESPECÍFICAS, COM RECURSOS PROVENIENTES DO TERMO DE CONVÊNIO Nº 34/2026, PROCESSO DE DEMANDA Nº SDPCD-PRC-2026-00030-DM, CELEBRADO ENTRE A SECRETARIA DE ESTADO DOS DIREITOS DA PESSOA COM DEFICIÊNCIA DO GOVERNO DO ESTADO DE SÃO PAULO E O MUNICÍPIO DE SANTA SALETE/SP;2026-08-18T15:06:25;2026-09-01T08:30:00;;MUNICIPIO DE SANTA SALETE;1010100094 CONJUNTO DE BANCOS;UN;1.0;2156.6;2156.6;1;Em andamento;Não se aplica;madeira_construcao;produto;construcao;baixa;;;;;;
01611211000123-1-000046/2026;8;3547650;Santa Salete;0;2026;19;6;Pregão - Eletrônico;0;0;Divulgada no PNCP;0;CONTRATAÇÃO DE EMPRESA ESPECIALIZADA PARA O FORNECIMENTO DE EQUIPAMENTOS, MATERIAIS E BENS PERMANENTES DESTINADOS À IMPLANTAÇÃO DE SALA SENSORIAL NA SECRETARIA MUNICIPAL DE EDUCAÇÃO DE SANTA SALETE/SP, VISANDO AO ATENDIMENTO DE CRIANÇAS E ADOLESCENTES COM DEFICIÊNCIA E/OU NECESSIDADES ESPECÍFICAS, COM RECURSOS PROVENIENTES DO TERMO DE CONVÊNIO Nº 34/2026, PROCESSO DE DEMANDA Nº SDPCD-PRC-2026-00030-DM, CELEBRADO ENTRE A SECRETARIA DE ESTADO DOS DIREITOS DA PESSOA COM DEFICIÊNCIA DO GOVERNO DO ESTADO DE SÃO PAULO E O MUNICÍPIO DE SANTA SALETE/SP;2026-08-18T15:06:25;2026-09-01T08:30:00;;MUNICIPIO DE SANTA SALETE;1010100097 MEIA LUA;UN;1.0;1991.33;1991.33;1;Em andamento;Não se aplica;madeira_construcao;produto;construcao;baixa;;;;;;
01611211000123-1-000046/2026;9;3547650;Santa Salete;0;2026;19;6;Pregão - Eletrônico;0;0;Divulgada no PNCP;0;CONTRATAÇÃO DE EMPRESA ESPECIALIZADA PARA O FORNECIMENTO DE EQUIPAMENTOS, MATERIAIS E BENS PERMANENTES DESTINADOS À IMPLANTAÇÃO DE SALA SENSORIAL NA SECRETARIA MUNICIPAL DE EDUCAÇÃO DE SANTA SALETE/SP, VISANDO AO ATENDIMENTO DE CRIANÇAS E ADOLESCENTES COM DEFICIÊNCIA E/OU NECESSIDADES ESPECÍFICAS, COM RECURSOS PROVENIENTES DO TERMO DE CONVÊNIO Nº 34/2026, PROCESSO DE DEMANDA Nº SDPCD-PRC-2026-00030-DM, CELEBRADO ENTRE A SECRETARIA DE ESTADO DOS DIREITOS DA PESSOA COM DEFICIÊNCIA DO GOVERNO DO ESTADO DE SÃO PAULO E O MUNICÍPIO DE SANTA SALETE/SP;2026-08-18T15:06:25;2026-09-01T08:30:00;;MUNICIPIO DE SANTA SALETE;1010100161 CIRCUITO PSICOMOTOR;UN;1.0;1259.67;1259.67;1;Em andamento;Não se aplica;madeira_construcao;produto;construcao;baixa;;;;;;
01611211000123-1-000046/2026;10;3547650;Santa Salete;0;2026;19;6;Pregão - Eletrônico;0;0;Divulgada no PNCP;0;CONTRATAÇÃO DE EMPRESA ESPECIALIZADA PARA O FORNECIMENTO DE EQUIPAMENTOS, MATERIAIS E BENS PERMANENTES DESTINADOS À IMPLANTAÇÃO DE SALA SENSORIAL NA SECRETARIA MUNICIPAL DE EDUCAÇÃO DE SANTA SALETE/SP, VISANDO AO ATENDIMENTO DE CRIANÇAS E ADOLESCENTES COM DEFICIÊNCIA E/OU NECESSIDADES ESPECÍFICAS, COM RECURSOS PROVENIENTES DO TERMO DE CONVÊNIO Nº 34/2026, PROCESSO DE DEMANDA Nº SDPCD-PRC-2026-00030-DM, CELEBRADO ENTRE A SECRETARIA DE ESTADO DOS DIREITOS DA PESSOA COM DEFICIÊNCIA DO GOVERNO DO ESTADO DE SÃO PAULO E O MUNICÍPIO DE SANTA SALETE/SP;2026-08-18T15:06:25;2026-09-01T08:30:00;;MUNICIPIO DE SANTA SALETE;1010100170 CAMINHO;UN;1.0;983.2;983.2;1;Em andamento;Não se aplica;madeira_construcao;produto;construcao;baixa;;;;;;
01611211000123-1-000047/2026;1;3547650;Santa Salete;0;2026;20;6;Pregão - Eletrônico;0;1;Divulgada no PNCP;0;Contratação De Empresa Especializada Para O Fornecimento Parcelado De Combustíveis Automotivos, Destinados Ao Abastecimento Da Frota De Veículos E Máquinas Pesadas Pertencentes À Prefeitura Municipal De Santa Salete/SP, Visando Atender Às Necessidades Dos Diversos Departamentos Municipais, tudo conforme Termo de Referência.;2026-08-19T13:11:18;2026-09-02T08:30:00;;MUNICIPIO DE SANTA SALETE;ARLA 32- GRANEL;LT;9900.0;3.53;34947.0;1;Em andamento;Não se aplica;combustivel;produto;suprimentos;baixa;;;;;;
01611211000123-1-000047/2026;2;3547650;Santa Salete;0;2026;20;6;Pregão - Eletrônico;0;1;Divulgada no PNCP;0;Contratação De Empresa Especializada Para O Fornecimento Parcelado De Combustíveis Automotivos, Destinados Ao Abastecimento Da Frota De Veículos E Máquinas Pesadas Pertencentes À Prefeitura Municipal De Santa Salete/SP, Visando Atender Às Necessidades Dos Diversos Departamentos Municipais, tudo conforme Termo de Referência.;2026-08-19T13:11:18;2026-09-02T08:30:00;;MUNICIPIO DE SANTA SALETE;DIESEL COMUM;LT;91000.0;6.44;586040.0;1;Em andamento;Não se aplica;madeira_construcao;produto;construcao;baixa;;;;;;
01611211000123-1-000047/2026;3;3547650;Santa Salete;0;2026;20;6;Pregão - Eletrônico;0;1;Divulgada no PNCP;0;Contratação De Empresa Especializada Para O Fornecimento Parcelado De Combustíveis Automotivos, Destinados Ao Abastecimento Da Frota De Veículos E Máquinas Pesadas Pertencentes À Prefeitura Municipal De Santa Salete/SP, Visando Atender Às Necessidades Dos Diversos Departamentos Municipais, tudo conforme Termo de Referência.;2026-08-19T13:11:18;2026-09-02T08:30:00;;MUNICIPIO DE SANTA SALETE;DIESEL S-10;LT;217200.0;6.77;1470444.0;1;Em andamento;Não se aplica;madeira_construcao;produto;construcao;baixa;;;;;;
01611211000123-1-000047/2026;4;3547650;Santa Salete;0;2026;20;6;Pregão - Eletrônico;0;1;Divulgada no PNCP;0;Contratação De Empresa Especializada Para O Fornecimento Parcelado De Combustíveis Automotivos, Destinados Ao Abastecimento Da Frota De Veículos E Máquinas Pesadas Pertencentes À Prefeitura Municipal De Santa Salete/SP, Visando Atender Às Necessidades Dos Diversos Departamentos Municipais, tudo conforme Termo de Referência.;2026-08-19T13:11:18;2026-09-02T08:30:00;;MUNICIPIO DE SANTA SALETE;ETANOL;Lts.;139700.0;3.66;511302.0;1;Em andamento;Não se aplica;combustivel;produto;suprimentos;baixa;;;;;;
01611211000123-1-000047/2026;5;3547650;Santa Salete;0;2026;20;6;Pregão - Eletrônico;0;1;Divulgada no PNCP;0;Contratação De Empresa Especializada Para O Fornecimento Parcelado De Combustíveis Automotivos, Destinados Ao Abastecimento Da Frota De Veículos E Máquinas Pesadas Pertencentes À Prefeitura Municipal De Santa Salete/SP, Visando Atender Às Necessidades Dos Diversos Departamentos Municipais, tudo conforme Termo de Referência.;2026-08-19T13:11:18;2026-09-02T08:30:00;;MUNICIPIO DE SANTA SALETE;GASOLINA ADITIVADA;LT;28000.0;6.65;186200.0;1;Em andamento;Não se aplica;combustivel;produto;suprimentos;baixa;;;;;;
01611211000123-1-000048/2026;1;3547650;Santa Salete;0;2026;21;6;Pregão - Eletrônico;0;0;Divulgada no PNCP;0;CONTRATAÇÃO DE LABORATÓRIO DE ANÁLISES CLÍNICAS PARA REALIZAÇÃO DE COLETA E ANALISES DE EXAMES LABORATORIAIS;2026-08-19T14:05:08;2026-09-04T08:30:00;;MUNICIPIO DE SANTA SALETE;Proposta para todos os itens;Unidade;1.0;222037.4;222037.4;1;Em andamento;Não se aplica;servico_laboratorial;servico;saude;alta;;;;;;
01611211000123-1-000049/2026;1;3547650;Santa Salete;0;2026;25;6;Pregão - Eletrônico;0;0;Divulgada no PNCP;0;Contratação de empresa especializada para prestação de serviços de Fonoaudiologia e Terapia Ocupacional, compreendendo 20 (vinte) horas mensais de atendimento para cada profissional, destinados ao atendimento de paciente do Município de Santa Salete/SP, em cumprimento à decisão judicial proferida nos autos do Agravo de Instrumento nº 2176644-50.2026.8.26.0000, conforme indicação da equipe multiprofissional responsável pelo acompanhamento da paciente.;2026-09-01T09:18:18;2026-09-18T08:30:00;;MUNICIPIO DE SANTA SALETE;PRESTAÇÃO DE SERVIÇO DE TERAPEUTA OCUPACIONAL;MÊS;12.0;3264.0;39168.0;1;Em andamento;Não se aplica;nao_classificado;indefinido;indefinido;baixa;;;;;;
01611211000123-1-000049/2026;2;3547650;Santa Salete;0;2026;25;6;Pregão - Eletrônico;0;0;Divulgada no PNCP;0;Contratação de empresa especializada para prestação de serviços de Fonoaudiologia e Terapia Ocupacional, compreendendo 20 (vinte) horas mensais de atendimento para cada profissional, destinados ao atendimento de paciente do Município de Santa Salete/SP, em cumprimento à decisão judicial proferida nos autos do Agravo de Instrumento nº 2176644-50.2026.8.26.0000, conforme indicação da equipe multiprofissional responsável pelo acompanhamento da paciente.;2026-09-01T09:18:18;2026-09-18T08:30:00;;MUNICIPIO DE SANTA SALETE;PRESTAÇÃO DE SERVIÇOS DE FONOAUDIOLOGIA;MÊS;12.0;3368.15;40417.8;1;Em andamento;Não se aplica;nao_classificado;indefinido;indefinido;baixa;;;;;;
01611211000123-1-000050/2026;1;3547650;Santa Salete;0;2026;22;6;Pregão - Eletrônico;0;0;Divulgada no PNCP;0;CONTRATAÇÃO DE EMPRESA PARA AQUISIÇÃO DOS ITENS FRACASSADOS DO PREGÃO ELETRÔNICO Nº 016/2026, REFERENTES AO FORNECIMENTO DE DIVERSOS MATERIAIS ESCOLARES, CONFORME ESPECIFICAÇÕES CONSTANTES NO TERMO DE REFERÊNCIA, DESTINADOS AO ATENDIMENTO DAS NECESSIDADES DO DEPARTAMENTO MUNICIPAL DE EDUCAÇÃO DO MUNICÍPIO DE SANTA SALETE/SP;2026-09-01T10:10:37;2026-09-16T08:30:00;;MUNICIPIO DE SANTA SALETE;BORRACHA BRANCA - CAIXA COM 40 UNIDADES;Caixa;21.0;31.9;669.9;1;Em andamento;Não se aplica;madeira_construcao;produto;construcao;baixa;;;;;;
01611211000123-1-000050/2026;2;3547650;Santa Salete;0;2026;22;6;Pregão - Eletrônico;0;0;Divulgada no PNCP;0;CONTRATAÇÃO DE EMPRESA PARA AQUISIÇÃO DOS ITENS FRACASSADOS DO PREGÃO ELETRÔNICO Nº 016/2026, REFERENTES AO FORNECIMENTO DE DIVERSOS MATERIAIS ESCOLARES, CONFORME ESPECIFICAÇÕES CONSTANTES NO TERMO DE REFERÊNCIA, DESTINADOS AO ATENDIMENTO DAS NECESSIDADES DO DEPARTAMENTO MUNICIPAL DE EDUCAÇÃO DO MUNICÍPIO DE SANTA SALETE/SP;2026-09-01T10:10:37;2026-09-16T08:30:00;;MUNICIPIO DE SANTA SALETE;CANETA ESFEROGRÁFICA CRISTAL FASHION COM 4 CORES VIBRANTES - CAIXA COM 25 UNIDADES;CAIXA;5.0;46.36;231.8;1;Em andamento;Não se aplica;papelaria_expediente;produto;suprimentos;media;;;;;;
01611211000123-1-000050/2026;3;3547650;Santa Salete;0;2026;22;6;Pregão - Eletrônico;0;0;Divulgada no PNCP;0;CONTRATAÇÃO DE EMPRESA PARA AQUISIÇÃO DOS ITENS FRACASSADOS DO PREGÃO ELETRÔNICO Nº 016/2026, REFERENTES AO FORNECIMENTO DE DIVERSOS MATERIAIS ESCOLARES, CONFORME ESPECIFICAÇÕES CONSTANTES NO TERMO DE REFERÊNCIA, DESTINADOS AO ATENDIMENTO DAS NECESSIDADES DO DEPARTAMENTO MUNICIPAL DE EDUCAÇÃO DO MUNICÍPIO DE SANTA SALETE/SP;2026-09-01T10:10:37;2026-09-16T08:30:00;;MUNICIPIO DE SANTA SALETE;CANETINHA HIDROGRÁFICAS 12 CORES;Caixa;170.0;25.79;4384.3;1;Em andamento;Não se aplica;madeira_construcao;produto;construcao;baixa;;;;;;
01611211000123-1-000050/2026;4;3547650;Santa Salete;0;2026;22;6;Pregão - Eletrônico;0;0;Divulgada no PNCP;0;CONTRATAÇÃO DE EMPRESA PARA AQUISIÇÃO DOS ITENS FRACASSADOS DO PREGÃO ELETRÔNICO Nº 016/2026, REFERENTES AO FORNECIMENTO DE DIVERSOS MATERIAIS ESCOLARES, CONFORME ESPECIFICAÇÕES CONSTANTES NO TERMO DE REFERÊNCIA, DESTINADOS AO ATENDIMENTO DAS NECESSIDADES DO DEPARTAMENTO MUNICIPAL DE EDUCAÇÃO DO MUNICÍPIO DE SANTA SALETE/SP;2026-09-01T10:10:37;2026-09-16T08:30:00;;MUNICIPIO DE SANTA SALETE;COLA COLORIDA GLITLER COM 6 CORES;Cx.;60.0;25.97;1558.2;1;Em andamento;Não se aplica;madeira_construcao;produto;construcao;baixa;;;;;;
01611211000123-1-000050/2026;5;3547650;Santa Salete;0;2026;22;6;Pregão - Eletrônico;0;0;Divulgada no PNCP;0;CONTRATAÇÃO DE EMPRESA PARA AQUISIÇÃO DOS ITENS FRACASSADOS DO PREGÃO ELETRÔNICO Nº 016/2026, REFERENTES AO FORNECIMENTO DE DIVERSOS MATERIAIS ESCOLARES, CONFORME ESPECIFICAÇÕES CONSTANTES NO TERMO DE REFERÊNCIA, DESTINADOS AO ATENDIMENTO DAS NECESSIDADES DO DEPARTAMENTO MUNICIPAL DE EDUCAÇÃO DO MUNICÍPIO DE SANTA SALETE/SP;2026-09-01T10:10:37;2026-09-16T08:30:00;;MUNICIPIO DE SANTA SALETE;E.V.A AMARELO COM 10 UNIDADES;Pacot;21.0;46.56;977.76;1;Em andamento;Não se aplica;madeira_construcao;produto;construcao;baixa;;;;;;
01611211000123-1-000050/2026;6;3547650;Santa Salete;0;2026;22;6;Pregão - Eletrônico;0;0;Divulgada no PNCP;0;CONTRATAÇÃO DE EMPRESA PARA AQUISIÇÃO DOS ITENS FRACASSADOS DO PREGÃO ELETRÔNICO Nº 016/2026, REFERENTES AO FORNECIMENTO DE DIVERSOS MATERIAIS ESCOLARES, CONFORME ESPECIFICAÇÕES CONSTANTES NO TERMO DE REFERÊNCIA, DESTINADOS AO ATENDIMENTO DAS NECESSIDADES DO DEPARTAMENTO MUNICIPAL DE EDUCAÇÃO DO MUNICÍPIO DE SANTA SALETE/SP;2026-09-01T10:10:37;2026-09-16T08:30:00;;MUNICIPIO DE SANTA SALETE;E.V.A GLITTER BRANCO COM 5 UNIDADES;Pacot;25.0;67.36;1684.0;1;Em andamento;Não se aplica;madeira_construcao;produto;construcao;baixa;;;;;;
01611211000123-1-000050/2026;7;3547650;Santa Salete;0;2026;22;6;Pregão - Eletrônico;0;0;Divulgada no PNCP;0;CONTRATAÇÃO DE EMPRESA PARA AQUISIÇÃO DOS ITENS FRACASSADOS DO PREGÃO ELETRÔNICO Nº 016/2026, REFERENTES AO FORNECIMENTO DE DIVERSOS MATERIAIS ESCOLARES, CONFORME ESPECIFICAÇÕES CONSTANTES NO TERMO DE REFERÊNCIA, DESTINADOS AO ATENDIMENTO DAS NECESSIDADES DO DEPARTAMENTO MUNICIPAL DE EDUCAÇÃO DO MUNICÍPIO DE SANTA SALETE/SP;2026-09-01T10:10:37;2026-09-16T08:30:00;;MUNICIPIO DE SANTA SALETE;E.V.A GLITTER PRETO COM 5 UNIDADES;Pacot;30.0;67.36;2020.8;1;Em andamento;Não se aplica;madeira_construcao;produto;construcao;baixa;;;;;;
01611211000123-1-000050/2026;8;3547650;Santa Salete;0;2026;22;6;Pregão - Eletrônico;0;0;Divulgada no PNCP;0;CONTRATAÇÃO DE EMPRESA PARA AQUISIÇÃO DOS ITENS FRACASSADOS DO PREGÃO ELETRÔNICO Nº 016/2026, REFERENTES AO FORNECIMENTO DE DIVERSOS MATERIAIS ESCOLARES, CONFORME ESPECIFICAÇÕES CONSTANTES NO TERMO DE REFERÊNCIA, DESTINADOS AO ATENDIMENTO DAS NECESSIDADES DO DEPARTAMENTO MUNICIPAL DE EDUCAÇÃO DO MUNICÍPIO DE SANTA SALETE/SP;2026-09-01T10:10:37;2026-09-16T08:30:00;;MUNICIPIO DE SANTA SALETE;ETIQUETA INK-JET + LASER A4 COM 100 UNIDADES;Pacot;35.0;96.9;3391.5;1;Em andamento;Não se aplica;madeira_construcao;produto;construcao;baixa;;;;;;
01611211000123-1-000050/2026;9;3547650;Santa Salete;0;2026;22;6;Pregão - Eletrônico;0;0;Divulgada no PNCP;0;CONTRATAÇÃO DE EMPRESA PARA AQUISIÇÃO DOS ITENS FRACASSADOS DO PREGÃO ELETRÔNICO Nº 016/2026, REFERENTES AO FORNECIMENTO DE DIVERSOS MATERIAIS ESCOLARES, CONFORME ESPECIFICAÇÕES CONSTANTES NO TERMO DE REFERÊNCIA, DESTINADOS AO ATENDIMENTO DAS NECESSIDADES DO DEPARTAMENTO MUNICIPAL DE EDUCAÇÃO DO MUNICÍPIO DE SANTA SALETE/SP;2026-09-01T10:10:37;2026-09-16T08:30:00;;MUNICIPIO DE SANTA SALETE;FITA ADESIVA TRANSPARENTE - PACOTE COM 6 UNIDADES;PACOTE;25.0;49.36;1234.0;1;Em andamento;Não se aplica;madeira_construcao;produto;construcao;baixa;;;;;;
01611211000123-1-000050/2026;10;3547650;Santa Salete;0;2026;22;6;Pregão - Eletrônico;0;0;Divulgada no PNCP;0;CONTRATAÇÃO DE EMPRESA PARA AQUISIÇÃO DOS ITENS FRACASSADOS DO PREGÃO ELETRÔNICO Nº 016/2026, REFERENTES AO FORNECIMENTO DE DIVERSOS MATERIAIS ESCOLARES, CONFORME ESPECIFICAÇÕES CONSTANTES NO TERMO DE REFERÊNCIA, DESTINADOS AO ATENDIMENTO DAS NECESSIDADES DO DEPARTAMENTO MUNICIPAL DE EDUCAÇÃO DO MUNICÍPIO DE SANTA SALETE/SP;2026-09-01T10:10:37;2026-09-16T08:30:00;;MUNICIPIO DE SANTA SALETE;FITA CREPE - PACOTE COM 5 UNIDADES;Pacot;25.0;40.64;1016.0;1;Em andamento;Não se aplica;madeira_construcao;produto;construcao;baixa;;;;;;
01611211000123-1-000051/2026;1;3547650;Santa Salete;0;2026;23;6;Pregão - Eletrônico;0;1;Divulgada no PNCP;0;AQUISIÇÃO GÊNEROS ALIMENTÍCIOS, MATERIAIS DE LIMPEZA, EMBALAGENS E PRODUTOS DE HIGIENE, PARA ATENDER A DEMANDA DOS DIVERSOS SETORES DA MUNICIPALIDADE, COM FORNECIMENTO DE FORMA PARCELADA, DIÁRIA, CONFORME SOLICITAÇÃO, PELO PERÍODO DE 12 (DOZE) MESES, CONFORME TERMO DE REFERÊNCIA;2026-09-04T15:30:28;2026-09-21T08:30:00;;MUNICIPIO DE SANTA SALETE;ABRIDOR DE LATA E GARRAFA;UN;18.0;5.11;91.98;1;Em andamento;Não se aplica;madeira_construcao;produto;construcao;baixa;;;;;;
01611211000123-1-000051/2026;2;3547650;Santa Salete;0;2026;23;6;Pregão - Eletrônico;0;1;Divulgada no PNCP;0;AQUISIÇÃO GÊNEROS ALIMENTÍCIOS, MATERIAIS DE LIMPEZA, EMBALAGENS E PRODUTOS DE HIGIENE, PARA ATENDER A DEMANDA DOS DIVERSOS SETORES DA MUNICIPALIDADE, COM FORNECIMENTO DE FORMA PARCELADA, DIÁRIA, CONFORME SOLICITAÇÃO, PELO PERÍODO DE 12 (DOZE) MESES, CONFORME TERMO DE REFERÊNCIA;2026-09-04T15:30:28;2026-09-21T08:30:00;;MUNICIPIO DE SANTA SALETE;ACENDEDOR DE FOGÃO;UN;20.0;14.72;294.4;1;Em andamento;Não se aplica;madeira_construcao;produto;construcao;baixa;;;;;;
01611211000123-1-000051/2026;3;3547650;Santa Salete;0;2026;23;6;Pregão - Eletrônico;0;1;Divulgada no PNCP;0;AQUISIÇÃO GÊNEROS ALIMENTÍCIOS, MATERIAIS DE LIMPEZA, EMBALAGENS E PRODUTOS DE HIGIENE, PARA ATENDER A DEMANDA DOS DIVERSOS SETORES DA MUNICIPALIDADE, COM FORNECIMENTO DE FORMA PARCELADA, DIÁRIA, CONFORME SOLICITAÇÃO, PELO PERÍODO DE 12 (DOZE) MESES, CONFORME TERMO DE REFERÊNCIA;2026-09-04T15:30:28;2026-09-21T08:30:00;;MUNICIPIO DE SANTA SALETE;ACHOCOLATADO EM PO 400G;PCT;260.0;9.65;2509.0;1;Em andamento;Não se aplica;madeira_construcao;produto;construcao;baixa;;;;;;
01611211000123-1-000051/2026;4;3547650;Santa Salete;0;2026;23;6;Pregão - Eletrônico;0;1;Divulgada no PNCP;0;AQUISIÇÃO GÊNEROS ALIMENTÍCIOS, MATERIAIS DE LIMPEZA, EMBALAGENS E PRODUTOS DE HIGIENE, PARA ATENDER A DEMANDA DOS DIVERSOS SETORES DA MUNICIPALIDADE, COM FORNECIMENTO DE FORMA PARCELADA, DIÁRIA, CONFORME SOLICITAÇÃO, PELO PERÍODO DE 12 (DOZE) MESES, CONFORME TERMO DE REFERÊNCIA;2026-09-04T15:30:28;2026-09-21T08:30:00;;MUNICIPIO DE SANTA SALETE;AÇUCAR CRISTAL 5KG;PCT;700.0;19.01;13307.0;1;Em andamento;Não se aplica;generos_alimenticios;produto;alimentacao;media;;;;;;
01611211000123-1-000051/2026;5;3547650;Santa Salete;0;2026;23;6;Pregão - Eletrônico;0;1;Divulgada no PNCP;0;AQUISIÇÃO GÊNEROS ALIMENTÍCIOS, MATERIAIS DE LIMPEZA, EMBALAGENS E PRODUTOS DE HIGIENE, PARA ATENDER A DEMANDA DOS DIVERSOS SETORES DA MUNICIPALIDADE, COM FORNECIMENTO DE FORMA PARCELADA, DIÁRIA, CONFORME SOLICITAÇÃO, PELO PERÍODO DE 12 (DOZE) MESES, CONFORME TERMO DE REFERÊNCIA;2026-09-04T15:30:28;2026-09-21T08:30:00;;MUNICIPIO DE SANTA SALETE;AÇUCAR REFINADO 1 KG;PCT;50.0;5.27;263.5;1;Em andamento;Não se aplica;generos_alimenticios;produto;alimentacao;media;;;;;;
01611211000123-1-000051/2026;6;3547650;Santa Salete;0;2026;23;6;Pregão - Eletrônico;0;1;Divulgada no PNCP;0;AQUISIÇÃO GÊNEROS ALIMENTÍCIOS, MATERIAIS DE LIMPEZA, EMBALAGENS E PRODUTOS DE HIGIENE, PARA ATENDER A DEMANDA DOS DIVERSOS SETORES DA MUNICIPALIDADE, COM FORNECIMENTO DE FORMA PARCELADA, DIÁRIA, CONFORME SOLICITAÇÃO, PELO PERÍODO DE 12 (DOZE) MESES, CONFORME TERMO DE REFERÊNCIA;2026-09-04T15:30:28;2026-09-21T08:30:00;;MUNICIPIO DE SANTA SALETE;AFIADOR DE FACA;Unida;11.0;35.9;394.9;1;Em andamento;Não se aplica;madeira_construcao;produto;construcao;baixa;;;;;;
01611211000123-1-000051/2026;7;3547650;Santa Salete;0;2026;23;6;Pregão - Eletrônico;0;1;Divulgada no PNCP;0;AQUISIÇÃO GÊNEROS ALIMENTÍCIOS, MATERIAIS DE LIMPEZA, EMBALAGENS E PRODUTOS DE HIGIENE, PARA ATENDER A DEMANDA DOS DIVERSOS SETORES DA MUNICIPALIDADE, COM FORNECIMENTO DE FORMA PARCELADA, DIÁRIA, CONFORME SOLICITAÇÃO, PELO PERÍODO DE 12 (DOZE) MESES, CONFORME TERMO DE REFERÊNCIA;2026-09-04T15:30:28;2026-09-21T08:30:00;;MUNICIPIO DE SANTA SALETE;AGUA MINERAL 500ML C/12;UN;300.0;23.77;7131.0;1;Em andamento;Não se aplica;madeira_construcao;produto;construcao;baixa;;;;;;
01611211000123-1-000051/2026;8;3547650;Santa Salete;0;2026;23;6;Pregão - Eletrônico;0;1;Divulgada no PNCP;0;AQUISIÇÃO GÊNEROS ALIMENTÍCIOS, MATERIAIS DE LIMPEZA, EMBALAGENS E PRODUTOS DE HIGIENE, PARA ATENDER A DEMANDA DOS DIVERSOS SETORES DA MUNICIPALIDADE, COM FORNECIMENTO DE FORMA PARCELADA, DIÁRIA, CONFORME SOLICITAÇÃO, PELO PERÍODO DE 12 (DOZE) MESES, CONFORME TERMO DE REFERÊNCIA;2026-09-04T15:30:28;2026-09-21T08:30:00;;MUNICIPIO DE SANTA SALETE;AGUA SANITARIA;UN;2834.0;5.23;14821.82;1;Em andamento;Não se aplica;limpeza_higiene;produto;suprimentos;media;;;;;;
01611211000123-1-000051/2026;9;3547650;Santa Salete;0;2026;23;6;Pregão - Eletrônico;0;1;Divulgada no PNCP;0;AQUISIÇÃO GÊNEROS ALIMENTÍCIOS, MATERIAIS DE LIMPEZA, EMBALAGENS E PRODUTOS DE HIGIENE, PARA ATENDER A DEMANDA DOS DIVERSOS SETORES DA MUNICIPALIDADE, COM FORNECIMENTO DE FORMA PARCELADA, DIÁRIA, CONFORME SOLICITAÇÃO, PELO PERÍODO DE 12 (DOZE) MESES, CONFORME TERMO DE REFERÊNCIA;2026-09-04T15:30:28;2026-09-21T08:30:00;;MUNICIPIO DE SANTA SALETE;ALCOOL 70° 1L;UN;870.0;11.12;9674.4;1;Em andamento;Não se aplica;limpeza_higiene;produto;suprimentos;media;;;;;;
01611211000123-1-000051/2026;10;3547650;Santa Salete;0;2026;23;6;Pregão - Eletrônico;0;1;Divulgada no PNCP;0;AQUISIÇÃO GÊNEROS ALIMENTÍCIOS, MATERIAIS DE LIMPEZA, EMBALAGENS E PRODUTOS DE HIGIENE, PARA ATENDER A DEMANDA DOS DIVERSOS SETORES DA MUNICIPALIDADE, COM FORNECIMENTO DE FORMA PARCELADA, DIÁRIA, CONFORME SOLICITAÇÃO, PELO PERÍODO DE 12 (DOZE) MESES, CONFORME TERMO DE REFERÊNCIA;2026-09-04T15:30:28;2026-09-21T08:30:00;;MUNICIPIO DE SANTA SALETE;ALCOOL 92º 1L;UN;130.0;11.51;1496.3;1;Em andamento;Não se aplica;madeira_construcao;produto;construcao;baixa;;;;;;
01611211000123-1-000054/2026;1;3547650;Santa Salete;0;2026;24;6;Pregão - Eletrônico;0;0;Divulgada no PNCP;0;Contratação de empresa especializada para prestação de serviços de dedetização, desinsetização, desratização e higienização e limpeza de caixas d’água em prédios públicos e rede de esgoto do município de Santa Salete-SP;2026-09-21T14:49:53;2026-10-07T08:30:00;;MUNICIPIO DE SANTA SALETE;Proposta para todos os itens;Unidade;1.0;53960.1;53960.1;1;Em andamento;Não se aplica;nao_classificado;indefinido;indefinido;baixa;;;;;;
01611211000123-1-000055/2026;1;3547650;Santa Salete;0;2026;21;8;Dispensa;0;0;Divulgada no PNCP;0;Contratação de empresa especializada para a execução de fechamento metálico no mini campo e manutenção das pinturas das estruturas metálicas existentes no complexo esportivo municipal de Santa Salete-SP, compreendendo o fornecimento de materiais, mão de obra, equipamentos, ferramentas e demais insumos necessários à completa execução dos serviços, em conformidade com as especificações técnicas, projetos, memorial descritivo, planilhas orçamentárias e demais documentos que integram o Termo de Referência;2026-09-22T10:08:55;2026-09-29T08:30:00;;MUNICIPIO DE SANTA SALETE;Proposta para todos os itens;Unidade;1.0;64896.1752;64896.18;1;Em andamento;Não se aplica;madeira_construcao;produto;construcao;baixa;;;;;;
01611211000123-1-000057/2026;1;3547650;Santa Salete;0;2026;26;6;Pregão - Eletrônico;0;0;Divulgada no PNCP;0;AQUISIÇÃO DE 04 (QUATRO) VEÍCULOS AUTOMOTORES ZERO QUILÔMETRO, ANO/MODELO 2026 OU SUPERIOR, SENDO 01 (UM) VEÍCULO DE SETE LUGARES E 01 (UM) VEICULO DE CINCO LUGARES NA SECRETÁRIA DE ASSISTENCIA SOCIAL 01 (UM) VEICULO DE CINCO LUGARES NA SECRETÁRIA DE EDUCAÇÃO E 01 (UM) VEICULO DE SETE LUGARES NA SECRETÁRIA DA SAUDE, CONFORME EMENDA N°2026.093.87123, EMENDA N°2026.01981825 e CONVÊNIO Nº 1640/2026, INDICADO PELA EMENDA PARLAMENTAR INDIVIDUAL Nº 2025.280.77105, DESTINADOS A ATENDER ÀS NECESSIDADES DAS SECRETARIAS MUNICIPAIS DE SAÚDE, SOCIAL E DE EDUCAÇÃO  DO MUNICÍPIO DE SANTA SALETE/SP, CONFORME ESPECIFICAÇÕES TÉCNICAS DETALHADAS NO TERMO DE REFERÊNCIA E DEMAIS CONDIÇÕES ESTABELECIDAS NO EDITAL;2026-09-23T14:49:08;2026-10-07T13:30:00;;MUNICIPIO DE SANTA SALETE;VEÍCULO AUTOMOTOR SEDAN 05 LUGARES;UN;1.0;150442.51;150442.51;1;Em andamento;Não se aplica;combustivel;produto;suprimentos;baixa;;;;;;
01611211000123-1-000057/2026;2;3547650;Santa Salete;0;2026;26;6;Pregão - Eletrônico;0;0;Divulgada no PNCP;0;AQUISIÇÃO DE 04 (QUATRO) VEÍCULOS AUTOMOTORES ZERO QUILÔMETRO, ANO/MODELO 2026 OU SUPERIOR, SENDO 01 (UM) VEÍCULO DE SETE LUGARES E 01 (UM) VEICULO DE CINCO LUGARES NA SECRETÁRIA DE ASSISTENCIA SOCIAL 01 (UM) VEICULO DE CINCO LUGARES NA SECRETÁRIA DE EDUCAÇÃO E 01 (UM) VEICULO DE SETE LUGARES NA SECRETÁRIA DA SAUDE, CONFORME EMENDA N°2026.093.87123, EMENDA N°2026.01981825 e CONVÊNIO Nº 1640/2026, INDICADO PELA EMENDA PARLAMENTAR INDIVIDUAL Nº 2025.280.77105, DESTINADOS A ATENDER ÀS NECESSIDADES DAS SECRETARIAS MUNICIPAIS DE SAÚDE, SOCIAL E DE EDUCAÇÃO  DO MUNICÍPIO DE SANTA SALETE/SP, CONFORME ESPECIFICAÇÕES TÉCNICAS DETALHADAS NO TERMO DE REFERÊNCIA E DEMAIS CONDIÇÕES ESTABELECIDAS NO EDITAL;2026-09-23T14:49:08;2026-10-07T13:30:00;;MUNICIPIO DE SANTA SALETE;VEÍCULO AUTOMOTOR SUV 05 LUGARES;UN;1.0;152879.91;152879.91;1;Em andamento;Não se aplica;combustivel;produto;suprimentos;baixa;;;;;;
01611211000123-1-000057/2026;3;3547650;Santa Salete;0;2026;26;6;Pregão - Eletrônico;0;0;Divulgada no PNCP;0;AQUISIÇÃO DE 04 (QUATRO) VEÍCULOS AUTOMOTORES ZERO QUILÔMETRO, ANO/MODELO 2026 OU SUPERIOR, SENDO 01 (UM) VEÍCULO DE SETE LUGARES E 01 (UM) VEICULO DE CINCO LUGARES NA SECRETÁRIA DE ASSISTENCIA SOCIAL 01 (UM) VEICULO DE CINCO LUGARES NA SECRETÁRIA DE EDUCAÇÃO E 01 (UM) VEICULO DE SETE LUGARES NA SECRETÁRIA DA SAUDE, CONFORME EMENDA N°2026.093.87123, EMENDA N°2026.01981825 e CONVÊNIO Nº 1640/2026, INDICADO PELA EMENDA PARLAMENTAR INDIVIDUAL Nº 2025.280.77105, DESTINADOS A ATENDER ÀS NECESSIDADES DAS SECRETARIAS MUNICIPAIS DE SAÚDE, SOCIAL E DE EDUCAÇÃO  DO MUNICÍPIO DE SANTA SALETE/SP, CONFORME ESPECIFICAÇÕES TÉCNICAS DETALHADAS NO TERMO DE REFERÊNCIA E DEMAIS CONDIÇÕES ESTABELECIDAS NO EDITAL;2026-09-23T14:49:08;2026-10-07T13:30:00;;MUNICIPIO DE SANTA SALETE;VEÍCULO AUTOMOTOR ZERO QUILÔMETRO 07 LUGARES;UN;2.0;153156.9;306313.8;1;Em andamento;Não se aplica;combustivel;produto;suprimentos;baixa;;;;;;
45138088000140-1-000005/2026;1;3547205;Santana da Ponte Pensa;0;2026;014;6;Pregão - Eletrônico;0;0;Divulgada no PNCP;0;AQUISIÇÃO DE (01) UM VEÍCULO PICK-UP, ZERO KM, PRIMEIRO EMPLACAMENTO, PARA ATENDER AS NECESSIDADES DA SECRETARIA MUNICIPAL DE SAÚDE DO MUNICÍPIO DE SANTANA DA PONTE PENSA.;2026-08-25T11:18:01;2026-09-08T08:00:00;https://bllcompras.com/Process/ProcessView?param1=[gkz]Zc0JylBKo1JG2gT7EY9UZRj8hNFcLCGxTa88/fZstJSEJqAofOH7MjcCSf4ZZRWkbiEHAOFuJ5DOro/AMSClwfAD12P5RAVpzImGJl/PM6k=;MUNICIPIO DE SANTANA DA PONTE PENSA;PICK-UP 0KM especificação  mínima: Cor: Branco, 05 (cinco) ocupantes, novo, ano/modelo 2027 igual ou superior ao ano da data de entrega, equipado com motor 2.2 Turbo Diesel, potência mínima de 170 cv e torque mínimo de 35 kgfm, transmissão automática de, no mínimo, 09 (nove) AT9 velocidades e tração 4x4, Distância: entre-eixos 2990 mm, Comprimento: 4915 mm, Ângulo central: 21,7 graus, Bitola dianteira: 1549 mm, Vão livre do solo: 202 mm, Altura: 1743 mm, Tanque de combustível: 60 litros, Porta-malas: 820 litros, Largura: 1844 mm, Peso: 1871 kg, direção elétrica, ar-condicionado, freios com sistemas ABS e EBD, controle eletrônico de estabilidade e de tração, assistente de partida em rampa, airbags dianteiros, laterais e de cortina, vidros, travas e retrovisores elétricos, sistema multimídia com conectividade para Android Auto e Apple CarPlay, câmera de ré, sensores de estacionamento, computador de bordo, rodas de liga leve, protetor de caçamba, capota marítima e iluminação diurna (DRL) tanque de combustível compatível com a categoria, todos os equipamentos obrigatórios exigidos pelo Código de Trânsito Brasileiro (CTB), pelas Resoluções do CONTRAN e demais normas vigentes.;UNID.;1.0;229902.55;229902.55;1;Em andamento;Sem benefício;combustivel;produto;suprimentos;baixa;;;;;;
45138088000140-1-000006/2026;1;3547205;Santana da Ponte Pensa;0;2026;010;6;Pregão - Eletrônico;0;1;Divulgada no PNCP;0;REGISTRO DE PREÇOS PARA FUTURA E EVENTUAL AQUISIÇÃO DE MATERIAIS DE CONSTRUÇÃO, COM FORNECIMENTO PARCELADO E DIÁRIO, PARA ATENDER AS NECESSIDADES DA SECRETARIA MUNICIPAL DE OBRAS E SERVIÇOS PÚBLICOS, CONFORME ESPECIFICAÇÕES DO TERMO DE REFERÊNCIA;2026-09-17T21:06:21;2026-09-30T08:00:00;https://bllcompras.com/Process/ProcessView?param1=[gkz]H/tegOZr6AVZa9JbGZBWyOa3KwKnTRb2q_NbzFk3/Fl/1NbGC1n6MEGDgn7HKM8fNPBvxFMU5sCvNv5CBcR1ozUIYiuzUApan8JFWNwmi7A=;MUNICIPIO DE SANTANA DA PONTE PENSA;ADAPTADORES TOMADA BOB ESPONJA BENJAMIN 10A 20A ADAPTADOR PLUG PINO GROSSO 250V - PLUGUE BIVOLT 110V 220V;UNID.;50.0;9.02;451.0;1;Em andamento;Sem benefício;madeira_construcao;produto;construcao;baixa;;;;;;
45138088000140-1-000006/2026;2;3547205;Santana da Ponte Pensa;0;2026;010;6;Pregão - Eletrônico;0;1;Divulgada no PNCP;0;REGISTRO DE PREÇOS PARA FUTURA E EVENTUAL AQUISIÇÃO DE MATERIAIS DE CONSTRUÇÃO, COM FORNECIMENTO PARCELADO E DIÁRIO, PARA ATENDER AS NECESSIDADES DA SECRETARIA MUNICIPAL DE OBRAS E SERVIÇOS PÚBLICOS, CONFORME ESPECIFICAÇÕES DO TERMO DE REFERÊNCIA;2026-09-17T21:06:21;2026-09-30T08:00:00;https://bllcompras.com/Process/ProcessView?param1=[gkz]H/tegOZr6AVZa9JbGZBWyOa3KwKnTRb2q_NbzFk3/Fl/1NbGC1n6MEGDgn7HKM8fNPBvxFMU5sCvNv5CBcR1ozUIYiuzUApan8JFWNwmi7A=;MUNICIPIO DE SANTANA DA PONTE PENSA;Agulha Para Costurar SacoComprimento: 125mmEspessura: 2,8mmMaterial: Zincado;UNID.;3.0;5.82;17.46;1;Em andamento;Sem benefício;madeira_construcao;produto;construcao;baixa;;;;;;
45138088000140-1-000006/2026;3;3547205;Santana da Ponte Pensa;0;2026;010;6;Pregão - Eletrônico;0;1;Divulgada no PNCP;0;REGISTRO DE PREÇOS PARA FUTURA E EVENTUAL AQUISIÇÃO DE MATERIAIS DE CONSTRUÇÃO, COM FORNECIMENTO PARCELADO E DIÁRIO, PARA ATENDER AS NECESSIDADES DA SECRETARIA MUNICIPAL DE OBRAS E SERVIÇOS PÚBLICOS, CONFORME ESPECIFICAÇÕES DO TERMO DE REFERÊNCIA;2026-09-17T21:06:21;2026-09-30T08:00:00;https://bllcompras.com/Process/ProcessView?param1=[gkz]H/tegOZr6AVZa9JbGZBWyOa3KwKnTRb2q_NbzFk3/Fl/1NbGC1n6MEGDgn7HKM8fNPBvxFMU5sCvNv5CBcR1ozUIYiuzUApan8JFWNwmi7A=;MUNICIPIO DE SANTANA DA PONTE PENSA;"""Alicate Amperímetro Digital 50mm - Especificações Técnicas::: Display: 3 1/2 dígitos (2000 Contagens):: Taxa de Amostragem: 3 vezes/s:: Indicação de Polaridade: Automática, indicação de polaridade negativa:: Indicação de Sobrefaixa: ?1? ou ?-1?:: Indicação de Bateria Fraca: Indicação é mostrada quando a tensão da bateria cair abaixo da tensão de operação:: Mudança de Faixa: Manual::  PeakHold::  Ambiente de Operação: 0°C a 40°C, RH < 70%:: Ambiente de Armazenamento: -10°C a 50°C, RH < 80%:: Altitude de Operação: até 2000m:: Uso Interno:: Grau de Poluição: II:: Alimentação: Uma bateria de 9V (NEDA 1604 ou 6F22 ou 006P):: Diâmetro do Condutor & Abertura de Garra Máx.: 50mm:: Dimensões (AxLxP): 240 x 102 x 47mm:: Peso: Aprox. 337g (incluindo bateria)- Garantia: 1 ano""";UN;2.0;96.73;193.46;1;Em andamento;Sem benefício;racao_agropecuaria;produto;agropecuaria;baixa;;;;;;
45138088000140-1-000006/2026;4;3547205;Santana da Ponte Pensa;0;2026;010;6;Pregão - Eletrônico;0;1;Divulgada no PNCP;0;REGISTRO DE PREÇOS PARA FUTURA E EVENTUAL AQUISIÇÃO DE MATERIAIS DE CONSTRUÇÃO, COM FORNECIMENTO PARCELADO E DIÁRIO, PARA ATENDER AS NECESSIDADES DA SECRETARIA MUNICIPAL DE OBRAS E SERVIÇOS PÚBLICOS, CONFORME ESPECIFICAÇÕES DO TERMO DE REFERÊNCIA;2026-09-17T21:06:21;2026-09-30T08:00:00;https://bllcompras.com/Process/ProcessView?param1=[gkz]H/tegOZr6AVZa9JbGZBWyOa3KwKnTRb2q_NbzFk3/Fl/1NbGC1n6MEGDgn7HKM8fNPBvxFMU5sCvNv5CBcR1ozUIYiuzUApan8JFWNwmi7A=;MUNICIPIO DE SANTANA DA PONTE PENSA;"Alicate Corte Diagonal 165Mm (6.1/2"")Material Liga de açoDiâmetro máximo de corte: 1,6 mmDimensões: 16,5 x 6 x 2 cm";UNID.;5.0;79.99;399.95;1;Em andamento;Sem benefício;madeira_construcao;produto;construcao;baixa;;;;;;
45138088000140-1-000006/2026;5;3547205;Santana da Ponte Pensa;0;2026;010;6;Pregão - Eletrônico;0;1;Divulgada no PNCP;0;REGISTRO DE PREÇOS PARA FUTURA E EVENTUAL AQUISIÇÃO DE MATERIAIS DE CONSTRUÇÃO, COM FORNECIMENTO PARCELADO E DIÁRIO, PARA ATENDER AS NECESSIDADES DA SECRETARIA MUNICIPAL DE OBRAS E SERVIÇOS PÚBLICOS, CONFORME ESPECIFICAÇÕES DO TERMO DE REFERÊNCIA;2026-09-17T21:06:21;2026-09-30T08:00:00;https://bllcompras.com/Process/ProcessView?param1=[gkz]H/tegOZr6AVZa9JbGZBWyOa3KwKnTRb2q_NbzFk3/Fl/1NbGC1n6MEGDgn7HKM8fNPBvxFMU5sCvNv5CBcR1ozUIYiuzUApan8JFWNwmi7A=;MUNICIPIO DE SANTANA DA PONTE PENSA;Alicate Pressão Mordente Triangular 10''Material Aço carbono, Dimensões do item C x L x A, 29 x 10 x 3 centímetros, Cor CromadoDimensões do produto;UNID.;5.0;49.8;249.0;1;Em andamento;Sem benefício;madeira_construcao;produto;construcao;baixa;;;;;;
45138088000140-1-000006/2026;6;3547205;Santana da Ponte Pensa;0;2026;010;6;Pregão - Eletrônico;0;1;Divulgada no PNCP;0;REGISTRO DE PREÇOS PARA FUTURA E EVENTUAL AQUISIÇÃO DE MATERIAIS DE CONSTRUÇÃO, COM FORNECIMENTO PARCELADO E DIÁRIO, PARA ATENDER AS NECESSIDADES DA SECRETARIA MUNICIPAL DE OBRAS E SERVIÇOS PÚBLICOS, CONFORME ESPECIFICAÇÕES DO TERMO DE REFERÊNCIA;2026-09-17T21:06:21;2026-09-30T08:00:00;https://bllcompras.com/Process/ProcessView?param1=[gkz]H/tegOZr6AVZa9JbGZBWyOa3KwKnTRb2q_NbzFk3/Fl/1NbGC1n6MEGDgn7HKM8fNPBvxFMU5sCvNv5CBcR1ozUIYiuzUApan8JFWNwmi7A=;MUNICIPIO DE SANTANA DA PONTE PENSA;"ALICATE UNIVERSAL 8""";UN;10.0;57.96;579.6;1;Em andamento;Sem benefício;madeira_construcao;produto;construcao;baixa;;;;;;
45138088000140-1-000006/2026;7;3547205;Santana da Ponte Pensa;0;2026;010;6;Pregão - Eletrônico;0;1;Divulgada no PNCP;0;REGISTRO DE PREÇOS PARA FUTURA E EVENTUAL AQUISIÇÃO DE MATERIAIS DE CONSTRUÇÃO, COM FORNECIMENTO PARCELADO E DIÁRIO, PARA ATENDER AS NECESSIDADES DA SECRETARIA MUNICIPAL DE OBRAS E SERVIÇOS PÚBLICOS, CONFORME ESPECIFICAÇÕES DO TERMO DE REFERÊNCIA;2026-09-17T21:06:21;2026-09-30T08:00:00;https://bllcompras.com/Process/ProcessView?param1=[gkz]H/tegOZr6AVZa9JbGZBWyOa3KwKnTRb2q_NbzFk3/Fl/1NbGC1n6MEGDgn7HKM8fNPBvxFMU5sCvNv5CBcR1ozUIYiuzUApan8JFWNwmi7A=;MUNICIPIO DE SANTANA DA PONTE PENSA;Antiferrugem em embalagem de 300ML.;un;30.0;15.35;460.5;1;Em andamento;Sem benefício;madeira_construcao;produto;construcao;baixa;;;;;;
45138088000140-1-000006/2026;8;3547205;Santana da Ponte Pensa;0;2026;010;6;Pregão - Eletrônico;0;1;Divulgada no PNCP;0;REGISTRO DE PREÇOS PARA FUTURA E EVENTUAL AQUISIÇÃO DE MATERIAIS DE CONSTRUÇÃO, COM FORNECIMENTO PARCELADO E DIÁRIO, PARA ATENDER AS NECESSIDADES DA SECRETARIA MUNICIPAL DE OBRAS E SERVIÇOS PÚBLICOS, CONFORME ESPECIFICAÇÕES DO TERMO DE REFERÊNCIA;2026-09-17T21:06:21;2026-09-30T08:00:00;https://bllcompras.com/Process/ProcessView?param1=[gkz]H/tegOZr6AVZa9JbGZBWyOa3KwKnTRb2q_NbzFk3/Fl/1NbGC1n6MEGDgn7HKM8fNPBvxFMU5sCvNv5CBcR1ozUIYiuzUApan8JFWNwmi7A=;MUNICIPIO DE SANTANA DA PONTE PENSA;Aplicador para SiliconeEspecificações Técnicas: :: Material: Aço carbono:: Acabamento: Pintado:: Cor: marelo e preto:: Tipo do refil: Tubo de 300 g/ 305 ml;UNID.;5.0;30.65;153.25;1;Em andamento;Sem benefício;madeira_construcao;produto;construcao;baixa;;;;;;
45138088000140-1-000006/2026;9;3547205;Santana da Ponte Pensa;0;2026;010;6;Pregão - Eletrônico;0;1;Divulgada no PNCP;0;REGISTRO DE PREÇOS PARA FUTURA E EVENTUAL AQUISIÇÃO DE MATERIAIS DE CONSTRUÇÃO, COM FORNECIMENTO PARCELADO E DIÁRIO, PARA ATENDER AS NECESSIDADES DA SECRETARIA MUNICIPAL DE OBRAS E SERVIÇOS PÚBLICOS, CONFORME ESPECIFICAÇÕES DO TERMO DE REFERÊNCIA;2026-09-17T21:06:21;2026-09-30T08:00:00;https://bllcompras.com/Process/ProcessView?param1=[gkz]H/tegOZr6AVZa9JbGZBWyOa3KwKnTRb2q_NbzFk3/Fl/1NbGC1n6MEGDgn7HKM8fNPBvxFMU5sCvNv5CBcR1ozUIYiuzUApan8JFWNwmi7A=;MUNICIPIO DE SANTANA DA PONTE PENSA;Arame Galvanizado, Número 14 BGW, 2,11 mm, número 14 BGW, 2,11 mm, aplicação construção civil.;UND;10.0;29.38;293.8;1;Em andamento;Sem benefício;madeira_construcao;produto;construcao;baixa;;;;;;
45138088000140-1-000006/2026;10;3547205;Santana da Ponte Pensa;0;2026;010;6;Pregão - Eletrônico;0;1;Divulgada no PNCP;0;REGISTRO DE PREÇOS PARA FUTURA E EVENTUAL AQUISIÇÃO DE MATERIAIS DE CONSTRUÇÃO, COM FORNECIMENTO PARCELADO E DIÁRIO, PARA ATENDER AS NECESSIDADES DA SECRETARIA MUNICIPAL DE OBRAS E SERVIÇOS PÚBLICOS, CONFORME ESPECIFICAÇÕES DO TERMO DE REFERÊNCIA;2026-09-17T21:06:21;2026-09-30T08:00:00;https://bllcompras.com/Process/ProcessView?param1=[gkz]H/tegOZr6AVZa9JbGZBWyOa3KwKnTRb2q_NbzFk3/Fl/1NbGC1n6MEGDgn7HKM8fNPBvxFMU5sCvNv5CBcR1ozUIYiuzUApan8JFWNwmi7A=;MUNICIPIO DE SANTANA DA PONTE PENSA;Arame Galvanizado, nº 16 BGW, 1,65 mm, número 16 BGW, 1,65 mm, aplicação construção civil, maleável e com alta resistência a corrosão.;UND;15.0;30.94;464.1;1;Em andamento;Sem benefício;madeira_construcao;produto;construcao;baixa;;;;;;
45138088000140-1-000007/2026;1;3547205;Santana da Ponte Pensa;0;2026;013;6;Pregão - Eletrônico;0;1;Divulgada no PNCP;0;"REGISTRO DE PREÇOS PARA FUTURA AQUISIÇÃO DE GÊNEROS ALIMENTÍCIOS
PERECÍVEIS E NÃO PERECÍVEIS, COM FORNECIMENTO PARCELADO E DIÁRIO, PARA
ATENDER AS NECESSIDADES DA ADMINISTRAÇÃO PUBLICA E SUAS SECRETARIAS MUNICIPAIS, CONFORME ESPECIFICAÇÕES DO TERMO DE REFERÊNCIA.";2026-09-21T07:53:57;2026-10-07T07:59:00;https://bllcompras.com/Process/ProcessView?param1=[gkz]DItPeulUhwOAxEtb5RRBzvCrE3csjOK9Zl_opT11LeszHpg8FaOt5/SSpMisJnw5ZKmZ1WzC8ConrTcoDRu6ECqOOiFLQRXzohUJndBW8EU=;MUNICIPIO DE SANTANA DA PONTE PENSA;ABACATE de primeira qualidade, tamanho e coloração uniformes, Devendo ser bem desenvolvido e maduro, com polpa firme e intacta, sem danos físicos e mecânicos oriundos do manuseio e transporte. Acondicionada em caixas plásticas.;KG;70.0;7.82;547.4;1;Em andamento;Sem benefício;textil_uniforme;produto;vestuario;media;;;;;;
45138088000140-1-000007/2026;2;3547205;Santana da Ponte Pensa;0;2026;013;6;Pregão - Eletrônico;0;1;Divulgada no PNCP;0;"REGISTRO DE PREÇOS PARA FUTURA AQUISIÇÃO DE GÊNEROS ALIMENTÍCIOS
PERECÍVEIS E NÃO PERECÍVEIS, COM FORNECIMENTO PARCELADO E DIÁRIO, PARA
ATENDER AS NECESSIDADES DA ADMINISTRAÇÃO PUBLICA E SUAS SECRETARIAS MUNICIPAIS, CONFORME ESPECIFICAÇÕES DO TERMO DE REFERÊNCIA.";2026-09-21T07:53:57;2026-10-07T07:59:00;https://bllcompras.com/Process/ProcessView?param1=[gkz]DItPeulUhwOAxEtb5RRBzvCrE3csjOK9Zl_opT11LeszHpg8FaOt5/SSpMisJnw5ZKmZ1WzC8ConrTcoDRu6ECqOOiFLQRXzohUJndBW8EU=;MUNICIPIO DE SANTANA DA PONTE PENSA;ABACAXI PODENDO SER TIPO PEROLA DE PRIMEIRA QUALIDADE, IN NATURA, SEM DEFEITOS, BEM DESENVOLVIDAS E APRESENTANDO GRAU DE MATURAÇÃO QUE PERMITA SUPORTAR A MANIPULAÇÃO, A POLPA DEVE ESTAR FIRME E INTACTA, O TRANSPORTE E A CONSERVAÇÃO EM CONDIÇÕES ADEQUADAS, DE SABOR DOCE E SUCULENTO, PESANDO APROXIMADAMENTE 600 GRAMAS OU MAIS CADA UNIDADE DA FRUTA, COM AUSENCIA DE SUJIDADES, PARASITAS E LARVAS;UNID.;60.0;11.83;709.8;1;Em andamento;Sem benefício;racao_agropecuaria;produto;agropecuaria;baixa;;;;;;
45138088000140-1-000007/2026;3;3547205;Santana da Ponte Pensa;0;2026;013;6;Pregão - Eletrônico;0;1;Divulgada no PNCP;0;"REGISTRO DE PREÇOS PARA FUTURA AQUISIÇÃO DE GÊNEROS ALIMENTÍCIOS
PERECÍVEIS E NÃO PERECÍVEIS, COM FORNECIMENTO PARCELADO E DIÁRIO, PARA
ATENDER AS NECESSIDADES DA ADMINISTRAÇÃO PUBLICA E SUAS SECRETARIAS MUNICIPAIS, CONFORME ESPECIFICAÇÕES DO TERMO DE REFERÊNCIA.";2026-09-21T07:53:57;2026-10-07T07:59:00;https://bllcompras.com/Process/ProcessView?param1=[gkz]DItPeulUhwOAxEtb5RRBzvCrE3csjOK9Zl_opT11LeszHpg8FaOt5/SSpMisJnw5ZKmZ1WzC8ConrTcoDRu6ECqOOiFLQRXzohUJndBW8EU=;MUNICIPIO DE SANTANA DA PONTE PENSA;Açafrão: Condimento, apresentação industrial, matéria-prima açafrão, aspecto físico pó. Validade mínima 6 meses a partir da data de entrega do produto. Embalagem de no mínimo 40gr.;PCT;30.0;4.98;149.4;1;Em andamento;Sem benefício;madeira_construcao;produto;construcao;baixa;;;;;;
45138088000140-1-000007/2026;4;3547205;Santana da Ponte Pensa;0;2026;013;6;Pregão - Eletrônico;0;1;Divulgada no PNCP;0;"REGISTRO DE PREÇOS PARA FUTURA AQUISIÇÃO DE GÊNEROS ALIMENTÍCIOS
PERECÍVEIS E NÃO PERECÍVEIS, COM FORNECIMENTO PARCELADO E DIÁRIO, PARA
ATENDER AS NECESSIDADES DA ADMINISTRAÇÃO PUBLICA E SUAS SECRETARIAS MUNICIPAIS, CONFORME ESPECIFICAÇÕES DO TERMO DE REFERÊNCIA.";2026-09-21T07:53:57;2026-10-07T07:59:00;https://bllcompras.com/Process/ProcessView?param1=[gkz]DItPeulUhwOAxEtb5RRBzvCrE3csjOK9Zl_opT11LeszHpg8FaOt5/SSpMisJnw5ZKmZ1WzC8ConrTcoDRu6ECqOOiFLQRXzohUJndBW8EU=;MUNICIPIO DE SANTANA DA PONTE PENSA;Achocolatado: Achocolatado em pó vitaminado. Deverá ser obtido de matérias primas sãs e limpas isentas de matérias terrosas, de parasitas, detritos animais, cascas de semente de cacau e outros detritos vegetais. Aspecto: pó homogêneo, cor próprio do tipo, cheiro característico e sabor doce, próprio. Com umidade máxima de 3%. Ingredientes: Açúcar, cacau em pó solúvel e sal refinado, não contém glúten. Embalagem de 400gr.;UNID.;660.0;12.38;8170.8;1;Em andamento;Sem benefício;generos_alimenticios;produto;alimentacao;media;;;;;;
45138088000140-1-000007/2026;5;3547205;Santana da Ponte Pensa;0;2026;013;6;Pregão - Eletrônico;0;1;Divulgada no PNCP;0;"REGISTRO DE PREÇOS PARA FUTURA AQUISIÇÃO DE GÊNEROS ALIMENTÍCIOS
PERECÍVEIS E NÃO PERECÍVEIS, COM FORNECIMENTO PARCELADO E DIÁRIO, PARA
ATENDER AS NECESSIDADES DA ADMINISTRAÇÃO PUBLICA E SUAS SECRETARIAS MUNICIPAIS, CONFORME ESPECIFICAÇÕES DO TERMO DE REFERÊNCIA.";2026-09-21T07:53:57;2026-10-07T07:59:00;https://bllcompras.com/Process/ProcessView?param1=[gkz]DItPeulUhwOAxEtb5RRBzvCrE3csjOK9Zl_opT11LeszHpg8FaOt5/SSpMisJnw5ZKmZ1WzC8ConrTcoDRu6ECqOOiFLQRXzohUJndBW8EU=;MUNICIPIO DE SANTANA DA PONTE PENSA;Açúcar Cristal: de origem vegetal, sacarose de cana-de-açúcar, de cor branca, granuloso fino e médio, isento de matéria terrosa, livre de umidade e fragmentos estranhos. Embalagem intacta de 5 KG, na embalagem deverá constar data de fabricação, data de validade e número de lote do produto. Validade mínima de 06 meses na data de entrega.;PCTE;1030.0;20.58;21197.4;1;Em andamento;Sem benefício;generos_alimenticios;produto;alimentacao;media;;;;;;
45138088000140-1-000007/2026;6;3547205;Santana da Ponte Pensa;0;2026;013;6;Pregão - Eletrônico;0;1;Divulgada no PNCP;0;"REGISTRO DE PREÇOS PARA FUTURA AQUISIÇÃO DE GÊNEROS ALIMENTÍCIOS
PERECÍVEIS E NÃO PERECÍVEIS, COM FORNECIMENTO PARCELADO E DIÁRIO, PARA
ATENDER AS NECESSIDADES DA ADMINISTRAÇÃO PUBLICA E SUAS SECRETARIAS MUNICIPAIS, CONFORME ESPECIFICAÇÕES DO TERMO DE REFERÊNCIA.";2026-09-21T07:53:57;2026-10-07T07:59:00;https://bllcompras.com/Process/ProcessView?param1=[gkz]DItPeulUhwOAxEtb5RRBzvCrE3csjOK9Zl_opT11LeszHpg8FaOt5/SSpMisJnw5ZKmZ1WzC8ConrTcoDRu6ECqOOiFLQRXzohUJndBW8EU=;MUNICIPIO DE SANTANA DA PONTE PENSA;"Açucar refinado 99,8% A 99,9% De Sacarose; 0,01% A 0,03% De Glucose E Frutose; 0,04% A 0,10% De Umidade; E 0,02% A 0,04% De Sais Minerais. Embalagem de 1kg.";KG;40.0;6.69;267.6;1;Em andamento;Sem benefício;generos_alimenticios;produto;alimentacao;media;;;;;;
45138088000140-1-000007/2026;7;3547205;Santana da Ponte Pensa;0;2026;013;6;Pregão - Eletrônico;0;1;Divulgada no PNCP;0;"REGISTRO DE PREÇOS PARA FUTURA AQUISIÇÃO DE GÊNEROS ALIMENTÍCIOS
PERECÍVEIS E NÃO PERECÍVEIS, COM FORNECIMENTO PARCELADO E DIÁRIO, PARA
ATENDER AS NECESSIDADES DA ADMINISTRAÇÃO PUBLICA E SUAS SECRETARIAS MUNICIPAIS, CONFORME ESPECIFICAÇÕES DO TERMO DE REFERÊNCIA.";2026-09-21T07:53:57;2026-10-07T07:59:00;https://bllcompras.com/Process/ProcessView?param1=[gkz]DItPeulUhwOAxEtb5RRBzvCrE3csjOK9Zl_opT11LeszHpg8FaOt5/SSpMisJnw5ZKmZ1WzC8ConrTcoDRu6ECqOOiFLQRXzohUJndBW8EU=;MUNICIPIO DE SANTANA DA PONTE PENSA;ADOÇANTE LIQUIDO EMABALAGEM 100ML;UN;18.0;7.29;131.22;1;Em andamento;Sem benefício;madeira_construcao;produto;construcao;baixa;;;;;;
45138088000140-1-000007/2026;8;3547205;Santana da Ponte Pensa;0;2026;013;6;Pregão - Eletrônico;0;1;Divulgada no PNCP;0;"REGISTRO DE PREÇOS PARA FUTURA AQUISIÇÃO DE GÊNEROS ALIMENTÍCIOS
PERECÍVEIS E NÃO PERECÍVEIS, COM FORNECIMENTO PARCELADO E DIÁRIO, PARA
ATENDER AS NECESSIDADES DA ADMINISTRAÇÃO PUBLICA E SUAS SECRETARIAS MUNICIPAIS, CONFORME ESPECIFICAÇÕES DO TERMO DE REFERÊNCIA.";2026-09-21T07:53:57;2026-10-07T07:59:00;https://bllcompras.com/Process/ProcessView?param1=[gkz]DItPeulUhwOAxEtb5RRBzvCrE3csjOK9Zl_opT11LeszHpg8FaOt5/SSpMisJnw5ZKmZ1WzC8ConrTcoDRu6ECqOOiFLQRXzohUJndBW8EU=;MUNICIPIO DE SANTANA DA PONTE PENSA;ALFACE DO TIPO COMUM, INTEIRA FISIOLOGICAMENTE DESENVOLVIDA, COM TODAS AS CARACTERISTICAS DA ESPECIE, DE COR VERDE, FOLHAS FIRMES E INTECTAS. NÃO DEVENDO CONTER FOLHAS MURCHAS. DEVEM APRESENTAR COLORAÇÃO E TAMANHOS UNIFORMES E TIPICOS DA VARIEDADE. NÃO SÃO PERMITIDOS DEFEITOS NAS VERDURAS QUE LHE ALTEREM AS CONFORMAÇÃO E APARENCIA. OS MAÇOS DE ALFACE DEVEM CONTER NO MINIMO TRES PÉS NA MONTAGEM DE TAMANHOS SUBSTANCIAIS. DEVEM SER EMBALADOS  EM SACOS PLASTICOS;MAÇOS;130.0;8.05;1046.5;1;Em andamento;Participação exclusiva para ME/EPP;hortifruti;produto;alimentacao;baixa;;;;;;
45138088000140-1-000007/2026;9;3547205;Santana da Ponte Pensa;0;2026;013;6;Pregão - Eletrônico;0;1;Divulgada no PNCP;0;"REGISTRO DE PREÇOS PARA FUTURA AQUISIÇÃO DE GÊNEROS ALIMENTÍCIOS
PERECÍVEIS E NÃO PERECÍVEIS, COM FORNECIMENTO PARCELADO E DIÁRIO, PARA
ATENDER AS NECESSIDADES DA ADMINISTRAÇÃO PUBLICA E SUAS SECRETARIAS MUNICIPAIS, CONFORME ESPECIFICAÇÕES DO TERMO DE REFERÊNCIA.";2026-09-21T07:53:57;2026-10-07T07:59:00;https://bllcompras.com/Process/ProcessView?param1=[gkz]DItPeulUhwOAxEtb5RRBzvCrE3csjOK9Zl_opT11LeszHpg8FaOt5/SSpMisJnw5ZKmZ1WzC8ConrTcoDRu6ECqOOiFLQRXzohUJndBW8EU=;MUNICIPIO DE SANTANA DA PONTE PENSA;Alho a granel fresca e sã, colhido ao atingir a evolução completa e perfeito estado de desenvolvimento isento de danos e defeitos e natureza fisicia ou mecanica, terra aderente sujidades, parasitas  larvas e defensivos agricola;KG;160.0;37.83;6052.8;1;Em andamento;Sem benefício;madeira_construcao;produto;construcao;baixa;;;;;;
45138088000140-1-000007/2026;10;3547205;Santana da Ponte Pensa;0;2026;013;6;Pregão - Eletrônico;0;1;Divulgada no PNCP;0;"REGISTRO DE PREÇOS PARA FUTURA AQUISIÇÃO DE GÊNEROS ALIMENTÍCIOS
PERECÍVEIS E NÃO PERECÍVEIS, COM FORNECIMENTO PARCELADO E DIÁRIO, PARA
ATENDER AS NECESSIDADES DA ADMINISTRAÇÃO PUBLICA E SUAS SECRETARIAS MUNICIPAIS, CONFORME ESPECIFICAÇÕES DO TERMO DE REFERÊNCIA.";2026-09-21T07:53:57;2026-10-07T07:59:00;https://bllcompras.com/Process/ProcessView?param1=[gkz]DItPeulUhwOAxEtb5RRBzvCrE3csjOK9Zl_opT11LeszHpg8FaOt5/SSpMisJnw5ZKmZ1WzC8ConrTcoDRu6ECqOOiFLQRXzohUJndBW8EU=;MUNICIPIO DE SANTANA DA PONTE PENSA;Amido de milho: produto extraído do milho, fabricado a partir de matérias primas sãs e limpas isentas de matérias terrosas e parasitos, não podendo estar úmidos, fermentados ou rançosos. Sob a forma de pó, deverão produzir ligeira crepitação quando comprimido entre os dedos. Umidade máxima 14%p/p, acidez2,5%p/p, mínimo de amido 84%p/p e resíduo mineral fixo ,2%p/p., na embalagem deve constar data de fabricação e data de validade, número do lote do produto. Validade mínima de 06 meses na data de entrega. Embalagem intacta de 500gr;PCT;80.0;7.6;608.0;1;Em andamento;Sem benefício;medicamentos;produto;saude;bloqueado;;;;;;
46603395000118-1-000047/2026;1;3549003;São Francisco;0;2026;11;8;Dispensa;0;0;Divulgada no PNCP;0;Contratação de empresa especializada para a prestação de serviços de coleta, identificação, pesagem, transporte, tratamento e destinação final ambientalmente adequada dos Resíduos de Serviços de Saúde (RSS), dos Grupos A, B e E, gerados pelas unidades de saúde do Município de São Francisco/SP, incluindo o fornecimento de recipientes e/ou embalagens, quando necessários, bem como a emissão dos respectivos comprovantes e certificados de tratamento e destinação final, com remuneração calculada por q;2026-08-24T23:21:55;2026-08-31T08:45:00;https://bllcompras.com/Process/ProcessView?param1=[gkz]0iVVSkWr8lJw/a1CYlCoQPSYOj5D0cchmr3J9JeuZVTTkbP7mFs1NPj2tu5kgg747Z939gA51azfl_nmHxEYRVCoqyaoezW4TqtplMaaVk0=;MUNICIPIO DE SAO FRANCISCO;PRESTAÇAO DE SERVIÇOS DE COLETA, IDENTIFICAÇAO, PESAGEM, TRANSPORTE, TRATAMENTO E DESTINAÇAO FINAL AMBIENTALMENTE ADEQUADA DE RESIDUOS DE SERVIÇOS DE SAUDE (RSS) DOS GRUPOS A B E E, GERADOS PELAS UNIDADES DE SAUDE DO MUNICIPIO DE SAO FRANCISCO/SP, EM CONFORMIDADE COM A LEGISLAÇAO AMBIENTAL E SANITARIA VIGENTE, INCLUINDO EMISSAO DE CERTIFICADO DE TRATAMENTO E DESTINAÇAO FINAL. (EM MEDIA, 120KG POR MES X 12 MESES).;KG;1440.0;9.42;13564.8;1;Em andamento;Sem benefício;madeira_construcao;produto;construcao;baixa;;;;;;
46603395000118-1-000048/2026;1;3549003;São Francisco;0;2026;28;7;Pregão - Presencial;1;0;Divulgada no PNCP;0;Contratação de empresa especializada para a prestação de serviços contínuos de Psicologia Escolar e Educacional, mediante disponibilização de 01 (um) profissional com formação superior em Psicologia, devidamente inscrito e em situação regular perante o Conselho Regional de Psicologia – CRP, para atuação junto à Escola Municipal de Educação Infantil e Ensino Fundamental – EMEIF, no desenvolvimento de ações de natureza estritamente institucional, coletiva, preventiva e educacional, em conformidade com a Lei Federal nº 13.935/2019, com carga horária de 20 (vinte) horas semanais, pelo período de 12 (doze) meses, conforme condições, especificações e demais requisitos estabelecidos no Termo de Referência.;2026-09-16T10:30:40;2026-10-05T08:45:00;https://saofrancisco.sp.gov.br/licitacao/;MUNICIPIO DE SAO FRANCISCO;CONTRATAÇAO DE EMPRESA ESPECIALIZADA PARA A PRESTAÇAO DE SERVIÇOS CONTINUOS DE PSICOLOGIA ESCOLAR E EDUCACIONAL;Serv;12.0;2723.67;32684.04;1;Em andamento;Participação exclusiva para ME/EPP;nao_classificado;indefinido;indefinido;baixa;;;;;;
46603395000118-1-000050/2026;1;3549003;São Francisco;0;2026;29;6;Pregão - Eletrônico;0;1;Divulgada no PNCP;0;Registro de preço para aquisição futura e eventual de materiais de expediente e de escritório, pelo período de 12 (doze) meses, destinados ao atendimento das necessidades dos diversos setores da Administração Pública Municipal de São Francisco/SP, conforme especificações e quantidades estabelecidas no Termo de Referência.;2026-09-18T14:03:59;2026-10-08T08:45:00;https://bllcompras.com/Process/ProcessView?param1=[gkz]VQoM5bv68bgoQ0hFwlEK4JXzeNKzis_/OUU5NepWm9Y2C5mm9u1m_s3IN1IMKmmnsPB50YT40YQX8PMgLGk2mguoZrL_KSZGAzP1dNLc10s=;MUNICIPIO DE SAO FRANCISCO;Medidas de 3,6 x 200mm, na cor branca. Deve ser entregue em embalagem lacrada, sem deformidades ou defeitos que comprometam a integridade do produto. Com 100 unidades;un;1.0;15.88;15.88;1;Em andamento;Sem benefício;racao_agropecuaria;produto;agropecuaria;baixa;;;;;;
46603395000118-1-000050/2026;2;3549003;São Francisco;0;2026;29;6;Pregão - Eletrônico;0;1;Divulgada no PNCP;0;Registro de preço para aquisição futura e eventual de materiais de expediente e de escritório, pelo período de 12 (doze) meses, destinados ao atendimento das necessidades dos diversos setores da Administração Pública Municipal de São Francisco/SP, conforme especificações e quantidades estabelecidas no Termo de Referência.;2026-09-18T14:03:59;2026-10-08T08:45:00;https://bllcompras.com/Process/ProcessView?param1=[gkz]VQoM5bv68bgoQ0hFwlEK4JXzeNKzis_/OUU5NepWm9Y2C5mm9u1m_s3IN1IMKmmnsPB50YT40YQX8PMgLGk2mguoZrL_KSZGAzP1dNLc10s=;MUNICIPIO DE SAO FRANCISCO;13,4 X 19,2 - CM Gramatura: 56 g/m² - Número de folhas: 176 folhas;UN;15.0;32.67;490.05;1;Em andamento;Sem benefício;racao_agropecuaria;produto;agropecuaria;baixa;;;;;;
46603395000118-1-000050/2026;3;3549003;São Francisco;0;2026;29;6;Pregão - Eletrônico;0;1;Divulgada no PNCP;0;Registro de preço para aquisição futura e eventual de materiais de expediente e de escritório, pelo período de 12 (doze) meses, destinados ao atendimento das necessidades dos diversos setores da Administração Pública Municipal de São Francisco/SP, conforme especificações e quantidades estabelecidas no Termo de Referência.;2026-09-18T14:03:59;2026-10-08T08:45:00;https://bllcompras.com/Process/ProcessView?param1=[gkz]VQoM5bv68bgoQ0hFwlEK4JXzeNKzis_/OUU5NepWm9Y2C5mm9u1m_s3IN1IMKmmnsPB50YT40YQX8PMgLGk2mguoZrL_KSZGAzP1dNLc10s=;MUNICIPIO DE SAO FRANCISCO;Alfinete tipo de segurança Feito de metal, niquelado, na COR PRATA, Nº00, de aprox. 25mm, entregue em CAIXA de 100 unidades. Deve ser entregue em embalagem lacrada, sem deformidades ou defeitos que comprometam a integridade do produto.;PC;1.0;7.24;7.24;1;Em andamento;Sem benefício;racao_agropecuaria;produto;agropecuaria;baixa;;;;;;
46603395000118-1-000050/2026;4;3549003;São Francisco;0;2026;29;6;Pregão - Eletrônico;0;1;Divulgada no PNCP;0;Registro de preço para aquisição futura e eventual de materiais de expediente e de escritório, pelo período de 12 (doze) meses, destinados ao atendimento das necessidades dos diversos setores da Administração Pública Municipal de São Francisco/SP, conforme especificações e quantidades estabelecidas no Termo de Referência.;2026-09-18T14:03:59;2026-10-08T08:45:00;https://bllcompras.com/Process/ProcessView?param1=[gkz]VQoM5bv68bgoQ0hFwlEK4JXzeNKzis_/OUU5NepWm9Y2C5mm9u1m_s3IN1IMKmmnsPB50YT40YQX8PMgLGk2mguoZrL_KSZGAzP1dNLc10s=;MUNICIPIO DE SAO FRANCISCO;Algodão Hidrófilo em Rolo, material 100% algodão, na cor Branca, embalagem de papelão contendo 50g. Deve ser entregue em embalagem lacrada, sem deformidades ou defeitos que comprometam a integridade do produto. Deve ser entregue em embalagem lacrada, sem deformidades ou defeitos que comprometam a integridade do produto, com selo INMETRO.;UN;50.0;5.15;257.5;1;Em andamento;Sem benefício;racao_agropecuaria;produto;agropecuaria;baixa;;;;;;
46603395000118-1-000050/2026;5;3549003;São Francisco;0;2026;29;6;Pregão - Eletrônico;0;1;Divulgada no PNCP;0;Registro de preço para aquisição futura e eventual de materiais de expediente e de escritório, pelo período de 12 (doze) meses, destinados ao atendimento das necessidades dos diversos setores da Administração Pública Municipal de São Francisco/SP, conforme especificações e quantidades estabelecidas no Termo de Referência.;2026-09-18T14:03:59;2026-10-08T08:45:00;https://bllcompras.com/Process/ProcessView?param1=[gkz]VQoM5bv68bgoQ0hFwlEK4JXzeNKzis_/OUU5NepWm9Y2C5mm9u1m_s3IN1IMKmmnsPB50YT40YQX8PMgLGk2mguoZrL_KSZGAzP1dNLc10s=;MUNICIPIO DE SAO FRANCISCO;tamanho nº 03, medindo 6,7x 11CM , em formato retangular, Material externo de plastico, e material da almofada  de esponja absorvente. Deve ser entregue em embalagem lacrada, sem deformidades ou defeitos que comprometam a integridade do produto.;UN;31.0;8.03;248.93;1;Em andamento;Sem benefício;racao_agropecuaria;produto;agropecuaria;baixa;;;;;;
46603395000118-1-000050/2026;6;3549003;São Francisco;0;2026;29;6;Pregão - Eletrônico;0;1;Divulgada no PNCP;0;Registro de preço para aquisição futura e eventual de materiais de expediente e de escritório, pelo período de 12 (doze) meses, destinados ao atendimento das necessidades dos diversos setores da Administração Pública Municipal de São Francisco/SP, conforme especificações e quantidades estabelecidas no Termo de Referência.;2026-09-18T14:03:59;2026-10-08T08:45:00;https://bllcompras.com/Process/ProcessView?param1=[gkz]VQoM5bv68bgoQ0hFwlEK4JXzeNKzis_/OUU5NepWm9Y2C5mm9u1m_s3IN1IMKmmnsPB50YT40YQX8PMgLGk2mguoZrL_KSZGAzP1dNLc10s=;MUNICIPIO DE SAO FRANCISCO;Encaixe para 2 marcadores. Com feltro e imã. Atóxico. Composto de Resina termoplástica e feltro. Comprimento: 26mm. Largura 142mm. Diâmetro: 55mm, ótima apagabilidade e durabilidade.  Deve ser entregue em embalagem lacrada, sem deformidades ou defeitos que comprometam a integridade do produto.;UN;2.0;7.42;14.84;1;Em andamento;Sem benefício;racao_agropecuaria;produto;agropecuaria;baixa;;;;;;
46603395000118-1-000050/2026;7;3549003;São Francisco;0;2026;29;6;Pregão - Eletrônico;0;1;Divulgada no PNCP;0;Registro de preço para aquisição futura e eventual de materiais de expediente e de escritório, pelo período de 12 (doze) meses, destinados ao atendimento das necessidades dos diversos setores da Administração Pública Municipal de São Francisco/SP, conforme especificações e quantidades estabelecidas no Termo de Referência.;2026-09-18T14:03:59;2026-10-08T08:45:00;https://bllcompras.com/Process/ProcessView?param1=[gkz]VQoM5bv68bgoQ0hFwlEK4JXzeNKzis_/OUU5NepWm9Y2C5mm9u1m_s3IN1IMKmmnsPB50YT40YQX8PMgLGk2mguoZrL_KSZGAzP1dNLc10s=;MUNICIPIO DE SAO FRANCISCO;Apontador de um furo, com depósito vertical, composto por corpo de plástico e lâmina temperada e afiada, de boa durabilidade e facilidade ao apontar, contendo tamanho de 5,5CMX2,5CM e  fornecido em caixa com 24 unidades, com cores sortidas. Deve ser entregue em embalagem lacrada, sem deformidades ou defeitos que comprometam a integridade do produto, com selo INMETRO .; CX;11.0;15.58;171.38;1;Em andamento;Sem benefício;racao_agropecuaria;produto;agropecuaria;baixa;;;;;;
46603395000118-1-000050/2026;8;3549003;São Francisco;0;2026;29;6;Pregão - Eletrônico;0;1;Divulgada no PNCP;0;Registro de preço para aquisição futura e eventual de materiais de expediente e de escritório, pelo período de 12 (doze) meses, destinados ao atendimento das necessidades dos diversos setores da Administração Pública Municipal de São Francisco/SP, conforme especificações e quantidades estabelecidas no Termo de Referência.;2026-09-18T14:03:59;2026-10-08T08:45:00;https://bllcompras.com/Process/ProcessView?param1=[gkz]VQoM5bv68bgoQ0hFwlEK4JXzeNKzis_/OUU5NepWm9Y2C5mm9u1m_s3IN1IMKmmnsPB50YT40YQX8PMgLGk2mguoZrL_KSZGAzP1dNLc10s=;MUNICIPIO DE SAO FRANCISCO;ARQUIVO MORTO PLASTICO POLIONDA C/ AREAS DE PICOTE DE FACIL REMOÇAO C/ LACRE E FECHAMENTO DE CAIXA DEMARCADOS TAMANHO G;UN;33.0;8.57;282.81;1;Em andamento;Sem benefício;racao_agropecuaria;produto;agropecuaria;baixa;;;;;;
46603395000118-1-000050/2026;9;3549003;São Francisco;0;2026;29;6;Pregão - Eletrônico;0;1;Divulgada no PNCP;0;Registro de preço para aquisição futura e eventual de materiais de expediente e de escritório, pelo período de 12 (doze) meses, destinados ao atendimento das necessidades dos diversos setores da Administração Pública Municipal de São Francisco/SP, conforme especificações e quantidades estabelecidas no Termo de Referência.;2026-09-18T14:03:59;2026-10-08T08:45:00;https://bllcompras.com/Process/ProcessView?param1=[gkz]VQoM5bv68bgoQ0hFwlEK4JXzeNKzis_/OUU5NepWm9Y2C5mm9u1m_s3IN1IMKmmnsPB50YT40YQX8PMgLGk2mguoZrL_KSZGAzP1dNLc10s=;MUNICIPIO DE SAO FRANCISCO;BANDEJA PARA PAPEIS COM TRES NIVEIS ARTICULAVEIS, TAMANHO OFICIO, DISPOSIÇAO VERTICAL, MATERIAL PRODUZIDO EM POLISTILENO.;UNID;3.0;27.21;81.63;1;Em andamento;Sem benefício;racao_agropecuaria;produto;agropecuaria;baixa;;;;;;
46603395000118-1-000050/2026;10;3549003;São Francisco;0;2026;29;6;Pregão - Eletrônico;0;1;Divulgada no PNCP;0;Registro de preço para aquisição futura e eventual de materiais de expediente e de escritório, pelo período de 12 (doze) meses, destinados ao atendimento das necessidades dos diversos setores da Administração Pública Municipal de São Francisco/SP, conforme especificações e quantidades estabelecidas no Termo de Referência.;2026-09-18T14:03:59;2026-10-08T08:45:00;https://bllcompras.com/Process/ProcessView?param1=[gkz]VQoM5bv68bgoQ0hFwlEK4JXzeNKzis_/OUU5NepWm9Y2C5mm9u1m_s3IN1IMKmmnsPB50YT40YQX8PMgLGk2mguoZrL_KSZGAzP1dNLc10s=;MUNICIPIO DE SAO FRANCISCO;ROLO 1KGBarbante, na cor cru, com peso de 1KG, com material 85% Algodão 15%outras Fibras, de nº 06. Deve ser entregue em embalagem lacrada, sem deformidades ou defeitos que comprometam a integridade do produto;UN;15.0;26.88;403.2;1;Em andamento;Sem benefício;racao_agropecuaria;produto;agropecuaria;baixa;;;;;;
46603395000118-1-000051/2026;1;3549003;São Francisco;0;2026;30;7;Pregão - Presencial;1;0;Divulgada no PNCP;0;Contratação de empresa(s) especializada(s) para a prestação de serviços contínuos de transporte escolar, mediante a disponibilização de 01 (um) Motorista de Transporte Escolar e 01 (um) Monitor de Transporte Escolar, devidamente qualificados e habilitados para o exercício das respectivas funções, com carga horária de 40 (quarenta) horas semanais cada, pelo período de 12 (doze) meses, observadas as necessidades da Administração e o calendário escolar, visando atender às demandas da Secretaria Municipal de Educação de São Francisco/SP, conforme condições, especificações e demais exigências estabelecidas no Termo de Referência.;2026-09-18T16:24:58;2026-10-06T08:45:00;https://saofrancisco.sp.gov.br/licitacao/;MUNICIPIO DE SAO FRANCISCO;PRESTAÇAO DE SERVIÇOS DE 01 (UM) PROFISSIONAL PARA ATUAR COMO MONITOR DE TRANSPORTE ESCOLAR;SERV;12.0;1700.0;20400.0;1;Em andamento;Não se aplica;servico_transporte;servico;logistica;baixa;;;;;;
46603395000118-1-000051/2026;2;3549003;São Francisco;0;2026;30;7;Pregão - Presencial;1;0;Divulgada no PNCP;0;Contratação de empresa(s) especializada(s) para a prestação de serviços contínuos de transporte escolar, mediante a disponibilização de 01 (um) Motorista de Transporte Escolar e 01 (um) Monitor de Transporte Escolar, devidamente qualificados e habilitados para o exercício das respectivas funções, com carga horária de 40 (quarenta) horas semanais cada, pelo período de 12 (doze) meses, observadas as necessidades da Administração e o calendário escolar, visando atender às demandas da Secretaria Municipal de Educação de São Francisco/SP, conforme condições, especificações e demais exigências estabelecidas no Termo de Referência.;2026-09-18T16:24:58;2026-10-06T08:45:00;https://saofrancisco.sp.gov.br/licitacao/;MUNICIPIO DE SAO FRANCISCO;PRESTAÇAO DE SERVIÇOS DE 01 (UM) PROFISSIONAL PARA ATUAR COMO MOTORISTA DE TRANSPORTE ESCOLAR;SERV;12.0;2500.0;30000.0;1;Em andamento;Não se aplica;servico_transporte;servico;logistica;baixa;;;;;;
45116712000109-1-000049/2026;1;3549201;São João das Duas Pontes;0;2026;20;6;Pregão - Eletrônico;0;1;Divulgada no PNCP;0;ELABORAÇÃO DE ATA DE REGISTRO DE PREÇOS PARA FUTURA E EVENTUAL AQUISIÇÃO DE GÊNEROS ALIMENTÍCIOS, DESTINADOS À ALIMENTAÇÃO ESCOLAR DAS ESCOLAS MUNICIPAIS E ESTADUAL, BEM COMO AO ATENDIMENTO DAS NECESSIDADES DAS DIVERSAS DIRETORIAS DO MUNICÍPIO QUE DEMANDEM O FORNECIMENTO DE GÊNEROS ALIMENTÍCIOS, PELO PERÍODO DE 12 (DOZE) MESES.;2026-08-20T08:27:43;2026-09-03T08:59:00;;MUNICIPIO DE SAO JOAO DAS DUAS PONTES;ACHOCOLATADO EM PÓ 400G;UN;486.0;9.73;4728.78;1;Em andamento;Sem benefício;generos_alimenticios;produto;alimentacao;media;;;;;;
45116712000109-1-000049/2026;2;3549201;São João das Duas Pontes;0;2026;20;6;Pregão - Eletrônico;0;1;Divulgada no PNCP;0;ELABORAÇÃO DE ATA DE REGISTRO DE PREÇOS PARA FUTURA E EVENTUAL AQUISIÇÃO DE GÊNEROS ALIMENTÍCIOS, DESTINADOS À ALIMENTAÇÃO ESCOLAR DAS ESCOLAS MUNICIPAIS E ESTADUAL, BEM COMO AO ATENDIMENTO DAS NECESSIDADES DAS DIVERSAS DIRETORIAS DO MUNICÍPIO QUE DEMANDEM O FORNECIMENTO DE GÊNEROS ALIMENTÍCIOS, PELO PERÍODO DE 12 (DOZE) MESES.;2026-08-20T08:27:43;2026-09-03T08:59:00;;MUNICIPIO DE SAO JOAO DAS DUAS PONTES;ARROZ  5KG;PCT;1390.0;24.53;34096.7;1;Em andamento;Sem benefício;generos_alimenticios;produto;alimentacao;media;;;;;;
45116712000109-1-000049/2026;3;3549201;São João das Duas Pontes;0;2026;20;6;Pregão - Eletrônico;0;1;Divulgada no PNCP;0;ELABORAÇÃO DE ATA DE REGISTRO DE PREÇOS PARA FUTURA E EVENTUAL AQUISIÇÃO DE GÊNEROS ALIMENTÍCIOS, DESTINADOS À ALIMENTAÇÃO ESCOLAR DAS ESCOLAS MUNICIPAIS E ESTADUAL, BEM COMO AO ATENDIMENTO DAS NECESSIDADES DAS DIVERSAS DIRETORIAS DO MUNICÍPIO QUE DEMANDEM O FORNECIMENTO DE GÊNEROS ALIMENTÍCIOS, PELO PERÍODO DE 12 (DOZE) MESES.;2026-08-20T08:27:43;2026-09-03T08:59:00;;MUNICIPIO DE SAO JOAO DAS DUAS PONTES;BISCOITO AGUA E SAL ZERO LACTOSE;PCT;100.0;7.9;790.0;1;Em andamento;Sem benefício;panificacao;produto;alimentacao;media;;;;;;
45116712000109-1-000049/2026;4;3549201;São João das Duas Pontes;0;2026;20;6;Pregão - Eletrônico;0;1;Divulgada no PNCP;0;ELABORAÇÃO DE ATA DE REGISTRO DE PREÇOS PARA FUTURA E EVENTUAL AQUISIÇÃO DE GÊNEROS ALIMENTÍCIOS, DESTINADOS À ALIMENTAÇÃO ESCOLAR DAS ESCOLAS MUNICIPAIS E ESTADUAL, BEM COMO AO ATENDIMENTO DAS NECESSIDADES DAS DIVERSAS DIRETORIAS DO MUNICÍPIO QUE DEMANDEM O FORNECIMENTO DE GÊNEROS ALIMENTÍCIOS, PELO PERÍODO DE 12 (DOZE) MESES.;2026-08-20T08:27:43;2026-09-03T08:59:00;;MUNICIPIO DE SAO JOAO DAS DUAS PONTES;BISCOITO MAISENA ZERO LACTOSE;PCT;100.0;6.82;682.0;1;Em andamento;Sem benefício;panificacao;produto;alimentacao;media;;;;;;
45116712000109-1-000049/2026;5;3549201;São João das Duas Pontes;0;2026;20;6;Pregão - Eletrônico;0;1;Divulgada no PNCP;0;ELABORAÇÃO DE ATA DE REGISTRO DE PREÇOS PARA FUTURA E EVENTUAL AQUISIÇÃO DE GÊNEROS ALIMENTÍCIOS, DESTINADOS À ALIMENTAÇÃO ESCOLAR DAS ESCOLAS MUNICIPAIS E ESTADUAL, BEM COMO AO ATENDIMENTO DAS NECESSIDADES DAS DIVERSAS DIRETORIAS DO MUNICÍPIO QUE DEMANDEM O FORNECIMENTO DE GÊNEROS ALIMENTÍCIOS, PELO PERÍODO DE 12 (DOZE) MESES.;2026-08-20T08:27:43;2026-09-03T08:59:00;;MUNICIPIO DE SAO JOAO DAS DUAS PONTES;BISCOITO SALGADO (POLVILHO) PCT 250G;PCT;852.0;16.64;14177.28;1;Em andamento;Sem benefício;panificacao;produto;alimentacao;media;;;;;;
45116712000109-1-000049/2026;6;3549201;São João das Duas Pontes;0;2026;20;6;Pregão - Eletrônico;0;1;Divulgada no PNCP;0;ELABORAÇÃO DE ATA DE REGISTRO DE PREÇOS PARA FUTURA E EVENTUAL AQUISIÇÃO DE GÊNEROS ALIMENTÍCIOS, DESTINADOS À ALIMENTAÇÃO ESCOLAR DAS ESCOLAS MUNICIPAIS E ESTADUAL, BEM COMO AO ATENDIMENTO DAS NECESSIDADES DAS DIVERSAS DIRETORIAS DO MUNICÍPIO QUE DEMANDEM O FORNECIMENTO DE GÊNEROS ALIMENTÍCIOS, PELO PERÍODO DE 12 (DOZE) MESES.;2026-08-20T08:27:43;2026-09-03T08:59:00;;MUNICIPIO DE SAO JOAO DAS DUAS PONTES;BISCOITO/ BOLACHA DE MAIZENA;PCT;586.0;7.13;4178.18;1;Em andamento;Sem benefício;panificacao;produto;alimentacao;media;;;;;;
45116712000109-1-000049/2026;7;3549201;São João das Duas Pontes;0;2026;20;6;Pregão - Eletrônico;0;1;Divulgada no PNCP;0;ELABORAÇÃO DE ATA DE REGISTRO DE PREÇOS PARA FUTURA E EVENTUAL AQUISIÇÃO DE GÊNEROS ALIMENTÍCIOS, DESTINADOS À ALIMENTAÇÃO ESCOLAR DAS ESCOLAS MUNICIPAIS E ESTADUAL, BEM COMO AO ATENDIMENTO DAS NECESSIDADES DAS DIVERSAS DIRETORIAS DO MUNICÍPIO QUE DEMANDEM O FORNECIMENTO DE GÊNEROS ALIMENTÍCIOS, PELO PERÍODO DE 12 (DOZE) MESES.;2026-08-20T08:27:43;2026-09-03T08:59:00;;MUNICIPIO DE SAO JOAO DAS DUAS PONTES;BOLACHA AGUA E SAL;PCT;578.0;7.19;4155.82;1;Em andamento;Sem benefício;generos_alimenticios;produto;alimentacao;media;;;;;;
45116712000109-1-000049/2026;8;3549201;São João das Duas Pontes;0;2026;20;6;Pregão - Eletrônico;0;1;Divulgada no PNCP;0;ELABORAÇÃO DE ATA DE REGISTRO DE PREÇOS PARA FUTURA E EVENTUAL AQUISIÇÃO DE GÊNEROS ALIMENTÍCIOS, DESTINADOS À ALIMENTAÇÃO ESCOLAR DAS ESCOLAS MUNICIPAIS E ESTADUAL, BEM COMO AO ATENDIMENTO DAS NECESSIDADES DAS DIVERSAS DIRETORIAS DO MUNICÍPIO QUE DEMANDEM O FORNECIMENTO DE GÊNEROS ALIMENTÍCIOS, PELO PERÍODO DE 12 (DOZE) MESES.;2026-08-20T08:27:43;2026-09-03T08:59:00;;MUNICIPIO DE SAO JOAO DAS DUAS PONTES;BOMBOM COBERTURA SABOR CHOCOLATE COM RECHEIO CREMOSO DE AMENDOIM E CASTANHA DE CAJU A PACOTE 1KG C/50UN;PCT;202.0;75.19;15188.38;1;Em andamento;Sem benefício;generos_alimenticios;produto;alimentacao;media;;;;;;
45116712000109-1-000049/2026;9;3549201;São João das Duas Pontes;0;2026;20;6;Pregão - Eletrônico;0;1;Divulgada no PNCP;0;ELABORAÇÃO DE ATA DE REGISTRO DE PREÇOS PARA FUTURA E EVENTUAL AQUISIÇÃO DE GÊNEROS ALIMENTÍCIOS, DESTINADOS À ALIMENTAÇÃO ESCOLAR DAS ESCOLAS MUNICIPAIS E ESTADUAL, BEM COMO AO ATENDIMENTO DAS NECESSIDADES DAS DIVERSAS DIRETORIAS DO MUNICÍPIO QUE DEMANDEM O FORNECIMENTO DE GÊNEROS ALIMENTÍCIOS, PELO PERÍODO DE 12 (DOZE) MESES.;2026-08-20T08:27:43;2026-09-03T08:59:00;;MUNICIPIO DE SAO JOAO DAS DUAS PONTES;CAIXA DE BOMBOM 251G;CX;383.0;19.28;7384.24;1;Em andamento;Sem benefício;generos_alimenticios;produto;alimentacao;media;;;;;;
45116712000109-1-000049/2026;10;3549201;São João das Duas Pontes;0;2026;20;6;Pregão - Eletrônico;0;1;Divulgada no PNCP;0;ELABORAÇÃO DE ATA DE REGISTRO DE PREÇOS PARA FUTURA E EVENTUAL AQUISIÇÃO DE GÊNEROS ALIMENTÍCIOS, DESTINADOS À ALIMENTAÇÃO ESCOLAR DAS ESCOLAS MUNICIPAIS E ESTADUAL, BEM COMO AO ATENDIMENTO DAS NECESSIDADES DAS DIVERSAS DIRETORIAS DO MUNICÍPIO QUE DEMANDEM O FORNECIMENTO DE GÊNEROS ALIMENTÍCIOS, PELO PERÍODO DE 12 (DOZE) MESES.;2026-08-20T08:27:43;2026-09-03T08:59:00;;MUNICIPIO DE SAO JOAO DAS DUAS PONTES;CALDO DE GALINHA CX C/ 10TUBOS;CX;31.0;32.96;1021.76;1;Em andamento;Sem benefício;generos_alimenticios;produto;alimentacao;media;;;;;;
45116712000109-1-000050/2026;1;3549201;São João das Duas Pontes;0;2026;23;6;Pregão - Eletrônico;0;1;Divulgada no PNCP;0;ELABORAÇÃO DE ATA DE REGISTRO DE PREÇOS PARA FUTURA E EVENTUAL AQUISIÇÃO PARCELADA DE MEDICAMENTOS, DESTINADOS AO ABASTECIMENTO DA FARMÁCIA MUNICIPAL E AO ATENDI-MENTO DOS PACIENTES USUÁRIOS DO SUS DO MUNICÍPIO DE SÃO JOÃO DAS DUAS PONTES/SP, PELO PERÍODO ESTIMADO DE 12 (DOZE) MESES’’.;2026-08-31T09:32:29;2026-09-15T08:59:00;;MUNICIPIO DE SAO JOAO DAS DUAS PONTES;CETOPROFENO 100MG;COMPRIMIDO.;10000.0;3.13;31300.0;1;Em andamento;Não se aplica;medicamentos;produto;saude;bloqueado;;;;;;
45116712000109-1-000050/2026;2;3549201;São João das Duas Pontes;0;2026;23;6;Pregão - Eletrônico;0;1;Divulgada no PNCP;0;ELABORAÇÃO DE ATA DE REGISTRO DE PREÇOS PARA FUTURA E EVENTUAL AQUISIÇÃO PARCELADA DE MEDICAMENTOS, DESTINADOS AO ABASTECIMENTO DA FARMÁCIA MUNICIPAL E AO ATENDI-MENTO DOS PACIENTES USUÁRIOS DO SUS DO MUNICÍPIO DE SÃO JOÃO DAS DUAS PONTES/SP, PELO PERÍODO ESTIMADO DE 12 (DOZE) MESES’’.;2026-08-31T09:32:29;2026-09-15T08:59:00;;MUNICIPIO DE SAO JOAO DAS DUAS PONTES;SALICILATO DE METILA 52,5MG/G, CÂNFORA 44,4MG/G, LEVOMENTOL 20,0MG/G. POMADA;BISNAGA;50.0;29.48;1474.0;1;Em andamento;Não se aplica;medicamentos;produto;saude;bloqueado;;;;;;
45116712000109-1-000050/2026;3;3549201;São João das Duas Pontes;0;2026;23;6;Pregão - Eletrônico;0;1;Divulgada no PNCP;0;ELABORAÇÃO DE ATA DE REGISTRO DE PREÇOS PARA FUTURA E EVENTUAL AQUISIÇÃO PARCELADA DE MEDICAMENTOS, DESTINADOS AO ABASTECIMENTO DA FARMÁCIA MUNICIPAL E AO ATENDI-MENTO DOS PACIENTES USUÁRIOS DO SUS DO MUNICÍPIO DE SÃO JOÃO DAS DUAS PONTES/SP, PELO PERÍODO ESTIMADO DE 12 (DOZE) MESES’’.;2026-08-31T09:32:29;2026-09-15T08:59:00;;MUNICIPIO DE SAO JOAO DAS DUAS PONTES;SALICILATO DE METILA 0,0333MG/ML, CÂNFORA 0,0333G/ML, LEVOMENTOL 0,0083G/ML. SOLUÇÃO AEROSOL.;FRASCO;50.0;42.14;2107.0;1;Em andamento;Não se aplica;medicamentos;produto;saude;bloqueado;;;;;;
45116712000109-1-000050/2026;4;3549201;São João das Duas Pontes;0;2026;23;6;Pregão - Eletrônico;0;1;Divulgada no PNCP;0;ELABORAÇÃO DE ATA DE REGISTRO DE PREÇOS PARA FUTURA E EVENTUAL AQUISIÇÃO PARCELADA DE MEDICAMENTOS, DESTINADOS AO ABASTECIMENTO DA FARMÁCIA MUNICIPAL E AO ATENDI-MENTO DOS PACIENTES USUÁRIOS DO SUS DO MUNICÍPIO DE SÃO JOÃO DAS DUAS PONTES/SP, PELO PERÍODO ESTIMADO DE 12 (DOZE) MESES’’.;2026-08-31T09:32:29;2026-09-15T08:59:00;;MUNICIPIO DE SAO JOAO DAS DUAS PONTES;TRAZODONA, CLORIDRATO 1500MG COMPRIMIDO DE LIBERAÇÃO PROLONGADA;COMPRIMIDO.;10000.0;6.02;60200.0;1;Em andamento;Não se aplica;medicamentos;produto;saude;bloqueado;;;;;;
45116712000109-1-000050/2026;5;3549201;São João das Duas Pontes;0;2026;23;6;Pregão - Eletrônico;0;1;Divulgada no PNCP;0;ELABORAÇÃO DE ATA DE REGISTRO DE PREÇOS PARA FUTURA E EVENTUAL AQUISIÇÃO PARCELADA DE MEDICAMENTOS, DESTINADOS AO ABASTECIMENTO DA FARMÁCIA MUNICIPAL E AO ATENDI-MENTO DOS PACIENTES USUÁRIOS DO SUS DO MUNICÍPIO DE SÃO JOÃO DAS DUAS PONTES/SP, PELO PERÍODO ESTIMADO DE 12 (DOZE) MESES’’.;2026-08-31T09:32:29;2026-09-15T08:59:00;;MUNICIPIO DE SAO JOAO DAS DUAS PONTES;AMOXICILINA CLAVULANATO DE POTÁSSIO 500MG + 125MG COMPRIMIDO;COMPRIMIDO.;4000.0;5.93;23720.0;1;Em andamento;Não se aplica;medicamentos;produto;saude;bloqueado;;;;;;
45116712000109-1-000051/2026;1;3549201;São João das Duas Pontes;0;2026;22;6;Pregão - Eletrônico;0;1;Divulgada no PNCP;0;ELABORAÇÃO DE ATA DE REGISTRO DE PREÇOS PARA FUTURA E EVENTUAL AQUISIÇÃO DE EQUIPAMENTOS E DISPOSITIVOS TECNOLÓGICOS, INCLUINDO ITENS FRACASSADOS E NOVOS, PARA ATENDIMENTO DAS NECESSIDADES DOS DIVERSOS SETORES DA PREFEITURA MUNICIPAL DE SÃO JOÃO DAS DUAS PONTES, CONFORME ESPECIFICAÇÕES E CONDIÇÕES ESTABELECIDAS NO TERMO DE REFERÊNCIA.;2026-08-31T10:15:45;2026-09-15T08:59:00;;MUNICIPIO DE SAO JOAO DAS DUAS PONTES;ABRAÇADEIRA AJUSTÁVEL BAP 4;UND;200.0;24.12;4824.0;1;Em andamento;Sem benefício;racao_agropecuaria;produto;agropecuaria;baixa;;;;;;
45116712000109-1-000051/2026;2;3549201;São João das Duas Pontes;0;2026;22;6;Pregão - Eletrônico;0;1;Divulgada no PNCP;0;ELABORAÇÃO DE ATA DE REGISTRO DE PREÇOS PARA FUTURA E EVENTUAL AQUISIÇÃO DE EQUIPAMENTOS E DISPOSITIVOS TECNOLÓGICOS, INCLUINDO ITENS FRACASSADOS E NOVOS, PARA ATENDIMENTO DAS NECESSIDADES DOS DIVERSOS SETORES DA PREFEITURA MUNICIPAL DE SÃO JOÃO DAS DUAS PONTES, CONFORME ESPECIFICAÇÕES E CONDIÇÕES ESTABELECIDAS NO TERMO DE REFERÊNCIA.;2026-08-31T10:15:45;2026-09-15T08:59:00;;MUNICIPIO DE SAO JOAO DAS DUAS PONTES;ABRAÇADEIRA DE NYLON / ENFORCA GATO 150 X 3,5MM;UND;200.0;4.75;950.0;1;Em andamento;Sem benefício;racao_agropecuaria;produto;agropecuaria;baixa;;;;;;
45116712000109-1-000051/2026;3;3549201;São João das Duas Pontes;0;2026;22;6;Pregão - Eletrônico;0;1;Divulgada no PNCP;0;ELABORAÇÃO DE ATA DE REGISTRO DE PREÇOS PARA FUTURA E EVENTUAL AQUISIÇÃO DE EQUIPAMENTOS E DISPOSITIVOS TECNOLÓGICOS, INCLUINDO ITENS FRACASSADOS E NOVOS, PARA ATENDIMENTO DAS NECESSIDADES DOS DIVERSOS SETORES DA PREFEITURA MUNICIPAL DE SÃO JOÃO DAS DUAS PONTES, CONFORME ESPECIFICAÇÕES E CONDIÇÕES ESTABELECIDAS NO TERMO DE REFERÊNCIA.;2026-08-31T10:15:45;2026-09-15T08:59:00;;MUNICIPIO DE SAO JOAO DAS DUAS PONTES;ALÇA PREFORMADA DE SERVIÇO PARA CABO MULTIPLEX 10MM;UND;16.0;5.29;84.64;1;Em andamento;Sem benefício;racao_agropecuaria;produto;agropecuaria;baixa;;;;;;
45116712000109-1-000051/2026;4;3549201;São João das Duas Pontes;0;2026;22;6;Pregão - Eletrônico;0;1;Divulgada no PNCP;0;ELABORAÇÃO DE ATA DE REGISTRO DE PREÇOS PARA FUTURA E EVENTUAL AQUISIÇÃO DE EQUIPAMENTOS E DISPOSITIVOS TECNOLÓGICOS, INCLUINDO ITENS FRACASSADOS E NOVOS, PARA ATENDIMENTO DAS NECESSIDADES DOS DIVERSOS SETORES DA PREFEITURA MUNICIPAL DE SÃO JOÃO DAS DUAS PONTES, CONFORME ESPECIFICAÇÕES E CONDIÇÕES ESTABELECIDAS NO TERMO DE REFERÊNCIA.;2026-08-31T10:15:45;2026-09-15T08:59:00;;MUNICIPIO DE SAO JOAO DAS DUAS PONTES;ARMAÇÃO PESADA 1X1 – SUPORTE PARA PRESS BOW;UND;8.0;33.2;265.6;1;Em andamento;Sem benefício;racao_agropecuaria;produto;agropecuaria;baixa;;;;;;
45116712000109-1-000051/2026;5;3549201;São João das Duas Pontes;0;2026;22;6;Pregão - Eletrônico;0;1;Divulgada no PNCP;0;ELABORAÇÃO DE ATA DE REGISTRO DE PREÇOS PARA FUTURA E EVENTUAL AQUISIÇÃO DE EQUIPAMENTOS E DISPOSITIVOS TECNOLÓGICOS, INCLUINDO ITENS FRACASSADOS E NOVOS, PARA ATENDIMENTO DAS NECESSIDADES DOS DIVERSOS SETORES DA PREFEITURA MUNICIPAL DE SÃO JOÃO DAS DUAS PONTES, CONFORME ESPECIFICAÇÕES E CONDIÇÕES ESTABELECIDAS NO TERMO DE REFERÊNCIA.;2026-08-31T10:15:45;2026-09-15T08:59:00;;MUNICIPIO DE SAO JOAO DAS DUAS PONTES;"ARRUELA ALUMINIO PARA ELETRODUTO 1.1/4""";UND;8.0;7.51;60.08;1;Em andamento;Sem benefício;racao_agropecuaria;produto;agropecuaria;baixa;;;;;;
45116712000109-1-000051/2026;6;3549201;São João das Duas Pontes;0;2026;22;6;Pregão - Eletrônico;0;1;Divulgada no PNCP;0;ELABORAÇÃO DE ATA DE REGISTRO DE PREÇOS PARA FUTURA E EVENTUAL AQUISIÇÃO DE EQUIPAMENTOS E DISPOSITIVOS TECNOLÓGICOS, INCLUINDO ITENS FRACASSADOS E NOVOS, PARA ATENDIMENTO DAS NECESSIDADES DOS DIVERSOS SETORES DA PREFEITURA MUNICIPAL DE SÃO JOÃO DAS DUAS PONTES, CONFORME ESPECIFICAÇÕES E CONDIÇÕES ESTABELECIDAS NO TERMO DE REFERÊNCIA.;2026-08-31T10:15:45;2026-09-15T08:59:00;;MUNICIPIO DE SAO JOAO DAS DUAS PONTES;"BUCHA ALUMINIO PARA ELETRODUTO 1.1/4""";UND;8.0;7.42;59.36;1;Em andamento;Sem benefício;racao_agropecuaria;produto;agropecuaria;baixa;;;;;;
45116712000109-1-000051/2026;7;3549201;São João das Duas Pontes;0;2026;22;6;Pregão - Eletrônico;0;1;Divulgada no PNCP;0;ELABORAÇÃO DE ATA DE REGISTRO DE PREÇOS PARA FUTURA E EVENTUAL AQUISIÇÃO DE EQUIPAMENTOS E DISPOSITIVOS TECNOLÓGICOS, INCLUINDO ITENS FRACASSADOS E NOVOS, PARA ATENDIMENTO DAS NECESSIDADES DOS DIVERSOS SETORES DA PREFEITURA MUNICIPAL DE SÃO JOÃO DAS DUAS PONTES, CONFORME ESPECIFICAÇÕES E CONDIÇÕES ESTABELECIDAS NO TERMO DE REFERÊNCIA.;2026-08-31T10:15:45;2026-09-15T08:59:00;;MUNICIPIO DE SAO JOAO DAS DUAS PONTES;CABO ALUMINIO DUPLEX NEUTRO ISOLADO 2 VIAS X 10MM;M;320.0;8.87;2838.4;1;Em andamento;Sem benefício;racao_agropecuaria;produto;agropecuaria;baixa;;;;;;
45116712000109-1-000051/2026;8;3549201;São João das Duas Pontes;0;2026;22;6;Pregão - Eletrônico;0;1;Divulgada no PNCP;0;ELABORAÇÃO DE ATA DE REGISTRO DE PREÇOS PARA FUTURA E EVENTUAL AQUISIÇÃO DE EQUIPAMENTOS E DISPOSITIVOS TECNOLÓGICOS, INCLUINDO ITENS FRACASSADOS E NOVOS, PARA ATENDIMENTO DAS NECESSIDADES DOS DIVERSOS SETORES DA PREFEITURA MUNICIPAL DE SÃO JOÃO DAS DUAS PONTES, CONFORME ESPECIFICAÇÕES E CONDIÇÕES ESTABELECIDAS NO TERMO DE REFERÊNCIA.;2026-08-31T10:15:45;2026-09-15T08:59:00;;MUNICIPIO DE SAO JOAO DAS DUAS PONTES;CABO DE COBRE ISOLADO 2,5MM² - 750V - PRETO;M;200.0;4.39;878.0;1;Em andamento;Sem benefício;racao_agropecuaria;produto;agropecuaria;baixa;;;;;;
45116712000109-1-000051/2026;9;3549201;São João das Duas Pontes;0;2026;22;6;Pregão - Eletrônico;0;1;Divulgada no PNCP;0;ELABORAÇÃO DE ATA DE REGISTRO DE PREÇOS PARA FUTURA E EVENTUAL AQUISIÇÃO DE EQUIPAMENTOS E DISPOSITIVOS TECNOLÓGICOS, INCLUINDO ITENS FRACASSADOS E NOVOS, PARA ATENDIMENTO DAS NECESSIDADES DOS DIVERSOS SETORES DA PREFEITURA MUNICIPAL DE SÃO JOÃO DAS DUAS PONTES, CONFORME ESPECIFICAÇÕES E CONDIÇÕES ESTABELECIDAS NO TERMO DE REFERÊNCIA.;2026-08-31T10:15:45;2026-09-15T08:59:00;;MUNICIPIO DE SAO JOAO DAS DUAS PONTES;CABO DE COBRE ISOLADO 6MM² - 750V - AZUL;M;200.0;5.11;1022.0;1;Em andamento;Sem benefício;racao_agropecuaria;produto;agropecuaria;baixa;;;;;;
45116712000109-1-000051/2026;10;3549201;São João das Duas Pontes;0;2026;22;6;Pregão - Eletrônico;0;1;Divulgada no PNCP;0;ELABORAÇÃO DE ATA DE REGISTRO DE PREÇOS PARA FUTURA E EVENTUAL AQUISIÇÃO DE EQUIPAMENTOS E DISPOSITIVOS TECNOLÓGICOS, INCLUINDO ITENS FRACASSADOS E NOVOS, PARA ATENDIMENTO DAS NECESSIDADES DOS DIVERSOS SETORES DA PREFEITURA MUNICIPAL DE SÃO JOÃO DAS DUAS PONTES, CONFORME ESPECIFICAÇÕES E CONDIÇÕES ESTABELECIDAS NO TERMO DE REFERÊNCIA.;2026-08-31T10:15:45;2026-09-15T08:59:00;;MUNICIPIO DE SAO JOAO DAS DUAS PONTES;CÂMERA - 4MP - 3,6MM  - COR BRANCO;UN;7.0;1043.38;7303.66;1;Em andamento;Sem benefício;racao_agropecuaria;produto;agropecuaria;baixa;;;;;;
45116712000109-1-000054/2026;1;3549201;São João das Duas Pontes;0;2026;24;6;Pregão - Eletrônico;0;1;Divulgada no PNCP;0;ELABORAÇÃO DE ATA DE REGISTRO DE PREÇOS PARA FUTURA E EVENTUAL AQUISIÇÃO DE PNEUS, CÂMARAS DE AR E PROTETORES DE CÂMARA DE AR, DESTINADOS À MANUTENÇÃO E À CONTINUIDADE OPERACIONAL DA FROTA DO MUNICÍPIO DE SÃO JOÃO DAS DUAS PONTES;2026-09-24T13:15:57;2026-10-08T08:59:00;;MUNICIPIO DE SAO JOAO DAS DUAS PONTES;CÂMARA DE AR 1000-20 (CAMINHÃO);UN;12.0;145.51;1746.12;1;Em andamento;Não se aplica;racao_agropecuaria;produto;agropecuaria;baixa;;;;;;
45116712000109-1-000054/2026;2;3549201;São João das Duas Pontes;0;2026;24;6;Pregão - Eletrônico;0;1;Divulgada no PNCP;0;ELABORAÇÃO DE ATA DE REGISTRO DE PREÇOS PARA FUTURA E EVENTUAL AQUISIÇÃO DE PNEUS, CÂMARAS DE AR E PROTETORES DE CÂMARA DE AR, DESTINADOS À MANUTENÇÃO E À CONTINUIDADE OPERACIONAL DA FROTA DO MUNICÍPIO DE SÃO JOÃO DAS DUAS PONTES;2026-09-24T13:15:57;2026-10-08T08:59:00;;MUNICIPIO DE SAO JOAO DAS DUAS PONTES;CÂMARA DE AR 7.50-16;UN;6.0;77.03;462.18;1;Em andamento;Não se aplica;racao_agropecuaria;produto;agropecuaria;baixa;;;;;;
45116712000109-1-000054/2026;3;3549201;São João das Duas Pontes;0;2026;24;6;Pregão - Eletrônico;0;1;Divulgada no PNCP;0;ELABORAÇÃO DE ATA DE REGISTRO DE PREÇOS PARA FUTURA E EVENTUAL AQUISIÇÃO DE PNEUS, CÂMARAS DE AR E PROTETORES DE CÂMARA DE AR, DESTINADOS À MANUTENÇÃO E À CONTINUIDADE OPERACIONAL DA FROTA DO MUNICÍPIO DE SÃO JOÃO DAS DUAS PONTES;2026-09-24T13:15:57;2026-10-08T08:59:00;;MUNICIPIO DE SAO JOAO DAS DUAS PONTES;CÂMARA DE AR 900-20 (CAMINHÃO);UN;6.0;115.82;694.92;1;Em andamento;Não se aplica;racao_agropecuaria;produto;agropecuaria;baixa;;;;;;
45116712000109-1-000054/2026;4;3549201;São João das Duas Pontes;0;2026;24;6;Pregão - Eletrônico;0;1;Divulgada no PNCP;0;ELABORAÇÃO DE ATA DE REGISTRO DE PREÇOS PARA FUTURA E EVENTUAL AQUISIÇÃO DE PNEUS, CÂMARAS DE AR E PROTETORES DE CÂMARA DE AR, DESTINADOS À MANUTENÇÃO E À CONTINUIDADE OPERACIONAL DA FROTA DO MUNICÍPIO DE SÃO JOÃO DAS DUAS PONTES;2026-09-24T13:15:57;2026-10-08T08:59:00;;MUNICIPIO DE SAO JOAO DAS DUAS PONTES;CÂMARA DE AR AGRÍCOLA 12.4-24;UN;6.0;193.49;1160.94;1;Em andamento;Não se aplica;racao_agropecuaria;produto;agropecuaria;baixa;;;;;;
45116712000109-1-000054/2026;5;3549201;São João das Duas Pontes;0;2026;24;6;Pregão - Eletrônico;0;1;Divulgada no PNCP;0;ELABORAÇÃO DE ATA DE REGISTRO DE PREÇOS PARA FUTURA E EVENTUAL AQUISIÇÃO DE PNEUS, CÂMARAS DE AR E PROTETORES DE CÂMARA DE AR, DESTINADOS À MANUTENÇÃO E À CONTINUIDADE OPERACIONAL DA FROTA DO MUNICÍPIO DE SÃO JOÃO DAS DUAS PONTES;2026-09-24T13:15:57;2026-10-08T08:59:00;;MUNICIPIO DE SAO JOAO DAS DUAS PONTES;CÂMARA DE AR AGRÍCOLA 18.4-30;UN;4.0;440.66;1762.64;1;Em andamento;Não se aplica;racao_agropecuaria;produto;agropecuaria;baixa;;;;;;
45116712000109-1-000054/2026;6;3549201;São João das Duas Pontes;0;2026;24;6;Pregão - Eletrônico;0;1;Divulgada no PNCP;0;ELABORAÇÃO DE ATA DE REGISTRO DE PREÇOS PARA FUTURA E EVENTUAL AQUISIÇÃO DE PNEUS, CÂMARAS DE AR E PROTETORES DE CÂMARA DE AR, DESTINADOS À MANUTENÇÃO E À CONTINUIDADE OPERACIONAL DA FROTA DO MUNICÍPIO DE SÃO JOÃO DAS DUAS PONTES;2026-09-24T13:15:57;2026-10-08T08:59:00;;MUNICIPIO DE SAO JOAO DAS DUAS PONTES;PNEU 1000R20;UN;12.0;2545.91;30550.92;1;Em andamento;Não se aplica;racao_agropecuaria;produto;agropecuaria;baixa;;;;;;
45116712000109-1-000054/2026;7;3549201;São João das Duas Pontes;0;2026;24;6;Pregão - Eletrônico;0;1;Divulgada no PNCP;0;ELABORAÇÃO DE ATA DE REGISTRO DE PREÇOS PARA FUTURA E EVENTUAL AQUISIÇÃO DE PNEUS, CÂMARAS DE AR E PROTETORES DE CÂMARA DE AR, DESTINADOS À MANUTENÇÃO E À CONTINUIDADE OPERACIONAL DA FROTA DO MUNICÍPIO DE SÃO JOÃO DAS DUAS PONTES;2026-09-24T13:15:57;2026-10-08T08:59:00;;MUNICIPIO DE SAO JOAO DAS DUAS PONTES;PNEU 1000R20;UN;12.0;2630.51;31566.12;1;Em andamento;Não se aplica;racao_agropecuaria;produto;agropecuaria;baixa;;;;;;
45116712000109-1-000054/2026;8;3549201;São João das Duas Pontes;0;2026;24;6;Pregão - Eletrônico;0;1;Divulgada no PNCP;0;ELABORAÇÃO DE ATA DE REGISTRO DE PREÇOS PARA FUTURA E EVENTUAL AQUISIÇÃO DE PNEUS, CÂMARAS DE AR E PROTETORES DE CÂMARA DE AR, DESTINADOS À MANUTENÇÃO E À CONTINUIDADE OPERACIONAL DA FROTA DO MUNICÍPIO DE SÃO JOÃO DAS DUAS PONTES;2026-09-24T13:15:57;2026-10-08T08:59:00;;MUNICIPIO DE SAO JOAO DAS DUAS PONTES;PNEU 12.4-24 R1;UN;6.0;1522.87;9137.22;1;Em andamento;Não se aplica;racao_agropecuaria;produto;agropecuaria;baixa;;;;;;
45116712000109-1-000054/2026;9;3549201;São João das Duas Pontes;0;2026;24;6;Pregão - Eletrônico;0;1;Divulgada no PNCP;0;ELABORAÇÃO DE ATA DE REGISTRO DE PREÇOS PARA FUTURA E EVENTUAL AQUISIÇÃO DE PNEUS, CÂMARAS DE AR E PROTETORES DE CÂMARA DE AR, DESTINADOS À MANUTENÇÃO E À CONTINUIDADE OPERACIONAL DA FROTA DO MUNICÍPIO DE SÃO JOÃO DAS DUAS PONTES;2026-09-24T13:15:57;2026-10-08T08:59:00;;MUNICIPIO DE SAO JOAO DAS DUAS PONTES;PNEU 12.5/80-18 R4;UN;4.0;2470.8;9883.2;1;Em andamento;Não se aplica;racao_agropecuaria;produto;agropecuaria;baixa;;;;;;
45116712000109-1-000054/2026;10;3549201;São João das Duas Pontes;0;2026;24;6;Pregão - Eletrônico;0;1;Divulgada no PNCP;0;ELABORAÇÃO DE ATA DE REGISTRO DE PREÇOS PARA FUTURA E EVENTUAL AQUISIÇÃO DE PNEUS, CÂMARAS DE AR E PROTETORES DE CÂMARA DE AR, DESTINADOS À MANUTENÇÃO E À CONTINUIDADE OPERACIONAL DA FROTA DO MUNICÍPIO DE SÃO JOÃO DAS DUAS PONTES;2026-09-24T13:15:57;2026-10-08T08:59:00;;MUNICIPIO DE SAO JOAO DAS DUAS PONTES;PNEU 14.00-24 E3/L3;UN;4.0;3137.91;12551.64;1;Em andamento;Não se aplica;racao_agropecuaria;produto;agropecuaria;baixa;;;;;;
45116712000109-1-000056/2026;1;3549201;São João das Duas Pontes;0;2026;24;6;Pregão - Eletrônico;0;1;Divulgada no PNCP;0;ELABORAÇÃO DE ATA DE REGISTRO DE PREÇOS PARA FUTURA E EVENTUAL AQUISIÇÃO DE PNEUS, CÂMARAS DE AR E PROTETORES DE CÂMARA DE AR, DESTINADOS À MANUTENÇÃO E À CONTINUIDADE OPERACIONAL DA FROTA DO MUNICÍPIO DE SÃO JOÃO DAS DUAS PONTES;2026-09-28T09:08:37;2026-10-13T08:59:00;;MUNICIPIO DE SAO JOAO DAS DUAS PONTES;CÂMARA DE AR 1000-20 (CAMINHÃO);UN;12.0;145.51;1746.12;1;Em andamento;Não se aplica;racao_agropecuaria;produto;agropecuaria;baixa;;;;;;
45116712000109-1-000056/2026;2;3549201;São João das Duas Pontes;0;2026;24;6;Pregão - Eletrônico;0;1;Divulgada no PNCP;0;ELABORAÇÃO DE ATA DE REGISTRO DE PREÇOS PARA FUTURA E EVENTUAL AQUISIÇÃO DE PNEUS, CÂMARAS DE AR E PROTETORES DE CÂMARA DE AR, DESTINADOS À MANUTENÇÃO E À CONTINUIDADE OPERACIONAL DA FROTA DO MUNICÍPIO DE SÃO JOÃO DAS DUAS PONTES;2026-09-28T09:08:37;2026-10-13T08:59:00;;MUNICIPIO DE SAO JOAO DAS DUAS PONTES;CÂMARA DE AR 7.50-16;UN;6.0;77.03;462.18;1;Em andamento;Não se aplica;racao_agropecuaria;produto;agropecuaria;baixa;;;;;;
45116712000109-1-000056/2026;3;3549201;São João das Duas Pontes;0;2026;24;6;Pregão - Eletrônico;0;1;Divulgada no PNCP;0;ELABORAÇÃO DE ATA DE REGISTRO DE PREÇOS PARA FUTURA E EVENTUAL AQUISIÇÃO DE PNEUS, CÂMARAS DE AR E PROTETORES DE CÂMARA DE AR, DESTINADOS À MANUTENÇÃO E À CONTINUIDADE OPERACIONAL DA FROTA DO MUNICÍPIO DE SÃO JOÃO DAS DUAS PONTES;2026-09-28T09:08:37;2026-10-13T08:59:00;;MUNICIPIO DE SAO JOAO DAS DUAS PONTES;CÂMARA DE AR 900-20 (CAMINHÃO);UN;6.0;115.82;694.92;1;Em andamento;Não se aplica;racao_agropecuaria;produto;agropecuaria;baixa;;;;;;
45116712000109-1-000056/2026;4;3549201;São João das Duas Pontes;0;2026;24;6;Pregão - Eletrônico;0;1;Divulgada no PNCP;0;ELABORAÇÃO DE ATA DE REGISTRO DE PREÇOS PARA FUTURA E EVENTUAL AQUISIÇÃO DE PNEUS, CÂMARAS DE AR E PROTETORES DE CÂMARA DE AR, DESTINADOS À MANUTENÇÃO E À CONTINUIDADE OPERACIONAL DA FROTA DO MUNICÍPIO DE SÃO JOÃO DAS DUAS PONTES;2026-09-28T09:08:37;2026-10-13T08:59:00;;MUNICIPIO DE SAO JOAO DAS DUAS PONTES;CÂMARA DE AR AGRÍCOLA 12.4-24;UN;6.0;193.49;1160.94;1;Em andamento;Não se aplica;racao_agropecuaria;produto;agropecuaria;baixa;;;;;;
45116712000109-1-000056/2026;5;3549201;São João das Duas Pontes;0;2026;24;6;Pregão - Eletrônico;0;1;Divulgada no PNCP;0;ELABORAÇÃO DE ATA DE REGISTRO DE PREÇOS PARA FUTURA E EVENTUAL AQUISIÇÃO DE PNEUS, CÂMARAS DE AR E PROTETORES DE CÂMARA DE AR, DESTINADOS À MANUTENÇÃO E À CONTINUIDADE OPERACIONAL DA FROTA DO MUNICÍPIO DE SÃO JOÃO DAS DUAS PONTES;2026-09-28T09:08:37;2026-10-13T08:59:00;;MUNICIPIO DE SAO JOAO DAS DUAS PONTES;CÂMARA DE AR AGRÍCOLA 18.4-30;UN;4.0;440.66;1762.64;1;Em andamento;Não se aplica;racao_agropecuaria;produto;agropecuaria;baixa;;;;;;
45116712000109-1-000056/2026;6;3549201;São João das Duas Pontes;0;2026;24;6;Pregão - Eletrônico;0;1;Divulgada no PNCP;0;ELABORAÇÃO DE ATA DE REGISTRO DE PREÇOS PARA FUTURA E EVENTUAL AQUISIÇÃO DE PNEUS, CÂMARAS DE AR E PROTETORES DE CÂMARA DE AR, DESTINADOS À MANUTENÇÃO E À CONTINUIDADE OPERACIONAL DA FROTA DO MUNICÍPIO DE SÃO JOÃO DAS DUAS PONTES;2026-09-28T09:08:37;2026-10-13T08:59:00;;MUNICIPIO DE SAO JOAO DAS DUAS PONTES;PNEU 1000R20;UN;12.0;2545.91;30550.92;1;Em andamento;Não se aplica;racao_agropecuaria;produto;agropecuaria;baixa;;;;;;
45116712000109-1-000056/2026;7;3549201;São João das Duas Pontes;0;2026;24;6;Pregão - Eletrônico;0;1;Divulgada no PNCP;0;ELABORAÇÃO DE ATA DE REGISTRO DE PREÇOS PARA FUTURA E EVENTUAL AQUISIÇÃO DE PNEUS, CÂMARAS DE AR E PROTETORES DE CÂMARA DE AR, DESTINADOS À MANUTENÇÃO E À CONTINUIDADE OPERACIONAL DA FROTA DO MUNICÍPIO DE SÃO JOÃO DAS DUAS PONTES;2026-09-28T09:08:37;2026-10-13T08:59:00;;MUNICIPIO DE SAO JOAO DAS DUAS PONTES;PNEU 1000R20;UN;12.0;2630.51;31566.12;1;Em andamento;Não se aplica;racao_agropecuaria;produto;agropecuaria;baixa;;;;;;
45116712000109-1-000056/2026;8;3549201;São João das Duas Pontes;0;2026;24;6;Pregão - Eletrônico;0;1;Divulgada no PNCP;0;ELABORAÇÃO DE ATA DE REGISTRO DE PREÇOS PARA FUTURA E EVENTUAL AQUISIÇÃO DE PNEUS, CÂMARAS DE AR E PROTETORES DE CÂMARA DE AR, DESTINADOS À MANUTENÇÃO E À CONTINUIDADE OPERACIONAL DA FROTA DO MUNICÍPIO DE SÃO JOÃO DAS DUAS PONTES;2026-09-28T09:08:37;2026-10-13T08:59:00;;MUNICIPIO DE SAO JOAO DAS DUAS PONTES;PNEU 12.4-24 R1;UN;6.0;1522.87;9137.22;1;Em andamento;Não se aplica;racao_agropecuaria;produto;agropecuaria;baixa;;;;;;
45116712000109-1-000056/2026;9;3549201;São João das Duas Pontes;0;2026;24;6;Pregão - Eletrônico;0;1;Divulgada no PNCP;0;ELABORAÇÃO DE ATA DE REGISTRO DE PREÇOS PARA FUTURA E EVENTUAL AQUISIÇÃO DE PNEUS, CÂMARAS DE AR E PROTETORES DE CÂMARA DE AR, DESTINADOS À MANUTENÇÃO E À CONTINUIDADE OPERACIONAL DA FROTA DO MUNICÍPIO DE SÃO JOÃO DAS DUAS PONTES;2026-09-28T09:08:37;2026-10-13T08:59:00;;MUNICIPIO DE SAO JOAO DAS DUAS PONTES;PNEU 12.5/80-18 R4;UN;4.0;2470.8;9883.2;1;Em andamento;Não se aplica;racao_agropecuaria;produto;agropecuaria;baixa;;;;;;
45116712000109-1-000056/2026;10;3549201;São João das Duas Pontes;0;2026;24;6;Pregão - Eletrônico;0;1;Divulgada no PNCP;0;ELABORAÇÃO DE ATA DE REGISTRO DE PREÇOS PARA FUTURA E EVENTUAL AQUISIÇÃO DE PNEUS, CÂMARAS DE AR E PROTETORES DE CÂMARA DE AR, DESTINADOS À MANUTENÇÃO E À CONTINUIDADE OPERACIONAL DA FROTA DO MUNICÍPIO DE SÃO JOÃO DAS DUAS PONTES;2026-09-28T09:08:37;2026-10-13T08:59:00;;MUNICIPIO DE SAO JOAO DAS DUAS PONTES;PNEU 14.00-24 E3/L3;UN;4.0;3137.91;12551.64;1;Em andamento;Não se aplica;racao_agropecuaria;produto;agropecuaria;baixa;;;;;;
44988147000107-1-000002/2026;1;3554904;Três Fronteiras;0;2026;001;6;Pregão - Eletrônico;0;1;Suspensa;0;Registro de Preços na Forma de Licitação Compartilhada para Contratação de Empresa Especializada em Ozonização Ambiental e Veicular, visando a desinfecção de espaços púbicos e ambientes, com o intuito de prevenção contra doenças infectocontagiosas, pandemias e demais surtos de doenças, com fornecimento de equipamentos, mão de obra e utilização de produtos sanitizantes da mais alta qualidade e aprovados pelos órgãos reguladores, para os Entes da Federação Consorciados, Cooperados ou Referendados.;2026-09-16T17:46:38;2026-10-05T08:00:00;https://bllcompras.com/Process/ProcessView?param1=[gkz]kMKp9hRhC0K5twSCN2XIzQ3Keu1w_lTTrC8DLDDaCK74xk1ho8AdABPtXoPRbNs9Mgp0Qcd32BmayOYpW3NiEvtLcYPSPOgFkhe5inT7TXE=;CONSORCIO INTERMUNICIPAL RIO GRANDE E PARANA - CONGRAPAR;Item 01 – Ambientes (1.198.682,04 m²)       Item 02 – Veicular (4.032 veículos);UN;1.0;1884127.04;1884127.04;1;Em andamento;Sem benefício;madeira_construcao;produto;construcao;baixa;;;;;;
45139482000101-1-000013/2026;1;3555307;Turmalina;0;2026;17;6;Pregão - Eletrônico;0;1;Divulgada no PNCP;0;Ata de registro de preço para futura e eventual aquisição de utensílios de cozinha destinados ao atendimento das demandas das Escolas Municipais, Unidades de Saúde, Secretaria de Assistência Social e demais setores da Administração Municipal.;2026-08-11T08:48:57;2026-09-08T08:00:00;https://bllcompras.com/Process/ProcessView?param1=[gkz]N0wBsRugqEYND870UfbnyD0/_ysDfol_QeTbKmEoo4AHv33QRORAgb4lL/L7V7adIloPW1LwTLPlvbBu//DxKxic2se6ey_Ga28uyEu_ltY=;MUNICIPIO DE TURMALINA;abridor de latas aço inox;UN;7.0;13.43;94.01;1;Em andamento;Sem benefício;racao_agropecuaria;produto;agropecuaria;baixa;;;;;;
45139482000101-1-000013/2026;2;3555307;Turmalina;0;2026;17;6;Pregão - Eletrônico;0;1;Divulgada no PNCP;0;Ata de registro de preço para futura e eventual aquisição de utensílios de cozinha destinados ao atendimento das demandas das Escolas Municipais, Unidades de Saúde, Secretaria de Assistência Social e demais setores da Administração Municipal.;2026-08-11T08:48:57;2026-09-08T08:00:00;https://bllcompras.com/Process/ProcessView?param1=[gkz]N0wBsRugqEYND870UfbnyD0/_ysDfol_QeTbKmEoo4AHv33QRORAgb4lL/L7V7adIloPW1LwTLPlvbBu//DxKxic2se6ey_Ga28uyEu_ltY=;MUNICIPIO DE TURMALINA;Acendedor de fogão a gás com tamanho aproximado de 27,5cm APRESENTAR AMOSTRA;UN;15.0;21.1533;317.2995;1;Em andamento;Sem benefício;racao_agropecuaria;produto;agropecuaria;baixa;;;;;;
45139482000101-1-000013/2026;3;3555307;Turmalina;0;2026;17;6;Pregão - Eletrônico;0;1;Divulgada no PNCP;0;Ata de registro de preço para futura e eventual aquisição de utensílios de cozinha destinados ao atendimento das demandas das Escolas Municipais, Unidades de Saúde, Secretaria de Assistência Social e demais setores da Administração Municipal.;2026-08-11T08:48:57;2026-09-08T08:00:00;https://bllcompras.com/Process/ProcessView?param1=[gkz]N0wBsRugqEYND870UfbnyD0/_ysDfol_QeTbKmEoo4AHv33QRORAgb4lL/L7V7adIloPW1LwTLPlvbBu//DxKxic2se6ey_Ga28uyEu_ltY=;MUNICIPIO DE TURMALINA;Açucareiro de vidro de 250ml, altura 10cm, comprimento 10cm, peso 390g;un;5.0;35.955;179.775;1;Em andamento;Sem benefício;generos_alimenticios;produto;alimentacao;media;;;;;;
45139482000101-1-000013/2026;4;3555307;Turmalina;0;2026;17;6;Pregão - Eletrônico;0;1;Divulgada no PNCP;0;Ata de registro de preço para futura e eventual aquisição de utensílios de cozinha destinados ao atendimento das demandas das Escolas Municipais, Unidades de Saúde, Secretaria de Assistência Social e demais setores da Administração Municipal.;2026-08-11T08:48:57;2026-09-08T08:00:00;https://bllcompras.com/Process/ProcessView?param1=[gkz]N0wBsRugqEYND870UfbnyD0/_ysDfol_QeTbKmEoo4AHv33QRORAgb4lL/L7V7adIloPW1LwTLPlvbBu//DxKxic2se6ey_Ga28uyEu_ltY=;MUNICIPIO DE TURMALINA;Amassador de batatas de aço inox, medindo 8cmx 8,6L;un;10.0;25.64;256.4;1;Em andamento;Sem benefício;racao_agropecuaria;produto;agropecuaria;baixa;;;;;;
45139482000101-1-000013/2026;5;3555307;Turmalina;0;2026;17;6;Pregão - Eletrônico;0;1;Divulgada no PNCP;0;Ata de registro de preço para futura e eventual aquisição de utensílios de cozinha destinados ao atendimento das demandas das Escolas Municipais, Unidades de Saúde, Secretaria de Assistência Social e demais setores da Administração Municipal.;2026-08-11T08:48:57;2026-09-08T08:00:00;https://bllcompras.com/Process/ProcessView?param1=[gkz]N0wBsRugqEYND870UfbnyD0/_ysDfol_QeTbKmEoo4AHv33QRORAgb4lL/L7V7adIloPW1LwTLPlvbBu//DxKxic2se6ey_Ga28uyEu_ltY=;MUNICIPIO DE TURMALINA;Amolador, afiador de facas e tesouras, 3 em 1, material em aço inox profissional com cabo ergonômico e base antiderrapante.;UN;12.0;32.8133;393.7596;1;Em andamento;Sem benefício;racao_agropecuaria;produto;agropecuaria;baixa;;;;;;
45139482000101-1-000013/2026;6;3555307;Turmalina;0;2026;17;6;Pregão - Eletrônico;0;1;Divulgada no PNCP;0;Ata de registro de preço para futura e eventual aquisição de utensílios de cozinha destinados ao atendimento das demandas das Escolas Municipais, Unidades de Saúde, Secretaria de Assistência Social e demais setores da Administração Municipal.;2026-08-11T08:48:57;2026-09-08T08:00:00;https://bllcompras.com/Process/ProcessView?param1=[gkz]N0wBsRugqEYND870UfbnyD0/_ysDfol_QeTbKmEoo4AHv33QRORAgb4lL/L7V7adIloPW1LwTLPlvbBu//DxKxic2se6ey_Ga28uyEu_ltY=;MUNICIPIO DE TURMALINA;Assadeira de bolo n°1 29x20x3 capacidade 1,3 litros;UN;11.0;38.1967;420.1637;1;Em andamento;Sem benefício;panificacao;produto;alimentacao;media;;;;;;
45139482000101-1-000013/2026;7;3555307;Turmalina;0;2026;17;6;Pregão - Eletrônico;0;1;Divulgada no PNCP;0;Ata de registro de preço para futura e eventual aquisição de utensílios de cozinha destinados ao atendimento das demandas das Escolas Municipais, Unidades de Saúde, Secretaria de Assistência Social e demais setores da Administração Municipal.;2026-08-11T08:48:57;2026-09-08T08:00:00;https://bllcompras.com/Process/ProcessView?param1=[gkz]N0wBsRugqEYND870UfbnyD0/_ysDfol_QeTbKmEoo4AHv33QRORAgb4lL/L7V7adIloPW1LwTLPlvbBu//DxKxic2se6ey_Ga28uyEu_ltY=;MUNICIPIO DE TURMALINA;Assadeira de bolo n°3 36x25x5x4,3 capacidades 2,7 litros;UN;11.0;52.15;573.65;1;Em andamento;Sem benefício;panificacao;produto;alimentacao;media;;;;;;
45139482000101-1-000013/2026;8;3555307;Turmalina;0;2026;17;6;Pregão - Eletrônico;0;1;Divulgada no PNCP;0;Ata de registro de preço para futura e eventual aquisição de utensílios de cozinha destinados ao atendimento das demandas das Escolas Municipais, Unidades de Saúde, Secretaria de Assistência Social e demais setores da Administração Municipal.;2026-08-11T08:48:57;2026-09-08T08:00:00;https://bllcompras.com/Process/ProcessView?param1=[gkz]N0wBsRugqEYND870UfbnyD0/_ysDfol_QeTbKmEoo4AHv33QRORAgb4lL/L7V7adIloPW1LwTLPlvbBu//DxKxic2se6ey_Ga28uyEu_ltY=;MUNICIPIO DE TURMALINA;Assadeira de bolo nº5 44x30x5,6 capacidades 6 litros;UN;10.0;117.0233;1170.233;1;Em andamento;Sem benefício;panificacao;produto;alimentacao;media;;;;;;
45139482000101-1-000013/2026;9;3555307;Turmalina;0;2026;17;6;Pregão - Eletrônico;0;1;Divulgada no PNCP;0;Ata de registro de preço para futura e eventual aquisição de utensílios de cozinha destinados ao atendimento das demandas das Escolas Municipais, Unidades de Saúde, Secretaria de Assistência Social e demais setores da Administração Municipal.;2026-08-11T08:48:57;2026-09-08T08:00:00;https://bllcompras.com/Process/ProcessView?param1=[gkz]N0wBsRugqEYND870UfbnyD0/_ysDfol_QeTbKmEoo4AHv33QRORAgb4lL/L7V7adIloPW1LwTLPlvbBu//DxKxic2se6ey_Ga28uyEu_ltY=;MUNICIPIO DE TURMALINA;Assadeira de vidro marinex com tampa medindo 1,6L;UN;25.0;53.0667;1326.6675;1;Em andamento;Sem benefício;racao_agropecuaria;produto;agropecuaria;baixa;;;;;;
45139482000101-1-000013/2026;10;3555307;Turmalina;0;2026;17;6;Pregão - Eletrônico;0;1;Divulgada no PNCP;0;Ata de registro de preço para futura e eventual aquisição de utensílios de cozinha destinados ao atendimento das demandas das Escolas Municipais, Unidades de Saúde, Secretaria de Assistência Social e demais setores da Administração Municipal.;2026-08-11T08:48:57;2026-09-08T08:00:00;https://bllcompras.com/Process/ProcessView?param1=[gkz]N0wBsRugqEYND870UfbnyD0/_ysDfol_QeTbKmEoo4AHv33QRORAgb4lL/L7V7adIloPW1LwTLPlvbBu//DxKxic2se6ey_Ga28uyEu_ltY=;MUNICIPIO DE TURMALINA;Assadeira de vidro marinex com tampa medindo 1L;UN;23.0;40.7;936.1;1;Em andamento;Sem benefício;racao_agropecuaria;produto;agropecuaria;baixa;;;;;;
46611117000102-1-000034/2026;1;3555802;Urânia;0;2026;12;12;Credenciamento;0;0;Divulgada no PNCP;0;CONTRATAÇÃO PARA AGRICULTURA FAMILIAR;2026-08-26T18:19:03;2026-09-16T09:00:00;;MUNICIPIO DE URANIA;ABACAXI PÉROLA;KG;458.0;11.0;5038.0;1;Em andamento;Não se aplica;nao_classificado;indefinido;indefinido;baixa;;;;;;
46611117000102-1-000034/2026;2;3555802;Urânia;0;2026;12;12;Credenciamento;0;0;Divulgada no PNCP;0;CONTRATAÇÃO PARA AGRICULTURA FAMILIAR;2026-08-26T18:19:03;2026-09-16T09:00:00;;MUNICIPIO DE URANIA;ABÓBORA PAULISTINHA;KG;581.0;4.5;2614.5;1;Em andamento;Não se aplica;nao_classificado;indefinido;indefinido;baixa;;;;;;
46611117000102-1-000034/2026;3;3555802;Urânia;0;2026;12;12;Credenciamento;0;0;Divulgada no PNCP;0;CONTRATAÇÃO PARA AGRICULTURA FAMILIAR;2026-08-26T18:19:03;2026-09-16T09:00:00;;MUNICIPIO DE URANIA;ACELGA;KG;1113.0;19.5;21703.5;1;Em andamento;Não se aplica;nao_classificado;indefinido;indefinido;baixa;;;;;;
46611117000102-1-000034/2026;4;3555802;Urânia;0;2026;12;12;Credenciamento;0;0;Divulgada no PNCP;0;CONTRATAÇÃO PARA AGRICULTURA FAMILIAR;2026-08-26T18:19:03;2026-09-16T09:00:00;;MUNICIPIO DE URANIA;ACEROLA;KG;246.0;30.71;7554.66;1;Em andamento;Não se aplica;nao_classificado;indefinido;indefinido;baixa;;;;;;
46611117000102-1-000034/2026;5;3555802;Urânia;0;2026;12;12;Credenciamento;0;0;Divulgada no PNCP;0;CONTRATAÇÃO PARA AGRICULTURA FAMILIAR;2026-08-26T18:19:03;2026-09-16T09:00:00;;MUNICIPIO DE URANIA;AGRIÃO;MAÇOS;48.0;12.8;614.4;1;Em andamento;Não se aplica;nao_classificado;indefinido;indefinido;baixa;;;;;;
46611117000102-1-000034/2026;6;3555802;Urânia;0;2026;12;12;Credenciamento;0;0;Divulgada no PNCP;0;CONTRATAÇÃO PARA AGRICULTURA FAMILIAR;2026-08-26T18:19:03;2026-09-16T09:00:00;;MUNICIPIO DE URANIA;ALFACE AMERICANA;MAÇO;2565.0;9.49;24341.85;1;Em andamento;Não se aplica;nao_classificado;indefinido;indefinido;baixa;;;;;;
46611117000102-1-000034/2026;7;3555802;Urânia;0;2026;12;12;Credenciamento;0;0;Divulgada no PNCP;0;CONTRATAÇÃO PARA AGRICULTURA FAMILIAR;2026-08-26T18:19:03;2026-09-16T09:00:00;;MUNICIPIO DE URANIA;ALHO;KG;387.0;35.94;13908.78;1;Em andamento;Não se aplica;nao_classificado;indefinido;indefinido;baixa;;;;;;
46611117000102-1-000034/2026;8;3555802;Urânia;0;2026;12;12;Credenciamento;0;0;Divulgada no PNCP;0;CONTRATAÇÃO PARA AGRICULTURA FAMILIAR;2026-08-26T18:19:03;2026-09-16T09:00:00;;MUNICIPIO DE URANIA;ALMEIRAO;MAÇO;48.0;9.5;456.0;1;Em andamento;Não se aplica;nao_classificado;indefinido;indefinido;baixa;;;;;;
46611117000102-1-000034/2026;9;3555802;Urânia;0;2026;12;12;Credenciamento;0;0;Divulgada no PNCP;0;CONTRATAÇÃO PARA AGRICULTURA FAMILIAR;2026-08-26T18:19:03;2026-09-16T09:00:00;;MUNICIPIO DE URANIA;BANANA NANICA;KG;24200.0;6.5;157300.0;1;Em andamento;Não se aplica;nao_classificado;indefinido;indefinido;baixa;;;;;;
46611117000102-1-000034/2026;10;3555802;Urânia;0;2026;12;12;Credenciamento;0;0;Divulgada no PNCP;0;CONTRATAÇÃO PARA AGRICULTURA FAMILIAR;2026-08-26T18:19:03;2026-09-16T09:00:00;;MUNICIPIO DE URANIA;BATATA DOCE;KG;48.0;5.0;240.0;1;Em andamento;Não se aplica;nao_classificado;indefinido;indefinido;baixa;;;;;;
46611117000102-1-000035/2026;1;3555802;Urânia;0;2026;024;6;Pregão - Eletrônico;0;0;Divulgada no PNCP;0;Contratação de empresa especializada para prestações de serviços mecânicos com fornecimento de peças para os seguintes veículos da frota municipal: FORD CAMINHÃO PIPA– Placa BFY2619 e ONIBUS VOLARE DW9 – Placa FQL1B98, pertencentes ao Município de Urânia/SP.;2026-08-28T09:34:20;2026-09-15T08:50:00;https://bllcompras.com/Process/ProcessView?param1=[gkz]jqtYlnxx02/zyCYX3kMbJ7UZt703DK0ewrudwGqCXRJlwWEUMxkpBqjwyPOSwmbnA_gUzilGP86b0FjDqmllHvDzbYRj6mOcMGzhbs8wzJM=;MUNICIPIO DE URANIA;EIXO PILOTO CAMBIO EATON;PÇ;1.0;1389.33;1389.33;1;Em andamento;Participação exclusiva para ME/EPP;madeira_construcao;produto;construcao;baixa;;;;;;
46611117000102-1-000035/2026;2;3555802;Urânia;0;2026;024;6;Pregão - Eletrônico;0;0;Divulgada no PNCP;0;Contratação de empresa especializada para prestações de serviços mecânicos com fornecimento de peças para os seguintes veículos da frota municipal: FORD CAMINHÃO PIPA– Placa BFY2619 e ONIBUS VOLARE DW9 – Placa FQL1B98, pertencentes ao Município de Urânia/SP.;2026-08-28T09:34:20;2026-09-15T08:50:00;https://bllcompras.com/Process/ProcessView?param1=[gkz]jqtYlnxx02/zyCYX3kMbJ7UZt703DK0ewrudwGqCXRJlwWEUMxkpBqjwyPOSwmbnA_gUzilGP86b0FjDqmllHvDzbYRj6mOcMGzhbs8wzJM=;MUNICIPIO DE URANIA;EIXO ENTALHADO CAMBIO;PÇ;1.0;1499.93;1499.93;1;Em andamento;Participação exclusiva para ME/EPP;madeira_construcao;produto;construcao;baixa;;;;;;
46611117000102-1-000035/2026;3;3555802;Urânia;0;2026;024;6;Pregão - Eletrônico;0;0;Divulgada no PNCP;0;Contratação de empresa especializada para prestações de serviços mecânicos com fornecimento de peças para os seguintes veículos da frota municipal: FORD CAMINHÃO PIPA– Placa BFY2619 e ONIBUS VOLARE DW9 – Placa FQL1B98, pertencentes ao Município de Urânia/SP.;2026-08-28T09:34:20;2026-09-15T08:50:00;https://bllcompras.com/Process/ProcessView?param1=[gkz]jqtYlnxx02/zyCYX3kMbJ7UZt703DK0ewrudwGqCXRJlwWEUMxkpBqjwyPOSwmbnA_gUzilGP86b0FjDqmllHvDzbYRj6mOcMGzhbs8wzJM=;MUNICIPIO DE URANIA;ANEL SINCRONIZADO 1ª/2ª EATON;PÇ;1.0;1923.1;1923.1;1;Em andamento;Participação exclusiva para ME/EPP;madeira_construcao;produto;construcao;baixa;;;;;;
46611117000102-1-000035/2026;4;3555802;Urânia;0;2026;024;6;Pregão - Eletrônico;0;0;Divulgada no PNCP;0;Contratação de empresa especializada para prestações de serviços mecânicos com fornecimento de peças para os seguintes veículos da frota municipal: FORD CAMINHÃO PIPA– Placa BFY2619 e ONIBUS VOLARE DW9 – Placa FQL1B98, pertencentes ao Município de Urânia/SP.;2026-08-28T09:34:20;2026-09-15T08:50:00;https://bllcompras.com/Process/ProcessView?param1=[gkz]jqtYlnxx02/zyCYX3kMbJ7UZt703DK0ewrudwGqCXRJlwWEUMxkpBqjwyPOSwmbnA_gUzilGP86b0FjDqmllHvDzbYRj6mOcMGzhbs8wzJM=;MUNICIPIO DE URANIA;ANEL SINCRONZADOR 3ª EATON;PÇ;1.0;1979.33;1979.33;1;Em andamento;Participação exclusiva para ME/EPP;madeira_construcao;produto;construcao;baixa;;;;;;
46611117000102-1-000035/2026;5;3555802;Urânia;0;2026;024;6;Pregão - Eletrônico;0;0;Divulgada no PNCP;0;Contratação de empresa especializada para prestações de serviços mecânicos com fornecimento de peças para os seguintes veículos da frota municipal: FORD CAMINHÃO PIPA– Placa BFY2619 e ONIBUS VOLARE DW9 – Placa FQL1B98, pertencentes ao Município de Urânia/SP.;2026-08-28T09:34:20;2026-09-15T08:50:00;https://bllcompras.com/Process/ProcessView?param1=[gkz]jqtYlnxx02/zyCYX3kMbJ7UZt703DK0ewrudwGqCXRJlwWEUMxkpBqjwyPOSwmbnA_gUzilGP86b0FjDqmllHvDzbYRj6mOcMGzhbs8wzJM=;MUNICIPIO DE URANIA;ROLETE EIXO PILOTO;PÇ;1.0;266.83;266.83;1;Em andamento;Participação exclusiva para ME/EPP;madeira_construcao;produto;construcao;baixa;;;;;;
46611117000102-1-000035/2026;6;3555802;Urânia;0;2026;024;6;Pregão - Eletrônico;0;0;Divulgada no PNCP;0;Contratação de empresa especializada para prestações de serviços mecânicos com fornecimento de peças para os seguintes veículos da frota municipal: FORD CAMINHÃO PIPA– Placa BFY2619 e ONIBUS VOLARE DW9 – Placa FQL1B98, pertencentes ao Município de Urânia/SP.;2026-08-28T09:34:20;2026-09-15T08:50:00;https://bllcompras.com/Process/ProcessView?param1=[gkz]jqtYlnxx02/zyCYX3kMbJ7UZt703DK0ewrudwGqCXRJlwWEUMxkpBqjwyPOSwmbnA_gUzilGP86b0FjDqmllHvDzbYRj6mOcMGzhbs8wzJM=;MUNICIPIO DE URANIA;ROLAMENTO EIXO PLOTO;PÇ;1.0;314.27;314.27;1;Em andamento;Participação exclusiva para ME/EPP;madeira_construcao;produto;construcao;baixa;;;;;;
46611117000102-1-000035/2026;7;3555802;Urânia;0;2026;024;6;Pregão - Eletrônico;0;0;Divulgada no PNCP;0;Contratação de empresa especializada para prestações de serviços mecânicos com fornecimento de peças para os seguintes veículos da frota municipal: FORD CAMINHÃO PIPA– Placa BFY2619 e ONIBUS VOLARE DW9 – Placa FQL1B98, pertencentes ao Município de Urânia/SP.;2026-08-28T09:34:20;2026-09-15T08:50:00;https://bllcompras.com/Process/ProcessView?param1=[gkz]jqtYlnxx02/zyCYX3kMbJ7UZt703DK0ewrudwGqCXRJlwWEUMxkpBqjwyPOSwmbnA_gUzilGP86b0FjDqmllHvDzbYRj6mOcMGzhbs8wzJM=;MUNICIPIO DE URANIA;RETENTOR FLANGE CAMBIO VW/FORD;PC;1.0;82.4;82.4;1;Em andamento;Participação exclusiva para ME/EPP;madeira_construcao;produto;construcao;baixa;;;;;;
46611117000102-1-000035/2026;8;3555802;Urânia;0;2026;024;6;Pregão - Eletrônico;0;0;Divulgada no PNCP;0;Contratação de empresa especializada para prestações de serviços mecânicos com fornecimento de peças para os seguintes veículos da frota municipal: FORD CAMINHÃO PIPA– Placa BFY2619 e ONIBUS VOLARE DW9 – Placa FQL1B98, pertencentes ao Município de Urânia/SP.;2026-08-28T09:34:20;2026-09-15T08:50:00;https://bllcompras.com/Process/ProcessView?param1=[gkz]jqtYlnxx02/zyCYX3kMbJ7UZt703DK0ewrudwGqCXRJlwWEUMxkpBqjwyPOSwmbnA_gUzilGP86b0FjDqmllHvDzbYRj6mOcMGzhbs8wzJM=;MUNICIPIO DE URANIA;ROLAMENTO EIXO INTERM EATON;PÇ;1.0;216.83;216.83;1;Em andamento;Participação exclusiva para ME/EPP;madeira_construcao;produto;construcao;baixa;;;;;;
46611117000102-1-000035/2026;9;3555802;Urânia;0;2026;024;6;Pregão - Eletrônico;0;0;Divulgada no PNCP;0;Contratação de empresa especializada para prestações de serviços mecânicos com fornecimento de peças para os seguintes veículos da frota municipal: FORD CAMINHÃO PIPA– Placa BFY2619 e ONIBUS VOLARE DW9 – Placa FQL1B98, pertencentes ao Município de Urânia/SP.;2026-08-28T09:34:20;2026-09-15T08:50:00;https://bllcompras.com/Process/ProcessView?param1=[gkz]jqtYlnxx02/zyCYX3kMbJ7UZt703DK0ewrudwGqCXRJlwWEUMxkpBqjwyPOSwmbnA_gUzilGP86b0FjDqmllHvDzbYRj6mOcMGzhbs8wzJM=;MUNICIPIO DE URANIA;KIT EMBREAGEM VW/FORD 13;PÇ;1.0;1492.33;1492.33;1;Em andamento;Participação exclusiva para ME/EPP;madeira_construcao;produto;construcao;baixa;;;;;;
46611117000102-1-000035/2026;10;3555802;Urânia;0;2026;024;6;Pregão - Eletrônico;0;0;Divulgada no PNCP;0;Contratação de empresa especializada para prestações de serviços mecânicos com fornecimento de peças para os seguintes veículos da frota municipal: FORD CAMINHÃO PIPA– Placa BFY2619 e ONIBUS VOLARE DW9 – Placa FQL1B98, pertencentes ao Município de Urânia/SP.;2026-08-28T09:34:20;2026-09-15T08:50:00;https://bllcompras.com/Process/ProcessView?param1=[gkz]jqtYlnxx02/zyCYX3kMbJ7UZt703DK0ewrudwGqCXRJlwWEUMxkpBqjwyPOSwmbnA_gUzilGP86b0FjDqmllHvDzbYRj6mOcMGzhbs8wzJM=;MUNICIPIO DE URANIA;COXIM MOTOR TRASEIRO;PC;2.0;123.77;247.54;1;Em andamento;Participação exclusiva para ME/EPP;madeira_construcao;produto;construcao;baixa;;;;;;
46611117000102-1-000036/2026;1;3555802;Urânia;0;2026;023;6;Pregão - Eletrônico;0;0;Divulgada no PNCP;0;CONTRATAÇÃO DE EMPRESA ESPECIALIZADA PARA A PRESTAÇÃO DE SERVIÇOS DE UM PROFESSOR DE EDUCAÇÃO FÍSICA PARA DESENVOLVER OFICINA DE TREINAMENTO DE FUTEBOL, PARA ATENDER ÀS NECESSIDADES DA SECRETARIA MUNICIPAL DE ESPORTE, CULTURA E TURISMO, CONFORME ESPECIFICAÇÕES E CONDIÇÕES CONSTANTES NO TERMO DE REFERÊNCIA (TR).;2026-08-28T14:11:16;2026-09-18T08:50:00;https://bllcompras.com/Process/ProcessView?param1=[gkz]MqJvUmc8o9dSkJykigz/1cyMrTRnSna109cJUoZkSEcOTAiANY2Xa_CPsRe70qWaL23tnYxoNIrYc0YjaRsvXGZ3AoqEQbTwNpnZ1xe1vrc=;MUNICIPIO DE URANIA;TREINAMENTO DE FUTEBOL;MES;12.0;4508.5;54102.0;1;Em andamento;Participação exclusiva para ME/EPP;servico_capacitacao_saude;servico;saude;alta;;;;;;
46611117000102-1-000037/2026;1;3555802;Urânia;0;2026;025;6;Pregão - Eletrônico;0;0;Divulgada no PNCP;0;CONTRATAÇÃO DE EMPRESA ESPECIALIZADA PARA AQUISIÇÃO DE EQUIPAMENTOS EMENDA PARLAMENTAR FEDERAL DE PROPOSTA Nº 116.53021/2024, REMANESCENTE DO PROCESSO Nº 013/2026, JUNTO A SECRETARIA DE SAÚDE DO MUNICÍPIO DE URÂNIA/SP;2026-09-14T10:55:25;2026-09-30T08:00:00;https://bllcompras.com/Process/ProcessView?param1=[gkz]RnCDPVctct8Bcy2F0MC9Us65WuGDjw03SsUDOaannrBIYvjkbKZZwHySnB6TxzBtf_lFuocyn98Rm5NxjZ_17vF06pZ9i_HQRIFk_UFbIt0=;MUNICIPIO DE URANIA;COMPUTADOR COMPLETO;UN;42.0;4260.5;178941.0;1;Em andamento;Sem benefício;informatica;produto;tecnologia;baixa;;;;;;
46611117000102-1-000038/2026;1;3555802;Urânia;0;2026;020;6;Pregão - Eletrônico;0;0;Divulgada no PNCP;0;CONTRATAÇÃO DE EMPRESA ESPECIALIZADA PARA A PRESTAÇÃO DE SERVIÇOS DE SAÚDE, COMPREENDENDO ATENDIMENTO MÉDICO ASSISTENCIAL NAS ESPECIALIDADES DE CLÍNICA MÉDICA (MÉDICO GENERALISTA) E GINECOLOGIA, BEM COMO SERVIÇOS TÉCNICOS DE TÉCNICO EM RADIOLOGIA/RADIOGRAFIA, PARA ATENDER ÀS NECESSIDADES DA SECRETARIA DA SAÚDE, CONFORME ESPECIFICAÇÕES, QUANTITATIVOS E CONDIÇÕES CONSTANTES NO TERMO DE REFERÊNCIA (TR).;2026-09-18T16:41:32;2026-10-08T08:00:00;https://bllcompras.com/Process/ProcessView?param1=[gkz]gbMq_uJcqG5D3vpaCi2mofDKx10CYKB9MYSneduqFA7Djb921NYAQXSRGBbXFc5v2fHs6PmZTLlzjTZBpKR_AsKWQBRnXZkCyIAanFKvv70=;MUNICIPIO DE URANIA;PRESTAÇÃO DE SERVIÇOS MEDICOS GINECOLOGIA E OBSTETRA;HS;550.0;180.0;99000.0;1;Em andamento;Sem benefício;servico_saude_assistencial;servico;saude;media;;;;;;
46611117000102-1-000038/2026;2;3555802;Urânia;0;2026;020;6;Pregão - Eletrônico;0;0;Divulgada no PNCP;0;CONTRATAÇÃO DE EMPRESA ESPECIALIZADA PARA A PRESTAÇÃO DE SERVIÇOS DE SAÚDE, COMPREENDENDO ATENDIMENTO MÉDICO ASSISTENCIAL NAS ESPECIALIDADES DE CLÍNICA MÉDICA (MÉDICO GENERALISTA) E GINECOLOGIA, BEM COMO SERVIÇOS TÉCNICOS DE TÉCNICO EM RADIOLOGIA/RADIOGRAFIA, PARA ATENDER ÀS NECESSIDADES DA SECRETARIA DA SAÚDE, CONFORME ESPECIFICAÇÕES, QUANTITATIVOS E CONDIÇÕES CONSTANTES NO TERMO DE REFERÊNCIA (TR).;2026-09-18T16:41:32;2026-10-08T08:00:00;https://bllcompras.com/Process/ProcessView?param1=[gkz]gbMq_uJcqG5D3vpaCi2mofDKx10CYKB9MYSneduqFA7Djb921NYAQXSRGBbXFc5v2fHs6PmZTLlzjTZBpKR_AsKWQBRnXZkCyIAanFKvv70=;MUNICIPIO DE URANIA;SERVIÇOS MEDICOS GENERALISTA ESF I;HRS;2500.0;126.5;316250.0;1;Em andamento;Sem benefício;servico_saude_assistencial;servico;saude;media;;;;;;
46611117000102-1-000038/2026;3;3555802;Urânia;0;2026;020;6;Pregão - Eletrônico;0;0;Divulgada no PNCP;0;CONTRATAÇÃO DE EMPRESA ESPECIALIZADA PARA A PRESTAÇÃO DE SERVIÇOS DE SAÚDE, COMPREENDENDO ATENDIMENTO MÉDICO ASSISTENCIAL NAS ESPECIALIDADES DE CLÍNICA MÉDICA (MÉDICO GENERALISTA) E GINECOLOGIA, BEM COMO SERVIÇOS TÉCNICOS DE TÉCNICO EM RADIOLOGIA/RADIOGRAFIA, PARA ATENDER ÀS NECESSIDADES DA SECRETARIA DA SAÚDE, CONFORME ESPECIFICAÇÕES, QUANTITATIVOS E CONDIÇÕES CONSTANTES NO TERMO DE REFERÊNCIA (TR).;2026-09-18T16:41:32;2026-10-08T08:00:00;https://bllcompras.com/Process/ProcessView?param1=[gkz]gbMq_uJcqG5D3vpaCi2mofDKx10CYKB9MYSneduqFA7Djb921NYAQXSRGBbXFc5v2fHs6PmZTLlzjTZBpKR_AsKWQBRnXZkCyIAanFKvv70=;MUNICIPIO DE URANIA;SERVIÇO DE TECNICO EM RADIOLOGA/RADIOGRAFIA;HRS;1300.0;35.08;45604.0;1;Em andamento;Sem benefício;nao_classificado;indefinido;indefinido;baixa;;;;;;
46611117000102-1-000039/2026;1;3555802;Urânia;0;2026;028;6;Pregão - Eletrônico;0;0;Divulgada no PNCP;0;Contratação de empresa especializada na prestação de serviços técnicos de planejamento, organização, elaboração, aplicação e correção de provas objetivas, discursivas e práticas, bem como o processamento de resultados e o julgamento de recursos administrativos, visando à realização de Concurso Público para o provimento de cargos efetivos do quadro de pessoal da Prefeitura Municipal de Urânia/SP.;2026-09-21T09:15:29;2026-10-09T08:00:00;https://bllcompras.com/Process/ProcessView?param1=[gkz]t223vU_/YLAqtxRuMvbdUbQg5XP3jLO205k_vRM4rU7eAQJovr4zLfxiqmN/UXLk9sCy6xyuMhqcEj2h_nCnlkD2z5xzgXisJ1ysgJZuNUE=;MUNICIPIO DE URANIA;PRESTAÇÃO DE SERV. EM REALIZAÇÃO DE CONCURSO PUBLICO.;SVÇ;1.0;7246.67;7246.67;1;Em andamento;Sem benefício;servico_assessoria_geral;servico;administrativo;baixa;;;;;;
46611117000102-1-000041/2026;1;3555802;Urânia;0;2026;026;6;Pregão - Eletrônico;0;1;Divulgada no PNCP;0;Contratação de empresas para o fornecimento de materiais de limpeza, higiene e descartáveis para manutenção dos setores pertencentes a Prefeitura Municipal de Urânia, conforme solicitação, devendo ser observadas as especificações contidas no Edital e anexos.;2026-09-22T16:17:49;2026-10-13T08:00:00;https://bllcompras.com/Process/ProcessView?param1=[gkz]xohfOgbar1pGyGgLQBI7LSpnWwL7mzWFYm3MJjWISJVIOxOIl/y1IEzDoT2hF/xvc8bf2UCAAet9BqiTUxiJZJGCo0nufofiewouxG6sjWo=;MUNICIPIO DE URANIA;LÃ DE AÇO PCT C/ 8UN CADA C/ 60G;PCT;8880.0;2.91;25840.8;1;Em andamento;Sem benefício;madeira_construcao;produto;construcao;baixa;;;;;;
46611117000102-1-000041/2026;2;3555802;Urânia;0;2026;026;6;Pregão - Eletrônico;0;1;Divulgada no PNCP;0;Contratação de empresas para o fornecimento de materiais de limpeza, higiene e descartáveis para manutenção dos setores pertencentes a Prefeitura Municipal de Urânia, conforme solicitação, devendo ser observadas as especificações contidas no Edital e anexos.;2026-09-22T16:17:49;2026-10-13T08:00:00;https://bllcompras.com/Process/ProcessView?param1=[gkz]xohfOgbar1pGyGgLQBI7LSpnWwL7mzWFYm3MJjWISJVIOxOIl/y1IEzDoT2hF/xvc8bf2UCAAet9BqiTUxiJZJGCo0nufofiewouxG6sjWo=;MUNICIPIO DE URANIA;ÁGUA SANITÁRIA GL 5L;GL;940.0;11.99;11270.6;1;Em andamento;Sem benefício;limpeza_higiene;produto;suprimentos;media;;;;;;
46611117000102-1-000041/2026;3;3555802;Urânia;0;2026;026;6;Pregão - Eletrônico;0;1;Divulgada no PNCP;0;Contratação de empresas para o fornecimento de materiais de limpeza, higiene e descartáveis para manutenção dos setores pertencentes a Prefeitura Municipal de Urânia, conforme solicitação, devendo ser observadas as especificações contidas no Edital e anexos.;2026-09-22T16:17:49;2026-10-13T08:00:00;https://bllcompras.com/Process/ProcessView?param1=[gkz]xohfOgbar1pGyGgLQBI7LSpnWwL7mzWFYm3MJjWISJVIOxOIl/y1IEzDoT2hF/xvc8bf2UCAAet9BqiTUxiJZJGCo0nufofiewouxG6sjWo=;MUNICIPIO DE URANIA;DESINFETANTE GL 5L;GL;1716.0;12.73;21844.68;1;Em andamento;Sem benefício;limpeza_higiene;produto;suprimentos;media;;;;;;
46611117000102-1-000041/2026;4;3555802;Urânia;0;2026;026;6;Pregão - Eletrônico;0;1;Divulgada no PNCP;0;Contratação de empresas para o fornecimento de materiais de limpeza, higiene e descartáveis para manutenção dos setores pertencentes a Prefeitura Municipal de Urânia, conforme solicitação, devendo ser observadas as especificações contidas no Edital e anexos.;2026-09-22T16:17:49;2026-10-13T08:00:00;https://bllcompras.com/Process/ProcessView?param1=[gkz]xohfOgbar1pGyGgLQBI7LSpnWwL7mzWFYm3MJjWISJVIOxOIl/y1IEzDoT2hF/xvc8bf2UCAAet9BqiTUxiJZJGCo0nufofiewouxG6sjWo=;MUNICIPIO DE URANIA;SACO DE LIXO PRETO 60L USO DOMESTICO - FARDO C/ 100UN;FA;1216.0;37.77;45928.32;1;Em andamento;Sem benefício;limpeza_higiene;produto;suprimentos;media;;;;;;
46611117000102-1-000041/2026;5;3555802;Urânia;0;2026;026;6;Pregão - Eletrônico;0;1;Divulgada no PNCP;0;Contratação de empresas para o fornecimento de materiais de limpeza, higiene e descartáveis para manutenção dos setores pertencentes a Prefeitura Municipal de Urânia, conforme solicitação, devendo ser observadas as especificações contidas no Edital e anexos.;2026-09-22T16:17:49;2026-10-13T08:00:00;https://bllcompras.com/Process/ProcessView?param1=[gkz]xohfOgbar1pGyGgLQBI7LSpnWwL7mzWFYm3MJjWISJVIOxOIl/y1IEzDoT2hF/xvc8bf2UCAAet9BqiTUxiJZJGCo0nufofiewouxG6sjWo=;MUNICIPIO DE URANIA;SACO DE LIXO PRETO 20L USO DOMESTICO - FARDO C/ 100UN;FA;220.0;19.08;4197.6;1;Em andamento;Sem benefício;limpeza_higiene;produto;suprimentos;media;;;;;;
46611117000102-1-000041/2026;6;3555802;Urânia;0;2026;026;6;Pregão - Eletrônico;0;1;Divulgada no PNCP;0;Contratação de empresas para o fornecimento de materiais de limpeza, higiene e descartáveis para manutenção dos setores pertencentes a Prefeitura Municipal de Urânia, conforme solicitação, devendo ser observadas as especificações contidas no Edital e anexos.;2026-09-22T16:17:49;2026-10-13T08:00:00;https://bllcompras.com/Process/ProcessView?param1=[gkz]xohfOgbar1pGyGgLQBI7LSpnWwL7mzWFYm3MJjWISJVIOxOIl/y1IEzDoT2hF/xvc8bf2UCAAet9BqiTUxiJZJGCo0nufofiewouxG6sjWo=;MUNICIPIO DE URANIA;FLANELA LARANJA 30X40CM 100% ALGODÃO;UN;750.0;2.81;2107.5;1;Em andamento;Sem benefício;madeira_construcao;produto;construcao;baixa;;;;;;
46611117000102-1-000041/2026;7;3555802;Urânia;0;2026;026;6;Pregão - Eletrônico;0;1;Divulgada no PNCP;0;Contratação de empresas para o fornecimento de materiais de limpeza, higiene e descartáveis para manutenção dos setores pertencentes a Prefeitura Municipal de Urânia, conforme solicitação, devendo ser observadas as especificações contidas no Edital e anexos.;2026-09-22T16:17:49;2026-10-13T08:00:00;https://bllcompras.com/Process/ProcessView?param1=[gkz]xohfOgbar1pGyGgLQBI7LSpnWwL7mzWFYm3MJjWISJVIOxOIl/y1IEzDoT2hF/xvc8bf2UCAAet9BqiTUxiJZJGCo0nufofiewouxG6sjWo=;MUNICIPIO DE URANIA;PANO DE LIMPEZA XADREZ 74X45CM - 100% ALGODÃO;UN;1220.0;3.77;4599.4;1;Em andamento;Sem benefício;madeira_construcao;produto;construcao;baixa;;;;;;
46611117000102-1-000041/2026;8;3555802;Urânia;0;2026;026;6;Pregão - Eletrônico;0;1;Divulgada no PNCP;0;Contratação de empresas para o fornecimento de materiais de limpeza, higiene e descartáveis para manutenção dos setores pertencentes a Prefeitura Municipal de Urânia, conforme solicitação, devendo ser observadas as especificações contidas no Edital e anexos.;2026-09-22T16:17:49;2026-10-13T08:00:00;https://bllcompras.com/Process/ProcessView?param1=[gkz]xohfOgbar1pGyGgLQBI7LSpnWwL7mzWFYm3MJjWISJVIOxOIl/y1IEzDoT2hF/xvc8bf2UCAAet9BqiTUxiJZJGCo0nufofiewouxG6sjWo=;MUNICIPIO DE URANIA;PANO DE PRATO ATOALHADO 42X65CM 100% ALGODÃO;UN;470.0;11.03;5184.1;1;Em andamento;Sem benefício;copa_cozinha;produto;suprimentos;media;;;;;;
46611117000102-1-000041/2026;9;3555802;Urânia;0;2026;026;6;Pregão - Eletrônico;0;1;Divulgada no PNCP;0;Contratação de empresas para o fornecimento de materiais de limpeza, higiene e descartáveis para manutenção dos setores pertencentes a Prefeitura Municipal de Urânia, conforme solicitação, devendo ser observadas as especificações contidas no Edital e anexos.;2026-09-22T16:17:49;2026-10-13T08:00:00;https://bllcompras.com/Process/ProcessView?param1=[gkz]xohfOgbar1pGyGgLQBI7LSpnWwL7mzWFYm3MJjWISJVIOxOIl/y1IEzDoT2hF/xvc8bf2UCAAet9BqiTUxiJZJGCo0nufofiewouxG6sjWo=;MUNICIPIO DE URANIA;SABONETE LÍQUIDO GL 5L;GL;362.0;17.47;6324.14;1;Em andamento;Sem benefício;limpeza_higiene;produto;suprimentos;media;;;;;;
46611117000102-1-000041/2026;10;3555802;Urânia;0;2026;026;6;Pregão - Eletrônico;0;1;Divulgada no PNCP;0;Contratação de empresas para o fornecimento de materiais de limpeza, higiene e descartáveis para manutenção dos setores pertencentes a Prefeitura Municipal de Urânia, conforme solicitação, devendo ser observadas as especificações contidas no Edital e anexos.;2026-09-22T16:17:49;2026-10-13T08:00:00;https://bllcompras.com/Process/ProcessView?param1=[gkz]xohfOgbar1pGyGgLQBI7LSpnWwL7mzWFYm3MJjWISJVIOxOIl/y1IEzDoT2hF/xvc8bf2UCAAet9BqiTUxiJZJGCo0nufofiewouxG6sjWo=;MUNICIPIO DE URANIA;LUVA DE LIMPEZA LATEX TAM M - PAR;PAR;490.0;8.62;4223.8;1;Em andamento;Sem benefício;madeira_construcao;produto;construcao;baixa;;;;;;
46611117000102-1-000042/2026;1;3555802;Urânia;0;2026;022;6;Pregão - Eletrônico;0;0;Divulgada no PNCP;0;CONTRATAÇÃO DE EMPRESA PARA AQUISIÇÃO DE 30 (TRINTA) TABLETS, PARA ATENDER AS NECESSIDADES DO SETOR DE EDUCAÇÃO DO MUNICÍPIO DE URÂNIA/SP, CONFORME DESCRITO NO TERMO DE REFERÊNCIA (TR).;2026-09-29T14:21:51;2026-10-16T08:00:00;https://bllcompras.com/Process/ProcessView?param1=[gkz]I4omNh0Gw2GOk8vVyioopHEYBEsMshL9O8NUwx6R8SWorL_gES5CD2H4j5ZBD1OuHX7ailkfQnBFzT_RMWOufLL_uUsizMWVCuovcY9zrKI=;MUNICIPIO DE URANIA;"TABLET SAMSUNG GALAXY TAB A11, 128GB,6GB RAM, TELA DE 11"", CAM. TRAS. 8MP, WIFI,ANDROID 16";UN;30.0;1708.33;51249.9;1;Em andamento;Participação exclusiva para ME/EPP;nao_classificado;indefinido;indefinido;baixa;;;;;;
01611210000189-1-000036/2026;1;3556958;Vitória Brasil;0;2026;1;8;Dispensa;0;0;Divulgada no PNCP;0;Aquisição de gêneros alimentícios da Agricultura Familiar e do Empreendedor Familiar Rural, para o atendimento ao Programa Nacional de Alimentação Escolar - PNAE.;2026-08-06T11:44:30;2026-08-31T23:59:00;;MUNICIPIO DE VITORIA BRASIL;ABACAXI;PÇ;600.0;9.77;5862.0;1;Em andamento;Não se aplica;generos_alimenticios;produto;alimentacao;media;;;;;;
01611210000189-1-000036/2026;2;3556958;Vitória Brasil;0;2026;1;8;Dispensa;0;0;Divulgada no PNCP;0;Aquisição de gêneros alimentícios da Agricultura Familiar e do Empreendedor Familiar Rural, para o atendimento ao Programa Nacional de Alimentação Escolar - PNAE.;2026-08-06T11:44:30;2026-08-31T23:59:00;;MUNICIPIO DE VITORIA BRASIL;ABÓBORA CABOTIÁ (ABÓBORA JAPONESA), DESCASCADA E PICADA;KG;900.0;7.89;7101.0;1;Em andamento;Não se aplica;generos_alimenticios;produto;alimentacao;media;;;;;;
01611210000189-1-000036/2026;3;3556958;Vitória Brasil;0;2026;1;8;Dispensa;0;0;Divulgada no PNCP;0;Aquisição de gêneros alimentícios da Agricultura Familiar e do Empreendedor Familiar Rural, para o atendimento ao Programa Nacional de Alimentação Escolar - PNAE.;2026-08-06T11:44:30;2026-08-31T23:59:00;;MUNICIPIO DE VITORIA BRASIL;ABÓBORA PAULISTA;KG;100.0;8.33;833.0;1;Em andamento;Não se aplica;generos_alimenticios;produto;alimentacao;media;;;;;;
01611210000189-1-000036/2026;4;3556958;Vitória Brasil;0;2026;1;8;Dispensa;0;0;Divulgada no PNCP;0;Aquisição de gêneros alimentícios da Agricultura Familiar e do Empreendedor Familiar Rural, para o atendimento ao Programa Nacional de Alimentação Escolar - PNAE.;2026-08-06T11:44:30;2026-08-31T23:59:00;;MUNICIPIO DE VITORIA BRASIL;ACELGA;PÇ;200.0;13.3;2660.0;1;Em andamento;Não se aplica;generos_alimenticios;produto;alimentacao;media;;;;;;
01611210000189-1-000036/2026;5;3556958;Vitória Brasil;0;2026;1;8;Dispensa;0;0;Divulgada no PNCP;0;Aquisição de gêneros alimentícios da Agricultura Familiar e do Empreendedor Familiar Rural, para o atendimento ao Programa Nacional de Alimentação Escolar - PNAE.;2026-08-06T11:44:30;2026-08-31T23:59:00;;MUNICIPIO DE VITORIA BRASIL;ALFACE;MÇ;500.0;10.6;5300.0;1;Em andamento;Não se aplica;generos_alimenticios;produto;alimentacao;media;;;;;;
01611210000189-1-000036/2026;6;3556958;Vitória Brasil;0;2026;1;8;Dispensa;0;0;Divulgada no PNCP;0;Aquisição de gêneros alimentícios da Agricultura Familiar e do Empreendedor Familiar Rural, para o atendimento ao Programa Nacional de Alimentação Escolar - PNAE.;2026-08-06T11:44:30;2026-08-31T23:59:00;;MUNICIPIO DE VITORIA BRASIL;ALHO IN NATURA DESCASCADO;KG;150.0;33.33;4999.5;1;Em andamento;Não se aplica;generos_alimenticios;produto;alimentacao;media;;;;;;
01611210000189-1-000036/2026;7;3556958;Vitória Brasil;0;2026;1;8;Dispensa;0;0;Divulgada no PNCP;0;Aquisição de gêneros alimentícios da Agricultura Familiar e do Empreendedor Familiar Rural, para o atendimento ao Programa Nacional de Alimentação Escolar - PNAE.;2026-08-06T11:44:30;2026-08-31T23:59:00;;MUNICIPIO DE VITORIA BRASIL;ALMEIRÃO;MÇ;300.0;10.47;3141.0;1;Em andamento;Não se aplica;generos_alimenticios;produto;alimentacao;media;;;;;;
01611210000189-1-000036/2026;8;3556958;Vitória Brasil;0;2026;1;8;Dispensa;0;0;Divulgada no PNCP;0;Aquisição de gêneros alimentícios da Agricultura Familiar e do Empreendedor Familiar Rural, para o atendimento ao Programa Nacional de Alimentação Escolar - PNAE.;2026-08-06T11:44:30;2026-08-31T23:59:00;;MUNICIPIO DE VITORIA BRASIL;BANANA NANICA;KG;3900.0;7.03;27417.0;1;Em andamento;Não se aplica;generos_alimenticios;produto;alimentacao;media;;;;;;
01611210000189-1-000036/2026;9;3556958;Vitória Brasil;0;2026;1;8;Dispensa;0;0;Divulgada no PNCP;0;Aquisição de gêneros alimentícios da Agricultura Familiar e do Empreendedor Familiar Rural, para o atendimento ao Programa Nacional de Alimentação Escolar - PNAE.;2026-08-06T11:44:30;2026-08-31T23:59:00;;MUNICIPIO DE VITORIA BRASIL;BATATA DOCE;KG;80.0;7.03;562.4;1;Em andamento;Não se aplica;generos_alimenticios;produto;alimentacao;media;;;;;;
01611210000189-1-000036/2026;10;3556958;Vitória Brasil;0;2026;1;8;Dispensa;0;0;Divulgada no PNCP;0;Aquisição de gêneros alimentícios da Agricultura Familiar e do Empreendedor Familiar Rural, para o atendimento ao Programa Nacional de Alimentação Escolar - PNAE.;2026-08-06T11:44:30;2026-08-31T23:59:00;;MUNICIPIO DE VITORIA BRASIL;BATATA INGLESA;KG;750.0;9.47;7102.5;1;Em andamento;Não se aplica;generos_alimenticios;produto;alimentacao;media;;;;;;
01611210000189-1-000039/2026;1;3556958;Vitória Brasil;0;2026;019;6;Pregão - Eletrônico;0;0;Divulgada no PNCP;0;Contratação de empresa especializada para prestação continuada de serviços técnicos profissionais de engenharia civil, mediante disponibilização de profissional legalmente habilitado e registrado no CREA, para atendimento das demandas técnicas do Município de Vitória Brasil/SP, conforme especificações e condições estabelecidas no Termo de Referência.;2026-08-25T10:55:52;2026-09-11T07:00:00;https://bllcompras.com/Process/ProcessView?param1=[gkz]vQQuhlx2Pl8lkR4jblHBp53gsyiYaUO5R79qyHqzmfBAXAgoaWDIYQNetaVTV6wokPn_VoeOaP31PgAi8W9JkZoK42fYxR_Q3rLDM3pZlz4=;MUNICIPIO DE VITORIA BRASIL;PRESTAÇÃO DE SERVIÇOS PROFISSIONAIS DE ENGENHARIA CIVIL, COM CARGA HORÁRIA DE 7 HORAS DIÁRIA E NO MÍNIMO 35 HORAS SEMANAIS.;SERV;12.0;6000.0;72000.0;1;Em andamento;Sem benefício;nao_classificado;indefinido;indefinido;baixa;;;;;;
01611210000189-1-000040/2026;1;3556958;Vitória Brasil;0;2026;020;6;Pregão - Eletrônico;0;0;Divulgada no PNCP;0;Contratação de empresa especializadas para a prestação contínua de serviços de lavagem e engraxamento dos veículos, máquinas e equipamentos que compõem a frota da Prefeitura do Município de Vitória Brasil/SP, com fornecimento de materiais, produtos, equipamentos, mão de obra e demais insumos necessários;2026-09-16T18:58:53;2026-10-01T07:00:00;https://bllcompras.com/Process/ProcessView?param1=[gkz]sCaz2wWooeFIP2i5Iz0nXh3hzu41DEDY3pxuGEQQgb6PTZU8BwPXh1bVotybenI8WDWErU3KbsVTcF8e7KeZ6af3VxcbmIu0Ym3Ng4_7RIM=;MUNICIPIO DE VITORIA BRASIL;ENGRAXADA COMPLETA DE CAMINHÃO - COM MATERIAL INCLUSO;SERV;180.0;111.08;19994.4;1;Em andamento;Sem benefício;madeira_construcao;produto;construcao;baixa;;;;;;
01611210000189-1-000040/2026;2;3556958;Vitória Brasil;0;2026;020;6;Pregão - Eletrônico;0;0;Divulgada no PNCP;0;Contratação de empresa especializadas para a prestação contínua de serviços de lavagem e engraxamento dos veículos, máquinas e equipamentos que compõem a frota da Prefeitura do Município de Vitória Brasil/SP, com fornecimento de materiais, produtos, equipamentos, mão de obra e demais insumos necessários;2026-09-16T18:58:53;2026-10-01T07:00:00;https://bllcompras.com/Process/ProcessView?param1=[gkz]sCaz2wWooeFIP2i5Iz0nXh3hzu41DEDY3pxuGEQQgb6PTZU8BwPXh1bVotybenI8WDWErU3KbsVTcF8e7KeZ6af3VxcbmIu0Ym3Ng4_7RIM=;MUNICIPIO DE VITORIA BRASIL;ENGRAXADA COMPLETA DE MÁQUINA PESADA - COM MATERIAL INCLUSO;SERV;120.0;172.5;20700.0;1;Em andamento;Sem benefício;madeira_construcao;produto;construcao;baixa;;;;;;
01611210000189-1-000040/2026;3;3556958;Vitória Brasil;0;2026;020;6;Pregão - Eletrônico;0;0;Divulgada no PNCP;0;Contratação de empresa especializadas para a prestação contínua de serviços de lavagem e engraxamento dos veículos, máquinas e equipamentos que compõem a frota da Prefeitura do Município de Vitória Brasil/SP, com fornecimento de materiais, produtos, equipamentos, mão de obra e demais insumos necessários;2026-09-16T18:58:53;2026-10-01T07:00:00;https://bllcompras.com/Process/ProcessView?param1=[gkz]sCaz2wWooeFIP2i5Iz0nXh3hzu41DEDY3pxuGEQQgb6PTZU8BwPXh1bVotybenI8WDWErU3KbsVTcF8e7KeZ6af3VxcbmIu0Ym3Ng4_7RIM=;MUNICIPIO DE VITORIA BRASIL;ENGRAXADA COMPLETA DE MICRO-ÔNIBUS - COM MATERIAL INCLUSO;SERV;240.0;105.1;25224.0;1;Em andamento;Sem benefício;madeira_construcao;produto;construcao;baixa;;;;;;
01611210000189-1-000040/2026;4;3556958;Vitória Brasil;0;2026;020;6;Pregão - Eletrônico;0;0;Divulgada no PNCP;0;Contratação de empresa especializadas para a prestação contínua de serviços de lavagem e engraxamento dos veículos, máquinas e equipamentos que compõem a frota da Prefeitura do Município de Vitória Brasil/SP, com fornecimento de materiais, produtos, equipamentos, mão de obra e demais insumos necessários;2026-09-16T18:58:53;2026-10-01T07:00:00;https://bllcompras.com/Process/ProcessView?param1=[gkz]sCaz2wWooeFIP2i5Iz0nXh3hzu41DEDY3pxuGEQQgb6PTZU8BwPXh1bVotybenI8WDWErU3KbsVTcF8e7KeZ6af3VxcbmIu0Ym3Ng4_7RIM=;MUNICIPIO DE VITORIA BRASIL;ENGRAXADA COMPLETA DE ÔNIBUS ? COM MATERIAL INCLUSO;SERV;150.0;105.12;15768.0;1;Em andamento;Sem benefício;madeira_construcao;produto;construcao;baixa;;;;;;
01611210000189-1-000040/2026;5;3556958;Vitória Brasil;0;2026;020;6;Pregão - Eletrônico;0;0;Divulgada no PNCP;0;Contratação de empresa especializadas para a prestação contínua de serviços de lavagem e engraxamento dos veículos, máquinas e equipamentos que compõem a frota da Prefeitura do Município de Vitória Brasil/SP, com fornecimento de materiais, produtos, equipamentos, mão de obra e demais insumos necessários;2026-09-16T18:58:53;2026-10-01T07:00:00;https://bllcompras.com/Process/ProcessView?param1=[gkz]sCaz2wWooeFIP2i5Iz0nXh3hzu41DEDY3pxuGEQQgb6PTZU8BwPXh1bVotybenI8WDWErU3KbsVTcF8e7KeZ6af3VxcbmIu0Ym3Ng4_7RIM=;MUNICIPIO DE VITORIA BRASIL;ENGRAXADA COMPLETA DE MÁQUINA LEVES E TRATOR - COM MATERIAL INCLUSO;SERV;210.0;124.79;26205.9;1;Em andamento;Sem benefício;madeira_construcao;produto;construcao;baixa;;;;;;
01611210000189-1-000040/2026;6;3556958;Vitória Brasil;0;2026;020;6;Pregão - Eletrônico;0;0;Divulgada no PNCP;0;Contratação de empresa especializadas para a prestação contínua de serviços de lavagem e engraxamento dos veículos, máquinas e equipamentos que compõem a frota da Prefeitura do Município de Vitória Brasil/SP, com fornecimento de materiais, produtos, equipamentos, mão de obra e demais insumos necessários;2026-09-16T18:58:53;2026-10-01T07:00:00;https://bllcompras.com/Process/ProcessView?param1=[gkz]sCaz2wWooeFIP2i5Iz0nXh3hzu41DEDY3pxuGEQQgb6PTZU8BwPXh1bVotybenI8WDWErU3KbsVTcF8e7KeZ6af3VxcbmIu0Ym3Ng4_7RIM=;MUNICIPIO DE VITORIA BRASIL;LAVAGEM CAMINHÃO;SERV;180.0;260.0;46800.0;1;Em andamento;Sem benefício;madeira_construcao;produto;construcao;baixa;;;;;;
01611210000189-1-000040/2026;7;3556958;Vitória Brasil;0;2026;020;6;Pregão - Eletrônico;0;0;Divulgada no PNCP;0;Contratação de empresa especializadas para a prestação contínua de serviços de lavagem e engraxamento dos veículos, máquinas e equipamentos que compõem a frota da Prefeitura do Município de Vitória Brasil/SP, com fornecimento de materiais, produtos, equipamentos, mão de obra e demais insumos necessários;2026-09-16T18:58:53;2026-10-01T07:00:00;https://bllcompras.com/Process/ProcessView?param1=[gkz]sCaz2wWooeFIP2i5Iz0nXh3hzu41DEDY3pxuGEQQgb6PTZU8BwPXh1bVotybenI8WDWErU3KbsVTcF8e7KeZ6af3VxcbmIu0Ym3Ng4_7RIM=;MUNICIPIO DE VITORIA BRASIL;LAVAGEM CAMINHONETE;SERV;60.0;92.37;5542.2;1;Em andamento;Sem benefício;madeira_construcao;produto;construcao;baixa;;;;;;
01611210000189-1-000040/2026;8;3556958;Vitória Brasil;0;2026;020;6;Pregão - Eletrônico;0;0;Divulgada no PNCP;0;Contratação de empresa especializadas para a prestação contínua de serviços de lavagem e engraxamento dos veículos, máquinas e equipamentos que compõem a frota da Prefeitura do Município de Vitória Brasil/SP, com fornecimento de materiais, produtos, equipamentos, mão de obra e demais insumos necessários;2026-09-16T18:58:53;2026-10-01T07:00:00;https://bllcompras.com/Process/ProcessView?param1=[gkz]sCaz2wWooeFIP2i5Iz0nXh3hzu41DEDY3pxuGEQQgb6PTZU8BwPXh1bVotybenI8WDWErU3KbsVTcF8e7KeZ6af3VxcbmIu0Ym3Ng4_7RIM=;MUNICIPIO DE VITORIA BRASIL;LAVAGEM DE EQUIPAMENTOS AGRÍCOLAS - LAVAR, COM USO DE PRODUTOS APROPRIADOS DE PRIMEIRA QUALIDADE, E OUTRAS TAREFAS DA MESMA NATUREZA E GRAU DE COMPLEXIDADE.;SERV;160.0;107.0;17120.0;1;Em andamento;Sem benefício;madeira_construcao;produto;construcao;baixa;;;;;;
01611210000189-1-000040/2026;9;3556958;Vitória Brasil;0;2026;020;6;Pregão - Eletrônico;0;0;Divulgada no PNCP;0;Contratação de empresa especializadas para a prestação contínua de serviços de lavagem e engraxamento dos veículos, máquinas e equipamentos que compõem a frota da Prefeitura do Município de Vitória Brasil/SP, com fornecimento de materiais, produtos, equipamentos, mão de obra e demais insumos necessários;2026-09-16T18:58:53;2026-10-01T07:00:00;https://bllcompras.com/Process/ProcessView?param1=[gkz]sCaz2wWooeFIP2i5Iz0nXh3hzu41DEDY3pxuGEQQgb6PTZU8BwPXh1bVotybenI8WDWErU3KbsVTcF8e7KeZ6af3VxcbmIu0Ym3Ng4_7RIM=;MUNICIPIO DE VITORIA BRASIL;LAVAGEM DE MÁQUINA PESADA - LAVAR E ASPIRAR INTERNA E EXTERNA A MÁQUINA, COM USO DE PRODUTOS APROPRIADOS DE PRIMEIRA QUALIDADE, E OUTRAS TAREFAS DA MESMA NATUREZA E GRAU DE DE COMPLEXIDADE.;SERV;120.0;262.88;31545.6;1;Em andamento;Sem benefício;madeira_construcao;produto;construcao;baixa;;;;;;
01611210000189-1-000040/2026;10;3556958;Vitória Brasil;0;2026;020;6;Pregão - Eletrônico;0;0;Divulgada no PNCP;0;Contratação de empresa especializadas para a prestação contínua de serviços de lavagem e engraxamento dos veículos, máquinas e equipamentos que compõem a frota da Prefeitura do Município de Vitória Brasil/SP, com fornecimento de materiais, produtos, equipamentos, mão de obra e demais insumos necessários;2026-09-16T18:58:53;2026-10-01T07:00:00;https://bllcompras.com/Process/ProcessView?param1=[gkz]sCaz2wWooeFIP2i5Iz0nXh3hzu41DEDY3pxuGEQQgb6PTZU8BwPXh1bVotybenI8WDWErU3KbsVTcF8e7KeZ6af3VxcbmIu0Ym3Ng4_7RIM=;MUNICIPIO DE VITORIA BRASIL;LAVAGEM MICRO-ÔNIBUS;SERV;240.0;180.0;43200.0;1;Em andamento;Sem benefício;madeira_construcao;produto;construcao;baixa;;;;;;
01611210000189-1-000041/2026;1;3556958;Vitória Brasil;0;2026;021;6;Pregão - Eletrônico;0;0;Divulgada no PNCP;0;"Contratação de empresa especializada para
prestação continuada de serviços de Cuidador Infantil e Apoio Escolar mediante
disponibilização de até 12 (doze) profissionais para atuação na EMEI Neide Aparecida de
Carvalho e na E.M. Pedro Strabelli, integrantes da Rede Municipal de Ensino de Vitória
Brasil/SP ";2026-09-24T16:49:23;2026-10-13T07:00:00;https://bllcompras.com/Process/ProcessView?param1=[gkz]YFH1R50zsNHrFC9V9ZX6/tVf/2DEg6jGcNS/tF_4APxfXUXwCAN890B65WRMz64tCc9GiAA0OAGzioD/lS_T1QW5WeQRdc6wsh7EOuFzA1E=;MUNICIPIO DE VITORIA BRASIL;SERVIÇOS DE CUIDADOR INFANTIL E APOIO ESCOLAR;SERV;19440.0;29.0;563760.0;1;Em andamento;Sem benefício;nao_classificado;indefinido;indefinido;baixa;;;;;;
01611210000189-1-000042/2026;1;3556958;Vitória Brasil;0;2026;018;6;Pregão - Eletrônico;0;0;Divulgada no PNCP;0;"Contratação de empresa especializada na prestação de serviços técnicos de planejamento, organização, elaboração, aplicação e correção de provas objetivas, discursivas e práticas, bem como o processamento de resultados e o julgamento de recursos administrativos, visando à realização de Concurso Público para o
provimento de cargos efetivos do quadro de pessoal da Prefeitura Municipal de Vitória Brasil/SP.";2026-09-28T18:54:50;2026-10-19T07:00:00;https://bllcompras.com/Process/ProcessView?param1=[gkz]jJGcEmzMijqLgpQYZE7WAxT0zBqlgK56G62iRrWMJKRwO9GnoQZJzgJ8XiyUciq6JQA8fZtbe7MXmpoUbGnSLpSz2HQjU6lUymAf3Jp99hk=;MUNICIPIO DE VITORIA BRASIL;Prestação de serviços técnicos de planejamento, organização, elaboração, aplicação e correção de provas objetivas, discursivas e práticas, bem como o processamento de resultados e o julgamento de recursos administrativos, visando à realização de Concurso Público para o provimento de cargos efetivos do quadro de pessoal da Prefeitura Municipal de Vitória Brasil/SP.;UN;1.0;46200.0;46200.0;1;Em andamento;Sem benefício;servico_assessoria_geral;servico;administrativo;baixa;;;;;;
47842836000105-1-000131/2025;1;3515509;Fernandópolis;0;2025;197;12;Credenciamento;0;0;Divulgada no PNCP;0;"CONTRATAÇÃO DE EMPRESA ESPECIALIZADA, POR MEIO DE CREDENCIAMENTO, PARA PRESTAÇÃO DE SERVIÇOS DE ASSISTÊNCIA À SAÚDE SUPLEMENTAR NA MODALIDADE DE PLANO DE SAÚDE COLETIVO EMPRESARIAL OU COLETIVO
POR ADESÃO, COM SEGMENTAÇÃO AMBULATORIAL E HOSPITALAR COM OBSTETRÍCIA, PARA OS
SERVIDORES PÚBLICOS MUNICIPAIS DE FERNANDÓPOLIS, TANTO ATIVOS DA PREFEITURA QUANTO
INATIVOS DO IPREM, E SEUS RESPECTIVOS DEPENDENTES, VISANDO GARANTIR A CONTINUIDADE DO
SERVIÇO E A LIBERDADE DE ESCOLHA DOS BENEFICIÁRIOS";2025-09-03T17:51:43;2026-10-14T17:00:00;;MUNICIPIO DE FERNANDOPOLIS;Assistência Médica - Hospitalar / Domiciliar complementar de Saúde / Convênio Assistência Médica - Hospitalar / Domiciliar complementar de Saúde / Convênio;UNIDADE;1.0;2436910.8;2436910.8;1;Em andamento;Não se aplica;nao_classificado;indefinido;indefinido;baixa;16692996000183;G2C ADMINISTRADORA DE BENEFICIOS LTDA.;Demais;487382.14;487382.14;0.800000008207112
47842836000105-1-000131/2025;1;3515509;Fernandópolis;0;2025;197;12;Credenciamento;0;0;Divulgada no PNCP;0;"CONTRATAÇÃO DE EMPRESA ESPECIALIZADA, POR MEIO DE CREDENCIAMENTO, PARA PRESTAÇÃO DE SERVIÇOS DE ASSISTÊNCIA À SAÚDE SUPLEMENTAR NA MODALIDADE DE PLANO DE SAÚDE COLETIVO EMPRESARIAL OU COLETIVO
POR ADESÃO, COM SEGMENTAÇÃO AMBULATORIAL E HOSPITALAR COM OBSTETRÍCIA, PARA OS
SERVIDORES PÚBLICOS MUNICIPAIS DE FERNANDÓPOLIS, TANTO ATIVOS DA PREFEITURA QUANTO
INATIVOS DO IPREM, E SEUS RESPECTIVOS DEPENDENTES, VISANDO GARANTIR A CONTINUIDADE DO
SERVIÇO E A LIBERDADE DE ESCOLHA DOS BENEFICIÁRIOS";2025-09-03T17:51:43;2026-10-14T17:00:00;;MUNICIPIO DE FERNANDOPOLIS;Assistência Médica - Hospitalar / Domiciliar complementar de Saúde / Convênio Assistência Médica - Hospitalar / Domiciliar complementar de Saúde / Convênio;UNIDADE;1.0;2436910.8;2436910.8;1;Em andamento;Não se aplica;nao_classificado;indefinido;indefinido;baixa;11073058000181;BENEVIX ADMINISTRADORA DE BENEFICIOS LTDA;Demais;487382.16;487382.16;0.8
45131885000104-1-000139/2025;1;3524808;Jales;1;2025;02;12;Credenciamento;0;0;Divulgada no PNCP;0;Visa- se o Chamamento Público que tem por objeto o credenciamento de pessoas jurídicas para a prestação de serviços de Fonoaudiólogo, Tradutor e Interpretes de Libras e Médicos: Clínico Geral, Ginecologista, Pediatra, Infectologista, Auditor/Regulador, Diretor Técnico e Psiquiatra, com entrega parcelada, por tempo determinado, conforme Termo de Referência – Anexo I.;2025-10-10T16:55:27;2026-10-14T08:00:00;https://bllcompras.com/Process/ProcessView?param1=[gkz]lvbKyYvKIZiklLxiAv8yLXpH61nfdQ27zWjL4LgDP9TI_EL2tTI7HuwRFC9TLbbPEkTpieh_v08t375hW7Ho0/56cHYOdyQiOLOgx/mkV0g=;MUNICIPIO DE JALES;CONTRATAÇÃO DE PROFISSIONAIS PARA PRESTAÇÃO DE SERVIÇOS MÉDICOS GENERALISTA - NO MÍNIMO 40 (QUARENTA) HORAS SEMANAIS, EM ATENDIMENTO À POPULAÇÃO USUÁRIA DAS UNIDADES BÁSICA DE SAÚDE DO MUNICÍPIO DE JALES. CONFORME ESPECIFICAÇÕES DO TERMO DE REFERÊNCIA.;HR;26000.0;89.43;2325180.0;1;Em andamento;Sem benefício;servico_saude_assistencial;servico;saude;media;;;;;;
45131885000104-1-000139/2025;2;3524808;Jales;1;2025;02;12;Credenciamento;0;0;Divulgada no PNCP;0;Visa- se o Chamamento Público que tem por objeto o credenciamento de pessoas jurídicas para a prestação de serviços de Fonoaudiólogo, Tradutor e Interpretes de Libras e Médicos: Clínico Geral, Ginecologista, Pediatra, Infectologista, Auditor/Regulador, Diretor Técnico e Psiquiatra, com entrega parcelada, por tempo determinado, conforme Termo de Referência – Anexo I.;2025-10-10T16:55:27;2026-10-14T08:00:00;https://bllcompras.com/Process/ProcessView?param1=[gkz]lvbKyYvKIZiklLxiAv8yLXpH61nfdQ27zWjL4LgDP9TI_EL2tTI7HuwRFC9TLbbPEkTpieh_v08t375hW7Ho0/56cHYOdyQiOLOgx/mkV0g=;MUNICIPIO DE JALES;CONTRATAÇÃO DE MÉDICO PEDIATRA (NO MINIMO 15 HORAS SEMANAIS), EM ATENDIMENTO À POPULAÇÃO USUÁRIA DAS UNIDADES BÁSICA DE SAÚDE DO MUNICÍPIO DE JALES. CONFORME ESPECIFICAÇÕES DO TERMO DE REFERÊNCIA. ;HR;4000.0;300.08;1200320.0;1;Em andamento;Sem benefício;nao_classificado;indefinido;indefinido;baixa;;;;;;
45131885000104-1-000139/2025;3;3524808;Jales;1;2025;02;12;Credenciamento;0;0;Divulgada no PNCP;0;Visa- se o Chamamento Público que tem por objeto o credenciamento de pessoas jurídicas para a prestação de serviços de Fonoaudiólogo, Tradutor e Interpretes de Libras e Médicos: Clínico Geral, Ginecologista, Pediatra, Infectologista, Auditor/Regulador, Diretor Técnico e Psiquiatra, com entrega parcelada, por tempo determinado, conforme Termo de Referência – Anexo I.;2025-10-10T16:55:27;2026-10-14T08:00:00;https://bllcompras.com/Process/ProcessView?param1=[gkz]lvbKyYvKIZiklLxiAv8yLXpH61nfdQ27zWjL4LgDP9TI_EL2tTI7HuwRFC9TLbbPEkTpieh_v08t375hW7Ho0/56cHYOdyQiOLOgx/mkV0g=;MUNICIPIO DE JALES;CONTRATAÇÃO DE MÉDICO GINECOLOGISTA (NO MINIMO 20 (VINTE) HORAS SEMANAIS), EM ATENDIMENTO À POPULAÇÃO USUÁRIA DAS UNIDADES BÁSICA DE SAÚDE DO MUNICÍPIO DE JALES. CONFORME ESPECIFICAÇÕES DO TERMO DE REFERÊNCIA.;HR;4160.0;232.95;969072.0;1;Em andamento;Sem benefício;nao_classificado;indefinido;indefinido;baixa;;;;;;
45131885000104-1-000139/2025;4;3524808;Jales;1;2025;02;12;Credenciamento;0;0;Divulgada no PNCP;0;Visa- se o Chamamento Público que tem por objeto o credenciamento de pessoas jurídicas para a prestação de serviços de Fonoaudiólogo, Tradutor e Interpretes de Libras e Médicos: Clínico Geral, Ginecologista, Pediatra, Infectologista, Auditor/Regulador, Diretor Técnico e Psiquiatra, com entrega parcelada, por tempo determinado, conforme Termo de Referência – Anexo I.;2025-10-10T16:55:27;2026-10-14T08:00:00;https://bllcompras.com/Process/ProcessView?param1=[gkz]lvbKyYvKIZiklLxiAv8yLXpH61nfdQ27zWjL4LgDP9TI_EL2tTI7HuwRFC9TLbbPEkTpieh_v08t375hW7Ho0/56cHYOdyQiOLOgx/mkV0g=;MUNICIPIO DE JALES;CONTRATAÇÃO DE MÉDICO INFECTOLOGISTA (NO MÍNIMO 15 (QUINZE) HORAS SEMANAIS). CONFORME ESPECIFICAÇÕES DO TERMO DE REFERÊNCIA.;HR;800.0;210.0;168000.0;1;Em andamento;Sem benefício;nao_classificado;indefinido;indefinido;baixa;;;;;;
45131885000104-1-000139/2025;5;3524808;Jales;1;2025;02;12;Credenciamento;0;0;Divulgada no PNCP;0;Visa- se o Chamamento Público que tem por objeto o credenciamento de pessoas jurídicas para a prestação de serviços de Fonoaudiólogo, Tradutor e Interpretes de Libras e Médicos: Clínico Geral, Ginecologista, Pediatra, Infectologista, Auditor/Regulador, Diretor Técnico e Psiquiatra, com entrega parcelada, por tempo determinado, conforme Termo de Referência – Anexo I.;2025-10-10T16:55:27;2026-10-14T08:00:00;https://bllcompras.com/Process/ProcessView?param1=[gkz]lvbKyYvKIZiklLxiAv8yLXpH61nfdQ27zWjL4LgDP9TI_EL2tTI7HuwRFC9TLbbPEkTpieh_v08t375hW7Ho0/56cHYOdyQiOLOgx/mkV0g=;MUNICIPIO DE JALES;CONTRATAÇÃO DE MÉDICO AUDITOR / REGULADOR (NO MÍNIMO 15 (QUINZE) HORAS SEMANAIS). CONFORME ESPECIFICAÇÕES DO TERMO DE REFERÊNCIA.;HR;800.0;155.0;124000.0;1;Em andamento;Sem benefício;nao_classificado;indefinido;indefinido;baixa;;;;;;
45131885000104-1-000139/2025;6;3524808;Jales;1;2025;02;12;Credenciamento;0;0;Divulgada no PNCP;0;Visa- se o Chamamento Público que tem por objeto o credenciamento de pessoas jurídicas para a prestação de serviços de Fonoaudiólogo, Tradutor e Interpretes de Libras e Médicos: Clínico Geral, Ginecologista, Pediatra, Infectologista, Auditor/Regulador, Diretor Técnico e Psiquiatra, com entrega parcelada, por tempo determinado, conforme Termo de Referência – Anexo I.;2025-10-10T16:55:27;2026-10-14T08:00:00;https://bllcompras.com/Process/ProcessView?param1=[gkz]lvbKyYvKIZiklLxiAv8yLXpH61nfdQ27zWjL4LgDP9TI_EL2tTI7HuwRFC9TLbbPEkTpieh_v08t375hW7Ho0/56cHYOdyQiOLOgx/mkV0g=;MUNICIPIO DE JALES;"OBSERVAÇÃO: MÉDICO CLÍNICO GERAL; PARA ASSUMIR A FUNÇÃO DE DIRETOR TÉCNICO MÉDICO DA ATENÇÃO PRIMÁRIA A SAÚDE ? COM CARGA HORÁRIA DE NO MINIMO 20 (VINTE) HORAS SEMANAIS. CONFORME ESPECIFICAÇÕES DO TERMO DE REFERÊNCIA.";HR;1040.0;89.43;93007.2;1;Em andamento;Sem benefício;nao_classificado;indefinido;indefinido;baixa;;;;;;
45131885000104-1-000139/2025;7;3524808;Jales;1;2025;02;12;Credenciamento;0;0;Divulgada no PNCP;0;Visa- se o Chamamento Público que tem por objeto o credenciamento de pessoas jurídicas para a prestação de serviços de Fonoaudiólogo, Tradutor e Interpretes de Libras e Médicos: Clínico Geral, Ginecologista, Pediatra, Infectologista, Auditor/Regulador, Diretor Técnico e Psiquiatra, com entrega parcelada, por tempo determinado, conforme Termo de Referência – Anexo I.;2025-10-10T16:55:27;2026-10-14T08:00:00;https://bllcompras.com/Process/ProcessView?param1=[gkz]lvbKyYvKIZiklLxiAv8yLXpH61nfdQ27zWjL4LgDP9TI_EL2tTI7HuwRFC9TLbbPEkTpieh_v08t375hW7Ho0/56cHYOdyQiOLOgx/mkV0g=;MUNICIPIO DE JALES;CONTRATAÇÃO DE FONOAUDIÓLOGO (NO MÍNIMO 40 QUARENTA) HORAS SEMANAIS). CONFORME ESPECIFICAÇÕES DO TERMO DE REFERÊNCIA.;HR;4000.0;50.87;203480.0;1;Em andamento;Sem benefício;nao_classificado;indefinido;indefinido;baixa;;;;;;
45131885000104-1-000139/2025;8;3524808;Jales;1;2025;02;12;Credenciamento;0;0;Divulgada no PNCP;0;Visa- se o Chamamento Público que tem por objeto o credenciamento de pessoas jurídicas para a prestação de serviços de Fonoaudiólogo, Tradutor e Interpretes de Libras e Médicos: Clínico Geral, Ginecologista, Pediatra, Infectologista, Auditor/Regulador, Diretor Técnico e Psiquiatra, com entrega parcelada, por tempo determinado, conforme Termo de Referência – Anexo I.;2025-10-10T16:55:27;2026-10-14T08:00:00;https://bllcompras.com/Process/ProcessView?param1=[gkz]lvbKyYvKIZiklLxiAv8yLXpH61nfdQ27zWjL4LgDP9TI_EL2tTI7HuwRFC9TLbbPEkTpieh_v08t375hW7Ho0/56cHYOdyQiOLOgx/mkV0g=;MUNICIPIO DE JALES;ESPECIFICAÇÃO: ENSINO SUPERIOR COMPLETO COM PROFICIÊNCIA NA TRADUÇÃO / INTERPRETAÇÃO DE LIBRAS / LÍNGUA PORTUGUESA (PROLIBRAS, CAS, FENEIS) OU ENSINO SUPERIOR COMPLETO EM LETRAS / LIBRAS OU ENSINO SUPERIOR COMPLETO DE TRADUÇÃO E INTERPRETAÇÃO COM HABILITAÇÃO EM LIBRAS / LÍNGUA PORTUGUESA.OS ATENDIMENTOS COLETIVOS OU PARTICULARIZADOS SERÃO PREVIAMENTE AGENDADOS COM NO MÍNIMO 72 HORAS DE ANTECEDÊNCIA, SALVO EXCEÇÕES, EM SITUAÇÕES DE URGÊNCIA EM QUE O/A USUÁRIO/A ESTEJA EM SITUAÇÃO DE PRIVAÇÃO OU RISCO SOCIAL E NECESSITE DE ATENDIMENTO DE URGÊNCIA;HR;200.0;188.74;37748.0;1;Em andamento;Sem benefício;nao_classificado;indefinido;indefinido;baixa;;;;;;
45131885000104-1-000139/2025;9;3524808;Jales;1;2025;02;12;Credenciamento;0;0;Divulgada no PNCP;0;Visa- se o Chamamento Público que tem por objeto o credenciamento de pessoas jurídicas para a prestação de serviços de Fonoaudiólogo, Tradutor e Interpretes de Libras e Médicos: Clínico Geral, Ginecologista, Pediatra, Infectologista, Auditor/Regulador, Diretor Técnico e Psiquiatra, com entrega parcelada, por tempo determinado, conforme Termo de Referência – Anexo I.;2025-10-10T16:55:27;2026-10-14T08:00:00;https://bllcompras.com/Process/ProcessView?param1=[gkz]lvbKyYvKIZiklLxiAv8yLXpH61nfdQ27zWjL4LgDP9TI_EL2tTI7HuwRFC9TLbbPEkTpieh_v08t375hW7Ho0/56cHYOdyQiOLOgx/mkV0g=;MUNICIPIO DE JALES;CONTRATAÇÃO DE MÉDICO PSIQUIATRA (NO MINIMO 20 (VINTE) HORAS SEMANAIS). CONFORME ESPECIFICAÇÕES DO TERMO DE REFERÊNCIA.;HR;1040.0;224.35;233324.0;1;Em andamento;Sem benefício;nao_classificado;indefinido;indefinido;baixa;;;;;;
