ni_fornecedor;nome_fornecedor;porte_fornecedor;codigo_ibge;municipio;segmento;tipo_segmento;ano;mes;numero_controle_pncp;numero_item;numero_compra;link_pncp;descricao;quantidade;unidade_medida;valor_unitario_estimado;valor_unitario_homologado;valor_total_homologado_ajustado;situacao_item_nome
23868068000192;23.868.068 RINALDO JOSE KRAFT;Demais;3546603;Santa Fé do Sul;nao_classificado;indefinido;2026;8;45138070000149-1-000728/2026;1;DL 668;https://pncp.gov.br/app/editais/45138070000149/2026/728;SERVIÇO DE SUBSTITUIÇÃO DE MOTOR PARA PORTÃO ELETRÔNICO;1.0;UNIDADE;980.0;980.0;980.0;Homologado
40398718000100;40.398.718 MARCUS WEBER GONCALES;Demais;3546603;Santa Fé do Sul;nao_classificado;indefinido;2026;8;45138070000149-1-000765/2026;1;DL 707;https://pncp.gov.br/app/editais/45138070000149/2026/765;"LOCAÇÃO DE EQUIPAMENTO DE SOM: 04 CAIXAS DE
PEDESTAL DE 800WTS 01 MESA DE SOM DE 04 CANAIS 01 MICROFONE COM FIO 02
MICROFONES SEM FIO 01 TECNICA E SONOPLASTIA DURANTE AS RODADAS";1.0;SERVICOS;3750.0;3750.0;3750.0;Homologado
43277100000172;43.277.100 SIRLEI APARECIDA MUNIZ ALVES;ME;3546603;Santa Fé do Sul;nao_classificado;indefinido;2026;8;45138070000149-1-000747/2026;1;DL 677;https://pncp.gov.br/app/editais/45138070000149/2026/747;SERVIÇO DE ROÇADA E LIMPEZA DE ÁRVORE E DECORAÇÃO DE AMBIENTE;1.0;UNIDADE;8480.0;8480.0;8480.0;Homologado
44407006000153;44.407.006 ESLAN JHONSON EUZEBIO;Demais;3546603;Santa Fé do Sul;textil_uniforme;produto;2026;8;45138070000149-1-000738/2026;1;DL 685;https://pncp.gov.br/app/editais/45138070000149/2026/738;Serviço de confecção e instalação de arco de bexigas - cor azul, numeração 07;1.0;UNIDADE;400.0;400.0;400.0;Homologado
44769803000180;44.769.803 KATIA APARECIDA CONSTANTINO DA SILVA CAMPOS;Demais;3546603;Santa Fé do Sul;nao_classificado;indefinido;2026;8;45138070000149-1-000736/2026;1;IL 30;https://pncp.gov.br/app/editais/45138070000149/2026/736;Apresentação teatral “Crônicas das Estações”;2.0;UNIDADE;3400.0;3400.0;6800.0;Homologado
44769803000180;44.769.803 KATIA APARECIDA CONSTANTINO DA SILVA CAMPOS;Demais;3546603;Santa Fé do Sul;nao_classificado;indefinido;2026;8;45138070000149-1-000736/2026;2;IL 30;https://pncp.gov.br/app/editais/45138070000149/2026/736;Cortejo “Passos da Resistência – Pelo Fim da Violência Contra a Mulher;1.0;UNIDADE;4000.0;4000.0;4000.0;Homologado
44921024000159;44.921.024 JOSE ROBERTO FARIA;Demais;3546603;Santa Fé do Sul;madeira_construcao;produto;2026;8;45138070000149-1-000772/2026;1;DL 706;https://pncp.gov.br/app/editais/45138070000149/2026/772;Obras Civis - Pequenas Obras / Pintura em Geral Pintura das traves (gol), pintura das paredes da quadra, pintura da tabela de basquete (estrutura e/ou demarcações, conforme necessidade), reparo em pontos do cimento no piso da quadra, pintura das paredes da quadra, preparação das superfícies para pintura (limpeza e pequenos ajustes), aplicação de pintura e acabamento final, alvenaria reparo nos muros, assentamentos de tijolos.;1.0;UNIDADE;5000.0;5000.0;5000.0;Homologado
48360399000148;48.360.399 JAQUES CELIO ROCHA PASTLEN;Demais;3546603;Santa Fé do Sul;nao_classificado;indefinido;2026;8;45138070000149-1-000745/2026;1;DL 694;https://pncp.gov.br/app/editais/45138070000149/2026/745;SERVIÇO DE PLACA DO MOTOR;1.0;SERVICOS;250.0;250.0;250.0;Homologado
48360399000148;48.360.399 JAQUES CELIO ROCHA PASTLEN;Demais;3546603;Santa Fé do Sul;nao_classificado;indefinido;2026;8;45138070000149-1-000745/2026;2;DL 694;https://pncp.gov.br/app/editais/45138070000149/2026/745;SERVIÇO DE SOLDA;1.0;SERVICOS;60.0;60.0;60.0;Homologado
48360399000148;48.360.399 JAQUES CELIO ROCHA PASTLEN;Demais;3546603;Santa Fé do Sul;nao_classificado;indefinido;2026;8;45138070000149-1-000745/2026;3;DL 694;https://pncp.gov.br/app/editais/45138070000149/2026/745;SERVIÇO DE RECUPERAÇÃO DA CARENAGEM;1.0;SERVICOS;60.0;60.0;60.0;Homologado
50727396000141;50.727.396 MARCIA ADRIANA DA SILVA VITTA;Demais;3546603;Santa Fé do Sul;informatica;produto;2026;8;45138070000149-1-000712/2026;1;DL 654;https://pncp.gov.br/app/editais/45138070000149/2026/712;"LIMPEZA GERAL LAVAGEM DOS GABINETES PRESSURIZAÇÃO DOS DAMPERS E MANGUEIRAS TROCA DO CHIP CAIXA DE MANUTENÇÃO PATRIMÔNIO: 42087;";1.0;UNIDADE;330.0;330.0;330.0;Homologado
50727396000141;50.727.396 MARCIA ADRIANA DA SILVA VITTA;Demais;3546603;Santa Fé do Sul;informatica;produto;2026;8;45138070000149-1-000720/2026;1;DL 657;https://pncp.gov.br/app/editais/45138070000149/2026/720;LIMPEZA GERAL LAVAGEM DOS GABI-NETES PRESSURIZAÇÃO DOS DAM-PERS E MANGUEIRAS TROCA DO CHIP CAIXA DE MANUTENÇÃO P: 42088;1.0;UNIDADE;330.0;330.0;330.0;Homologado
50727396000141;50.727.396 MARCIA ADRIANA DA SILVA VITTA;Demais;3546603;Santa Fé do Sul;informatica;produto;2026;8;45138070000149-1-000720/2026;2;DL 657;https://pncp.gov.br/app/editais/45138070000149/2026/720;LIMPEZA GERAL LAVAGEM DOS GABINETES TROCA DA PELICULA TROCA DO ROLO DE PRESSÃO LIMPEZA E LUBRIFICAÇÃO DO FUSOR TROCA DO PICKUP ROLLER LUBRIFICAÇÃO DAS ENGRENAGEM RECONDICIONAMENTO DA SOLENOIDE LIMPEZA DO LASER SCANN P: 38703;1.0;UNIDADE;380.0;380.0;380.0;Homologado
50727396000141;50.727.396 MARCIA ADRIANA DA SILVA VITTA;Demais;3546603;Santa Fé do Sul;informatica;produto;2026;8;45138070000149-1-000720/2026;3;DL 657;https://pncp.gov.br/app/editais/45138070000149/2026/720;LIMPEZA GERAL LAVAGEM DOS GABINETES TROCA DA PELICULA TROCA DO ROLO DE PRESSÃO LIMPEZA DO LASER SCANN LIMPEZA E LUBRIFICAÇÃO DO FUSOR TROCA DO PICKUP ROLLER LUBRIFICAÇÃO DAS ENGRENAGEM RECONDICIONAMENTO DA SOLENOIDE P:19787;1.0;UNIDADE;380.0;380.0;380.0;Homologado
50727396000141;50.727.396 MARCIA ADRIANA DA SILVA VITTA;Demais;3546603;Santa Fé do Sul;informatica;produto;2026;8;45138070000149-1-000720/2026;4;DL 657;https://pncp.gov.br/app/editais/45138070000149/2026/720;LIMPEZA GERAL LAVAGEM DOS GABINETES TROCA DA PELICULA LIMPEZA DO LASER SCANN LIMPEZA E LUBRIFICAÇÃO DO FUSOR TROCA DO PICKUP ROLLER LUBRIFICAÇÃO DAS ENGRENAGEM RECONDICIONAMENTO DA SOLENOIDE TROCA DO ROLO DE PRESSÃO P: 21234;1.0;UNIDADE;380.0;380.0;380.0;Homologado
50727396000141;50.727.396 MARCIA ADRIANA DA SILVA VITTA;Demais;3546603;Santa Fé do Sul;informatica;produto;2026;8;45138070000149-1-000720/2026;5;DL 657;https://pncp.gov.br/app/editais/45138070000149/2026/720;LIMPEZA GERAL LAVAGEM DOS GABINETES LIMPEZA E LUBRIFICAÇÃO DO FUSOR LUBRIFICAÇÃO DAS ENGRENAGEM TROCA DO ROLO DE PRESSÃO TROCA DA PELICULA P:28038;1.0;UNIDADE;380.0;380.0;380.0;Homologado
50727396000141;50.727.396 MARCIA ADRIANA DA SILVA VITTA;Demais;3546603;Santa Fé do Sul;informatica;produto;2026;8;45138070000149-1-000739/2026;1;DL 692;https://pncp.gov.br/app/editais/45138070000149/2026/739;LIMPEZA GERAL LAVAGEM DOS GABINETES LIMPEZA E LUBRIFICAÇÃO DO FUSOR TROCA DA PELICULA TROCA DO PICKUP ROLLER REPARO DA SOLENOIDE TROCA DA ENGRENAGEM DRIVE LIMPEZA DO MODULO LASER SCANN LUBRIFICAÇÃO DAS ENGRENAGEM P: 21.232;1.0;UNIDADE;410.0;410.0;410.0;Homologado
50727396000141;50.727.396 MARCIA ADRIANA DA SILVA VITTA;Demais;3546603;Santa Fé do Sul;informatica;produto;2026;8;45138070000149-1-000748/2026;1;DL 678;https://pncp.gov.br/app/editais/45138070000149/2026/748;LIMPEZA GERAL LAVAGEM DOS GABINETES PRESSURIZAÇÃO DOS DAMPERS E MANGUEIRAS TROCA DO CHIP CAIXA DE MANUTENÇÃO Patrimonio: 41364;1.0;UNIDADE;330.0;330.0;330.0;Homologado
51378988000168;51.378.988 MARLON FOLCONI;Demais;3546603;Santa Fé do Sul;nao_classificado;indefinido;2026;8;45138070000149-1-000733/2026;1;DL 674;https://pncp.gov.br/app/editais/45138070000149/2026/733;CONTRATAÇÃO DE EMPRESA ESPECIALIZADA PARA REALIZAR O EVENTO DE JURAMENTO À BANDEIRA, COM EQUIPAMENTOS INCLUSOS;1.0;SERVICOS;6150.0;6150.0;6150.0;Homologado
51900436000178;51.900.436 TEREZINHA GOMES DA SILVA;Demais;3546603;Santa Fé do Sul;nao_classificado;indefinido;2026;8;45138070000149-1-000708/2026;1;DL 650;https://pncp.gov.br/app/editais/45138070000149/2026/708;APARELHO DE PRESSÃO ARTERIAL DIGITAL DE BRAÇO;10.0;UNIDADE;165.0;165.0;1650.0;Homologado
52781335000198;52.781.335 EDMILSON EURICO DE QUEIROZ;Demais;3546603;Santa Fé do Sul;madeira_construcao;produto;2026;8;45138070000149-1-000744/2026;1;DL 684;https://pncp.gov.br/app/editais/45138070000149/2026/744;"Serviços de:
- limpeza geral dos telhados;
- limpeza geral das calhas;
- desobstruir bocais de saídas fluviais das calhas;
- instalação de porta de madeira; 
- desentupir as saídas de água;
- fazer alinhamento das saídas de água";1.0;SERVICOS;5900.0;5900.0;5900.0;Homologado
65200182000190;65.200.182 ELVIS DE OLIVEIRA FREITAS;Demais;3546603;Santa Fé do Sul;nao_classificado;indefinido;2026;8;45138070000149-1-000701/2026;1;DL 645;https://pncp.gov.br/app/editais/45138070000149/2026/701;ABERTURA DE PORTA;1.0;SERVICOS;50.0;50.0;50.0;Homologado
65200182000190;65.200.182 ELVIS DE OLIVEIRA FREITAS;Demais;3546603;Santa Fé do Sul;nao_classificado;indefinido;2026;8;45138070000149-1-000701/2026;2;DL 645;https://pncp.gov.br/app/editais/45138070000149/2026/701;COLOCAÇÃO DE MIOLO NOVO;1.0;SERVICOS;80.0;80.0;80.0;Homologado
65200182000190;65.200.182 ELVIS DE OLIVEIRA FREITAS;Demais;3546603;Santa Fé do Sul;nao_classificado;indefinido;2026;8;45138070000149-1-000701/2026;3;DL 645;https://pncp.gov.br/app/editais/45138070000149/2026/701;CÓPIA DE CHAVE;3.0;SERVICOS;13.0;13.0;39.0;Homologado
65577316000196;65.577.316 TALITA DE SOUZA FERREIRA CORREA;ME;3524808;Jales;informatica;produto;2026;8;46377800000127-1-003237/2026;1;13;https://pncp.gov.br/app/editais/46377800000127/2026/3237;"Conjunto Fusor Impressora aplicação: impressora lexmark ms321/ms421/ms521/ms621, composição: unidade fusora, tensão: 110, referência: 41x1178, tipo: original Unidade Fusora para Impressora Lexmark, referência 41X1178, 110 Volts, Serie: MS 321, MS 421, MS521, MX321, Original do fabricante do equipamento, Com Compenentes 100% Novos; Com Validade De 12 Meses A Partir Da Data De Entrega; ";10.0;Unidade;1643.99;1028.0;10280.0;Homologado
16612877000173;ADRIANA GANDIN GOMES MASSITELLI - ME;Demais;3546603;Santa Fé do Sul;nao_classificado;indefinido;2026;8;45138070000149-1-000717/2026;1;DL 659;https://pncp.gov.br/app/editais/45138070000149/2026/717;PLACA DE IDENTIFICAÇAO DE TÚMULOS- 100 UNIDADES EM AÇO INOX, NUMERADAS E ESCRITA EM ALTO RELEVO, COM FUNDO PINTADO NA COR PRETA, À PARTIR DO NUMERO 12.801 E 100 UNIDADES EM ACO. INOX, para PERPÉTUA, COM LETRAS EM ALTO RELEVO, COM FUNDO PINTADO NA COR PRETO, Á PARTIR DO NÚMERO 901;200.0;UNIDADE;15.0;15.0;3000.0;Homologado
16612877000173;ADRIANA GANDIN GOMES MASSITELLI - ME;Demais;3546603;Santa Fé do Sul;textil_uniforme;produto;2026;8;45138070000149-1-000781/2026;1;DL 718;https://pncp.gov.br/app/editais/45138070000149/2026/781;Jogo de bandeiras Oficiais tecido 100% Poliéster contendo 3 (três) em cada jogo: (Brasil, Estado de São Paulo, e do Município de Santa Fé do Sul), medindo aproximadamente 1,12 X1,6 mts para uso externo, confecção em duas faces idênticas.;1.0;UNIDADE;930.0;930.0;930.0;Homologado
16612877000173;ADRIANA GANDIN GOMES MASSITELLI - ME;Demais;3546603;Santa Fé do Sul;textil_uniforme;produto;2026;8;45138070000149-1-000781/2026;2;DL 718;https://pncp.gov.br/app/editais/45138070000149/2026/781;Jogo de bandeiras Oficiais tecido 100% Poliéster contendo 3 (três) em cada jogo: (Brasil, Estado de São Paulo, e do Município de Santa Fé do Sul), medindo aproximadamente 1,35 X1,93 mts para uso externo, confecção em duas faces idênticas.;1.0;UNIDADE;1100.0;1100.0;1100.0;Homologado
48305350000192;ALESSANDRO MANZATO FREIRI LTDA;ME;3546603;Santa Fé do Sul;insumos_laboratoriais;produto;2026;8;45138070000149-1-000723/2026;1;DL 666;https://pncp.gov.br/app/editais/45138070000149/2026/723;KIT NEUROLÓGICO DE DIAPASÃO MÉDICO DE 128 HZ - PRATEADO;10.0;UNIDADE;75.0;75.0;750.0;Homologado
45017955000190;ALEX SANDRO DA SILVA PRODUTOS E SERVICOS LTDA;ME;3546603;Santa Fé do Sul;nao_classificado;indefinido;2026;8;45138070000149-1-000771/2026;1;DL 705;https://pncp.gov.br/app/editais/45138070000149/2026/771;sistema eletromagnético para afastamento de pombos;1.0;UNIDADE;48629.6;48629.6;48629.6;Homologado
42955511000107;ALVES FERREIRA CONSTRUCOES LTDA;EPP;3546603;Santa Fé do Sul;nao_classificado;indefinido;2026;8;45138070000149-1-000732/2026;1;DL 673;https://pncp.gov.br/app/editais/45138070000149/2026/732;RETIRADA E ASSENTAMENTO DO PISO DA COZINHA;1.0;SERVICOS;3750.0;3750.0;3750.0;Homologado
42955511000107;ALVES FERREIRA CONSTRUCOES LTDA;EPP;3546603;Santa Fé do Sul;nao_classificado;indefinido;2026;8;45138070000149-1-000732/2026;2;DL 673;https://pncp.gov.br/app/editais/45138070000149/2026/732;"Serviço de reparos e limpeza do telhado (pavilhão 01) e Reparos de piso em sala de aula e banheiro; Fixar cano de água";1.0;SERVICOS;3500.0;3500.0;3500.0;Homologado
21318056000169;ANGELA CRISTINA FRACAROLLI - ME;Demais;3546603;Santa Fé do Sul;nao_classificado;indefinido;2026;8;45138070000149-1-000702/2026;1;DL 646;https://pncp.gov.br/app/editais/45138070000149/2026/702;GALÃO REMOVE FÁCIL 5LTS;2.0;UNIDADE;70.0;70.0;140.0;Em andamento
21318056000169;ANGELA CRISTINA FRACAROLLI - ME;Demais;3546603;Santa Fé do Sul;nao_classificado;indefinido;2026;8;45138070000149-1-000702/2026;2;DL 646;https://pncp.gov.br/app/editais/45138070000149/2026/702;GALÃO CERA ACRILICA 5LTS;2.0;UNIDADE;155.0;155.0;310.0;Em andamento
21318056000169;ANGELA CRISTINA FRACAROLLI - ME;Demais;3546603;Santa Fé do Sul;nao_classificado;indefinido;2026;8;45138070000149-1-000702/2026;3;DL 646;https://pncp.gov.br/app/editais/45138070000149/2026/702;PASSA CERA;1.0;UNIDADE;25.0;25.0;25.0;Em andamento
06256356000177;ANTONIO CARLOS PIRES INSUFILM - ME;Demais;3546603;Santa Fé do Sul;nao_classificado;indefinido;2026;8;45138070000149-1-000746/2026;1;DL 675;https://pncp.gov.br/app/editais/45138070000149/2026/746;Serviço de instalação de Adesivos Brancos em portas e janelas da Unidade ESF Centro II;14.62;METRO QUADRADO;100.0;100.0;1462.0;Homologado
36025587000130;ARNALDO TAVARES DA SILVA 78477344868;ME;3546603;Santa Fé do Sul;nao_classificado;indefinido;2026;8;45138070000149-1-000707/2026;23;10;https://pncp.gov.br/app/editais/45138070000149/2026/707;Verdura In Natura tipo: acelga;93.0;Unidade;8.79;8.7;809.1;Homologado
36025587000130;ARNALDO TAVARES DA SILVA 78477344868;ME;3546603;Santa Fé do Sul;nao_classificado;indefinido;2026;8;45138070000149-1-000707/2026;24;10;https://pncp.gov.br/app/editais/45138070000149/2026/707;Fruta tipo: abacaxi pérola, apresentação: natural;597.0;Unidade;9.77;9.67;5772.99;Homologado
36025587000130;ARNALDO TAVARES DA SILVA 78477344868;ME;3546603;Santa Fé do Sul;nao_classificado;indefinido;2026;8;45138070000149-1-000707/2026;25;10;https://pncp.gov.br/app/editais/45138070000149/2026/707;Legume In Natura tipo: abóbora cabotiá / japonesa;207.0;Quilograma;5.67;5.61;1161.27;Homologado
36025587000130;ARNALDO TAVARES DA SILVA 78477344868;ME;3546603;Santa Fé do Sul;nao_classificado;indefinido;2026;8;45138070000149-1-000707/2026;26;10;https://pncp.gov.br/app/editais/45138070000149/2026/707;Legume In Natura tipo: abóbora paulista;330.0;Quilograma;5.97;5.91;1950.3;Homologado
36025587000130;ARNALDO TAVARES DA SILVA 78477344868;ME;3546603;Santa Fé do Sul;nao_classificado;indefinido;2026;8;45138070000149-1-000707/2026;27;10;https://pncp.gov.br/app/editais/45138070000149/2026/707;Verdura In Natura tipo: alface americana;699.0;Unidade;7.08;7.0;4893.0;Homologado
36025587000130;ARNALDO TAVARES DA SILVA 78477344868;ME;3546603;Santa Fé do Sul;nao_classificado;indefinido;2026;8;45138070000149-1-000707/2026;28;10;https://pncp.gov.br/app/editais/45138070000149/2026/707;Condimento tipo: alho, apresentação: natural, adicional: cabeça;222.0;Quilograma;27.96;24.25;5383.5;Homologado
36025587000130;ARNALDO TAVARES DA SILVA 78477344868;ME;3546603;Santa Fé do Sul;nao_classificado;indefinido;2026;8;45138070000149-1-000707/2026;29;10;https://pncp.gov.br/app/editais/45138070000149/2026/707;Verdura In Natura tipo: almeirão;180.0;Unidade;7.97;7.89;1420.2;Homologado
36025587000130;ARNALDO TAVARES DA SILVA 78477344868;ME;3546603;Santa Fé do Sul;nao_classificado;indefinido;2026;8;45138070000149-1-000707/2026;30;10;https://pncp.gov.br/app/editais/45138070000149/2026/707;Fruta tipo: banana nanica / banana d'água, apresentação: natural;1316.0;Unidade;5.16;4.0;5264.0;Homologado
36025587000130;ARNALDO TAVARES DA SILVA 78477344868;ME;3546603;Santa Fé do Sul;nao_classificado;indefinido;2026;8;45138070000149-1-000707/2026;31;10;https://pncp.gov.br/app/editais/45138070000149/2026/707;Legume In Natura tipo 1: batata doce casca rosada, apresentação: natural;316.0;Quilograma;5.46;5.4;1706.4;Homologado
36025587000130;ARNALDO TAVARES DA SILVA 78477344868;ME;3546603;Santa Fé do Sul;nao_classificado;indefinido;2026;8;45138070000149-1-000707/2026;32;10;https://pncp.gov.br/app/editais/45138070000149/2026/707;Legume In Natura tipo: batata inglesa;816.0;Quilograma;6.91;6.84;5581.44;Homologado
36025587000130;ARNALDO TAVARES DA SILVA 78477344868;ME;3546603;Santa Fé do Sul;nao_classificado;indefinido;2026;8;45138070000149-1-000707/2026;33;10;https://pncp.gov.br/app/editais/45138070000149/2026/707;Legume In Natura tipo: berinjela;90.0;Quilograma;6.17;6.1;549.0;Homologado
36025587000130;ARNALDO TAVARES DA SILVA 78477344868;ME;3546603;Santa Fé do Sul;nao_classificado;indefinido;2026;8;45138070000149-1-000707/2026;34;10;https://pncp.gov.br/app/editais/45138070000149/2026/707;Legume In Natura tipo: beterraba;203.0;Quilograma;8.33;8.24;1672.72;Homologado
36025587000130;ARNALDO TAVARES DA SILVA 78477344868;ME;3546603;Santa Fé do Sul;nao_classificado;indefinido;2026;8;45138070000149-1-000707/2026;35;10;https://pncp.gov.br/app/editais/45138070000149/2026/707;Verdura In Natura tipo: brócolis comum;156.0;Unidade;9.6;9.5;1482.0;Homologado
36025587000130;ARNALDO TAVARES DA SILVA 78477344868;ME;3546603;Santa Fé do Sul;nao_classificado;indefinido;2026;8;45138070000149-1-000707/2026;36;10;https://pncp.gov.br/app/editais/45138070000149/2026/707;Legume In Natura tipo: cebola amarela;581.0;Quilograma;6.37;6.3;3660.3;Homologado
36025587000130;ARNALDO TAVARES DA SILVA 78477344868;ME;3546603;Santa Fé do Sul;nao_classificado;indefinido;2026;8;45138070000149-1-000707/2026;37;10;https://pncp.gov.br/app/editais/45138070000149/2026/707;Legume In Natura tipo: cenoura;421.0;Quilograma;9.67;9.57;4028.97;Homologado
36025587000130;ARNALDO TAVARES DA SILVA 78477344868;ME;3546603;Santa Fé do Sul;nao_classificado;indefinido;2026;8;45138070000149-1-000707/2026;38;10;https://pncp.gov.br/app/editais/45138070000149/2026/707;Condimento tipo: cebolinha e salsa, apresentação: natural;342.0;Unidade;7.15;7.07;2417.94;Homologado
36025587000130;ARNALDO TAVARES DA SILVA 78477344868;ME;3546603;Santa Fé do Sul;nao_classificado;indefinido;2026;8;45138070000149-1-000707/2026;39;10;https://pncp.gov.br/app/editais/45138070000149/2026/707;Legume In Natura tipo: chuchu verde;82.0;Quilograma;6.56;6.49;532.18;Homologado
36025587000130;ARNALDO TAVARES DA SILVA 78477344868;ME;3546603;Santa Fé do Sul;nao_classificado;indefinido;2026;8;45138070000149-1-000707/2026;40;10;https://pncp.gov.br/app/editais/45138070000149/2026/707;Verdura In Natura tipo: couve-flor;128.0;Unidade;10.83;10.27;1314.56;Homologado
36025587000130;ARNALDO TAVARES DA SILVA 78477344868;ME;3546603;Santa Fé do Sul;nao_classificado;indefinido;2026;8;45138070000149-1-000707/2026;41;10;https://pncp.gov.br/app/editais/45138070000149/2026/707;Verdura In Natura tipo: couve;197.0;Unidade;7.35;7.27;1432.19;Homologado
36025587000130;ARNALDO TAVARES DA SILVA 78477344868;ME;3546603;Santa Fé do Sul;nao_classificado;indefinido;2026;8;45138070000149-1-000707/2026;42;10;https://pncp.gov.br/app/editais/45138070000149/2026/707;Legume In Natura tipo: jiló;77.0;Quilograma;9.3;9.2;708.4;Homologado
36025587000130;ARNALDO TAVARES DA SILVA 78477344868;ME;3546603;Santa Fé do Sul;nao_classificado;indefinido;2026;8;45138070000149-1-000707/2026;43;10;https://pncp.gov.br/app/editais/45138070000149/2026/707;Fruta tipo: laranja pera, apresentação: natural;1009.0;Quilograma;5.6;2.81;2835.29;Homologado
36025587000130;ARNALDO TAVARES DA SILVA 78477344868;ME;3546603;Santa Fé do Sul;nao_classificado;indefinido;2026;8;45138070000149-1-000707/2026;44;10;https://pncp.gov.br/app/editais/45138070000149/2026/707;Fruta tipo: limão taiti, apresentação: natural;307.0;Quilograma;5.75;5.69;1746.83;Homologado
36025587000130;ARNALDO TAVARES DA SILVA 78477344868;ME;3546603;Santa Fé do Sul;nao_classificado;indefinido;2026;8;45138070000149-1-000707/2026;45;10;https://pncp.gov.br/app/editais/45138070000149/2026/707;Fruta tipo: maçã fuji, apresentação: natural;338.0;Quilograma;12.61;12.48;4218.24;Homologado
36025587000130;ARNALDO TAVARES DA SILVA 78477344868;ME;3546603;Santa Fé do Sul;nao_classificado;indefinido;2026;8;45138070000149-1-000707/2026;46;10;https://pncp.gov.br/app/editais/45138070000149/2026/707;Fruta tipo: mamão papaia / mamão amazônia, apresentação: natural;703.0;Quilograma;8.12;8.03;5645.09;Homologado
36025587000130;ARNALDO TAVARES DA SILVA 78477344868;ME;3546603;Santa Fé do Sul;nao_classificado;indefinido;2026;8;45138070000149-1-000707/2026;47;10;https://pncp.gov.br/app/editais/45138070000149/2026/707;Legume In Natura tipo: mandioca / aipim;328.0;Quilograma;7.6;7.52;2466.56;Homologado
36025587000130;ARNALDO TAVARES DA SILVA 78477344868;ME;3546603;Santa Fé do Sul;nao_classificado;indefinido;2026;8;45138070000149-1-000707/2026;48;10;https://pncp.gov.br/app/editais/45138070000149/2026/707;Fruta tipo: maracujá azedo / maracujá amarelo, apresentação: natural;108.0;Quilograma;13.19;13.05;1409.4;Homologado
36025587000130;ARNALDO TAVARES DA SILVA 78477344868;ME;3546603;Santa Fé do Sul;nao_classificado;indefinido;2026;8;45138070000149-1-000707/2026;49;10;https://pncp.gov.br/app/editais/45138070000149/2026/707;Legume In Natura tipo: maxixe;10.0;Quilograma;12.43;12.3;123.0;Homologado
36025587000130;ARNALDO TAVARES DA SILVA 78477344868;ME;3546603;Santa Fé do Sul;nao_classificado;indefinido;2026;8;45138070000149-1-000707/2026;50;10;https://pncp.gov.br/app/editais/45138070000149/2026/707;Fruta tipo: melancia vermelha, apresentação: natural;1550.0;Quilograma;4.36;4.31;6680.5;Homologado
36025587000130;ARNALDO TAVARES DA SILVA 78477344868;ME;3546603;Santa Fé do Sul;nao_classificado;indefinido;2026;8;45138070000149-1-000707/2026;51;10;https://pncp.gov.br/app/editais/45138070000149/2026/707;Fruta tipo: melão amarelo, apresentação: natural;442.0;Quilograma;7.67;7.59;3354.78;Homologado
36025587000130;ARNALDO TAVARES DA SILVA 78477344868;ME;3546603;Santa Fé do Sul;nao_classificado;indefinido;2026;8;45138070000149-1-000707/2026;52;10;https://pncp.gov.br/app/editais/45138070000149/2026/707;Legume In Natura tipo: milho verde;187.0;Quilograma;8.3;8.21;1535.27;Homologado
36025587000130;ARNALDO TAVARES DA SILVA 78477344868;ME;3546603;Santa Fé do Sul;nao_classificado;indefinido;2026;8;45138070000149-1-000707/2026;53;10;https://pncp.gov.br/app/editais/45138070000149/2026/707;Legume In Natura tipo: pepino;320.0;Quilograma;7.98;7.9;2528.0;Homologado
36025587000130;ARNALDO TAVARES DA SILVA 78477344868;ME;3546603;Santa Fé do Sul;nao_classificado;indefinido;2026;8;45138070000149-1-000707/2026;54;10;https://pncp.gov.br/app/editais/45138070000149/2026/707;Fruta tipo: pera williams, apresentação: natural;499.0;Quilograma;13.56;13.42;6696.58;Homologado
36025587000130;ARNALDO TAVARES DA SILVA 78477344868;ME;3546603;Santa Fé do Sul;nao_classificado;indefinido;2026;8;45138070000149-1-000707/2026;55;10;https://pncp.gov.br/app/editais/45138070000149/2026/707;Legume In Natura tipo: pimentão verde;23.0;Quilograma;14.5;14.35;330.05;Homologado
36025587000130;ARNALDO TAVARES DA SILVA 78477344868;ME;3546603;Santa Fé do Sul;nao_classificado;indefinido;2026;8;45138070000149-1-000707/2026;56;10;https://pncp.gov.br/app/editais/45138070000149/2026/707;Legume In Natura tipo: pimentão amarelo;33.0;Quilograma;17.39;17.21;567.93;Homologado
36025587000130;ARNALDO TAVARES DA SILVA 78477344868;ME;3546603;Santa Fé do Sul;nao_classificado;indefinido;2026;8;45138070000149-1-000707/2026;57;10;https://pncp.gov.br/app/editais/45138070000149/2026/707;Legume In Natura tipo: pimentão vermelho;54.0;Quilograma;24.25;24.0;1296.0;Homologado
36025587000130;ARNALDO TAVARES DA SILVA 78477344868;ME;3546603;Santa Fé do Sul;nao_classificado;indefinido;2026;8;45138070000149-1-000707/2026;58;10;https://pncp.gov.br/app/editais/45138070000149/2026/707;Legume In Natura tipo: pimentão verde;33.0;Quilograma;12.56;12.43;410.19;Homologado
36025587000130;ARNALDO TAVARES DA SILVA 78477344868;ME;3546603;Santa Fé do Sul;nao_classificado;indefinido;2026;8;45138070000149-1-000707/2026;59;10;https://pncp.gov.br/app/editais/45138070000149/2026/707;Legume In Natura tipo: quiabo;133.0;Quilograma;14.47;14.32;1904.56;Homologado
36025587000130;ARNALDO TAVARES DA SILVA 78477344868;ME;3546603;Santa Fé do Sul;nao_classificado;indefinido;2026;8;45138070000149-1-000707/2026;60;10;https://pncp.gov.br/app/editais/45138070000149/2026/707;Verdura In Natura tipo: repolho branco / verde;417.0;Quilograma;6.65;6.58;2743.86;Homologado
36025587000130;ARNALDO TAVARES DA SILVA 78477344868;ME;3546603;Santa Fé do Sul;nao_classificado;indefinido;2026;8;45138070000149-1-000707/2026;61;10;https://pncp.gov.br/app/editais/45138070000149/2026/707;Verdura In Natura tipo: rúcula;156.0;Unidade;8.73;8.64;1347.84;Homologado
36025587000130;ARNALDO TAVARES DA SILVA 78477344868;ME;3546603;Santa Fé do Sul;nao_classificado;indefinido;2026;8;45138070000149-1-000707/2026;62;10;https://pncp.gov.br/app/editais/45138070000149/2026/707;Fruta tipo: tangerina poncan, apresentação: natural;149.0;Unidade;7.14;7.06;1051.94;Homologado
36025587000130;ARNALDO TAVARES DA SILVA 78477344868;ME;3546603;Santa Fé do Sul;nao_classificado;indefinido;2026;8;45138070000149-1-000707/2026;63;10;https://pncp.gov.br/app/editais/45138070000149/2026/707;Legume In Natura tipo: tomate salada;766.0;Unidade;6.79;6.72;5147.52;Homologado
36025587000130;ARNALDO TAVARES DA SILVA 78477344868;ME;3546603;Santa Fé do Sul;nao_classificado;indefinido;2026;8;45138070000149-1-000707/2026;64;10;https://pncp.gov.br/app/editais/45138070000149/2026/707;Fruta tipo: uva rubi, apresentação: natural;192.0;Quilograma;17.24;17.06;3275.52;Homologado
36025587000130;ARNALDO TAVARES DA SILVA 78477344868;ME;3546603;Santa Fé do Sul;laticinios;produto;2026;8;45138070000149-1-000707/2026;65;10;https://pncp.gov.br/app/editais/45138070000149/2026/707;Legume In Natura tipo 1: vagem manteiga;101.0;Quilograma;20.8;20.59;2079.59;Homologado
36025587000130;ARNALDO TAVARES DA SILVA 78477344868;ME;3546603;Santa Fé do Sul;nao_classificado;indefinido;2026;8;45138070000149-1-000707/2026;66;10;https://pncp.gov.br/app/editais/45138070000149/2026/707;Fruta tipo: morango, apresentação: natural;220.0;Quilograma;21.19;20.97;4613.4;Homologado
58264962000138;ASSESSORIA G&C JDIGITAL LTDA;ME;3546603;Santa Fé do Sul;nao_classificado;indefinido;2026;8;45138070000149-1-000727/2026;1;DL 671;https://pncp.gov.br/app/editais/45138070000149/2026/727;E-CPF A3 DE 2 ANOS EM TOKEN;1.0;UNIDADE;370.0;370.0;370.0;Homologado
07183781000146;ASSOCIACAO SDTC;Demais;3546603;Santa Fé do Sul;nao_classificado;indefinido;2026;8;45138070000149-1-000722/2026;1;DL 662;https://pncp.gov.br/app/editais/45138070000149/2026/722;ASSESSORIA ESPECIALIZADA PARA A 13ª CONFERÊNCIA NACIONAL DOS DIREITOS DA CRIANÇA E DO ADOLESCENTE;1.0;SERVICOS;5200.0;5200.0;5200.0;Homologado
27869725000177;BALDAN AR CONDICIONADO E REFRIGERACAO LTDA;EPP;3546603;Santa Fé do Sul;nao_classificado;indefinido;2026;8;45138070000149-1-000764/2026;1;DL 704;https://pncp.gov.br/app/editais/45138070000149/2026/764;TROCA DE DOBRADIÇA;3.0;SERVICOS;90.0;90.0;270.0;Homologado
27869725000177;BALDAN AR CONDICIONADO E REFRIGERACAO LTDA;EPP;3546603;Santa Fé do Sul;nao_classificado;indefinido;2026;8;45138070000149-1-000764/2026;2;DL 704;https://pncp.gov.br/app/editais/45138070000149/2026/764;TROCA DE BORRACHA;1.0;SERVICOS;195.0;195.0;195.0;Homologado
27869725000177;BALDAN AR CONDICIONADO E REFRIGERACAO LTDA;EPP;3546603;Santa Fé do Sul;nao_classificado;indefinido;2026;8;45138070000149-1-000764/2026;3;DL 704;https://pncp.gov.br/app/editais/45138070000149/2026/764;MÃO DE OBRA;1.0;SERVICOS;300.0;300.0;300.0;Homologado
17273128000121;BMS QUEIROZ DISTRIBUIDORA DE COSMÉTICOS;Demais;3524808;Jales;nao_classificado;indefinido;2026;8;45131885000104-1-000437/2026;1;355;https://pncp.gov.br/app/editais/45131885000104/2026/437;SHAMPO DE MANDIOCA 1 LITRO;3.0;UNIDADE;117.9;117.9;353.7;Homologado
17273128000121;BMS QUEIROZ DISTRIBUIDORA DE COSMÉTICOS;Demais;3524808;Jales;nao_classificado;indefinido;2026;8;45131885000104-1-000437/2026;2;355;https://pncp.gov.br/app/editais/45131885000104/2026/437;SHAMPOO DE TUTANO 1 LITRO;2.0;UNIDADE;117.9;117.9;235.8;Homologado
17273128000121;BMS QUEIROZ DISTRIBUIDORA DE COSMÉTICOS;Demais;3524808;Jales;nao_classificado;indefinido;2026;8;45131885000104-1-000437/2026;3;355;https://pncp.gov.br/app/editais/45131885000104/2026/437;CONDICIONADOR DE MANDIOCA 500ML. CONFORME ESPECIFICAÇÕES DO TERMO DE REFERÊNCIA.;4.0;UNIDADE;74.9;74.9;299.6;Homologado
17273128000121;BMS QUEIROZ DISTRIBUIDORA DE COSMÉTICOS;Demais;3524808;Jales;nao_classificado;indefinido;2026;8;45131885000104-1-000437/2026;4;355;https://pncp.gov.br/app/editais/45131885000104/2026/437;CONDICIONADOR DE MANDIOCA 1 LITRO;2.0;UNIDADE;117.9;117.9;235.8;Homologado
17273128000121;BMS QUEIROZ DISTRIBUIDORA DE COSMÉTICOS;Demais;3524808;Jales;nao_classificado;indefinido;2026;8;45131885000104-1-000437/2026;5;355;https://pncp.gov.br/app/editais/45131885000104/2026/437;CONDICIONADOR DE TUTANO 1 LITRO;2.0;UNIDADE;117.9;117.9;235.8;Homologado
17273128000121;BMS QUEIROZ DISTRIBUIDORA DE COSMÉTICOS;Demais;3524808;Jales;nao_classificado;indefinido;2026;8;45131885000104-1-000437/2026;6;355;https://pncp.gov.br/app/editais/45131885000104/2026/437;MASCARA DE TUTANO 900G;3.0;UNIDADE;121.9;121.9;365.7;Homologado
17273128000121;BMS QUEIROZ DISTRIBUIDORA DE COSMÉTICOS;Demais;3524808;Jales;nao_classificado;indefinido;2026;8;45131885000104-1-000437/2026;7;355;https://pncp.gov.br/app/editais/45131885000104/2026/437;MASCARA LISO COM FORÇA 500 GRAMAS;4.0;UNIDADE;92.9;92.9;371.6;Homologado
17273128000121;BMS QUEIROZ DISTRIBUIDORA DE COSMÉTICOS;Demais;3524808;Jales;nao_classificado;indefinido;2026;8;45131885000104-1-000437/2026;8;355;https://pncp.gov.br/app/editais/45131885000104/2026/437;LEAVE IN LISO COM FORÇA 150 G;3.0;UNIDADE;62.9;62.9;188.7;Homologado
17273128000121;BMS QUEIROZ DISTRIBUIDORA DE COSMÉTICOS;Demais;3524808;Jales;nao_classificado;indefinido;2026;8;45131885000104-1-000437/2026;9;355;https://pncp.gov.br/app/editais/45131885000104/2026/437;LEAVE IN TUTANO 240 GRAMAS;2.0;UNIDADE;70.9;70.9;141.8;Homologado
17273128000121;BMS QUEIROZ DISTRIBUIDORA DE COSMÉTICOS;Demais;3524808;Jales;nao_classificado;indefinido;2026;8;45131885000104-1-000437/2026;10;355;https://pncp.gov.br/app/editais/45131885000104/2026/437;REPARADOR DE PONTAS TUTANO 35ML;4.0;UNIDADE;53.9;53.9;215.6;Homologado
74384231000182;C.C. CALEJON DOS SANTOS;EPP;3546603;Santa Fé do Sul;nao_classificado;indefinido;2026;8;45138070000149-1-000713/2026;1;DL 655;https://pncp.gov.br/app/editais/45138070000149/2026/713;FONTE PARA RELÓGIO;1.0;UNIDADE;165.0;165.0;165.0;Homologado
74384231000182;C.C. CALEJON DOS SANTOS;EPP;3546603;Santa Fé do Sul;nao_classificado;indefinido;2026;8;45138070000149-1-000713/2026;2;DL 655;https://pncp.gov.br/app/editais/45138070000149/2026/713;TELA TOUCH;1.0;UNIDADE;290.0;290.0;290.0;Homologado
74384231000182;C.C. CALEJON DOS SANTOS;EPP;3546603;Santa Fé do Sul;nao_classificado;indefinido;2026;8;45138070000149-1-000713/2026;3;DL 655;https://pncp.gov.br/app/editais/45138070000149/2026/713;LACRE;1.0;UNIDADE;30.0;30.0;30.0;Homologado
74384231000182;C.C. CALEJON DOS SANTOS;EPP;3546603;Santa Fé do Sul;nao_classificado;indefinido;2026;8;45138070000149-1-000753/2026;1;DL 687;https://pncp.gov.br/app/editais/45138070000149/2026/753;FONTE PARA RELÓGIO PONTO;2.0;UNIDADE;165.0;165.0;330.0;Homologado
21813588000172;CLEBER GONCALVES DE OLIVEIRA SERVICOS LTDA;ME;3524808;Jales;nao_classificado;indefinido;2026;8;45131885000104-1-000427/2026;1;354;https://pncp.gov.br/app/editais/45131885000104/2026/427;SERVIÇO DE LOCAÇÃO DE SOM, ILUMINAÇÃO E PROJEÇÃO DE PEQUENO PORTE;2.0;SERVIÇO;2800.0;2800.0;5600.0;Homologado
07170265000187;COMERCIAL DENTAL SEIXAS DE PRODUTOS ODONTOLOGICOS;Demais;3524808;Jales;material_odontologico;produto;2026;8;45131885000104-1-000438/2026;1;362;https://pncp.gov.br/app/editais/45131885000104/2026/438;RESINA COMPOSTA FOTOPOLIMERIZAVEL COR A3B, NANOPARTICULAS, RADIOPACA, RESINA EM SERINGA DE 4 G, COMPOSTA BASICAMENTE POR MATRIZ ORGANICA BIS-GMA, UDMA, TEGMA, PEGDMA, BIS- EMA, PART. INORGAN. ZIRCONIA / SILICA 63.3% VOL,78,5% PESO, COR A3B, EMBALADA INDIVIDUALMENTE, CONSTANDO EXTERNAMENTE MARCA COMERCIAL PROCEDENCIA DE FABRICACAO, VALIDADE MINIMA DE 2 ANOS DA DATA DE ENTREGA;15.0;UNIDADE;243.99;243.99;3659.85;Homologado
07170265000187;COMERCIAL DENTAL SEIXAS DE PRODUTOS ODONTOLOGICOS;Demais;3524808;Jales;material_odontologico;produto;2026;8;45131885000104-1-000438/2026;2;362;https://pncp.gov.br/app/editais/45131885000104/2026/438;RESINA COMPOSTA FOTOPOLIMERIZAVEL COR A3,5B, NANOPARTICULAS, RADIOPACA, RESINA EM SERINGA DE 4 G, COMPOSTA BASICAMENTE POR MATRIZ ORGANICA BIS-GMA, UDMA, TEGMA, PEGDMA, BIS- EMA, PART. INORGAN. ZIRCONIA / SILICA 63.3% VOL,78,5% PESO, COR A3,5B, EMBALADA INDIVIDUALMENTE, CONSTANDO EXTERNAMENTE MARCA COMERCIAL PROCEDENCIA DE FABRICACAO, VALIDADE MINIMA DE 2 ANOS DA DATA DE ENTREGA - APRESENTAR AMOSTRA.;15.0;UNIDADE;243.99;243.99;3659.85;Homologado
07170265000187;COMERCIAL DENTAL SEIXAS DE PRODUTOS ODONTOLOGICOS;Demais;3524808;Jales;material_odontologico;produto;2026;8;45131885000104-1-000438/2026;3;362;https://pncp.gov.br/app/editais/45131885000104/2026/438;RESINA COMPOSTA FOTOPOLIMERIZAVEL COR A2B, NANOPARTICULAS, RADIOPACA, RESINA EM SERINGA DE 4 G, COMPOSTA BASICAMENTE POR MATRIZ ORGANICA BIS-GMA, UDMA, TEGMA, PEGDMA, BIS- EMA, PART. INORGAN. ZIRCONIA / SILICA 63.3% VOL,78,5% PESO, COR A2B, EMBALADA INDIVIDUALMENTE, CONSTANDO EXTERNAMENTE MARCA COMERCIAL PROCEDENCIA DE FABRICACAO, VALIDADE MINIMA DE 2 ANOS DA DATA DE ENTREGA - APRESENTAR AMOSTRA.;4.0;UNIDADE;243.99;243.99;975.96;Homologado
07170265000187;COMERCIAL DENTAL SEIXAS DE PRODUTOS ODONTOLOGICOS;Demais;3524808;Jales;nao_classificado;indefinido;2026;8;45131885000104-1-000438/2026;4;362;https://pncp.gov.br/app/editais/45131885000104/2026/438;PONTAS PARA ACABAMENTO, KIT 7 PONTAS SORTIDAS, TIPO ENHANCE, SILICONE ABRASIVO - PONTAS PARA USO ODONTOLOGICO, CONTRA ANGULO, EM FORMA DE TACAS, DISCOS E CHAMA DE VELA, SILICONE ABRASIVA, TIPO ENHANCE, KIT COM 7 PONTAS SORTIDAS, CONSTANDO EXTERNAMENTE MARCA COMERCIAL, PROCEDENCIA DE FABRICACAO.;10.0;KIT;130.0;130.0;1300.0;Homologado
21660059000186;DANILO PAZINE AUGUSTO MARQUES;ME;3546603;Santa Fé do Sul;generos_alimenticios;produto;2026;8;45138070000149-1-000707/2026;75;10;https://pncp.gov.br/app/editais/45138070000149/2026/707;Pão base: de farinha de trigo refinada, tipo: tipo françês/branco/de sal;24195.0;Quilograma;18.63;17.29;418331.55;Homologado
21660059000186;DANILO PAZINE AUGUSTO MARQUES - ME;Demais;3546603;Santa Fé do Sul;panificacao;produto;2026;8;45138070000149-1-000730/2026;1;DL 670;https://pncp.gov.br/app/editais/45138070000149/2026/730;Pão Francês;393.0;KILO;16.41;16.41;6449.13;Homologado
21660059000186;DANILO PAZINE AUGUSTO MARQUES - ME;Demais;3546603;Santa Fé do Sul;panificacao;produto;2026;8;45138070000149-1-000751/2026;1;DL 682;https://pncp.gov.br/app/editais/45138070000149/2026/751;Pão Francês;351.0;KILO;16.41;16.41;5759.91;Homologado
21660059000186;DANILO PAZINE AUGUSTO MARQUES - ME;Demais;3546603;Santa Fé do Sul;panificacao;produto;2026;8;45138070000149-1-000769/2026;1;DL 700;https://pncp.gov.br/app/editais/45138070000149/2026/769;Pão Francês;200.0;KILO;16.41;16.41;3282.0;Homologado
21660059000186;DANILO PAZINE AUGUSTO MARQUES - ME;Demais;3546603;Santa Fé do Sul;panificacao;produto;2026;8;45138070000149-1-000773/2026;1;DL 708;https://pncp.gov.br/app/editais/45138070000149/2026/773;Pão Francês;355.0;KILO;16.41;16.41;5825.55;Homologado
66102310000125;DEAÇO COM. DE FERRO E AÇO LTDA.;Demais;3546603;Santa Fé do Sul;nao_classificado;indefinido;2026;8;45138070000149-1-000741/2026;1;DL 683;https://pncp.gov.br/app/editais/45138070000149/2026/741;Ferro Chato 1.1/2 X 1/4 – ASTM A-36;12.0;BARRA;81.12;81.12;973.44;Homologado
66102310000125;DEAÇO COM. DE FERRO E AÇO LTDA.;Demais;3546603;Santa Fé do Sul;nao_classificado;indefinido;2026;8;45138070000149-1-000741/2026;2;DL 683;https://pncp.gov.br/app/editais/45138070000149/2026/741;TB Red FF 3/4 CH 18;30.0;BARRA;25.05;25.05;751.5;Homologado
66102310000125;DEAÇO COM. DE FERRO E AÇO LTDA.;Demais;3546603;Santa Fé do Sul;nao_classificado;indefinido;2026;8;45138070000149-1-000741/2026;3;DL 683;https://pncp.gov.br/app/editais/45138070000149/2026/741;TB Red FF 1.1/2 CH18;25.0;BARRA;53.5;53.5;1337.5;Homologado
66102310000125;DEAÇO COM. DE FERRO E AÇO LTDA.;Demais;3546603;Santa Fé do Sul;nao_classificado;indefinido;2026;8;45138070000149-1-000741/2026;4;DL 683;https://pncp.gov.br/app/editais/45138070000149/2026/741;TB Red FF 1.1/4 CH 18;25.0;BARRA;43.61;43.61;1090.25;Homologado
66102310000125;DEAÇO COM. DE FERRO E AÇO LTDA.;Demais;3546603;Santa Fé do Sul;nao_classificado;indefinido;2026;8;45138070000149-1-000741/2026;5;DL 683;https://pncp.gov.br/app/editais/45138070000149/2026/741;TB Red FF 2 CH 18;10.0;BARRA;71.05;71.05;710.5;Homologado
66102310000125;DEAÇO COM. DE FERRO E AÇO LTDA.;Demais;3546603;Santa Fé do Sul;nao_classificado;indefinido;2026;8;45138070000149-1-000741/2026;6;DL 683;https://pncp.gov.br/app/editais/45138070000149/2026/741;F Mec 3/8 ASTM A-36;30.0;BARRA;23.66;23.66;709.8;Homologado
66102310000125;DEAÇO COM. DE FERRO E AÇO LTDA.;Demais;3546603;Santa Fé do Sul;nao_classificado;indefinido;2026;8;45138070000149-1-000741/2026;7;DL 683;https://pncp.gov.br/app/editais/45138070000149/2026/741;F Mec 5/16 ASTM A-36;20.0;BARRA;17.1;17.1;342.0;Homologado
66102310000125;DEAÇO COM. DE FERRO E AÇO LTDA.;Demais;3546603;Santa Fé do Sul;nao_classificado;indefinido;2026;8;45138070000149-1-000741/2026;8;DL 683;https://pncp.gov.br/app/editais/45138070000149/2026/741;F Mec 1/4 ASTM A-36;25.0;BARRA;10.96;10.96;274.0;Homologado
66102310000125;DEAÇO COM. DE FERRO E AÇO LTDA.;Demais;3546603;Santa Fé do Sul;nao_classificado;indefinido;2026;8;45138070000149-1-000741/2026;9;DL 683;https://pncp.gov.br/app/editais/45138070000149/2026/741;TB Quad FF 15x 15 CH 18;15.0;BARRA;28.36;28.36;425.4;Homologado
66102310000125;DEAÇO COM. DE FERRO E AÇO LTDA.;Demais;3546603;Santa Fé do Sul;nao_classificado;indefinido;2026;8;45138070000149-1-000741/2026;10;DL 683;https://pncp.gov.br/app/editais/45138070000149/2026/741;TB Quad FF 20x 20 CH 18;40.0;BARRA;34.3;34.3;1372.0;Homologado
66102310000125;DEAÇO COM. DE FERRO E AÇO LTDA.;Demais;3546603;Santa Fé do Sul;nao_classificado;indefinido;2026;8;45138070000149-1-000741/2026;11;DL 683;https://pncp.gov.br/app/editais/45138070000149/2026/741;TB Ret FF 30x20 CH 18;30.0;BARRA;43.46;43.46;1303.8;Homologado
66102310000125;DEAÇO COM. DE FERRO E AÇO LTDA.;Demais;3546603;Santa Fé do Sul;nao_classificado;indefinido;2026;8;45138070000149-1-000741/2026;12;DL 683;https://pncp.gov.br/app/editais/45138070000149/2026/741;TB Quad FF 40x 40 CH 18;20.0;BARRA;69.93;69.93;1398.6;Homologado
66102310000125;DEAÇO COM. DE FERRO E AÇO LTDA.;Demais;3546603;Santa Fé do Sul;nao_classificado;indefinido;2026;8;45138070000149-1-000741/2026;13;DL 683;https://pncp.gov.br/app/editais/45138070000149/2026/741;TB Ret FF 60x40 CH 18;10.0;BARRA;87.4;87.4;874.0;Homologado
66102310000125;DEAÇO COM. DE FERRO E AÇO LTDA.;Demais;3546603;Santa Fé do Sul;nao_classificado;indefinido;2026;8;45138070000149-1-000741/2026;14;DL 683;https://pncp.gov.br/app/editais/45138070000149/2026/741;F Cant 3/4 x 1/8 ASTM A-36;30.0;BARRA;37.33;37.33;1119.9;Homologado
66102310000125;DEAÇO COM. DE FERRO E AÇO LTDA.;Demais;3546603;Santa Fé do Sul;nao_classificado;indefinido;2026;8;45138070000149-1-000741/2026;15;DL 683;https://pncp.gov.br/app/editais/45138070000149/2026/741;F Cant 5/8 x 1/8 ASTM A-36;20.0;BARRA;30.45;30.45;609.0;Homologado
66102310000125;DEAÇO COM. DE FERRO E AÇO LTDA.;Demais;3546603;Santa Fé do Sul;nao_classificado;indefinido;2026;8;45138070000149-1-000741/2026;16;DL 683;https://pncp.gov.br/app/editais/45138070000149/2026/741;F Cant 1 x 1/8 ASTM A-36;15.0;BARRA;50.3;50.3;754.5;Homologado
66102310000125;DEAÇO COM. DE FERRO E AÇO LTDA.;Demais;3546603;Santa Fé do Sul;nao_classificado;indefinido;2026;8;45138070000149-1-000741/2026;17;DL 683;https://pncp.gov.br/app/editais/45138070000149/2026/741;CH FF 18 2000x12000 MM SAE 1006/1010;2.0;PEÇA;176.8;176.8;353.6;Homologado
66102310000125;DEAÇO COM. DE FERRO E AÇO LTDA.;Demais;3546603;Santa Fé do Sul;nao_classificado;indefinido;2026;8;45138070000149-1-000741/2026;18;DL 683;https://pncp.gov.br/app/editais/45138070000149/2026/741;TB Red FF 5/8 CH 20;40.0;BARRA;17.85;17.85;714.0;Homologado
07820902000113;DROGRASUL SANTA FE DO SUL LTDA;Demais;3546603;Santa Fé do Sul;nao_classificado;indefinido;2026;8;45138070000149-1-000706/2026;2;DL 647;https://pncp.gov.br/app/editais/45138070000149/2026/706;BUDESONIDA 50MG;2.0;UNIDADE;39.0;39.0;78.0;Homologado
07820902000113;DROGRASUL SANTA FE DO SUL LTDA;Demais;3546603;Santa Fé do Sul;nao_classificado;indefinido;2026;8;45138070000149-1-000706/2026;4;DL 647;https://pncp.gov.br/app/editais/45138070000149/2026/706;OLANZAPINA 2,5MG C/ 30CP;1.0;comprimido;45.0;45.0;45.0;Homologado
07820902000113;DROGRASUL SANTA FE DO SUL LTDA;Demais;3546603;Santa Fé do Sul;medicamentos;produto;2026;8;45138070000149-1-000721/2026;2;DL 664;https://pncp.gov.br/app/editais/45138070000149/2026/721;Naltrexona 50mg/30 Comprimidos;2.0;comprimido;180.0;180.0;360.0;Homologado
07820902000113;DROGRASUL SANTA FE DO SUL LTDA;Demais;3546603;Santa Fé do Sul;medicamentos;produto;2026;8;45138070000149-1-000721/2026;3;DL 664;https://pncp.gov.br/app/editais/45138070000149/2026/721;Metilfenidato 10mg/60 Comprimidos;1.0;UNIDADE;60.0;60.0;60.0;Homologado
07820902000113;DROGRASUL SANTA FE DO SUL LTDA;Demais;3546603;Santa Fé do Sul;medicamentos;produto;2026;8;45138070000149-1-000721/2026;4;DL 664;https://pncp.gov.br/app/editais/45138070000149/2026/721;Amoxicilina + Clavelanato 875/125 MG;1.0;FRASCO;110.0;110.0;110.0;Homologado
07820902000113;DROGRASUL SANTA FE DO SUL LTDA;Demais;3546603;Santa Fé do Sul;medicamentos;produto;2026;8;45138070000149-1-000721/2026;5;DL 664;https://pncp.gov.br/app/editais/45138070000149/2026/721;CLINDAMICINA 300MG;3.0;CAIXA;80.0;80.0;240.0;Homologado
07820902000113;DROGRASUL SANTA FE DO SUL LTDA;Demais;3546603;Santa Fé do Sul;nao_classificado;indefinido;2026;8;45138070000149-1-000750/2026;1;DL 681;https://pncp.gov.br/app/editais/45138070000149/2026/750;CLORPROMAZINA 40MG/ML - FRASCO;1.0;UNIDADE;12.0;12.0;12.0;Homologado
07820902000113;DROGRASUL SANTA FE DO SUL LTDA;Demais;3546603;Santa Fé do Sul;nao_classificado;indefinido;2026;8;45138070000149-1-000750/2026;4;DL 681;https://pncp.gov.br/app/editais/45138070000149/2026/750;NEVRIX (CITONEURIN) 5000 UI – 1CX C/ 3AMP;1.0;UNIDADE;26.0;26.0;26.0;Homologado
07820902000113;DROGRASUL SANTA FE DO SUL LTDA;Demais;3546603;Santa Fé do Sul;nao_classificado;indefinido;2026;8;45138070000149-1-000750/2026;5;DL 681;https://pncp.gov.br/app/editais/45138070000149/2026/750;COLESTIRAMINA 4G – 1CX C/ 50 SACHES;1.0;UNIDADE;571.0;571.0;571.0;Homologado
07820902000113;DROGRASUL SANTA FE DO SUL LTDA;Demais;3546603;Santa Fé do Sul;medicamentos;produto;2026;8;45138070000149-1-000758/2026;4;DL 695;https://pncp.gov.br/app/editais/45138070000149/2026/758;Xigduo 5/100 Mg C/ 60cp;1.0;CAIXA;225.0;225.0;225.0;Homologado
07820902000113;DROGRASUL SANTA FE DO SUL LTDA;Demais;3546603;Santa Fé do Sul;medicamentos;produto;2026;8;45138070000149-1-000758/2026;5;DL 695;https://pncp.gov.br/app/editais/45138070000149/2026/758;Nesina Pio 25/15 Mg C/ 30 Cp;1.0;CAIXA;240.0;240.0;240.0;Homologado
07820902000113;DROGRASUL SANTA FE DO SUL LTDA;Demais;3546603;Santa Fé do Sul;nao_classificado;indefinido;2026;8;45138070000149-1-000760/2026;3;DL 697;https://pncp.gov.br/app/editais/45138070000149/2026/760;CANABIDIOL 20MG/ML - FRASCO;1.0;UNIDADE;272.3;272.3;272.3;Em andamento
07820902000113;DROGRASUL SANTA FE DO SUL LTDA;Demais;3546603;Santa Fé do Sul;nao_classificado;indefinido;2026;8;45138070000149-1-000775/2026;4;DL 712;https://pncp.gov.br/app/editais/45138070000149/2026/775;SANY 200 UI GOTAS;2.0;FRASCO;22.0;22.0;44.0;Em andamento
07820902000113;DROGRASUL SANTA FE DO SUL LTDA;Demais;3546603;Santa Fé do Sul;nao_classificado;indefinido;2026;8;45138070000149-1-000775/2026;5;DL 712;https://pncp.gov.br/app/editais/45138070000149/2026/775;ULTRAFER GOTAS;2.0;FRASCO;46.0;46.0;92.0;Em andamento
07820902000113;DROGRASUL SANTA FE DO SUL LTDA;Demais;3546603;Santa Fé do Sul;nao_classificado;indefinido;2026;8;45138070000149-1-000775/2026;22;DL 712;https://pncp.gov.br/app/editais/45138070000149/2026/775;risperidona 1mg;2.0;FRASCO;56.0;56.0;112.0;Em andamento
31643047000105;EDERSON DE OLIVEIRA TOPAN;ME;3546603;Santa Fé do Sul;generos_alimenticios;produto;2026;8;45138070000149-1-000774/2026;1;DL 713;https://pncp.gov.br/app/editais/45138070000149/2026/774;Baguete Recheada Assada Sabor Variado p/Kg;2.0;UNIDADE;18.0;18.0;36.0;Homologado
31643047000105;EDERSON DE OLIVEIRA TOPAN;ME;3546603;Santa Fé do Sul;panificacao;produto;2026;8;45138070000149-1-000774/2026;2;DL 713;https://pncp.gov.br/app/editais/45138070000149/2026/774;Bolo Simples Sabor Variado;2.0;UNIDADE;24.0;24.0;48.0;Homologado
31643047000105;EDERSON DE OLIVEIRA TOPAN;ME;3546603;Santa Fé do Sul;generos_alimenticios;produto;2026;8;45138070000149-1-000774/2026;3;DL 713;https://pncp.gov.br/app/editais/45138070000149/2026/774;REFRIGERANTE, SABOR GUARANÁ, APRESENTAÇÃO: PLÁSTICO DESCARTÁVEL, VOLUME: 02 LITROS.;2.0;UNIDADE;10.0;10.0;20.0;Homologado
45297920000151;EDILSON FURLAN VIEL;ME;3540259;Pontalinda;nao_classificado;indefinido;2026;8;65712077000130-1-000019/2026;1;9;https://pncp.gov.br/app/editais/65712077000130/2026/19;LOCACAO DE ESTRUTURA DE PALCO MEDINDO 14,00 X 10,00 METROS;1.0;Locação;20733.33;14800.0;14800.0;Homologado
08698153000166;EDSON JOSÉ ESTRADA ME;ME;3546603;Santa Fé do Sul;nao_classificado;indefinido;2026;8;00798851000121-1-000022/2026;1;15;https://pncp.gov.br/app/editais/00798851000121/2026/22;INSTALAÇÃO DE NOVOS EQUIPAMENTOS E RECONFIGURAÇÃO DA CENTRAL DE PABX DO PRÉDIO DO SANTAFEPREV.;1.0;SERV.;320.0;320.0;320.0;Homologado
26404731056817;ELETROZEMA S/A;Demais;3546603;Santa Fé do Sul;nao_classificado;indefinido;2026;8;45138070000149-1-000716/2026;1;DL 658;https://pncp.gov.br/app/editais/45138070000149/2026/716;36550 - FOGÃO 4 BOCAS COM FO;1.0;UNIDADE;1442.09;1442.09;1442.09;Homologado
26404731056817;ELETROZEMA S/A;Demais;3546603;Santa Fé do Sul;nao_classificado;indefinido;2026;8;45138070000149-1-000768/2026;4;DL 699;https://pncp.gov.br/app/editais/45138070000149/2026/768;FOGÃO DE 04 BOCAS 84L;1.0;UNIDADE;1999.0;1999.0;1999.0;Homologado
26404731056817;ELETROZEMA S/A;Demais;3546603;Santa Fé do Sul;nao_classificado;indefinido;2026;8;45138070000149-1-000768/2026;5;DL 699;https://pncp.gov.br/app/editais/45138070000149/2026/768;TANQUINHO 10KG 110V;1.0;UNIDADE;449.0;449.0;449.0;Homologado
67110706000187;ELSON CESAR CASTELAN LTDA;ME;3546603;Santa Fé do Sul;nao_classificado;indefinido;2026;8;45138070000149-1-000700/2026;1;DL 644;https://pncp.gov.br/app/editais/45138070000149/2026/700;Troca de Lona de Toldo - 10,00x2,50 mts - Serviço de substituição da membrana de cobertura em toldo metálico tipo túnel, compreendendo remoção da lona existente, fornecimento e instalação de nova lona em PVC com tensionamento e fixação, além de tratamento superficial da estrutura metálica e aplicação de sistema de pintura automotiva PU, incluindo materiais, mão de obra especializada e acabamentos necessários para perfeita execução dos serviços.;1.0;SERVICOS;4490.0;4490.0;4490.0;Homologado
67110706000187;ELSON CESAR CASTELAN LTDA;ME;3546603;Santa Fé do Sul;nao_classificado;indefinido;2026;8;45138070000149-1-000784/2026;1;DL 717;https://pncp.gov.br/app/editais/45138070000149/2026/784;Fachada em Vinil;1.0;UNIDADE;4795.0;4795.0;4795.0;Homologado
67110706000187;ELSON CESAR CASTELAN LTDA;ME;3546603;Santa Fé do Sul;nao_classificado;indefinido;2026;8;45138070000149-1-000784/2026;2;DL 717;https://pncp.gov.br/app/editais/45138070000149/2026/784;Placa de identificação - Paço Municipal;1.0;UNIDADE;980.0;980.0;980.0;Homologado
67110706000187;ELSON CESAR CASTELAN LTDA;ME;3546603;Santa Fé do Sul;textil_uniforme;produto;2026;8;45138070000149-1-000784/2026;3;DL 717;https://pncp.gov.br/app/editais/45138070000149/2026/784;Confecção e instalação de toldo - Paço Municipal (Incubadora II);1.0;UNIDADE;2500.0;2500.0;2500.0;Homologado
10655463000145;EVALDO JOSE MANTELATO;ME;3546603;Santa Fé do Sul;nao_classificado;indefinido;2026;8;45138070000149-1-000711/2026;1;DL 653;https://pncp.gov.br/app/editais/45138070000149/2026/711;bobina térmica 80mm;60.0;ROLO;8.0;8.0;480.0;Homologado
19937975000179;EVANDRO APARECIDO BECARI;ME;3546603;Santa Fé do Sul;nao_classificado;indefinido;2026;8;45138070000149-1-000724/2026;1;DL 667;https://pncp.gov.br/app/editais/45138070000149/2026/724;Locação de jogos de 15 mesas/60 cadeiras;15.0;UNIDADE;12.0;12.0;180.0;Homologado
59965038000141;EXPRESSO ITAMARATI S.A.;Demais;3546603;Santa Fé do Sul;nao_classificado;indefinido;2026;8;45138070000149-1-000715/2026;1;DL 656;https://pncp.gov.br/app/editais/45138070000149/2026/715;PASSAGEM PARA JALES;8.0;SERVICOS;20.96;20.96;167.68;Homologado
59965038000141;EXPRESSO ITAMARATI S.A.;Demais;3546603;Santa Fé do Sul;nao_classificado;indefinido;2026;8;45138070000149-1-000715/2026;2;DL 656;https://pncp.gov.br/app/editais/45138070000149/2026/715;PASSAGEM PARA JALES II;2.0;UNIDADE;18.98;18.98;37.96;Homologado
59965038000141;EXPRESSO ITAMARATI S.A.;Demais;3546603;Santa Fé do Sul;nao_classificado;indefinido;2026;8;45138070000149-1-000715/2026;3;DL 656;https://pncp.gov.br/app/editais/45138070000149/2026/715;PASSAGEM PARA PARANAIBA;1.0;UNIDADE;40.98;40.98;40.98;Homologado
59965038000141;EXPRESSO ITAMARATI S.A.;Demais;3546603;Santa Fé do Sul;nao_classificado;indefinido;2026;8;45138070000149-1-000715/2026;4;DL 656;https://pncp.gov.br/app/editais/45138070000149/2026/715;PASSAGEM PARA VOTUPORANGA;1.0;SERVICOS;46.98;46.98;46.98;Homologado
59965038000141;EXPRESSO ITAMARATI S.A.;Demais;3546603;Santa Fé do Sul;nao_classificado;indefinido;2026;8;45138070000149-1-000715/2026;5;DL 656;https://pncp.gov.br/app/editais/45138070000149/2026/715;PASSAGEM PARA VOTUPORANGA II;1.0;SERVICOS;50.61;50.61;50.61;Homologado
59965038000141;EXPRESSO ITAMARATI S.A.;Demais;3546603;Santa Fé do Sul;nao_classificado;indefinido;2026;8;45138070000149-1-000715/2026;6;DL 656;https://pncp.gov.br/app/editais/45138070000149/2026/715;PASSAGEM PARA APARECIDA DO TABOADO;2.0;UNIDADE;30.98;30.98;61.96;Homologado
59965038000141;EXPRESSO ITAMARATI S.A.;Demais;3546603;Santa Fé do Sul;nao_classificado;indefinido;2026;8;45138070000149-1-000715/2026;7;DL 656;https://pncp.gov.br/app/editais/45138070000149/2026/715;PASSAGEM PARA APARECIDA DO TABOADO II;2.0;UNIDADE;32.98;32.98;65.96;Homologado
59965038000141;EXPRESSO ITAMARATI S.A.;Demais;3546603;Santa Fé do Sul;nao_classificado;indefinido;2026;8;45138070000149-1-000782/2026;1;DL 719;https://pncp.gov.br/app/editais/45138070000149/2026/782;PASSAGEM PARA JALES;6.0;SERVICOS;20.96;20.96;125.76;Homologado
59965038000141;EXPRESSO ITAMARATI S.A.;Demais;3546603;Santa Fé do Sul;nao_classificado;indefinido;2026;8;45138070000149-1-000782/2026;2;DL 719;https://pncp.gov.br/app/editais/45138070000149/2026/782;PASSAGEM PARA PARANAIBA;2.0;UNIDADE;34.98;34.98;69.96;Homologado
59965038000141;EXPRESSO ITAMARATI S.A.;Demais;3546603;Santa Fé do Sul;nao_classificado;indefinido;2026;8;45138070000149-1-000782/2026;3;DL 719;https://pncp.gov.br/app/editais/45138070000149/2026/782;PASSAGEM PARA VOTUPORANGA;1.0;SERVICOS;50.61;50.61;50.61;Homologado
59965038000141;EXPRESSO ITAMARATI S.A.;Demais;3546603;Santa Fé do Sul;nao_classificado;indefinido;2026;8;45138070000149-1-000782/2026;4;DL 719;https://pncp.gov.br/app/editais/45138070000149/2026/782;PASSAGEM PARA APARECIDA DO TABOADO;2.0;UNIDADE;34.98;34.98;69.96;Homologado
59965038000141;EXPRESSO ITAMARATI S.A.;Demais;3546603;Santa Fé do Sul;nao_classificado;indefinido;2026;8;45138070000149-1-000782/2026;5;DL 719;https://pncp.gov.br/app/editais/45138070000149/2026/782;PASSAGEM PARA FERNANDOPOLIS;3.0;UNIDADE;33.55;33.55;100.65;Homologado
59965038000141;EXPRESSO ITAMARATI S.A.;Demais;3546603;Santa Fé do Sul;nao_classificado;indefinido;2026;8;45138070000149-1-000782/2026;6;DL 719;https://pncp.gov.br/app/editais/45138070000149/2026/782;PASSAGEM PARA APARECIDA DO TABOADO II;1.0;UNIDADE;35.98;35.98;35.98;Homologado
12399583000154;F. DE ASSIS FONTINELE & CIA. LTDA;Demais;3546603;Santa Fé do Sul;nao_classificado;indefinido;2026;8;45138070000149-1-000706/2026;5;DL 647;https://pncp.gov.br/app/editais/45138070000149/2026/706;DAFORIN 20MG;2.0;UNIDADE;69.0;69.0;138.0;Homologado
12399583000154;F. DE ASSIS FONTINELE & CIA. LTDA;Demais;3546603;Santa Fé do Sul;nao_classificado;indefinido;2026;8;45138070000149-1-000706/2026;6;DL 647;https://pncp.gov.br/app/editais/45138070000149/2026/706;LISDEXANFETAMINA 30MG C/ 30CP;2.0;comprimido;189.0;189.0;378.0;Homologado
12399583000154;F. DE ASSIS FONTINELE & CIA. LTDA;ME;3546603;Santa Fé do Sul;medicamentos;produto;2026;8;45138070000149-1-000729/2026;1;DL 669;https://pncp.gov.br/app/editais/45138070000149/2026/729;ENOXAPARINA 40MG;20.0;AMPOLA;39.99;39.99;799.8;Homologado
12399583000154;F. DE ASSIS FONTINELE & CIA. LTDA;Demais;3546603;Santa Fé do Sul;medicamentos;produto;2026;8;45138070000149-1-000750/2026;6;DL 681;https://pncp.gov.br/app/editais/45138070000149/2026/750;ENOXAPARINA 40 MG – AMPOLAS;30.0;UNIDADE;39.99;39.99;1199.7;Homologado
12399583000154;F. DE ASSIS FONTINELE & CIA. LTDA;Demais;3546603;Santa Fé do Sul;medicamentos;produto;2026;8;45138070000149-1-000758/2026;1;DL 695;https://pncp.gov.br/app/editais/45138070000149/2026/758;Risperidona 1mg/ml 30ml;2.0;UNIDADE;49.99;49.99;99.98;Homologado
12399583000154;F. DE ASSIS FONTINELE & CIA. LTDA;Demais;3546603;Santa Fé do Sul;medicamentos;produto;2026;8;45138070000149-1-000758/2026;2;DL 695;https://pncp.gov.br/app/editais/45138070000149/2026/758;PANTOPRAZOL;1.0;CAIXA;20.0;20.0;20.0;Homologado
12399583000154;F. DE ASSIS FONTINELE & CIA. LTDA;Demais;3546603;Santa Fé do Sul;medicamentos;produto;2026;8;45138070000149-1-000758/2026;3;DL 695;https://pncp.gov.br/app/editais/45138070000149/2026/758;Nistatina 100000 Ui/Ml Suspensão Oral;1.0;FRASCO;22.5;22.5;22.5;Homologado
12399583000154;F. DE ASSIS FONTINELE & CIA. LTDA;Demais;3546603;Santa Fé do Sul;nao_classificado;indefinido;2026;8;45138070000149-1-000760/2026;2;DL 697;https://pncp.gov.br/app/editais/45138070000149/2026/760;DICLOFENACO DIETILAMÔNICO GEL – TUBO;2.0;UNIDADE;8.99;8.99;17.98;Em andamento
12399583000154;F. DE ASSIS FONTINELE & CIA. LTDA;Demais;3546603;Santa Fé do Sul;nao_classificado;indefinido;2026;8;45138070000149-1-000760/2026;5;DL 697;https://pncp.gov.br/app/editais/45138070000149/2026/760;VENVANSE 30MG GENÉRICO - CAIXA;1.0;UNIDADE;189.99;189.99;189.99;Em andamento
12399583000154;F. DE ASSIS FONTINELE & CIA. LTDA;Demais;3546603;Santa Fé do Sul;nao_classificado;indefinido;2026;8;45138070000149-1-000778/2026;1;DL 716;https://pncp.gov.br/app/editais/45138070000149/2026/778;VENVANSE 30 MG (GENÉRICO)- CAIXA;1.0;UNIDADE;189.99;189.99;189.99;Homologado
12399583000154;F. DE ASSIS FONTINELE & CIA. LTDA;Demais;3546603;Santa Fé do Sul;nao_classificado;indefinido;2026;8;45138070000149-1-000778/2026;2;DL 716;https://pncp.gov.br/app/editais/45138070000149/2026/778;ALPROZOLAN 2MG – CAIXA;2.0;UNIDADE;19.9;19.9;39.8;Homologado
26925724000130;FERNANDO RODRIGO ARAUJO;ME;3546603;Santa Fé do Sul;nao_classificado;indefinido;2026;8;45138070000149-1-000752/2026;1;DL 686;https://pncp.gov.br/app/editais/45138070000149/2026/752;"PROJETOR INTELBRAS PFL7560 FULL HD WI-FI 8000
LUMENS";1.0;UNIDADE;4250.0;4250.0;4250.0;Homologado
26925724000130;FERNANDO RODRIGO ARAUJO;ME;3546603;Santa Fé do Sul;nao_classificado;indefinido;2026;8;45138070000149-1-000752/2026;2;DL 686;https://pncp.gov.br/app/editais/45138070000149/2026/752;"SMART TV HISENSE QLED 4K 55"" POLEGADAS";1.0;UNIDADE;3250.0;3250.0;3250.0;Homologado
26925724000130;FERNANDO RODRIGO ARAUJO;ME;3546603;Santa Fé do Sul;nao_classificado;indefinido;2026;8;45138070000149-1-000752/2026;3;DL 686;https://pncp.gov.br/app/editais/45138070000149/2026/752;TELA PROJEÇÃO RETRATIL 84POL ELÉTRICA LED HD CONTROLE REMOTO;1.0;UNIDADE;1000.0;1000.0;1000.0;Homologado
26925724000130;FERNANDO RODRIGO ARAUJO;ME;3546603;Santa Fé do Sul;papelaria_expediente;produto;2026;8;45138070000149-1-000761/2026;1;DL 698;https://pncp.gov.br/app/editais/45138070000149/2026/761;Cartucho Toner compatível - 258x c/ Chip;10.0;UNIDADE;115.0;115.0;1150.0;Homologado
26925724000130;FERNANDO RODRIGO ARAUJO;ME;3546603;Santa Fé do Sul;papelaria_expediente;produto;2026;8;45138070000149-1-000761/2026;2;DL 698;https://pncp.gov.br/app/editais/45138070000149/2026/761;Cartucho Toner compatível - 255a;10.0;UNIDADE;132.0;132.0;1320.0;Homologado
26925724000130;FERNANDO RODRIGO ARAUJO;ME;3546603;Santa Fé do Sul;papelaria_expediente;produto;2026;8;45138070000149-1-000761/2026;3;DL 698;https://pncp.gov.br/app/editais/45138070000149/2026/761;Cartucho Toner compatível - 217a;10.0;UNIDADE;60.0;60.0;600.0;Homologado
26925724000130;FERNANDO RODRIGO ARAUJO;ME;3546603;Santa Fé do Sul;papelaria_expediente;produto;2026;8;45138070000149-1-000761/2026;4;DL 698;https://pncp.gov.br/app/editais/45138070000149/2026/761;REFIL DE TINTA COMPATÍVEL T664 - CORANTE - PRETO - 100ML;30.0;UNIDADE;20.0;20.0;600.0;Homologado
26925724000130;FERNANDO RODRIGO ARAUJO;Demais;3546603;Santa Fé do Sul;nao_classificado;indefinido;2026;8;45138070000149-1-000768/2026;1;DL 699;https://pncp.gov.br/app/editais/45138070000149/2026/768;PROJETOR INTELBRAS PFL7560 FULL HD WI-FI 8000 LUMENS;1.0;UNIDADE;3999.9;3999.9;3999.9;Homologado
26925724000130;FERNANDO RODRIGO ARAUJO;Demais;3546603;Santa Fé do Sul;nao_classificado;indefinido;2026;8;45138070000149-1-000768/2026;2;DL 699;https://pncp.gov.br/app/editais/45138070000149/2026/768;MULTIPROCESSADOR PHILCO 1700W 9 EM 1 PRETO;1.0;UNIDADE;399.5;399.5;399.5;Homologado
26925724000130;FERNANDO RODRIGO ARAUJO;Demais;3546603;Santa Fé do Sul;nao_classificado;indefinido;2026;8;45138070000149-1-000768/2026;3;DL 699;https://pncp.gov.br/app/editais/45138070000149/2026/768;"SMART TV 50"" TCL 4K UHD";1.0;UNIDADE;2600.0;2600.0;2600.0;Homologado
15431336000186;FONTINELE E FONTINELE DROGARIA LTDA - ME;Demais;3546603;Santa Fé do Sul;nao_classificado;indefinido;2026;8;45138070000149-1-000775/2026;1;DL 712;https://pncp.gov.br/app/editais/45138070000149/2026/775;CICLOBENZAPRINA 10 MG;2.0;CAIXA;14.98;14.98;29.96;Em andamento
15431336000186;FONTINELE E FONTINELE DROGARIA LTDA - ME;Demais;3546603;Santa Fé do Sul;nao_classificado;indefinido;2026;8;45138070000149-1-000775/2026;6;DL 712;https://pncp.gov.br/app/editais/45138070000149/2026/775;ARIPRAZOL 10MG;1.0;CAIXA;140.0;140.0;140.0;Em andamento
15431336000186;FONTINELE E FONTINELE DROGARIA LTDA - ME;Demais;3546603;Santa Fé do Sul;nao_classificado;indefinido;2026;8;45138070000149-1-000775/2026;7;DL 712;https://pncp.gov.br/app/editais/45138070000149/2026/775;BUSCOPAN COMPOSTO 10MG/ML;1.0;FRASCO;24.99;24.99;24.99;Em andamento
15431336000186;FONTINELE E FONTINELE DROGARIA LTDA - ME;Demais;3546603;Santa Fé do Sul;nao_classificado;indefinido;2026;8;45138070000149-1-000775/2026;8;DL 712;https://pncp.gov.br/app/editais/45138070000149/2026/775;SIMETICONA 75ML/MG;1.0;FRASCO;9.0;9.0;9.0;Em andamento
15431336000186;FONTINELE E FONTINELE DROGARIA LTDA - ME;Demais;3546603;Santa Fé do Sul;nao_classificado;indefinido;2026;8;45138070000149-1-000775/2026;9;DL 712;https://pncp.gov.br/app/editais/45138070000149/2026/775;FLORAX PEDIATRICO;1.0;FRASCO;58.0;58.0;58.0;Em andamento
15431336000186;FONTINELE E FONTINELE DROGARIA LTDA - ME;Demais;3546603;Santa Fé do Sul;nao_classificado;indefinido;2026;8;45138070000149-1-000775/2026;10;DL 712;https://pncp.gov.br/app/editais/45138070000149/2026/775;SULFATO DE ZINCO 4MG/ML;1.0;FRASCO;30.0;30.0;30.0;Em andamento
15431336000186;FONTINELE E FONTINELE DROGARIA LTDA - ME;Demais;3546603;Santa Fé do Sul;nao_classificado;indefinido;2026;8;45138070000149-1-000775/2026;11;DL 712;https://pncp.gov.br/app/editais/45138070000149/2026/775;BROMOPRIDA GOTAS;1.0;FRASCO;15.0;15.0;15.0;Em andamento
15431336000186;FONTINELE E FONTINELE DROGARIA LTDA - ME;Demais;3546603;Santa Fé do Sul;nao_classificado;indefinido;2026;8;45138070000149-1-000775/2026;12;DL 712;https://pncp.gov.br/app/editais/45138070000149/2026/775;IMUNOGLUCAN DS SUSPENSÃO ORAL;1.0;FRASCO;79.0;79.0;79.0;Em andamento
15431336000186;FONTINELE E FONTINELE DROGARIA LTDA - ME;Demais;3546603;Santa Fé do Sul;nao_classificado;indefinido;2026;8;45138070000149-1-000775/2026;13;DL 712;https://pncp.gov.br/app/editais/45138070000149/2026/775;ENOXAPARINA 40MG;60.0;AMPOLA;40.0;40.0;2400.0;Em andamento
15431336000186;FONTINELE E FONTINELE DROGARIA LTDA - ME;Demais;3546603;Santa Fé do Sul;nao_classificado;indefinido;2026;8;45138070000149-1-000775/2026;14;DL 712;https://pncp.gov.br/app/editais/45138070000149/2026/775;ciproterona 50 mg;1.0;CAIXA;165.0;165.0;165.0;Em andamento
15431336000186;FONTINELE E FONTINELE DROGARIA LTDA - ME;Demais;3546603;Santa Fé do Sul;nao_classificado;indefinido;2026;8;45138070000149-1-000775/2026;19;DL 712;https://pncp.gov.br/app/editais/45138070000149/2026/775;BUPROPIONA XL 150MG;1.0;CAIXA;164.0;164.0;164.0;Em andamento
15431336000186;FONTINELE E FONTINELE DROGARIA LTDA - ME;Demais;3546603;Santa Fé do Sul;nao_classificado;indefinido;2026;8;45138070000149-1-000775/2026;21;DL 712;https://pncp.gov.br/app/editais/45138070000149/2026/775;UNINALTREX;1.0;CAIXA;156.52;156.52;156.52;Em andamento
01159000000100;GJPR JORNAL REGIONAL LTDA;ME;3546603;Santa Fé do Sul;nao_classificado;indefinido;2026;8;45138070000149-1-000759/2026;1;DL 696;https://pncp.gov.br/app/editais/45138070000149/2026/759;ARQUIVOS ENCADERNADOS DE CAPA DURA, PLASTIFICADO, TAMANHO STANDARD DE 2020 A 2025;6.0;UNIDADE;1200.0;1200.0;7200.0;Homologado
68054218000162;GV CONTABILIDADE PUBLICA LTDA;Demais;3545704;Santa Albertina;nao_classificado;indefinido;2026;8;45135530000185-1-000039/2026;1;17;https://pncp.gov.br/app/editais/45135530000185/2026/39;PRESTAÇÃO DE SERVIÇOS TÉCNICOS ESPECIALIZADOS DE ASSESSORIA E CONSULTORIA ADMINISTRATIVA NA ÁREA DE DEPARTAMENTO SOCIAL (RECURSOS HUMANOS), PELO PERIODO DE 12 (DOZE) MESES;12.0;MENSAL;4600.0;4500.0;54000.0;Homologado
19535174000187;HIDRAL TRACTOR - CIRO SAMUEL PINHO SILVA ME;ME;3540259;Pontalinda;nao_classificado;indefinido;2026;8;65712077000130-1-000020/2026;1;8;https://pncp.gov.br/app/editais/65712077000130/2026/20;LOTE 01 - PA CARREGADEIRA FR 12B - PLACA PFR -0012;1.0;Unidade;37107.11;35986.62;35986.62;Homologado
50547348000171;IANELO & ROSSIGALLI LTDA-ME;Demais;3546603;Santa Fé do Sul;medicamentos;produto;2026;8;45138070000149-1-000725/2026;1;DL 661;https://pncp.gov.br/app/editais/45138070000149/2026/725;Risperidona 1mg/ml 30ml;3.0;UNIDADE;45.0;45.0;135.0;Homologado
50547348000171;IANELO & ROSSIGALLI LTDA-ME;Demais;3546603;Santa Fé do Sul;medicamentos;produto;2026;8;45138070000149-1-000725/2026;2;DL 661;https://pncp.gov.br/app/editais/45138070000149/2026/725;Cloridrato de metilfenidato 10mg;4.0;comprimido;25.0;25.0;100.0;Homologado
50547348000171;IANELO & ROSSIGALLI LTDA-ME;Demais;3546603;Santa Fé do Sul;medicamentos;produto;2026;8;45138070000149-1-000725/2026;3;DL 661;https://pncp.gov.br/app/editais/45138070000149/2026/725;Risperidona 1mg c/ 30 comprimidos;2.0;UNIDADE;15.0;15.0;30.0;Homologado
50547348000171;IANELO & ROSSIGALLI LTDA-ME;Demais;3546603;Santa Fé do Sul;medicamentos;produto;2026;8;45138070000149-1-000725/2026;4;DL 661;https://pncp.gov.br/app/editais/45138070000149/2026/725;Neuleptil 10 mg caixa com 20 comprimidos;3.0;CAIXA;14.0;14.0;42.0;Homologado
50547348000171;IANELO & ROSSIGALLI LTDA-ME;Demais;3546603;Santa Fé do Sul;medicamentos;produto;2026;8;45138070000149-1-000725/2026;5;DL 661;https://pncp.gov.br/app/editais/45138070000149/2026/725;Neozine 25mg com 20 comprimidos;12.0;UNIDADE;16.0;16.0;192.0;Homologado
50547348000171;IANELO & ROSSIGALLI LTDA-ME;Demais;3546603;Santa Fé do Sul;medicamentos;produto;2026;8;45138070000149-1-000725/2026;6;DL 661;https://pncp.gov.br/app/editais/45138070000149/2026/725;Oxibutina 5mg com 30 comprimidos;4.0;CAIXA;39.0;39.0;156.0;Homologado
50547348000171;IANELO & ROSSIGALLI LTDA-ME;Demais;3546603;Santa Fé do Sul;medicamentos;produto;2026;8;45138070000149-1-000725/2026;7;DL 661;https://pncp.gov.br/app/editais/45138070000149/2026/725;Olanzapina 10mg caixa com 30 comprimidos;4.0;CAIXA;59.0;59.0;236.0;Homologado
50547348000171;IANELO & ROSSIGALLI LTDA-ME;Demais;3546603;Santa Fé do Sul;medicamentos;produto;2026;8;45138070000149-1-000725/2026;8;DL 661;https://pncp.gov.br/app/editais/45138070000149/2026/725;Tantin 28 comprimidos;2.0;UNIDADE;27.0;27.0;54.0;Homologado
50547348000171;IANELO & ROSSIGALLI LTDA-ME;Demais;3546603;Santa Fé do Sul;medicamentos;produto;2026;8;45138070000149-1-000725/2026;9;DL 661;https://pncp.gov.br/app/editais/45138070000149/2026/725;Acebrofilina 50mg/5mg;1.0;FRASCO;25.0;25.0;25.0;Homologado
50547348000171;IANELO & ROSSIGALLI LTDA-ME;Demais;3546603;Santa Fé do Sul;medicamentos;produto;2026;8;45138070000149-1-000725/2026;10;DL 661;https://pncp.gov.br/app/editais/45138070000149/2026/725;Dexclorfeniramina 2mg/5ml;1.0;FRASCO;18.0;18.0;18.0;Homologado
50547348000171;IANELO & ROSSIGALLI LTDA-ME;Demais;3546603;Santa Fé do Sul;medicamentos;produto;2026;8;45138070000149-1-000767/2026;1;DL 710;https://pncp.gov.br/app/editais/45138070000149/2026/767;Risperidona 1mg/30ml - frasco;3.0;UNIDADE;38.9;38.9;116.7;Homologado
50547348000171;IANELO & ROSSIGALLI LTDA-ME;Demais;3546603;Santa Fé do Sul;medicamentos;produto;2026;8;45138070000149-1-000767/2026;2;DL 710;https://pncp.gov.br/app/editais/45138070000149/2026/767;Cloridrato de metilfenidato 10mg;4.0;comprimido;30.0;30.0;120.0;Homologado
50547348000171;IANELO & ROSSIGALLI LTDA-ME;Demais;3546603;Santa Fé do Sul;medicamentos;produto;2026;8;45138070000149-1-000767/2026;3;DL 710;https://pncp.gov.br/app/editais/45138070000149/2026/767;Risperidona 1mg c/ 30 comprimidos;2.0;UNIDADE;19.0;19.0;38.0;Homologado
50547348000171;IANELO & ROSSIGALLI LTDA-ME;Demais;3546603;Santa Fé do Sul;medicamentos;produto;2026;8;45138070000149-1-000767/2026;4;DL 710;https://pncp.gov.br/app/editais/45138070000149/2026/767;levomepromazina 25 mg - caixa c/20 comprimidos;9.0;UNIDADE;15.0;15.0;135.0;Homologado
50547348000171;IANELO & ROSSIGALLI LTDA-ME;Demais;3546603;Santa Fé do Sul;medicamentos;produto;2026;8;45138070000149-1-000767/2026;5;DL 710;https://pncp.gov.br/app/editais/45138070000149/2026/767;Oxibutinina 5 mg - 60 comprimidos;2.0;CAIXA;65.0;65.0;130.0;Homologado
50547348000171;IANELO & ROSSIGALLI LTDA-ME;Demais;3546603;Santa Fé do Sul;medicamentos;produto;2026;8;45138070000149-1-000767/2026;6;DL 710;https://pncp.gov.br/app/editais/45138070000149/2026/767;Olanzapina 10mg c/ 30 comprimidos;4.0;CAIXA;60.0;60.0;240.0;Homologado
50547348000171;IANELO & ROSSIGALLI LTDA-ME;Demais;3546603;Santa Fé do Sul;medicamentos;produto;2026;8;45138070000149-1-000767/2026;7;DL 710;https://pncp.gov.br/app/editais/45138070000149/2026/767;Tantin - 28 comprimidos;2.0;CAIXA;26.0;26.0;52.0;Homologado
50547348000171;IANELO & ROSSIGALLI LTDA-ME;Demais;3546603;Santa Fé do Sul;medicamentos;produto;2026;8;45138070000149-1-000767/2026;8;DL 710;https://pncp.gov.br/app/editais/45138070000149/2026/767;Azitromicina - 500 mg;1.0;CAIXA;20.0;20.0;20.0;Homologado
50547348000171;IANELO & ROSSIGALLI LTDA-ME;Demais;3546603;Santa Fé do Sul;medicamentos;produto;2026;8;45138070000149-1-000767/2026;9;DL 710;https://pncp.gov.br/app/editais/45138070000149/2026/767;CIMEGRIPE;1.0;UNIDADE;10.0;10.0;10.0;Homologado
50547348000171;IANELO & ROSSIGALLI LTDA-ME;Demais;3546603;Santa Fé do Sul;medicamentos;produto;2026;8;45138070000149-1-000767/2026;10;DL 710;https://pncp.gov.br/app/editais/45138070000149/2026/767;Ibuprofeno - 400 mg;1.0;comprimido;10.0;10.0;10.0;Homologado
50547348000171;IANELO & ROSSIGALLI LTDA-ME;Demais;3546603;Santa Fé do Sul;medicamentos;produto;2026;8;45138070000149-1-000725/2026;11;DL 661;https://pncp.gov.br/app/editais/45138070000149/2026/725;KOID D;1.0;UNIDADE;47.0;47.0;47.0;Homologado
50547348000171;IANELO & ROSSIGALLI LTDA-ME;Demais;3546603;Santa Fé do Sul;medicamentos;produto;2026;8;45138070000149-1-000725/2026;12;DL 661;https://pncp.gov.br/app/editais/45138070000149/2026/725;Tobramicina 0,3% colírio;1.0;FRASCO;20.0;20.0;20.0;Homologado
50547348000171;IANELO & ROSSIGALLI LTDA-ME;Demais;3546603;Santa Fé do Sul;medicamentos;produto;2026;8;45138070000149-1-000725/2026;13;DL 661;https://pncp.gov.br/app/editais/45138070000149/2026/725;Desloratadina 0,5mg/ml;1.0;FRASCO;25.0;25.0;25.0;Homologado
50547348000171;IANELO & ROSSIGALLI LTDA-ME;Demais;3546603;Santa Fé do Sul;medicamentos;produto;2026;8;45138070000149-1-000725/2026;14;DL 661;https://pncp.gov.br/app/editais/45138070000149/2026/725;Fralda personalidade xxg;4.0;PACOTE;60.0;60.0;240.0;Homologado
50547348000171;IANELO & ROSSIGALLI LTDA-ME;Demais;3546603;Santa Fé do Sul;medicamentos;produto;2026;8;45138070000149-1-000767/2026;11;DL 710;https://pncp.gov.br/app/editais/45138070000149/2026/767;Fralda Personalidade XXG;4.0;PACOTE;60.0;60.0;240.0;Homologado
31360634000189;IT - CAMINHO AUTOMOVEIS LTDA.;Demais;3524808;Jales;nao_classificado;indefinido;2026;8;45131885000104-1-000439/2026;1;363;https://pncp.gov.br/app/editais/45131885000104/2026/439;ÓLEO MOTOR 0W20;3.36;LITRO;94.13;94.13;316.2768;Homologado
31360634000189;IT - CAMINHO AUTOMOVEIS LTDA.;Demais;3524808;Jales;nao_classificado;indefinido;2026;8;45131885000104-1-000439/2026;2;363;https://pncp.gov.br/app/editais/45131885000104/2026/439;FILTRO OLEO MOTOR;1.0;PEÇA;79.9;79.9;79.9;Homologado
31360634000189;IT - CAMINHO AUTOMOVEIS LTDA.;Demais;3524808;Jales;nao_classificado;indefinido;2026;8;45131885000104-1-000439/2026;3;363;https://pncp.gov.br/app/editais/45131885000104/2026/439;AROMATIZANTE AUTOMOTIVO BIO AIR PARA AR CONDICIONADO, FRASCO 100ML - CONFORME ESPECIFICAÇÕES DO TERMO DE REFERÊNCIA;1.0;FRASCO;55.0;55.0;55.0;Homologado
31360634000189;IT - CAMINHO AUTOMOVEIS LTDA.;Demais;3524808;Jales;nao_classificado;indefinido;2026;8;45131885000104-1-000439/2026;4;363;https://pncp.gov.br/app/editais/45131885000104/2026/439;LIMPA AR CONDICIONADO AUTOMOTIVO HIGIENIZADOR ESPUMA, FRASCO 500 M - CONFORME ESPECIFICAÇÕES DO TERMO DE REFERÊNCIA;1.0;FRASCO;120.9;120.9;120.9;Homologado
31360634000189;IT - CAMINHO AUTOMOVEIS LTDA.;Demais;3524808;Jales;nao_classificado;indefinido;2026;8;45131885000104-1-000439/2026;5;363;https://pncp.gov.br/app/editais/45131885000104/2026/439;FILTRO PÓLEN;1.0;UNIDADE;45.0;45.0;45.0;Homologado
31360634000189;IT - CAMINHO AUTOMOVEIS LTDA.;Demais;3524808;Jales;limpeza_higiene;produto;2026;8;45131885000104-1-000439/2026;6;363;https://pncp.gov.br/app/editais/45131885000104/2026/439;DESINFETANTE AUTOMOTIVO BACTERJET LIMPEZA INTERIOR, FRASCO 250 ML - CONFORME ESPECIFICAÇÕES DO TERMO DE REFERÊNCIA;1.0;FRASCO;50.0;50.0;50.0;Homologado
31360634000189;IT - CAMINHO AUTOMOVEIS LTDA.;Demais;3524808;Jales;nao_classificado;indefinido;2026;8;45131885000104-1-000439/2026;7;363;https://pncp.gov.br/app/editais/45131885000104/2026/439;KIT LUBRIFICAÇÃO COMPLETA, FRASCO 300 ML - CONFORME ESPECIFICAÇÕES DO TERMO DE REFERÊNCIA;1.0;KIT;70.0;70.0;70.0;Homologado
31360634000189;IT - CAMINHO AUTOMOVEIS LTDA.;Demais;3524808;Jales;nao_classificado;indefinido;2026;8;45131885000104-1-000439/2026;8;363;https://pncp.gov.br/app/editais/45131885000104/2026/439;DESCONTAMINANTE DE MOTORES, FRASCO 250 ML - CONFORME ESPECIFICAÇÕES DO TERMO DE REFERÊNCIA;1.0;FRASCO;65.0;65.0;65.0;Homologado
31360634000189;IT - CAMINHO AUTOMOVEIS LTDA.;Demais;3524808;Jales;nao_classificado;indefinido;2026;8;45131885000104-1-000439/2026;9;363;https://pncp.gov.br/app/editais/45131885000104/2026/439;ADITIVO LIMPA BICO INJETOR 200 ML - CONFORME ESPECIFICAÇÕES DO TERMO DE REFERÊNCIA;1.0;FRASCO;103.55;103.55;103.55;Homologado
31360634000189;IT - CAMINHO AUTOMOVEIS LTDA.;Demais;3524808;Jales;nao_classificado;indefinido;2026;8;45131885000104-1-000439/2026;10;363;https://pncp.gov.br/app/editais/45131885000104/2026/439;DESCARBONIZANTE MOTOR;1.0;SERVIÇO;46.7;46.7;46.7;Homologado
31360634000189;IT - CAMINHO AUTOMOVEIS LTDA.;Demais;3524808;Jales;nao_classificado;indefinido;2026;8;45131885000104-1-000439/2026;11;363;https://pncp.gov.br/app/editais/45131885000104/2026/439;LIMPA FREIO 150 ML - CONFORME ESPECIFICAÇÕES DO TERMO DE REFERÊNCIA;1.0;FRASCO;70.0;70.0;70.0;Homologado
31360634000189;IT - CAMINHO AUTOMOVEIS LTDA.;Demais;3524808;Jales;nao_classificado;indefinido;2026;8;45131885000104-1-000439/2026;12;363;https://pncp.gov.br/app/editais/45131885000104/2026/439;VERNIZ PROTETOR PARA MOTOR, FRASCO 300 ML - CONFORME ESPECIFICAÇÕES DO TERMO DE REFERÊNCIA;1.0;FRASCO;75.0;75.0;75.0;Homologado
31360634000189;IT - CAMINHO AUTOMOVEIS LTDA.;Demais;3524808;Jales;nao_classificado;indefinido;2026;8;45131885000104-1-000439/2026;13;363;https://pncp.gov.br/app/editais/45131885000104/2026/439;PRIMEIRA REVISÃO;0.85;SERVIÇO;373.0;373.0;317.05;Homologado
31360634000189;IT - CAMINHO AUTOMOVEIS LTDA.;Demais;3524808;Jales;nao_classificado;indefinido;2026;8;45131885000104-1-000439/2026;14;363;https://pncp.gov.br/app/editais/45131885000104/2026/439;ALINHAMENTO;0.5;SERVIÇO;150.0;150.0;75.0;Homologado
31360634000189;IT - CAMINHO AUTOMOVEIS LTDA.;Demais;3524808;Jales;nao_classificado;indefinido;2026;8;45131885000104-1-000439/2026;15;363;https://pncp.gov.br/app/editais/45131885000104/2026/439;BALANCEAMENTO;0.5;SERVIÇO;150.0;150.0;75.0;Homologado
31360634000189;IT - CAMINHO AUTOMOVEIS LTDA.;Demais;3524808;Jales;nao_classificado;indefinido;2026;8;45131885000104-1-000439/2026;16;363;https://pncp.gov.br/app/editais/45131885000104/2026/439;DESCONTAMINAÇÃO DE DUTOS DE AR;1.0;SERVIÇO;110.0;110.0;110.0;Homologado
31360634000189;IT - CAMINHO AUTOMOVEIS LTDA.;Demais;3524808;Jales;nao_classificado;indefinido;2026;8;45131885000104-1-000439/2026;17;363;https://pncp.gov.br/app/editais/45131885000104/2026/439;LIMPEZA DO CORPO BORBOLETA - CONFORME ESPECIFICAÇÕES DO TERMO DE REFERÊNCIA;1.0;SERVIÇO;100.0;100.0;100.0;Homologado
31360634000189;IT - CAMINHO AUTOMOVEIS LTDA.;Demais;3524808;Jales;nao_classificado;indefinido;2026;8;45131885000104-1-000439/2026;18;363;https://pncp.gov.br/app/editais/45131885000104/2026/439;LIMPEZA DE FREIOS TRASEIROS;1.0;SERVIÇO;100.0;100.0;100.0;Homologado
31360634000189;IT - CAMINHO AUTOMOVEIS LTDA.;Demais;3524808;Jales;nao_classificado;indefinido;2026;8;45131885000104-1-000440/2026;1;364;https://pncp.gov.br/app/editais/45131885000104/2026/440;ÓLEO MOTOR 0W20;3.36;LITRO;94.13;94.13;316.2768;Homologado
31360634000189;IT - CAMINHO AUTOMOVEIS LTDA.;Demais;3524808;Jales;nao_classificado;indefinido;2026;8;45131885000104-1-000440/2026;2;364;https://pncp.gov.br/app/editais/45131885000104/2026/440;FILTRO OLEO MOTOR;1.0;PEÇA;79.9;79.9;79.9;Homologado
31360634000189;IT - CAMINHO AUTOMOVEIS LTDA.;Demais;3524808;Jales;nao_classificado;indefinido;2026;8;45131885000104-1-000440/2026;3;364;https://pncp.gov.br/app/editais/45131885000104/2026/440;AROMATIZANTE AUTOMOTIVO BIO AIR PARA AR CONDICIONADO, FRASCO 100ML - CONFORME ESPECIFICAÇÕES DO TERMO DE REFERÊNCIA;1.0;FRASCO;55.0;55.0;55.0;Homologado
31360634000189;IT - CAMINHO AUTOMOVEIS LTDA.;Demais;3524808;Jales;nao_classificado;indefinido;2026;8;45131885000104-1-000440/2026;4;364;https://pncp.gov.br/app/editais/45131885000104/2026/440;LIMPA AR CONDICIONADO AUTOMOTIVO HIGIENIZADOR ESPUMA, FRASCO 500 M - CONFORME ESPECIFICAÇÕES DO TERMO DE REFERÊNCIA;1.0;FRASCO;120.9;120.9;120.9;Homologado
31360634000189;IT - CAMINHO AUTOMOVEIS LTDA.;Demais;3524808;Jales;nao_classificado;indefinido;2026;8;45131885000104-1-000440/2026;5;364;https://pncp.gov.br/app/editais/45131885000104/2026/440;FILTRO PÓLEN;1.0;UNIDADE;45.0;45.0;45.0;Homologado
31360634000189;IT - CAMINHO AUTOMOVEIS LTDA.;Demais;3524808;Jales;limpeza_higiene;produto;2026;8;45131885000104-1-000440/2026;6;364;https://pncp.gov.br/app/editais/45131885000104/2026/440;DESINFETANTE AUTOMOTIVO BACTERJET LIMPEZA INTERIOR, FRASCO 250 ML - CONFORME ESPECIFICAÇÕES DO TERMO DE REFERÊNCIA;1.0;FRASCO;50.0;50.0;50.0;Homologado
31360634000189;IT - CAMINHO AUTOMOVEIS LTDA.;Demais;3524808;Jales;nao_classificado;indefinido;2026;8;45131885000104-1-000440/2026;7;364;https://pncp.gov.br/app/editais/45131885000104/2026/440;KIT LUBRIFICAÇÃO COMPLETA, FRASCO 300 ML - CONFORME ESPECIFICAÇÕES DO TERMO DE REFERÊNCIA;1.0;KIT;70.0;70.0;70.0;Homologado
31360634000189;IT - CAMINHO AUTOMOVEIS LTDA.;Demais;3524808;Jales;nao_classificado;indefinido;2026;8;45131885000104-1-000440/2026;8;364;https://pncp.gov.br/app/editais/45131885000104/2026/440;DESCONTAMINANTE DE MOTORES, FRASCO 250 ML - CONFORME ESPECIFICAÇÕES DO TERMO DE REFERÊNCIA;1.0;FRASCO;65.0;65.0;65.0;Homologado
31360634000189;IT - CAMINHO AUTOMOVEIS LTDA.;Demais;3524808;Jales;nao_classificado;indefinido;2026;8;45131885000104-1-000440/2026;9;364;https://pncp.gov.br/app/editais/45131885000104/2026/440;ADITIVO LIMPA BICO INJETOR 200 ML - CONFORME ESPECIFICAÇÕES DO TERMO DE REFERÊNCIA;1.0;FRASCO;103.55;103.55;103.55;Homologado
31360634000189;IT - CAMINHO AUTOMOVEIS LTDA.;Demais;3524808;Jales;nao_classificado;indefinido;2026;8;45131885000104-1-000440/2026;10;364;https://pncp.gov.br/app/editais/45131885000104/2026/440;DESCARBONIZANTE MOTOR;1.0;SERVIÇO;46.7;46.7;46.7;Homologado
31360634000189;IT - CAMINHO AUTOMOVEIS LTDA.;Demais;3524808;Jales;nao_classificado;indefinido;2026;8;45131885000104-1-000440/2026;11;364;https://pncp.gov.br/app/editais/45131885000104/2026/440;LIMPA FREIO 150 ML - CONFORME ESPECIFICAÇÕES DO TERMO DE REFERÊNCIA;1.0;FRASCO;70.0;70.0;70.0;Homologado
31360634000189;IT - CAMINHO AUTOMOVEIS LTDA.;Demais;3524808;Jales;nao_classificado;indefinido;2026;8;45131885000104-1-000440/2026;12;364;https://pncp.gov.br/app/editais/45131885000104/2026/440;VERNIZ PROTETOR PARA MOTOR, FRASCO 300 ML - CONFORME ESPECIFICAÇÕES DO TERMO DE REFERÊNCIA;1.0;FRASCO;75.0;75.0;75.0;Homologado
31360634000189;IT - CAMINHO AUTOMOVEIS LTDA.;Demais;3524808;Jales;nao_classificado;indefinido;2026;8;45131885000104-1-000440/2026;13;364;https://pncp.gov.br/app/editais/45131885000104/2026/440;PRIMEIRA REVISÃO;0.85;SERVIÇO;373.0;373.0;317.05;Homologado
31360634000189;IT - CAMINHO AUTOMOVEIS LTDA.;Demais;3524808;Jales;nao_classificado;indefinido;2026;8;45131885000104-1-000440/2026;14;364;https://pncp.gov.br/app/editais/45131885000104/2026/440;ALINHAMENTO;0.5;SERVIÇO;150.0;150.0;75.0;Homologado
31360634000189;IT - CAMINHO AUTOMOVEIS LTDA.;Demais;3524808;Jales;nao_classificado;indefinido;2026;8;45131885000104-1-000440/2026;15;364;https://pncp.gov.br/app/editais/45131885000104/2026/440;BALANCEAMENTO;0.5;SERVIÇO;150.0;150.0;75.0;Homologado
31360634000189;IT - CAMINHO AUTOMOVEIS LTDA.;Demais;3524808;Jales;nao_classificado;indefinido;2026;8;45131885000104-1-000440/2026;16;364;https://pncp.gov.br/app/editais/45131885000104/2026/440;DESCONTAMINAÇÃO DE DUTOS DE AR;1.0;SERVIÇO;110.0;110.0;110.0;Homologado
31360634000189;IT - CAMINHO AUTOMOVEIS LTDA.;Demais;3524808;Jales;nao_classificado;indefinido;2026;8;45131885000104-1-000440/2026;17;364;https://pncp.gov.br/app/editais/45131885000104/2026/440;LIMPEZA DO CORPO BORBOLETA - CONFORME ESPECIFICAÇÕES DO TERMO DE REFERÊNCIA;1.0;SERVIÇO;100.0;100.0;100.0;Homologado
31360634000189;IT - CAMINHO AUTOMOVEIS LTDA.;Demais;3524808;Jales;nao_classificado;indefinido;2026;8;45131885000104-1-000440/2026;18;364;https://pncp.gov.br/app/editais/45131885000104/2026/440;LIMPEZA DE FREIOS TRASEIROS;1.0;SERVIÇO;100.0;100.0;100.0;Homologado
05677457000159;JOELTON LOPES VILASBOAS & CIA LTDA;Demais;3546603;Santa Fé do Sul;nao_classificado;indefinido;2026;8;45138070000149-1-000706/2026;1;DL 647;https://pncp.gov.br/app/editais/45138070000149/2026/706;DIVALPROATO DE SÓDIO 500MG C/ 60CP;2.0;comprimido;325.0;325.0;650.0;Homologado
05677457000159;JOELTON LOPES VILASBOAS & CIA LTDA;Demais;3546603;Santa Fé do Sul;nao_classificado;indefinido;2026;8;45138070000149-1-000706/2026;3;DL 647;https://pncp.gov.br/app/editais/45138070000149/2026/706;CIMECORT POMADA;1.0;UNIDADE;26.5;26.5;26.5;Homologado
05677457000159;JOELTON LOPES VILASBOAS & CIA LTDA;Demais;3546603;Santa Fé do Sul;medicamentos;produto;2026;8;45138070000149-1-000721/2026;1;DL 664;https://pncp.gov.br/app/editais/45138070000149/2026/721;Risperidona 1mg/ml;1.0;UNIDADE;54.9;54.9;54.9;Homologado
05677457000159;JOELTON LOPES VILASBOAS & CIA LTDA;ME;3546603;Santa Fé do Sul;insumos_laboratoriais;produto;2026;8;45138070000149-1-000749/2026;1;DL 680;https://pncp.gov.br/app/editais/45138070000149/2026/749;Teste imunocromatográfico para determinação qualitativa de HCG em amostras de urina, destinado à detecção precoce da gravidez, para uso diagnóstico in vitro e profissional. Disponível nas apresentações com kit contendo 1 (um) frasco para coleta, 1 (uma) tira reagente e 1 (uma) instrução de uso.;100.0;UNIDADE;5.0;5.0;500.0;Homologado
05677457000159;JOELTON LOPES VILASBOAS & CIA LTDA;Demais;3546603;Santa Fé do Sul;nao_classificado;indefinido;2026;8;45138070000149-1-000750/2026;2;DL 681;https://pncp.gov.br/app/editais/45138070000149/2026/750;RISPERIDONA 1MG/ML – FRASCO;4.0;UNIDADE;54.9;54.9;219.6;Homologado
05677457000159;JOELTON LOPES VILASBOAS & CIA LTDA;Demais;3546603;Santa Fé do Sul;nao_classificado;indefinido;2026;8;45138070000149-1-000750/2026;3;DL 681;https://pncp.gov.br/app/editais/45138070000149/2026/750;CELECOXIBE 200MG – CAIXA;1.0;UNIDADE;44.79;44.79;44.79;Homologado
05677457000159;JOELTON LOPES VILASBOAS & CIA LTDA;Demais;3546603;Santa Fé do Sul;nao_classificado;indefinido;2026;8;45138070000149-1-000760/2026;1;DL 697;https://pncp.gov.br/app/editais/45138070000149/2026/760;HYABANK SOLUÇÃO OFTALMICA – FRASCO;1.0;UNIDADE;92.32;92.32;92.32;Em andamento
05677457000159;JOELTON LOPES VILASBOAS & CIA LTDA;Demais;3546603;Santa Fé do Sul;nao_classificado;indefinido;2026;8;45138070000149-1-000760/2026;4;DL 697;https://pncp.gov.br/app/editais/45138070000149/2026/760;CLINDAMICINA 300MG - CAIXA;4.0;UNIDADE;35.0;35.0;140.0;Em andamento
05677457000159;JOELTON LOPES VILASBOAS & CIA LTDA;Demais;3546603;Santa Fé do Sul;nao_classificado;indefinido;2026;8;45138070000149-1-000775/2026;20;DL 712;https://pncp.gov.br/app/editais/45138070000149/2026/775;COLACT;1.0;FRASCO;25.0;25.0;25.0;Em andamento
05677457000159;JOELTON LOPES VILASBOAS & CIA LTDA;Demais;3546603;Santa Fé do Sul;nao_classificado;indefinido;2026;8;45138070000149-1-000775/2026;23;DL 712;https://pncp.gov.br/app/editais/45138070000149/2026/775;BEDOZE 5mg/ml;5.0;AMPOLA;25.0;25.0;125.0;Em andamento
05677457000159;JOELTON LOPES VILASBOAS & CIA LTDA;Demais;3546603;Santa Fé do Sul;nao_classificado;indefinido;2026;8;45138070000149-1-000775/2026;24;DL 712;https://pncp.gov.br/app/editais/45138070000149/2026/775;ALTA D 50.000 12 CP;1.0;CAIXA;65.0;65.0;65.0;Em andamento
05677457000159;JOELTON LOPES VILASBOAS & CIA LTDA;Demais;3546603;Santa Fé do Sul;nao_classificado;indefinido;2026;8;45138070000149-1-000775/2026;25;DL 712;https://pncp.gov.br/app/editais/45138070000149/2026/775;CANABIDIOL 160,32MG/ML;1.0;FRASCO;379.9;379.9;379.9;Em andamento
05677457000159;JOELTON LOPES VILASBOAS & CIA LTDA;Demais;3546603;Santa Fé do Sul;nao_classificado;indefinido;2026;8;45138070000149-1-000775/2026;26;DL 712;https://pncp.gov.br/app/editais/45138070000149/2026/775;BUPRENORFINA 10MG COM 4 ADESIVOS;1.0;CAIXA;389.53;389.53;389.53;Em andamento
05677457000159;JOELTON LOPES VILASBOAS & CIA LTDA;Demais;3546603;Santa Fé do Sul;nao_classificado;indefinido;2026;8;45138070000149-1-000775/2026;27;DL 712;https://pncp.gov.br/app/editais/45138070000149/2026/775;TROMETAMOL CETOROLACO 10MG;2.0;CAIXA;32.85;32.85;65.7;Em andamento
05677457000159;JOELTON LOPES VILASBOAS & CIA LTDA;Demais;3546603;Santa Fé do Sul;nao_classificado;indefinido;2026;8;45138070000149-1-000775/2026;28;DL 712;https://pncp.gov.br/app/editais/45138070000149/2026/775;CICLOBENZAPRINA 15 MG;3.0;CAIXA;63.88;63.88;191.64;Em andamento
05677457000159;JOELTON LOPES VILASBOAS & CIA LTDA;Demais;3546603;Santa Fé do Sul;nao_classificado;indefinido;2026;8;45138070000149-1-000775/2026;29;DL 712;https://pncp.gov.br/app/editais/45138070000149/2026/775;QUETIAPINA 25MG;2.0;CAIXA;35.0;35.0;70.0;Em andamento
05677457000159;JOELTON LOPES VILASBOAS & CIA LTDA;Demais;3546603;Santa Fé do Sul;nao_classificado;indefinido;2026;8;45138070000149-1-000775/2026;30;DL 712;https://pncp.gov.br/app/editais/45138070000149/2026/775;BACLOFENO 10MG;3.0;CAIXA;16.9;16.9;50.7;Em andamento
05677457000159;JOELTON LOPES VILASBOAS & CIA LTDA;Demais;3546603;Santa Fé do Sul;nao_classificado;indefinido;2026;8;45138070000149-1-000775/2026;31;DL 712;https://pncp.gov.br/app/editais/45138070000149/2026/775;FOSFATO DISSÓDICO DE CITIDINA 2,5 MG+TRISSÓDICO DE URIDINA 1,5 MG+ACETATO DE HIDROXOCOBALAMINA 1,0 MG.;1.0;CAIXA;59.9;59.9;59.9;Em andamento
05677457000159;JOELTON LOPES VILASBOAS & CIA LTDA;Demais;3546603;Santa Fé do Sul;nao_classificado;indefinido;2026;8;45138070000149-1-000775/2026;32;DL 712;https://pncp.gov.br/app/editais/45138070000149/2026/775;DESVENLAFAXINA 50 MG;1.0;CAIXA;49.9;49.9;49.9;Em andamento
05677457000159;JOELTON LOPES VILASBOAS & CIA LTDA;Demais;3546603;Santa Fé do Sul;nao_classificado;indefinido;2026;8;45138070000149-1-000775/2026;33;DL 712;https://pncp.gov.br/app/editais/45138070000149/2026/775;PARACETAMOL 500 MG;2.0;CAIXA;37.9;37.9;75.8;Em andamento
10357996000140;JOÃO CARLOS DOS SANTOS;Demais;3546603;Santa Fé do Sul;generos_alimenticios;produto;2026;8;45138070000149-1-000735/2026;1;DL 676;https://pncp.gov.br/app/editais/45138070000149/2026/735;Uva Núbia;2318.0;KILO;17.25;39985.5;39985.5;Homologado
11184327000187;KAZUO MATERIAL PARA CONSTRUÇAO LTDA;Demais;3546603;Santa Fé do Sul;nao_classificado;indefinido;2026;8;45138070000149-1-000770/2026;1;DL 701;https://pncp.gov.br/app/editais/45138070000149/2026/770;CABO COBRECOM/SIL PP 2X1,50 FLEXIVEL;100.0;metro;5.4;5.4;540.0;Homologado
11184327000187;KAZUO MATERIAL PARA CONSTRUÇAO LTDA;Demais;3546603;Santa Fé do Sul;nao_classificado;indefinido;2026;8;45138070000149-1-000770/2026;2;DL 701;https://pncp.gov.br/app/editais/45138070000149/2026/770;REFLETOR LED 200W 6,5K BIV YOE 1337;8.0;UNIDADE;60.0;60.0;480.0;Homologado
11184327000187;KAZUO MATERIAL PARA CONSTRUÇAO LTDA;Demais;3546603;Santa Fé do Sul;nao_classificado;indefinido;2026;8;45138070000149-1-000770/2026;3;DL 701;https://pncp.gov.br/app/editais/45138070000149/2026/770;REFLETOR LED 400W 6,5K (BRANCO FRIO);1.0;UNIDADE;130.0;130.0;130.0;Homologado
11184327000187;KAZUO MATERIAL PARA CONSTRUÇAO LTDA;Demais;3546603;Santa Fé do Sul;nao_classificado;indefinido;2026;8;45138070000149-1-000770/2026;4;DL 701;https://pncp.gov.br/app/editais/45138070000149/2026/770;CONTATOR LUKMA CJX2-0910 (9A) 220V 1NA;1.0;UNIDADE;67.0;67.0;67.0;Homologado
11184327000187;KAZUO MATERIAL PARA CONSTRUÇAO LTDA;Demais;3546603;Santa Fé do Sul;nao_classificado;indefinido;2026;8;45138070000149-1-000770/2026;5;DL 701;https://pncp.gov.br/app/editais/45138070000149/2026/770;RELE MG 1000W BIV NF RFE- 131 6POP;1.0;UNIDADE;36.0;36.0;36.0;Homologado
11184327000187;KAZUO MATERIAL PARA CONSTRUÇAO LTDA;Demais;3546603;Santa Fé do Sul;nao_classificado;indefinido;2026;8;45138070000149-1-000770/2026;6;DL 701;https://pncp.gov.br/app/editais/45138070000149/2026/770;TOM MG RELE SUP PLAST BS2 PA01529;1.0;UNIDADE;12.0;12.0;12.0;Homologado
57089175000134;KS7 IMPORTACAO E EXPORTACAO LTDA;ME;3546603;Santa Fé do Sul;nao_classificado;indefinido;2026;8;45138070000149-1-000743/2026;1;DL 690;https://pncp.gov.br/app/editais/45138070000149/2026/743;"Nadadeira Cressi Pro Light & Mola Flex - Preto - 36-38 /
US S-M / EU 40-41";3.0;UNIDADE;478.3155;478.3155;1434.95;Homologado
57089175000134;KS7 IMPORTACAO E EXPORTACAO LTDA;ME;3546603;Santa Fé do Sul;nao_classificado;indefinido;2026;8;45138070000149-1-000743/2026;2;DL 690;https://pncp.gov.br/app/editais/45138070000149/2026/743;"Nadadeira Cressi Pro Light & Mola Flex - Preto - 39-41 /
US M-L / EU 42-43";4.0;UNIDADE;478.3155;478.3155;1913.26;Homologado
57089175000134;KS7 IMPORTACAO E EXPORTACAO LTDA;ME;3546603;Santa Fé do Sul;nao_classificado;indefinido;2026;8;45138070000149-1-000743/2026;3;DL 690;https://pncp.gov.br/app/editais/45138070000149/2026/743;"Nadadeira Cressi Pro Light & Mola Flex - Preto - 42-44 /
US L-XL / EU 44-45";3.0;UNIDADE;478.3155;478.3155;1434.95;Homologado
57089175000134;KS7 IMPORTACAO E EXPORTACAO LTDA;ME;3546603;Santa Fé do Sul;calcados;produto;2026;8;45138070000149-1-000743/2026;4;DL 690;https://pncp.gov.br/app/editais/45138070000149/2026/743;Bota Cressi Isla 5mm - 39-40 / M;3.0;UNIDADE;375.3366;375.3366;1126.01;Homologado
57089175000134;KS7 IMPORTACAO E EXPORTACAO LTDA;ME;3546603;Santa Fé do Sul;calcados;produto;2026;8;45138070000149-1-000743/2026;5;DL 690;https://pncp.gov.br/app/editais/45138070000149/2026/743;Bota Cressi Isla 5mm - 41-42 / L;4.0;UNIDADE;375.3366;375.3366;1501.35;Homologado
57089175000134;KS7 IMPORTACAO E EXPORTACAO LTDA;ME;3546603;Santa Fé do Sul;calcados;produto;2026;8;45138070000149-1-000743/2026;6;DL 690;https://pncp.gov.br/app/editais/45138070000149/2026/743;Bota Cressi Isla 5mm - 43-44 / XL;2.0;UNIDADE;375.3366;375.3366;750.67;Homologado
57089175000134;KS7 IMPORTACAO E EXPORTACAO LTDA;ME;3546603;Santa Fé do Sul;nao_classificado;indefinido;2026;8;45138070000149-1-000743/2026;7;DL 690;https://pncp.gov.br/app/editais/45138070000149/2026/743;Lanterna Cressi Astra 2100 - Preto;4.0;UNIDADE;750.7805;750.7805;3003.12;Homologado
57089175000134;KS7 IMPORTACAO E EXPORTACAO LTDA;ME;3546603;Santa Fé do Sul;nao_classificado;indefinido;2026;8;45138070000149-1-000743/2026;8;DL 690;https://pncp.gov.br/app/editais/45138070000149/2026/743;Bóia Cressi Deco Marker PVC 130cm - 130 cm;4.0;UNIDADE;150.0702;150.0702;600.28;Homologado
57089175000134;KS7 IMPORTACAO E EXPORTACAO LTDA;ME;3546603;Santa Fé do Sul;nao_classificado;indefinido;2026;8;45138070000149-1-000743/2026;9;DL 690;https://pncp.gov.br/app/editais/45138070000149/2026/743;MÁSCARA CRESSI METIS (PRETA);10.0;UNIDADE;203.7051;203.7051;2037.05;Homologado
32605472000164;L K V CASTELAN EVENTOS;ME;3546603;Santa Fé do Sul;nao_classificado;indefinido;2026;8;45138070000149-1-000710/2026;1;DL 652;https://pncp.gov.br/app/editais/45138070000149/2026/710;Adesivo impressão digital com transparente 18 x 25cm;2400.0;UNIDADE;2.0;2.0;4800.0;Homologado
32605472000164;L K V CASTELAN EVENTOS;ME;3546603;Santa Fé do Sul;nao_classificado;indefinido;2026;8;45138070000149-1-000710/2026;2;DL 652;https://pncp.gov.br/app/editais/45138070000149/2026/710;Adesivo impressão digital com transparente 12 x 16cm;1000.0;UNIDADE;1.2;1.2;1200.0;Homologado
01768087000104;LAZER TRANSPORTES LTDA EPP;Demais;3524808;Jales;nao_classificado;indefinido;2026;8;45131885000104-1-000425/2026;1;48;https://pncp.gov.br/app/editais/45131885000104/2026/425;TRANSPORTE PARA TRATAMENTO FORA DE DOMICILIO (TFD) AOS CENTROS DE ESPECIALIDADES. VEÍCULO - ÔNIBUS RODOVIÁRIO MÍNIMO 46 LUGARES.;200000.0;KM;10.91;10.46;2092000.0;Homologado
05652247000106;LUMIAR HEALTH BUILDERS EQUIPAMENTOS HOSPITALARES LTDA;Demais;3524808;Jales;nao_classificado;indefinido;2026;8;45131885000104-1-000424/2026;1;029;https://pncp.gov.br/app/editais/45131885000104/2026/424;SERVIÇO DE LOCAÇÃO DE APARELHO MÉDICO RESPIRATÓRIO BIPAP - CONFORME ESPECIFICAÇÕES DO TERMO DE REFERÊNCIA.;12.0;MÊS;1421.1;1239.0;14868.0;Homologado
09254594000131;MAC MED FARMACEUTICA LTDA;ME;3524808;Jales;medicamentos;produto;2026;8;45131885000104-1-000432/2026;1;358;https://pncp.gov.br/app/editais/45131885000104/2026/432;SACARATO DE HIDRÓXIDO FÉRRICO 20MG/ML – AMPOLA 5ML;800.0;AMPOLA;9.24;9.24;7392.0;Homologado
51439523000170;MARCELO SANA DE CAMARGO ENTRETENIMENTO - LTDA;EPP;3540259;Pontalinda;nao_classificado;indefinido;2026;8;65712077000130-1-000019/2026;2;9;https://pncp.gov.br/app/editais/65712077000130/2026/19;LOCACAO DE SISTEMA DE SONORIZACAO, ILUMINACAO E PAINEL DE LED;1.0;Locação;44000.0;26900.0;26900.0;Homologado
05785513000179;MAURICIO GARCIA LOPES - ME;ME;3546603;Santa Fé do Sul;informatica;produto;2026;8;45138070000149-1-000718/2026;1;DL 663;https://pncp.gov.br/app/editais/45138070000149/2026/718;Manutenção Impressora P: n° 21954;1.0;UNIDADE;390.0;390.0;390.0;Homologado
05785513000179;MAURICIO GARCIA LOPES - ME;ME;3546603;Santa Fé do Sul;informatica;produto;2026;8;45138070000149-1-000718/2026;2;DL 663;https://pncp.gov.br/app/editais/45138070000149/2026/718;Manutenção Impressora P: n° 42737;1.0;UNIDADE;90.0;90.0;90.0;Homologado
05785513000179;MAURICIO GARCIA LOPES - ME;ME;3546603;Santa Fé do Sul;informatica;produto;2026;8;45138070000149-1-000718/2026;3;DL 663;https://pncp.gov.br/app/editais/45138070000149/2026/718;Manutenção e repara na caixa de manutenção P: n° 44393;1.0;UNIDADE;170.0;170.0;170.0;Homologado
05785513000179;MAURICIO GARCIA LOPES - ME;ME;3546603;Santa Fé do Sul;informatica;produto;2026;8;45138070000149-1-000718/2026;4;DL 663;https://pncp.gov.br/app/editais/45138070000149/2026/718;Manutenção em impressora P: n° 31127;1.0;UNIDADE;90.0;90.0;90.0;Homologado
44186385000107;MAZOTI & MAZOTI FUNERARIA LTDA;EPP;3546603;Santa Fé do Sul;nao_classificado;indefinido;2026;8;45138070000149-1-000776/2026;1;DL 714;https://pncp.gov.br/app/editais/45138070000149/2026/776;SERVIÇO DE TRASLADO;1.0;SERVICOS;700.0;700.0;700.0;Homologado
44186385000107;MAZOTI & MAZOTI FUNERARIA LTDA;EPP;3546603;Santa Fé do Sul;nao_classificado;indefinido;2026;8;45138070000149-1-000777/2026;1;DL 715;https://pncp.gov.br/app/editais/45138070000149/2026/777;SERVIÇO DE TRASLADO;1.0;SERVICOS;700.0;700.0;700.0;Homologado
15311878000115;MEDPAPER COMERCIO DE MATERIAIS MEDICOS E HOSPITALA;ME;3524808;Jales;nao_classificado;indefinido;2026;8;45131885000104-1-000442/2026;1;366;https://pncp.gov.br/app/editais/45131885000104/2026/442;ÁLCOOL ETÍLICO HIDRATADO 70º (EMBALAGEM DE 1000ML). REGISTRO ATUALIZADO NA ANVISA. VALIDADE MÍNIMA DE 24 MESES APÓS A ENTREGA.;408.0;LITRO;6.8;6.8;2774.4;Homologado
15311878000115;MEDPAPER COMERCIO DE MATERIAIS MEDICOS E HOSPITALA;ME;3524808;Jales;nao_classificado;indefinido;2026;8;45131885000104-1-000442/2026;2;366;https://pncp.gov.br/app/editais/45131885000104/2026/442;CREME BRANCO COMPOSTO DE UREIA A 10% - CONFORME TERMO DE REFERÊNCIA;100.0;UNIDADE;27.3;27.3;2730.0;Homologado
66608092000103;NARAMARY PAGLIUSO DA MOTA RAMOS - EPP;Demais;3546603;Santa Fé do Sul;nao_classificado;indefinido;2026;8;45138070000149-1-000775/2026;2;DL 712;https://pncp.gov.br/app/editais/45138070000149/2026/775;BETAMETASONA 0,5MG CREME;1.0;TUBO;23.0;23.0;23.0;Em andamento
66608092000103;NARAMARY PAGLIUSO DA MOTA RAMOS - EPP;Demais;3546603;Santa Fé do Sul;nao_classificado;indefinido;2026;8;45138070000149-1-000775/2026;3;DL 712;https://pncp.gov.br/app/editais/45138070000149/2026/775;TOPIRAMATO 50 MG 120CPS;1.0;CAIXA;40.0;40.0;40.0;Em andamento
66608092000103;NARAMARY PAGLIUSO DA MOTA RAMOS - EPP;Demais;3546603;Santa Fé do Sul;nao_classificado;indefinido;2026;8;45138070000149-1-000775/2026;15;DL 712;https://pncp.gov.br/app/editais/45138070000149/2026/775;DOXEPINA 8MG C/60 CP;1.0;CAIXA;55.0;55.0;55.0;Em andamento
66608092000103;NARAMARY PAGLIUSO DA MOTA RAMOS - EPP;Demais;3546603;Santa Fé do Sul;nao_classificado;indefinido;2026;8;45138070000149-1-000775/2026;16;DL 712;https://pncp.gov.br/app/editais/45138070000149/2026/775;RISPERIDONA 1MG/ML;4.0;FRASCO;78.0;78.0;312.0;Em andamento
66608092000103;NARAMARY PAGLIUSO DA MOTA RAMOS - EPP;Demais;3546603;Santa Fé do Sul;nao_classificado;indefinido;2026;8;45138070000149-1-000775/2026;17;DL 712;https://pncp.gov.br/app/editais/45138070000149/2026/775;DEPAKENE 250 MG/ML;2.0;FRASCO;27.5;27.5;55.0;Em andamento
66608092000103;NARAMARY PAGLIUSO DA MOTA RAMOS - EPP;Demais;3546603;Santa Fé do Sul;nao_classificado;indefinido;2026;8;45138070000149-1-000775/2026;18;DL 712;https://pncp.gov.br/app/editais/45138070000149/2026/775;THIOCTACID 600MG;2.0;CAIXA;185.0;185.0;370.0;Em andamento
00023884000108;PAULO CESAR NOSSA;ME;3524808;Jales;nao_classificado;indefinido;2026;8;45131885000104-1-000434/2026;1;360;https://pncp.gov.br/app/editais/45131885000104/2026/434;FILTRO DE AR;2.0;UNIDADE;90.0;90.0;180.0;Homologado
00023884000108;PAULO CESAR NOSSA;ME;3524808;Jales;combustivel;produto;2026;8;45131885000104-1-000434/2026;2;360;https://pncp.gov.br/app/editais/45131885000104/2026/434;FILTRO COMBUSTIVEL;4.0;UNIDADE;155.0;155.0;620.0;Homologado
00023884000108;PAULO CESAR NOSSA;ME;3524808;Jales;nao_classificado;indefinido;2026;8;45131885000104-1-000434/2026;3;360;https://pncp.gov.br/app/editais/45131885000104/2026/434;FILTRO ÓLEO;4.0;PEÇA;100.0;100.0;400.0;Homologado
00023884000108;PAULO CESAR NOSSA;ME;3524808;Jales;nao_classificado;indefinido;2026;8;45131885000104-1-000434/2026;4;360;https://pncp.gov.br/app/editais/45131885000104/2026/434;FILTRO AR CONDICIONADO;2.0;PEÇA;40.0;40.0;80.0;Homologado
00023884000108;PAULO CESAR NOSSA;ME;3524808;Jales;nao_classificado;indefinido;2026;8;45131885000104-1-000434/2026;5;360;https://pncp.gov.br/app/editais/45131885000104/2026/434;PALHETA LIMPADOR;2.0;PEÇA;120.0;120.0;240.0;Homologado
00023884000108;PAULO CESAR NOSSA;ME;3524808;Jales;nao_classificado;indefinido;2026;8;45131885000104-1-000434/2026;6;360;https://pncp.gov.br/app/editais/45131885000104/2026/434;POLIA VIRABREQUIM - CONFORME TERMO DE REFERÊNCIA;1.0;PEÇA;800.0;800.0;800.0;Homologado
00023884000108;PAULO CESAR NOSSA;ME;3524808;Jales;combustivel;produto;2026;8;45131885000104-1-000434/2026;7;360;https://pncp.gov.br/app/editais/45131885000104/2026/434;BOIA DO TANQUE DE COMBUSTÍVEL;1.0;PEÇA;990.0;990.0;990.0;Homologado
00023884000108;PAULO CESAR NOSSA;ME;3524808;Jales;nao_classificado;indefinido;2026;8;45131885000104-1-000434/2026;8;360;https://pncp.gov.br/app/editais/45131885000104/2026/434;DISCO FREIO DIANTEIRO DIREITO - CONFORME TERMO DE REFERÊNCIA;2.0;PEÇA;350.0;350.0;700.0;Homologado
00023884000108;PAULO CESAR NOSSA;ME;3524808;Jales;nao_classificado;indefinido;2026;8;45131885000104-1-000434/2026;9;360;https://pncp.gov.br/app/editais/45131885000104/2026/434;PASTILHA DE FREIO DIANTEIRO;1.0;PEÇA;230.0;230.0;230.0;Homologado
00023884000108;PAULO CESAR NOSSA;ME;3524808;Jales;nao_classificado;indefinido;2026;8;45131885000104-1-000434/2026;10;360;https://pncp.gov.br/app/editais/45131885000104/2026/434;TROCAR BOMBA D´ÁGUA E POLIAS;7.2;SERVIÇO;100.05;100.05;720.36;Homologado
00023884000108;PAULO CESAR NOSSA;ME;3524808;Jales;nao_classificado;indefinido;2026;8;45131885000104-1-000434/2026;11;360;https://pncp.gov.br/app/editais/45131885000104/2026/434;SERVIÇO FREIO - CONFORME TERMO DE REFERÊNCIA;3.9;HORA;100.05;100.05;390.195;Homologado
24258853000196;PAULO HERMINIO FACHINI FILHO;ME;3545704;Santa Albertina;madeira_construcao;produto;2026;8;45135530000185-1-000041/2026;1;18;https://pncp.gov.br/app/editais/45135530000185/2026/41;MADEIRA DE EUCALIPTO PARA MATA BURRO SERRADA (RETANGULAR) MEDINDO NO MÍNIMO 3,20 METROS DE COMPRIMENTO DE 8X10 CENTÍMETRO;400.0;UN;79.0;54.0;21600.0;Homologado
24258853000196;PAULO HERMINIO FACHINI FILHO;ME;3545704;Santa Albertina;madeira_construcao;produto;2026;8;45135530000185-1-000041/2026;2;18;https://pncp.gov.br/app/editais/45135530000185/2026/41;MADEIRA DE EUCALIPTO PARA MATA BURRO SERRADA (RETANGULAR) MEDINDO NO MÍNIMO 4,00 METROS DE COMPRIMENTO DE 20X25 CENTÍMETRO;45.0;UN;499.0;399.0;17955.0;Homologado
36444343000192;PLACA SUL COMERCIO, INST.PLACAS LTDA;Demais;3546603;Santa Fé do Sul;textil_uniforme;produto;2026;8;45138070000149-1-000755/2026;1;DL 689;https://pncp.gov.br/app/editais/45138070000149/2026/755;PAR DE PLACA AUTOMITIVA – FUC2475 – FUC2E75;1.0;UNIDADE;200.0;200.0;200.0;Homologado
61198164000160;PORTO SEGURO COMPANHIA DE SEGUROS GERAIS;Demais;3546603;Santa Fé do Sul;nao_classificado;indefinido;2026;8;45138070000149-1-000704/2026;1;DL 649;https://pncp.gov.br/app/editais/45138070000149/2026/704;SEGURO PREDIAL ALMOXARIFADO GERAL;1.0;SERVICOS;2187.58;2187.58;2187.58;Homologado
13467021000163;QUEIROZ DISTRIBUIDORA DE COSMETICOS EIRELI;ME;3524808;Jales;nao_classificado;indefinido;2026;8;45131885000104-1-000428/2026;1;356;https://pncp.gov.br/app/editais/45131885000104/2026/428;CURSO DE MAQUIAGEM PROFISSIONAL. CONFORME ESPECIFICAÇÕES DO TERMO DE REFERÊNCIA.;1.0;SERVIÇO;1200.0;1200.0;1200.0;Homologado
13467021000163;QUEIROZ DISTRIBUIDORA DE COSMETICOS EIRELI;ME;3524808;Jales;nao_classificado;indefinido;2026;8;45131885000104-1-000429/2026;1;357;https://pncp.gov.br/app/editais/45131885000104/2026/429;CURSO DE ESCOVISTA;1.0;SERVIÇO;1200.0;1200.0;1200.0;Homologado
31660176000101;RAVAZZI EQUIPAMENTOS ODONTOLÓGICOS LTDA;ME;3546603;Santa Fé do Sul;nao_classificado;indefinido;2026;8;45138070000149-1-000709/2026;1;DL 651;https://pncp.gov.br/app/editais/45138070000149/2026/709;COMPRESSOR CHIAPERINI ISENTO DE ÓLEO 50 L 10 BPO;1.0;UNIDADE;3800.0;3800.0;3800.0;Homologado
26443777000114;ROSANA VERONEZI INFORMATICA;ME;3524808;Jales;nao_classificado;indefinido;2026;8;45131885000104-1-000441/2026;1;365;https://pncp.gov.br/app/editais/45131885000104/2026/441;PLACA MÃE: SUPORTE PARA PROCESSADORES INTEL SOCKET 1151, APLICAÇÃO CPUUPTO 91W, CHIPSET: INTEL H110, 4 PORTAS USB 2.0, 2 PORTAS USB 3.0, 1 PORTA RJ45, 4 CONECTORES SATA 3, MEMÓRIA EXPANSÃO 32GB, ÁUDIO HD 7.1 CANAIS, REDE PCIE 1 GB 10/100/1000MB/S, SLOTS 1 PCI EXPRESS 3.0, X16, 2 PCI EXPRESS 2.0. EMBALAGEM ORIGINAL DO PRODUTO. GARANTIA MÍNIMA DE 12 MESES.;5.0;UNIDADE;450.0;450.0;2250.0;Homologado
26443777000114;ROSANA VERONEZI INFORMATICA;ME;3524808;Jales;nao_classificado;indefinido;2026;8;45131885000104-1-000441/2026;2;365;https://pncp.gov.br/app/editais/45131885000104/2026/441;FONTE ATX - PADRONIZADO V.26 - CONFORME ESPECIFICAÇÕES DO TERMO DE REFERÊNCIA;7.0;UNIDADE;100.0;100.0;700.0;Homologado
26443777000114;ROSANA VERONEZI INFORMATICA;ME;3524808;Jales;nao_classificado;indefinido;2026;8;45131885000104-1-000441/2026;3;365;https://pncp.gov.br/app/editais/45131885000104/2026/441;SSD SATA - PADRONIZADO V.26 - CONFORME ESPECIFICAÇÕES DO TERMO DE REFERÊNCIA;9.0;UNIDADE;430.0;430.0;3870.0;Homologado
26443777000114;ROSANA VERONEZI INFORMATICA;ME;3524808;Jales;nao_classificado;indefinido;2026;8;45131885000104-1-000441/2026;4;365;https://pncp.gov.br/app/editais/45131885000104/2026/441;KIT DE UPGRADE (PROCESSADOR + PLACA-MÃE ATX DDR4) - PADRONIZADO V.26 - CONFORME ESPECIFICAÇÕES DO TERMO DE REFERÊNCIA;1.0;KIT;2780.0;2780.0;2780.0;Homologado
23918889000196;SHIRLEY FATIMA ROVEDA LAINE 10018448828;Demais;3546603;Santa Fé do Sul;nao_classificado;indefinido;2026;8;45138070000149-1-000757/2026;1;DL 693;https://pncp.gov.br/app/editais/45138070000149/2026/757;LENÇOL DE PERCAL 150 FIOS COM PINTURA EM UMA COR;20.0;UNIDADE;76.9;76.9;1538.0;Homologado
14096880000156;SOLAR SULMATEL PLACAS SOLARES LTDA;EPP;3546603;Santa Fé do Sul;nao_classificado;indefinido;2026;8;45138070000149-1-000756/2026;1;DL 691;https://pncp.gov.br/app/editais/45138070000149/2026/756;KIT PARAFUSADEIRA ESMERILHADEIRA E MARTELETE;1.0;UNIDADE;2000.0;2000.0;2000.0;Homologado
26154589000176;SONIA MARLENE BARRADA DA COSTA;ME;3546603;Santa Fé do Sul;nao_classificado;indefinido;2026;8;45138070000149-1-000707/2026;1;10;https://pncp.gov.br/app/editais/45138070000149/2026/707;Carne Defumada tipo corte: toucinho (bacon), tipo animal: suína, apresentação: em mantas, estado de conservação: resfriado(a) BACON -TIPO DO CORTE: TOUCINHO (BACON) - SUÍNA - EM MANTAS - RESFRIADO;384.0;Quilograma;41.63;41.59;15970.56;Homologado
26154589000176;SONIA MARLENE BARRADA DA COSTA;ME;3546603;Santa Fé do Sul;carnes;produto;2026;8;45138070000149-1-000707/2026;3;10;https://pncp.gov.br/app/editais/45138070000149/2026/707;Carne Bovina In Natura tipo corte: fígado, apresentação: fatiada em bife, estado de conservação: resfriado(a);110.0;Quilograma;17.88;17.4;1914.0;Homologado
26154589000176;SONIA MARLENE BARRADA DA COSTA;ME;3546603;Santa Fé do Sul;carnes;produto;2026;8;45138070000149-1-000707/2026;4;10;https://pncp.gov.br/app/editais/45138070000149/2026/707;Carne Bovina In Natura tipo corte: acém, apresentação: cortada, estado de conservação: resfriado(a);628.0;Quilograma;39.55;38.9;24429.2;Homologado
26154589000176;SONIA MARLENE BARRADA DA COSTA;ME;3546603;Santa Fé do Sul;carnes;produto;2026;8;45138070000149-1-000707/2026;5;10;https://pncp.gov.br/app/editais/45138070000149/2026/707;Carne Bovina In Natura tipo corte: paleta (pá), apresentação: cortada em cubos, estado de conservação: resfriado(a);1180.0;Quilograma;39.3;39.25;46315.0;Homologado
26154589000176;SONIA MARLENE BARRADA DA COSTA;ME;3546603;Santa Fé do Sul;carnes;produto;2026;8;45138070000149-1-000707/2026;6;10;https://pncp.gov.br/app/editais/45138070000149/2026/707;Carne Bovina In Natura tipo corte: costela, apresentação: pedaço, estado de conservação: resfriado(a);657.0;Quilograma;28.28;28.25;18560.25;Homologado
26154589000176;SONIA MARLENE BARRADA DA COSTA;ME;3546603;Santa Fé do Sul;carnes;produto;2026;8;45138070000149-1-000707/2026;7;10;https://pncp.gov.br/app/editais/45138070000149/2026/707;Carne De Ave In Natura tipo animal: frango, tipo corte: coxa e sobrecoxa, apresentação: inteiro, estado de conservação: resfriado(a), processamento: com pele, com osso;1422.0;Quilograma;14.91;14.89;21173.58;Homologado
26154589000176;SONIA MARLENE BARRADA DA COSTA;ME;3546603;Santa Fé do Sul;carnes;produto;2026;8;45138070000149-1-000707/2026;8;10;https://pncp.gov.br/app/editais/45138070000149/2026/707;Carne De Ave In Natura tipo animal: frango, tipo corte: coxinha da asa (drumete), apresentação: inteiro, estado de conservação: resfriado(a), processamento: com pele, com osso;689.0;Quilograma;19.64;19.6;13504.4;Homologado
26154589000176;SONIA MARLENE BARRADA DA COSTA;ME;3546603;Santa Fé do Sul;carnes;produto;2026;8;45138070000149-1-000707/2026;9;10;https://pncp.gov.br/app/editais/45138070000149/2026/707;Carne De Ave In Natura tipo animal: frango, tipo corte: filé de peito, apresentação: fatiado, estado de conservação: resfriado(a), processamento: sem pele, sem osso;1386.0;Quilograma;24.47;24.39;33804.54;Homologado
26154589000176;SONIA MARLENE BARRADA DA COSTA;ME;3546603;Santa Fé do Sul;carnes;produto;2026;8;45138070000149-1-000707/2026;10;10;https://pncp.gov.br/app/editais/45138070000149/2026/707;Carne De Ave In Natura tipo animal: frango, tipo corte: coração, apresentação: inteiro, estado de conservação: resfriado(a);63.0;Quilograma;42.28;42.19;2657.97;Homologado
26154589000176;SONIA MARLENE BARRADA DA COSTA;ME;3546603;Santa Fé do Sul;carnes;produto;2026;8;45138070000149-1-000707/2026;11;10;https://pncp.gov.br/app/editais/45138070000149/2026/707;Carne Bovina In Natura tipo corte: acém, apresentação: moida, estado de conservação: resfriado(a);1213.0;Quilograma;38.93;38.49;46688.37;Homologado
26154589000176;SONIA MARLENE BARRADA DA COSTA;ME;3546603;Santa Fé do Sul;carnes;produto;2026;8;45138070000149-1-000707/2026;13;10;https://pncp.gov.br/app/editais/45138070000149/2026/707;Carne Suína In Natura tipo corte: carré (bisteca), apresentação: fatiada, processamento: com osso, estado de conservação: resfriado(a);716.0;Quilograma;24.71;24.3;17398.8;Homologado
26154589000176;SONIA MARLENE BARRADA DA COSTA;ME;3546603;Santa Fé do Sul;carnes;produto;2026;8;45138070000149-1-000707/2026;14;10;https://pncp.gov.br/app/editais/45138070000149/2026/707;Carne Suína In Natura tipo corte: costela/costelinha, apresentação: cortada, estado de conservação: resfriado(a);655.0;Quilograma;33.58;33.2;21746.0;Homologado
26154589000176;SONIA MARLENE BARRADA DA COSTA;ME;3546603;Santa Fé do Sul;carnes;produto;2026;8;45138070000149-1-000707/2026;15;10;https://pncp.gov.br/app/editais/45138070000149/2026/707;Carne Suína In Natura tipo corte: pernil, apresentação: cortada em cubos, processamento: sem pele, estado de conservação: resfriado(a);584.0;Quilograma;23.04;22.75;13286.0;Homologado
26154589000176;SONIA MARLENE BARRADA DA COSTA;ME;3546603;Santa Fé do Sul;carnes;produto;2026;8;45138070000149-1-000707/2026;18;10;https://pncp.gov.br/app/editais/45138070000149/2026/707;Embutido tipo: linguiça calabresa, tamanho: grossa, tipo preparação: defumada, estado de conservação: resfriado(a);770.0;Quilograma;30.45;29.99;23092.3;Homologado
26154589000176;SONIA MARLENE BARRADA DA COSTA;ME;3546603;Santa Fé do Sul;carnes;produto;2026;8;45138070000149-1-000707/2026;20;10;https://pncp.gov.br/app/editais/45138070000149/2026/707;Embutido tipo: linguiça toscana, tamanho: grossa, tipo preparação: fresca, estado de conservação: resfriado(a);420.0;Quilograma;26.61;26.25;11025.0;Homologado
26154589000176;SONIA MARLENE BARRADA DA COSTA;ME;3546603;Santa Fé do Sul;nao_classificado;indefinido;2026;8;45138070000149-1-000707/2026;21;10;https://pncp.gov.br/app/editais/45138070000149/2026/707;Embutido tipo: salsicha hot dog, tipo preparação: cozida, estado de conservação: resfriado(a);819.0;Quilograma;13.24;12.99;10638.81;Homologado
26154589000176;SONIA MARLENE BARRADA DA COSTA;ME;3546603;Santa Fé do Sul;generos_alimenticios;produto;2026;8;45138070000149-1-000707/2026;68;10;https://pncp.gov.br/app/editais/45138070000149/2026/707;Bolo Alimentício sabor: variado, tipo: sem recheio, prazo validade: 30 dias, ingredientes: farinha de trigo, fermento químico, açúcar e ovo, características adicionais: embalagem individual;1736.0;Quilograma;38.96;33.6;58329.6;Homologado
67736744000140;SULMATEL ELETRICA HIDRAULICA E CONSTRUCOES LTDA;Demais;3546603;Santa Fé do Sul;nao_classificado;indefinido;2026;8;45138070000149-1-000768/2026;6;DL 699;https://pncp.gov.br/app/editais/45138070000149/2026/768;"TANQUE DUPLO FIBRA AСАВ. MARM. 110X55 PRETO
AJ RORATO";1.0;UNIDADE;247.99;247.99;247.99;Homologado
32447888000100;SUPERMERCADO PONTO CERTO DO ITAMAR LTDA;ME;3546603;Santa Fé do Sul;carnes;produto;2026;8;45138070000149-1-000707/2026;2;10;https://pncp.gov.br/app/editais/45138070000149/2026/707;Carne Bovina In Natura tipo corte: paleta (pá), apresentação: fatiada em bife, estado de conservação: resfriado(a);1017.0;Quilograma;36.54;36.54;37161.18;Homologado
32447888000100;SUPERMERCADO PONTO CERTO DO ITAMAR LTDA;ME;3546603;Santa Fé do Sul;nao_classificado;indefinido;2026;8;45138070000149-1-000719/2026;1;DL 665;https://pncp.gov.br/app/editais/45138070000149/2026/719;1 LITRO;5.0;UNIDADE;8.25;8.25;41.25;Homologado
32447888000100;SUPERMERCADO PONTO CERTO DO ITAMAR LTDA;ME;3546603;Santa Fé do Sul;nao_classificado;indefinido;2026;8;45138070000149-1-000719/2026;2;DL 665;https://pncp.gov.br/app/editais/45138070000149/2026/719;1 LITRO;5.0;UNIDADE;8.25;8.25;41.25;Homologado
32447888000100;SUPERMERCADO PONTO CERTO DO ITAMAR LTDA;ME;3546603;Santa Fé do Sul;nao_classificado;indefinido;2026;8;45138070000149-1-000719/2026;3;DL 665;https://pncp.gov.br/app/editais/45138070000149/2026/719;Refrigerante Sprite de 2 litros;5.0;UNIDADE;10.35;10.35;51.75;Homologado
32447888000100;SUPERMERCADO PONTO CERTO DO ITAMAR LTDA;ME;3546603;Santa Fé do Sul;nao_classificado;indefinido;2026;8;45138070000149-1-000719/2026;4;DL 665;https://pncp.gov.br/app/editais/45138070000149/2026/719;Refrigerante Estrela Tubaína de 2 Litros;5.0;UNIDADE;5.49;5.49;27.45;Homologado
32447888000100;SUPERMERCADO PONTO CERTO DO ITAMAR LTDA;ME;3546603;Santa Fé do Sul;generos_alimenticios;produto;2026;8;45138070000149-1-000754/2026;1;DL 688;https://pncp.gov.br/app/editais/45138070000149/2026/754;ACUCAR CRISTAL 5KG;60.0;UNIDADE;18.99;18.99;1139.4;Homologado
32447888000100;SUPERMERCADO PONTO CERTO DO ITAMAR LTDA;ME;3546603;Santa Fé do Sul;nao_classificado;indefinido;2026;8;45138070000149-1-000707/2026;12;10;https://pncp.gov.br/app/editais/45138070000149/2026/707;Carne Salgada tipo corte: paleta (pá) - charque, origem: bovina, apresentação: em mantas, estado de conservação: seco(a);137.0;Quilograma;48.91;48.91;6700.67;Homologado
32447888000100;SUPERMERCADO PONTO CERTO DO ITAMAR LTDA;ME;3546603;Santa Fé do Sul;nao_classificado;indefinido;2026;8;45138070000149-1-000707/2026;16;10;https://pncp.gov.br/app/editais/45138070000149/2026/707;Carne Processada variedade: quibe, tipo: bovino, sabor: temperado, estado de conservação: congelado(a);277.0;Quilograma;31.79;31.79;8805.83;Homologado
32447888000100;SUPERMERCADO PONTO CERTO DO ITAMAR LTDA;ME;3546603;Santa Fé do Sul;carnes;produto;2026;8;45138070000149-1-000707/2026;17;10;https://pncp.gov.br/app/editais/45138070000149/2026/707;Embutido tipo: linguiça mista, tamanho: fina, tipo preparação: fresca, estado de conservação: resfriado(a);150.0;Quilograma;21.06;21.06;3159.0;Homologado
32447888000100;SUPERMERCADO PONTO CERTO DO ITAMAR LTDA;ME;3546603;Santa Fé do Sul;carnes;produto;2026;8;45138070000149-1-000707/2026;19;10;https://pncp.gov.br/app/editais/45138070000149/2026/707;Embutido tipo: linguiça de frango, tamanho: fina, tipo preparação: fresca, estado de conservação: resfriado(a);157.0;Quilograma;25.23;25.23;3961.11;Homologado
32447888000100;SUPERMERCADO PONTO CERTO DO ITAMAR LTDA;ME;3546603;Santa Fé do Sul;carnes;produto;2026;8;45138070000149-1-000707/2026;22;10;https://pncp.gov.br/app/editais/45138070000149/2026/707;Embutido tipo: linguiça paio, tipo preparação: defumada, estado de conservação: resfriado(a);230.0;Quilograma;18.3;18.3;4209.0;Homologado
32447888000100;SUPERMERCADO PONTO CERTO DO ITAMAR LTDA;ME;3546603;Santa Fé do Sul;laticinios;produto;2026;8;45138070000149-1-000707/2026;69;10;https://pncp.gov.br/app/editais/45138070000149/2026/707;Salgados Diversos tipo: baguete, sabor: presunto e queijo, peso: 100, características adicionais: pronto para consumo;4755.0;Unidade;12.15;8.29;39418.95;Homologado
32447888000100;SUPERMERCADO PONTO CERTO DO ITAMAR LTDA;ME;3546603;Santa Fé do Sul;nao_classificado;indefinido;2026;8;45138070000149-1-000707/2026;71;10;https://pncp.gov.br/app/editais/45138070000149/2026/707;Pizza sabor: variados, características adicionais: mini pizza;2560.0;Unidade;7.11;6.99;17894.4;Homologado
32447888000100;SUPERMERCADO PONTO CERTO DO ITAMAR LTDA;ME;3546603;Santa Fé do Sul;carnes;produto;2026;8;45138070000149-1-000707/2026;72;10;https://pncp.gov.br/app/editais/45138070000149/2026/707;Salgados Diversos tipo: coxinha, tamanho: mini, aplicação: alimentação, sabor: frango, ingredientes: massa de pastel, farofa de frango, características adicionais: pronto para consumo;684.0;Quilograma;57.33;56.49;38639.16;Homologado
32447888000100;SUPERMERCADO PONTO CERTO DO ITAMAR LTDA;ME;3546603;Santa Fé do Sul;nao_classificado;indefinido;2026;8;45138070000149-1-000707/2026;73;10;https://pncp.gov.br/app/editais/45138070000149/2026/707;Salgados Diversos tipo: esfirra, apresentação: embalagem com 80 gramas, sabor: carne moída;686.0;Quilograma;49.88;48.99;33607.14;Homologado
32447888000100;SUPERMERCADO PONTO CERTO DO ITAMAR LTDA;ME;3546603;Santa Fé do Sul;nao_classificado;indefinido;2026;8;45138070000149-1-000707/2026;74;10;https://pncp.gov.br/app/editais/45138070000149/2026/707;Salgados Diversos tipo: quibe, tamanho: pequeno, aplicação: alimentação, sabor: carne moída;580.0;Quilograma;59.59;58.99;34214.2;Homologado
32447888000100;SUPERMERCADO PONTO CERTO DO ITAMAR LTDA;ME;3546603;Santa Fé do Sul;generos_alimenticios;produto;2026;8;45138070000149-1-000707/2026;76;10;https://pncp.gov.br/app/editais/45138070000149/2026/707;Bolo Alimentício sabor: morango, tipo: recheio/cobertura, ingredientes: farinha de trigo, fermento químico, açúcar, ovo, d, características adicionais: confeitado/cobertura de marshmallow;659.0;Quilograma;58.31;57.0;37563.0;Homologado
17471328000199;TATYANE CAROLINE CELES & CIA LTDA;Demais;3546603;Santa Fé do Sul;nao_classificado;indefinido;2026;8;45138070000149-1-000775/2026;42;DL 712;https://pncp.gov.br/app/editais/45138070000149/2026/775;ARMAÇÃO PARA ÓCULOS.;1.0;UNIDADE;89.9;89.9;89.9;Em andamento
17471328000199;TATYANE CAROLINE CELES & CIA LTDA;Demais;3546603;Santa Fé do Sul;nao_classificado;indefinido;2026;8;45138070000149-1-000775/2026;43;DL 712;https://pncp.gov.br/app/editais/45138070000149/2026/775;LENTES 1.67 COM ANTI-REFLEXO;1.0;UNIDADE;310.0;310.0;310.0;Em andamento
46403332000118;U. F. COMERCIO VAR DE ILUMINACAO LTDA.;ME;3546603;Santa Fé do Sul;nao_classificado;indefinido;2026;8;45138070000149-1-000731/2026;1;DL 672;https://pncp.gov.br/app/editais/45138070000149/2026/731;REFLETOR 200W 600K;6.0;UNIDADE;79.9;79.9;479.4;Homologado
14654962000179;VANDERLEI A BUZON - ME;Demais;3546603;Santa Fé do Sul;nao_classificado;indefinido;2026;8;45138070000149-1-000766/2026;1;DL 709;https://pncp.gov.br/app/editais/45138070000149/2026/766;ROLDANA DUPLAS PARA PORTA DA ENTRADA/SALA DE PROCEDIMENTOS ESF.;6.0;UNIDADE;120.0;120.0;720.0;Homologado
14654962000179;VANDERLEI A BUZON - ME;Demais;3546603;Santa Fé do Sul;nao_classificado;indefinido;2026;8;45138070000149-1-000766/2026;2;DL 709;https://pncp.gov.br/app/editais/45138070000149/2026/766;ROLDANA SIMPLES PARA PORTA DA ENTRADA/SALA DE PROCEDIMENTO, ESF.;6.0;UNIDADE;70.0;70.0;420.0;Homologado
14654962000179;VANDERLEI A BUZON - ME;Demais;3546603;Santa Fé do Sul;nao_classificado;indefinido;2026;8;45138070000149-1-000766/2026;3;DL 709;https://pncp.gov.br/app/editais/45138070000149/2026/766;ROLDANA DUPLAS PARA PORTA DA ENTRADA, CAPS;2.0;UNIDADE;120.0;120.0;240.0;Homologado
14654962000179;VANDERLEI A BUZON - ME;Demais;3546603;Santa Fé do Sul;nao_classificado;indefinido;2026;8;45138070000149-1-000766/2026;4;DL 709;https://pncp.gov.br/app/editais/45138070000149/2026/766;ROLDANA DUPLAS PARA PORTA DA ENTRADA CLINICA DA MULHER;4.0;UNIDADE;120.0;120.0;480.0;Homologado
14654962000179;VANDERLEI A BUZON - ME;Demais;3546603;Santa Fé do Sul;nao_classificado;indefinido;2026;8;45138070000149-1-000766/2026;5;DL 709;https://pncp.gov.br/app/editais/45138070000149/2026/766;ROLDANA DUPLAS PARA PORTA DA ENTRADA, ESF;4.0;UNIDADE;120.0;120.0;480.0;Homologado
14654962000179;VANDERLEI A BUZON - ME;Demais;3546603;Santa Fé do Sul;nao_classificado;indefinido;2026;8;45138070000149-1-000766/2026;6;DL 709;https://pncp.gov.br/app/editais/45138070000149/2026/766;ROLDANA DUPLAS PARA PORTA DA ENTRADA ESF 13 DE MAIO;4.0;UNIDADE;120.0;120.0;480.0;Homologado
14654962000179;VANDERLEI A BUZON - ME;Demais;3546603;Santa Fé do Sul;nao_classificado;indefinido;2026;8;45138070000149-1-000766/2026;7;DL 709;https://pncp.gov.br/app/editais/45138070000149/2026/766;ROLDANA SIMPLES PARA PORTA DA ENTRADA, ESF CENTRO;2.0;UNIDADE;70.0;70.0;140.0;Homologado
14654962000179;VANDERLEI A BUZON - ME;Demais;3546603;Santa Fé do Sul;nao_classificado;indefinido;2026;8;45138070000149-1-000766/2026;8;DL 709;https://pncp.gov.br/app/editais/45138070000149/2026/766;ROLDANA DUPLAS PARA PORTA DA ENTRADA, CENTRO II;2.0;UNIDADE;120.0;120.0;240.0;Homologado
43232006000105;W.A. COMERCIO DE MEDICAMENTOS LTDA;Demais;3546603;Santa Fé do Sul;nao_classificado;indefinido;2026;8;45138070000149-1-000778/2026;3;DL 716;https://pncp.gov.br/app/editais/45138070000149/2026/778;CEFTAZIDIMA 01G C/20CP – CAIXA;1.0;UNIDADE;432.6;432.6;432.6;Homologado
56097095000168;WANDERLEYA P G CELES & CIA LTDA;ME;3546603;Santa Fé do Sul;nao_classificado;indefinido;2026;8;45138070000149-1-000703/2026;1;DL 648;https://pncp.gov.br/app/editais/45138070000149/2026/703;VISÃO SIMPLES;1.0;PAR;45.1;45.1;45.1;Homologado
56097095000168;WANDERLEYA P G CELES & CIA LTDA;ME;3546603;Santa Fé do Sul;nao_classificado;indefinido;2026;8;45138070000149-1-000703/2026;2;DL 648;https://pncp.gov.br/app/editais/45138070000149/2026/703;MULTIFOCAL;1.0;PAR;145.1;145.1;145.1;Homologado
56097095000168;WANDERLEYA P G CELES & CIA LTDA;ME;3546603;Santa Fé do Sul;nao_classificado;indefinido;2026;8;45138070000149-1-000703/2026;3;DL 648;https://pncp.gov.br/app/editais/45138070000149/2026/703;ARMAÇAO DE ÓCULOS;2.0;UNIDADE;59.9;59.9;119.8;Homologado
56097095000168;WANDERLEYA P G CELES & CIA LTDA;ME;3546603;Santa Fé do Sul;nao_classificado;indefinido;2026;8;45138070000149-1-000763/2026;1;DL 702;https://pncp.gov.br/app/editais/45138070000149/2026/763;ARMAÇAO DE ÓCULOS;1.0;UNIDADE;59.9;59.9;59.9;Homologado
56097095000168;WANDERLEYA P G CELES & CIA LTDA;ME;3546603;Santa Fé do Sul;nao_classificado;indefinido;2026;8;45138070000149-1-000763/2026;2;DL 702;https://pncp.gov.br/app/editais/45138070000149/2026/763;LENTES MULTIFOCAIS;1.0;UNIDADE;145.1;145.1;145.1;Homologado
56097095000168;WANDERLEYA P G CELES & CIA LTDA;Demais;3546603;Santa Fé do Sul;nao_classificado;indefinido;2026;8;45138070000149-1-000775/2026;34;DL 712;https://pncp.gov.br/app/editais/45138070000149/2026/775;ARMAÇAO DE ÓCULOS;1.0;UNIDADE;59.9;59.9;59.9;Em andamento
56097095000168;WANDERLEYA P G CELES & CIA LTDA;Demais;3546603;Santa Fé do Sul;nao_classificado;indefinido;2026;8;45138070000149-1-000775/2026;35;DL 712;https://pncp.gov.br/app/editais/45138070000149/2026/775;LENTES MULTIFOCAIS;1.0;UNIDADE;145.1;145.1;145.1;Em andamento
56097095000168;WANDERLEYA P G CELES & CIA LTDA;Demais;3546603;Santa Fé do Sul;nao_classificado;indefinido;2026;8;45138070000149-1-000775/2026;36;DL 712;https://pncp.gov.br/app/editais/45138070000149/2026/775;armação óculos;1.0;UNIDADE;59.9;59.9;59.9;Em andamento
56097095000168;WANDERLEYA P G CELES & CIA LTDA;Demais;3546603;Santa Fé do Sul;nao_classificado;indefinido;2026;8;45138070000149-1-000775/2026;37;DL 712;https://pncp.gov.br/app/editais/45138070000149/2026/775;LENTES MULTIFOCAIS;1.0;UNIDADE;145.1;145.1;145.1;Em andamento
56097095000168;WANDERLEYA P G CELES & CIA LTDA;Demais;3546603;Santa Fé do Sul;nao_classificado;indefinido;2026;8;45138070000149-1-000775/2026;38;DL 712;https://pncp.gov.br/app/editais/45138070000149/2026/775;ARMAÇÃO óculos.;1.0;UNIDADE;59.9;59.9;59.9;Em andamento
56097095000168;WANDERLEYA P G CELES & CIA LTDA;Demais;3546603;Santa Fé do Sul;nao_classificado;indefinido;2026;8;45138070000149-1-000775/2026;39;DL 712;https://pncp.gov.br/app/editais/45138070000149/2026/775;LENTES VISÃO SIMPLES;1.0;UNIDADE;45.1;45.1;45.1;Em andamento
56097095000168;WANDERLEYA P G CELES & CIA LTDA;Demais;3546603;Santa Fé do Sul;nao_classificado;indefinido;2026;8;45138070000149-1-000775/2026;40;DL 712;https://pncp.gov.br/app/editais/45138070000149/2026/775;ARMAÇÃO DE ÓCULOS;1.0;UNIDADE;59.9;59.9;59.9;Em andamento
56097095000168;WANDERLEYA P G CELES & CIA LTDA;Demais;3546603;Santa Fé do Sul;nao_classificado;indefinido;2026;8;45138070000149-1-000775/2026;41;DL 712;https://pncp.gov.br/app/editais/45138070000149/2026/775;LENTES VISÃO SIMPLES.;1.0;UNIDADE;45.1;45.1;45.1;Em andamento
10461347000195;WILLIANS RENAN ZAFFALON - ME;ME;3524808;Jales;nao_classificado;indefinido;2026;8;45131885000104-1-000433/2026;1;359;https://pncp.gov.br/app/editais/45131885000104/2026/433;KIT EMBREAGEM;1.0;PEÇA;7060.6;7060.6;7060.6;Homologado
10461347000195;WILLIANS RENAN ZAFFALON - ME;ME;3524808;Jales;nao_classificado;indefinido;2026;8;45131885000104-1-000433/2026;2;359;https://pncp.gov.br/app/editais/45131885000104/2026/433;CILINDRO MESTRE EMBREAGEM;1.0;PEÇA;210.0;210.0;210.0;Homologado
10461347000195;WILLIANS RENAN ZAFFALON - ME;ME;3524808;Jales;nao_classificado;indefinido;2026;8;45131885000104-1-000433/2026;3;359;https://pncp.gov.br/app/editais/45131885000104/2026/433;CILINDRO AUXILIAR EMBREAGEM;1.0;UNIDADE;350.0;350.0;350.0;Homologado
10461347000195;WILLIANS RENAN ZAFFALON - ME;ME;3524808;Jales;nao_classificado;indefinido;2026;8;45131885000104-1-000433/2026;4;359;https://pncp.gov.br/app/editais/45131885000104/2026/433;ROLAMENTO EIXO PILOTO;1.0;UNIDADE;110.0;110.0;110.0;Homologado
10461347000195;WILLIANS RENAN ZAFFALON - ME;ME;3524808;Jales;nao_classificado;indefinido;2026;8;45131885000104-1-000433/2026;5;359;https://pncp.gov.br/app/editais/45131885000104/2026/433;RETENTOR MANCAL;1.0;PEÇA;255.0;255.0;255.0;Homologado
10461347000195;WILLIANS RENAN ZAFFALON - ME;ME;3524808;Jales;nao_classificado;indefinido;2026;8;45131885000104-1-000433/2026;6;359;https://pncp.gov.br/app/editais/45131885000104/2026/433;SERVIÇO DE SUBSTITUIÇÃO DE KIT EMBREAGEM;1.0;SERVIÇO;1000.0;1000.0;1000.0;Homologado
10461347000195;WILLIANS RENAN ZAFFALON - ME;ME;3524808;Jales;nao_classificado;indefinido;2026;8;45131885000104-1-000433/2026;7;359;https://pncp.gov.br/app/editais/45131885000104/2026/433;SERVIÇO TORNEAR VOLANTE;1.0;SERVIÇO;550.0;550.0;550.0;Homologado
10461347000195;WILLIANS RENAN ZAFFALON - ME;ME;3524808;Jales;nao_classificado;indefinido;2026;8;45131885000104-1-000436/2026;1;361;https://pncp.gov.br/app/editais/45131885000104/2026/436;SERVIÇO REVISÃO SISTEMA ELETRICA;1.0;SERVIÇO;1100.0;1100.0;1100.0;Homologado
14794563000103;WL SERVIÇOS EM TECNOLOGIA LTDA - ME;Demais;3545704;Santa Albertina;nao_classificado;indefinido;2026;8;45135530000185-1-000038/2026;1;16;https://pncp.gov.br/app/editais/45135530000185/2026/38;Proposta para todos os itens;1.0;Unidade;30000.0;30000.0;30000.0;Homologado
06997009000103;YUDI E TAMURA LTDA - ME;ME;3546603;Santa Fé do Sul;generos_alimenticios;produto;2026;8;00798851000121-1-000023/2026;1;16;https://pncp.gov.br/app/editais/00798851000121/2026/23;CAFÉ COM 500 GRAMAS;15.0;PCT;26.6233;25.99;389.85;Homologado
06997009000103;YUDI E TAMURA LTDA - ME;ME;3546603;Santa Fé do Sul;copa_cozinha;produto;2026;8;00798851000121-1-000023/2026;2;16;https://pncp.gov.br/app/editais/00798851000121/2026/23;COPOS DESCARTÁVEIS 180 ML COM 100 UNIDADES;15.0;PCT;7.3567;4.99;74.85;Homologado
06997009000103;YUDI E TAMURA LTDA - ME;ME;3546603;Santa Fé do Sul;limpeza_higiene;produto;2026;8;00798851000121-1-000023/2026;3;16;https://pncp.gov.br/app/editais/00798851000121/2026/23;SABONETE LIQUIDO 2 LITROS;1.0;UN;29.42;26.5;26.5;Homologado
21816953000100;21.816.953 IVONE APARECIDA CEZANE;Demais;3546603;Santa Fé do Sul;nao_classificado;indefinido;2026;7;45138070000149-1-000688/2026;1;DL 633;https://pncp.gov.br/app/editais/45138070000149/2026/688;Manutenção em lavadora (Troca de atuador e bomba);1.0;SERVICOS;340.0;340.0;340.0;Homologado
21816953000100;21.816.953 IVONE APARECIDA CEZANE;Demais;3546603;Santa Fé do Sul;nao_classificado;indefinido;2026;7;45138070000149-1-000688/2026;2;DL 633;https://pncp.gov.br/app/editais/45138070000149/2026/688;Manutenção em lavadora (Troca de suspensão e válvula);1.0;SERVICOS;380.0;380.0;380.0;Homologado
21816953000100;21.816.953 IVONE APARECIDA CEZANE;Demais;3546603;Santa Fé do Sul;nao_classificado;indefinido;2026;7;45138070000149-1-000688/2026;3;DL 633;https://pncp.gov.br/app/editais/45138070000149/2026/688;Manutenção em lavadora (Troca de atuador, bomba e trava);1.0;SERVICOS;430.0;430.0;430.0;Homologado
21816953000100;21.816.953 IVONE APARECIDA CEZANE;Demais;3546603;Santa Fé do Sul;nao_classificado;indefinido;2026;7;45138070000149-1-000688/2026;4;DL 633;https://pncp.gov.br/app/editais/45138070000149/2026/688;Manutenção em geladeira (Troca de compressor e gás);1.0;SERVICOS;1100.0;1100.0;1100.0;Homologado
21816953000100;21.816.953 IVONE APARECIDA CEZANE;Demais;3546603;Santa Fé do Sul;nao_classificado;indefinido;2026;7;45138070000149-1-000688/2026;5;DL 633;https://pncp.gov.br/app/editais/45138070000149/2026/688;Manutenção em tanquinho (Troca de motor);1.0;SERVICOS;330.0;330.0;330.0;Homologado
53332911000182;53.332.911 ECLESVAM VERONEZI DA COSTA;Demais;3546603;Santa Fé do Sul;nao_classificado;indefinido;2026;7;45138070000149-1-000691/2026;1;DL 635;https://pncp.gov.br/app/editais/45138070000149/2026/691;COLOCAÇÃO DE PORTA DE VIDRO DO BANHEIRO ACESSIBILIDADE E MANUTENÇÃO DE TELHADO DA PARTE DA COZINHA - LANCHONETE DA AGUAS CLARAS COM MATERIAL, FERRAMENTAS E MAO DE OBRA QUALIFICADA;1.0;SERVICOS;8200.0;8200.0;8200.0;Homologado
65200182000190;65.200.182 ELVIS DE OLIVEIRA FREITAS;Demais;3546603;Santa Fé do Sul;nao_classificado;indefinido;2026;7;45138070000149-1-000697/2026;1;DL 640;https://pncp.gov.br/app/editais/45138070000149/2026/697;COLOCAÇÃO DE CHAVE CANIVETE;1.0;UNIDADE;150.0;150.0;150.0;Homologado
38090819000160;ALISSINDRO RODRIGUES 10454156855;Demais;3546603;Santa Fé do Sul;nao_classificado;indefinido;2026;7;45138070000149-1-000687/2026;1;DL 634;https://pncp.gov.br/app/editais/45138070000149/2026/687;REF. DE PLACAS NOME DE RUA UNIVERSITÁRIO II;38.0;UNIDADE;60.0;60.0;2280.0;Homologado
38090819000160;ALISSINDRO RODRIGUES 10454156855;Demais;3546603;Santa Fé do Sul;nao_classificado;indefinido;2026;7;45138070000149-1-000687/2026;2;DL 634;https://pncp.gov.br/app/editais/45138070000149/2026/687;REF. DE PLACAS 50X70 CARGA E DESCARGA/PARADA RÁPIDA;34.0;UNIDADE;100.0;100.0;3400.0;Homologado
38090819000160;ALISSINDRO RODRIGUES 10454156855;Demais;3546603;Santa Fé do Sul;nao_classificado;indefinido;2026;7;45138070000149-1-000687/2026;3;DL 634;https://pncp.gov.br/app/editais/45138070000149/2026/687;REF./INST. POSTE E SUPORTE;1.0;UNIDADE;200.0;200.0;200.0;Homologado
36186243000103;BRUNO MERIGHI;ME;3540259;Pontalinda;nao_classificado;indefinido;2026;7;65712077000130-1-000021/2026;6;7;https://pncp.gov.br/app/editais/65712077000130/2026/21;ROLO DE LA SINTETICA 5CM;20.0;UNIDADE;9.99;8.0;160.0;Homologado
35727093000135;CLEBER FABRICIO ARAUJO;Demais;3546603;Santa Fé do Sul;nao_classificado;indefinido;2026;7;45138070000149-1-000699/2026;1;DL 636;https://pncp.gov.br/app/editais/45138070000149/2026/699;41871FILTRO;2.0;UNIDADE;140.0;140.0;280.0;Homologado
27197345000133;DAIANE CRISTINA MEIRA ZEGOBIA BARBOSA LTDA;Demais;3546603;Santa Fé do Sul;informatica;produto;2026;7;45138070000149-1-000686/2026;1;DL 631;https://pncp.gov.br/app/editais/45138070000149/2026/686;Reset almofadas e limpeza do scaner Patrimonio:43103;1.0;UNIDADE;220.0;220.0;220.0;Homologado
27197345000133;DAIANE CRISTINA MEIRA ZEGOBIA BARBOSA LTDA;Demais;3546603;Santa Fé do Sul;informatica;produto;2026;7;45138070000149-1-000686/2026;2;DL 631;https://pncp.gov.br/app/editais/45138070000149/2026/686;Reset almofadas Patrimonio n°44386;1.0;UNIDADE;180.0;180.0;180.0;Homologado
27197345000133;DAIANE CRISTINA MEIRA ZEGOBIA BARBOSA LTDA;Demais;3546603;Santa Fé do Sul;informatica;produto;2026;7;45138070000149-1-000686/2026;3;DL 631;https://pncp.gov.br/app/editais/45138070000149/2026/686;Troca da caixa de Manutenção Patrimonio n°42950;1.0;UNIDADE;290.0;290.0;290.0;Homologado
27197345000133;DAIANE CRISTINA MEIRA ZEGOBIA BARBOSA LTDA;Demais;3546603;Santa Fé do Sul;informatica;produto;2026;7;45138070000149-1-000686/2026;4;DL 631;https://pncp.gov.br/app/editais/45138070000149/2026/686;Troca do tracionador completo papel Patrimonio n°36908;1.0;UNIDADE;350.0;350.0;350.0;Homologado
07820902000113;DROGRASUL SANTA FE DO SUL LTDA;Demais;3546603;Santa Fé do Sul;medicamentos;produto;2026;7;45138070000149-1-000692/2026;1;DL 638;https://pncp.gov.br/app/editais/45138070000149/2026/692;LEVETIRACETAM SOLUÇÃO ORAL 150 ML;2.0;FRASCO;109.0;109.0;218.0;Em andamento
07820902000113;DROGRASUL SANTA FE DO SUL LTDA;Demais;3546603;Santa Fé do Sul;medicamentos;produto;2026;7;45138070000149-1-000692/2026;2;DL 638;https://pncp.gov.br/app/editais/45138070000149/2026/692;Pancreatina;2.0;CAIXA;90.0;90.0;180.0;Em andamento
07820902000113;DROGRASUL SANTA FE DO SUL LTDA;Demais;3546603;Santa Fé do Sul;medicamentos;produto;2026;7;45138070000149-1-000692/2026;3;DL 638;https://pncp.gov.br/app/editais/45138070000149/2026/692;Codeína 3MG/ML;5.0;FRASCO;80.0;80.0;400.0;Em andamento
67110706000187;ELSON CESAR CASTELAN LTDA;ME;3546603;Santa Fé do Sul;textil_uniforme;produto;2026;7;45138070000149-1-000682/2026;1;DL 629;https://pncp.gov.br/app/editais/45138070000149/2026/682;CONFECÇÃO E INSTALAÇÃO DE TOLDO medindo 3,80 m x 3,00 m,;1.0;SERVICOS;5966.4;5966.4;5966.4;Homologado
67110706000187;ELSON CESAR CASTELAN LTDA;ME;3546603;Santa Fé do Sul;textil_uniforme;produto;2026;7;45138070000149-1-000682/2026;2;DL 629;https://pncp.gov.br/app/editais/45138070000149/2026/682;MANUTENÇÃO CORRETIVA DE TOLDO COM SUBSTITUIÇÃO COMPLETA DA LONA medindo 6,40 m x 4,50 m (28,80 m²);1.0;SERVICOS;4032.0;4032.0;4032.0;Homologado
67110706000187;ELSON CESAR CASTELAN LTDA;ME;3546603;Santa Fé do Sul;textil_uniforme;produto;2026;7;45138070000149-1-000682/2026;3;DL 629;https://pncp.gov.br/app/editais/45138070000149/2026/682;CONFECÇÃO E INSTALAÇÃO DE TOLDO medindo 3,00 m x 2,50 m (7,50 m²);1.0;SERVICOS;3945.0;3945.0;3945.0;Homologado
67110706000187;ELSON CESAR CASTELAN LTDA;ME;3546603;Santa Fé do Sul;textil_uniforme;produto;2026;7;45138070000149-1-000682/2026;4;DL 629;https://pncp.gov.br/app/editais/45138070000149/2026/682;CONFECÇÃO E INSTALAÇÃO DE TOLDO medindo 16,25 M²;1.0;SERVICOS;8547.5;8547.5;8547.5;Homologado
67110706000187;ELSON CESAR CASTELAN LTDA;ME;3546603;Santa Fé do Sul;textil_uniforme;produto;2026;7;45138070000149-1-000682/2026;5;DL 629;https://pncp.gov.br/app/editais/45138070000149/2026/682;CONFECÇÃO E INSTALAÇÃO DE TOLDO medindo 12,50 M²;1.0;SERVICOS;6575.0;6575.0;6575.0;Homologado
67110706000187;ELSON CESAR CASTELAN LTDA;ME;3546603;Santa Fé do Sul;textil_uniforme;produto;2026;7;45138070000149-1-000682/2026;6;DL 629;https://pncp.gov.br/app/editais/45138070000149/2026/682;CONFECÇÃO E INSTALAÇÃO DE TOLDO medindo 12,00 m x 2,5 m;1.0;SERVICOS;15780.0;15780.0;15780.0;Homologado
10655463000145;EVALDO JOSE MANTELATO;ME;3546603;Santa Fé do Sul;informatica;produto;2026;7;45138070000149-1-000696/2026;1;DL 641;https://pncp.gov.br/app/editais/45138070000149/2026/696;83499ETIQUETA ADESIVA - COUCHE;20.0;UNIDADE;35.9;35.9;718.0;Homologado
19937975000179;EVANDRO APARECIDO BECARI;ME;3546603;Santa Fé do Sul;nao_classificado;indefinido;2026;7;45138070000149-1-000685/2026;1;DL 628;https://pncp.gov.br/app/editais/45138070000149/2026/685;Locação jogos de mesas 10 mesas / 40 cada;10.0;SERVICOS;12.0;12.0;120.0;Homologado
59965038000141;EXPRESSO ITAMARATI S.A.;Demais;3546603;Santa Fé do Sul;nao_classificado;indefinido;2026;7;45138070000149-1-000694/2026;1;DL 642;https://pncp.gov.br/app/editais/45138070000149/2026/694;PASSAGEM PARA PARANAIBA;2.0;UNIDADE;37.98;37.98;75.96;Homologado
59965038000141;EXPRESSO ITAMARATI S.A.;Demais;3546603;Santa Fé do Sul;nao_classificado;indefinido;2026;7;45138070000149-1-000694/2026;2;DL 642;https://pncp.gov.br/app/editais/45138070000149/2026/694;PASSAGEM PARA APARECIDA DO TABOADO;1.0;UNIDADE;28.98;28.98;28.98;Homologado
59965038000141;EXPRESSO ITAMARATI S.A.;Demais;3546603;Santa Fé do Sul;nao_classificado;indefinido;2026;7;45138070000149-1-000694/2026;3;DL 642;https://pncp.gov.br/app/editais/45138070000149/2026/694;PASSAGEM PARA APARECIDA DO TABOADO II;3.0;UNIDADE;30.98;30.98;92.94;Homologado
59965038000141;EXPRESSO ITAMARATI S.A.;Demais;3546603;Santa Fé do Sul;nao_classificado;indefinido;2026;7;45138070000149-1-000694/2026;4;DL 642;https://pncp.gov.br/app/editais/45138070000149/2026/694;PASSAGEM PARA APARECIDA DO TABOADO III;1.0;UNIDADE;31.98;31.98;31.98;Homologado
59965038000141;EXPRESSO ITAMARATI S.A.;Demais;3546603;Santa Fé do Sul;nao_classificado;indefinido;2026;7;45138070000149-1-000694/2026;5;DL 642;https://pncp.gov.br/app/editais/45138070000149/2026/694;PASSAGEM PARA JALES;3.0;SERVICOS;18.98;18.98;56.94;Homologado
59965038000141;EXPRESSO ITAMARATI S.A.;Demais;3546603;Santa Fé do Sul;nao_classificado;indefinido;2026;7;45138070000149-1-000694/2026;6;DL 642;https://pncp.gov.br/app/editais/45138070000149/2026/694;PASSAGEM PARA JALES II;3.0;UNIDADE;20.96;20.96;62.88;Homologado
59965038000141;EXPRESSO ITAMARATI S.A.;Demais;3546603;Santa Fé do Sul;nao_classificado;indefinido;2026;7;45138070000149-1-000694/2026;7;DL 642;https://pncp.gov.br/app/editais/45138070000149/2026/694;PASSAGEM PARA SAO JOSE DO RIO PRETO;2.0;SERVICOS;84.09;84.09;168.18;Homologado
59965038000141;EXPRESSO ITAMARATI S.A.;Demais;3546603;Santa Fé do Sul;nao_classificado;indefinido;2026;7;45138070000149-1-000694/2026;8;DL 642;https://pncp.gov.br/app/editais/45138070000149/2026/694;PASSAGEM PARA FERNANDOPOLIS;1.0;UNIDADE;33.55;33.55;33.55;Homologado
23941336000154;HAIP - LOCACAO E VENDA DE EQUIPAMENTOS DE TECNOLOGIA LTDA;ME;3546603;Santa Fé do Sul;nao_classificado;indefinido;2026;7;45138070000149-1-000683/2026;1;DL 619;https://pncp.gov.br/app/editais/45138070000149/2026/683;SERVIÇO DE PASSAGEM DE CABO COM MATERIAL INCLUSO;1.0;serviço;300.0;300.0;300.0;Homologado
23941336000154;HAIP - LOCACAO E VENDA DE EQUIPAMENTOS DE TECNOLOGIA LTDA;ME;3546603;Santa Fé do Sul;nao_classificado;indefinido;2026;7;45138070000149-1-000683/2026;2;DL 619;https://pncp.gov.br/app/editais/45138070000149/2026/683;PASSAGEM DE CABO INTERNO PARA INTERFONE (LIGAÇÃO ENTRE O MONOFONE E O PORTEIRO ELETRÔNICO), INCLUINDO MATERIAIS;1.0;serviço;330.0;330.0;330.0;Homologado
23941336000154;HAIP - LOCACAO E VENDA DE EQUIPAMENTOS DE TECNOLOGIA LTDA;ME;3546603;Santa Fé do Sul;nao_classificado;indefinido;2026;7;45138070000149-1-000683/2026;3;DL 619;https://pncp.gov.br/app/editais/45138070000149/2026/683;SERVIÇO DE INSTALAÇÃO DE PORTEIRO RESIDENCIAL COM MATERIAL INCLUSO.;1.0;serviço;680.0;680.0;680.0;Homologado
23941336000154;HAIP - LOCACAO E VENDA DE EQUIPAMENTOS DE TECNOLOGIA LTDA;ME;3546603;Santa Fé do Sul;nao_classificado;indefinido;2026;7;45138070000149-1-000684/2026;1;DL 630;https://pncp.gov.br/app/editais/45138070000149/2026/684;SERVIÇO DE TROCA DE BOBINA DE PORTÃO, INCLUSO MATERIAIS.;1.0;SERVICOS;250.0;250.0;250.0;Homologado
10946115000127;HELIO DE SOUZA LIMA LTDA;Demais;3546603;Santa Fé do Sul;nao_classificado;indefinido;2026;7;51337970000118-1-000012/2026;1;427;https://pncp.gov.br/app/editais/51337970000118/2026/12;Proposta para todos os itens;1.0;Unidade;64320.0;64320.0;64320.0;Homologado
04056452000146;J.L. CHIAPARINI LTDA;EPP;3546603;Santa Fé do Sul;nao_classificado;indefinido;2026;7;45138070000149-1-000690/2026;1;DL 632;https://pncp.gov.br/app/editais/45138070000149/2026/690;BARRA ROSCADA ZINCADA 3/8;12.0;UNIDADE;14.0;14.0;168.0;Homologado
04056452000146;J.L. CHIAPARINI LTDA;EPP;3546603;Santa Fé do Sul;nao_classificado;indefinido;2026;7;45138070000149-1-000690/2026;2;DL 632;https://pncp.gov.br/app/editais/45138070000149/2026/690;PORCA ZINCADA 3/8 X 9/16;100.0;UNIDADE;0.45;0.45;45.0;Homologado
04056452000146;J.L. CHIAPARINI LTDA;EPP;3546603;Santa Fé do Sul;nao_classificado;indefinido;2026;7;45138070000149-1-000690/2026;3;DL 632;https://pncp.gov.br/app/editais/45138070000149/2026/690;ARRUELA ZINCADA 3/8;100.0;UNIDADE;0.5;0.5;50.0;Homologado
04056452000146;J.L. CHIAPARINI LTDA;EPP;3546603;Santa Fé do Sul;nao_classificado;indefinido;2026;7;45138070000149-1-000690/2026;4;DL 632;https://pncp.gov.br/app/editais/45138070000149/2026/690;"PARAFUSO FRANCES C/ PORCA 5/16 X 7"" POLIDO BELENU S";30.0;UNIDADE;2.1;2.1;63.0;Homologado
04056452000146;J.L. CHIAPARINI LTDA;EPP;3546603;Santa Fé do Sul;nao_classificado;indefinido;2026;7;45138070000149-1-000690/2026;5;DL 632;https://pncp.gov.br/app/editais/45138070000149/2026/690;PARAFUSO AUTOBROCANTE SEXTAVADO 12 X 1.1/2;100.0;UNIDADE;0.7;0.7;70.0;Homologado
04056452000146;J.L. CHIAPARINI LTDA;EPP;3546603;Santa Fé do Sul;nao_classificado;indefinido;2026;7;45138070000149-1-000690/2026;6;DL 632;https://pncp.gov.br/app/editais/45138070000149/2026/690;BARRA ROSCADA ZINCADA 1/4;8.0;UNIDADE;6.3;6.3;50.4;Homologado
04056452000146;J.L. CHIAPARINI LTDA;EPP;3546603;Santa Fé do Sul;nao_classificado;indefinido;2026;7;45138070000149-1-000690/2026;7;DL 632;https://pncp.gov.br/app/editais/45138070000149/2026/690;PORCA ZINCADA 1/4 X 7/16;60.0;UNIDADE;0.2;0.2;12.0;Homologado
04056452000146;J.L. CHIAPARINI LTDA;EPP;3546603;Santa Fé do Sul;nao_classificado;indefinido;2026;7;45138070000149-1-000690/2026;8;DL 632;https://pncp.gov.br/app/editais/45138070000149/2026/690;ARRUELA ZINCADA 1/4;60.0;UNIDADE;0.2;0.2;12.0;Homologado
04056452000146;J.L. CHIAPARINI LTDA;EPP;3546603;Santa Fé do Sul;nao_classificado;indefinido;2026;7;45138070000149-1-000690/2026;9;DL 632;https://pncp.gov.br/app/editais/45138070000149/2026/690;"PARAFUSO FRANCES C/ PORCA 1/4 X 3.1/4"" POLIDO BEL ENUS";30.0;UNIDADE;0.75;0.75;22.5;Homologado
04056452000146;J.L. CHIAPARINI LTDA;EPP;3546603;Santa Fé do Sul;nao_classificado;indefinido;2026;7;45138070000149-1-000690/2026;10;DL 632;https://pncp.gov.br/app/editais/45138070000149/2026/690;CANTONEIRA PARA MOVEIS 3;40.0;UNIDADE;5.0;5.0;200.0;Homologado
04056452000146;J.L. CHIAPARINI LTDA;EPP;3546603;Santa Fé do Sul;nao_classificado;indefinido;2026;7;45138070000149-1-000695/2026;1;DL 637;https://pncp.gov.br/app/editais/45138070000149/2026/695;Carrinho de mão com pneu galvanizado;5.0;UNIDADE;340.0;340.0;1700.0;Homologado
04056452000146;J.L. CHIAPARINI LTDA;EPP;3546603;Santa Fé do Sul;nao_classificado;indefinido;2026;7;45138070000149-1-000695/2026;2;DL 637;https://pncp.gov.br/app/editais/45138070000149/2026/695;Caixa para ferramentas com rodas e 07 gavetas;1.0;UNIDADE;330.0;330.0;330.0;Homologado
04056452000146;J.L. CHIAPARINI LTDA;EPP;3546603;Santa Fé do Sul;nao_classificado;indefinido;2026;7;45138070000149-1-000695/2026;3;DL 637;https://pncp.gov.br/app/editais/45138070000149/2026/695;Fita multiuso manta autoadesiva rolo 10mtx90cm;7.0;UNIDADE;276.0;276.0;1932.0;Homologado
04056452000146;J.L. CHIAPARINI LTDA;EPP;3546603;Santa Fé do Sul;nao_classificado;indefinido;2026;7;45138070000149-1-000695/2026;4;DL 637;https://pncp.gov.br/app/editais/45138070000149/2026/695;Corda 19mm pet branca;100.0;METRO;11.0;11.0;1100.0;Homologado
04056452000146;J.L. CHIAPARINI LTDA;EPP;3546603;Santa Fé do Sul;nao_classificado;indefinido;2026;7;45138070000149-1-000695/2026;5;DL 637;https://pncp.gov.br/app/editais/45138070000149/2026/695;Faixa refletiva para-choque par 3M;5.0;UNIDADE;198.0;198.0;990.0;Homologado
04056452000146;J.L. CHIAPARINI LTDA;EPP;3546603;Santa Fé do Sul;nao_classificado;indefinido;2026;7;45138070000149-1-000695/2026;6;DL 637;https://pncp.gov.br/app/editais/45138070000149/2026/695;Disco diamantado 14 polegadas 350x25,4mm segmentado;2.0;UNIDADE;397.0;397.0;794.0;Homologado
04056452000146;J.L. CHIAPARINI LTDA;EPP;3546603;Santa Fé do Sul;nao_classificado;indefinido;2026;7;45138070000149-1-000695/2026;7;DL 637;https://pncp.gov.br/app/editais/45138070000149/2026/695;Chave de grifo 36 polegadas;1.0;UNIDADE;308.0;308.0;308.0;Homologado
04056452000146;J.L. CHIAPARINI LTDA;EPP;3546603;Santa Fé do Sul;nao_classificado;indefinido;2026;7;45138070000149-1-000695/2026;8;DL 637;https://pncp.gov.br/app/editais/45138070000149/2026/695;Disco para serra circular 14 polegadas 350x30 48 dentes;1.0;UNIDADE;280.0;280.0;280.0;Homologado
04056452000146;J.L. CHIAPARINI LTDA;EPP;3546603;Santa Fé do Sul;nao_classificado;indefinido;2026;7;45138070000149-1-000695/2026;9;DL 637;https://pncp.gov.br/app/editais/45138070000149/2026/695;Cinta de elevação de carga 3 mt;1.0;UNIDADE;225.0;225.0;225.0;Homologado
04056452000146;J.L. CHIAPARINI LTDA;EPP;3546603;Santa Fé do Sul;nao_classificado;indefinido;2026;7;45138070000149-1-000698/2026;1;DL 643;https://pncp.gov.br/app/editais/45138070000149/2026/698;FLAP DISCO 4 1/2 GRAO P120 BASE PLASTICO;10.0;UNIDADE;17.0;17.0;170.0;Homologado
04056452000146;J.L. CHIAPARINI LTDA;EPP;3546603;Santa Fé do Sul;nao_classificado;indefinido;2026;7;45138070000149-1-000698/2026;2;DL 643;https://pncp.gov.br/app/editais/45138070000149/2026/698;FLAP DISCO 4 1/2 GRAO P60 BASE PLASTICO;10.0;UNIDADE;17.0;17.0;170.0;Homologado
04056452000146;J.L. CHIAPARINI LTDA;EPP;3546603;Santa Fé do Sul;nao_classificado;indefinido;2026;7;45138070000149-1-000698/2026;3;DL 643;https://pncp.gov.br/app/editais/45138070000149/2026/698;FLAP DISCO 4 1/2 GRAO P40 BASE PLASTICO;10.0;UNIDADE;17.0;17.0;170.0;Homologado
04056452000146;J.L. CHIAPARINI LTDA;EPP;3546603;Santa Fé do Sul;nao_classificado;indefinido;2026;7;45138070000149-1-000698/2026;4;DL 643;https://pncp.gov.br/app/editais/45138070000149/2026/698;CABO PROLONGADOR 4 MT FIBRA / ALUMINIO AT 18004;1.0;UNIDADE;285.0;285.0;285.0;Homologado
04056452000146;J.L. CHIAPARINI LTDA;EPP;3546603;Santa Fé do Sul;nao_classificado;indefinido;2026;7;45138070000149-1-000698/2026;5;DL 643;https://pncp.gov.br/app/editais/45138070000149/2026/698;CABO PROLONGADOR 5 MT FIBRA PROFIMASTER ATLAS 18005;1.0;UNIDADE;340.0;340.0;340.0;Homologado
04056452000146;J.L. CHIAPARINI LTDA;EPP;3546603;Santa Fé do Sul;nao_classificado;indefinido;2026;7;45138070000149-1-000698/2026;6;DL 643;https://pncp.gov.br/app/editais/45138070000149/2026/698;COLA DE CONTATO 2,8KL CASCOLA GALAO;2.0;UNIDADE;226.0;226.0;452.0;Homologado
04056452000146;J.L. CHIAPARINI LTDA;EPP;3546603;Santa Fé do Sul;nao_classificado;indefinido;2026;7;45138070000149-1-000698/2026;7;DL 643;https://pncp.gov.br/app/editais/45138070000149/2026/698;FITA DUPLA FACE 3M VHB 20MT X 19MM 3M VHB 4910 LARGA;2.0;UNIDADE;136.0;136.0;272.0;Homologado
04056452000146;J.L. CHIAPARINI LTDA;EPP;3546603;Santa Fé do Sul;nao_classificado;indefinido;2026;7;45138070000149-1-000698/2026;8;DL 643;https://pncp.gov.br/app/editais/45138070000149/2026/698;FITA DUPLA FACE 3M VHB 20MT X 12MM 3M;2.0;UNIDADE;94.0;94.0;188.0;Homologado
04056452000146;J.L. CHIAPARINI LTDA;EPP;3546603;Santa Fé do Sul;nao_classificado;indefinido;2026;7;45138070000149-1-000698/2026;9;DL 643;https://pncp.gov.br/app/editais/45138070000149/2026/698;FIM DE OBRA LIMPA PISO GALAO 5LT;3.0;UNIDADE;135.0;135.0;405.0;Homologado
04056452000146;J.L. CHIAPARINI LTDA;EPP;3546603;Santa Fé do Sul;nao_classificado;indefinido;2026;7;45138070000149-1-000698/2026;10;DL 643;https://pncp.gov.br/app/editais/45138070000149/2026/698;DISCO DE CORTE 7 X 1/16 X 7/8 1,6MM INOX STARRET;10.0;UNIDADE;14.0;14.0;140.0;Homologado
04056452000146;J.L. CHIAPARINI LTDA;EPP;3546603;Santa Fé do Sul;nao_classificado;indefinido;2026;7;45138070000149-1-000690/2026;11;DL 632;https://pncp.gov.br/app/editais/45138070000149/2026/690;"PARAFUSO FRANCES C/ PORCA 1/4 X 2"" POLIDO BELENUS";30.0;UNIDADE;0.55;0.55;16.5;Homologado
04056452000146;J.L. CHIAPARINI LTDA;EPP;3546603;Santa Fé do Sul;nao_classificado;indefinido;2026;7;45138070000149-1-000690/2026;12;DL 632;https://pncp.gov.br/app/editais/45138070000149/2026/690;PARAFUSO AUTOBROCANTE PHILLIPS 4,2 x 3,5MM C/ 10UNIDADES;10.0;UNIDADE;2.0;2.0;20.0;Homologado
04056452000146;J.L. CHIAPARINI LTDA;EPP;3546603;Santa Fé do Sul;nao_classificado;indefinido;2026;7;45138070000149-1-000698/2026;11;DL 643;https://pncp.gov.br/app/editais/45138070000149/2026/698;CABO DE ACO PLASTICO 6MM;100.0;METRO;6.5;6.5;650.0;Homologado
04056452000146;J.L. CHIAPARINI LTDA;EPP;3546603;Santa Fé do Sul;nao_classificado;indefinido;2026;7;45138070000149-1-000698/2026;12;DL 643;https://pncp.gov.br/app/editais/45138070000149/2026/698;FLAP DISCO 7 PLG GRAO 40 CURVO/RETO WORKER/STARRET;10.0;UNIDADE;27.0;27.0;270.0;Homologado
04056452000146;J.L. CHIAPARINI LTDA;EPP;3546603;Santa Fé do Sul;nao_classificado;indefinido;2026;7;45138070000149-1-000698/2026;13;DL 643;https://pncp.gov.br/app/editais/45138070000149/2026/698;FLAP DISCO 7 PLG GRAO 80 STARRETT;10.0;UNIDADE;25.0;25.0;250.0;Homologado
04056452000146;J.L. CHIAPARINI LTDA;EPP;3546603;Santa Fé do Sul;nao_classificado;indefinido;2026;7;45138070000149-1-000698/2026;14;DL 643;https://pncp.gov.br/app/editais/45138070000149/2026/698;CONE DE SINALIZACAO 75CM LAR. /BR. REFLETIVO BASE PVC VONDER;12.0;UNIDADE;113.0;113.0;1356.0;Homologado
04056452000146;J.L. CHIAPARINI LTDA;EPP;3546603;Santa Fé do Sul;nao_classificado;indefinido;2026;7;45138070000149-1-000698/2026;15;DL 643;https://pncp.gov.br/app/editais/45138070000149/2026/698;PULVERIZADOR COSTAL 12LT AGRICOLA TRAPP;1.0;UNIDADE;380.0;380.0;380.0;Homologado
04056452000146;J.L. CHIAPARINI LTDA;EPP;3546603;Santa Fé do Sul;nao_classificado;indefinido;2026;7;45138070000149-1-000698/2026;16;DL 643;https://pncp.gov.br/app/editais/45138070000149/2026/698;ENGRAXADEIRA MANUAL P/ GRAXA 500GR BAIXA PRESSAO KALA;1.0;UNIDADE;140.0;140.0;140.0;Homologado
04056452000146;J.L. CHIAPARINI LTDA;EPP;3546603;Santa Fé do Sul;nao_classificado;indefinido;2026;7;45138070000149-1-000698/2026;17;DL 643;https://pncp.gov.br/app/editais/45138070000149/2026/698;LONA PLASTICA PRETO 4 X110 MICRA180 LONAX MAIS GROSSA METRO;150.0;UNIDADE;3.5;3.5;525.0;Homologado
05677457000159;JOELTON LOPES VILASBOAS & CIA LTDA;Demais;3546603;Santa Fé do Sul;medicamentos;produto;2026;7;45138070000149-1-000692/2026;4;DL 638;https://pncp.gov.br/app/editais/45138070000149/2026/692;Cold Cream Creme;1.0;TUBO;105.0;105.0;105.0;Em andamento
18146873000172;MARCOS JOSE MORI - CALCADOS - ME;Demais;3546603;Santa Fé do Sul;calcados;produto;2026;7;45138070000149-1-000693/2026;1;DL 639;https://pncp.gov.br/app/editais/45138070000149/2026/693;Tênis feminino infantil tam. 20;2.0;PAR;76.5;76.5;153.0;Homologado
18146873000172;MARCOS JOSE MORI - CALCADOS - ME;Demais;3546603;Santa Fé do Sul;calcados;produto;2026;7;45138070000149-1-000693/2026;2;DL 639;https://pncp.gov.br/app/editais/45138070000149/2026/693;sandália Feminina infantil tam. 20;2.0;PAR;72.5;72.5;145.0;Homologado
18146873000172;MARCOS JOSE MORI - CALCADOS - ME;Demais;3546603;Santa Fé do Sul;calcados;produto;2026;7;45138070000149-1-000693/2026;3;DL 639;https://pncp.gov.br/app/editais/45138070000149/2026/693;Tênis Masculino Infantil tam. 32;3.0;PAR;102.0;102.0;306.0;Homologado
18146873000172;MARCOS JOSE MORI - CALCADOS - ME;Demais;3546603;Santa Fé do Sul;calcados;produto;2026;7;45138070000149-1-000693/2026;4;DL 639;https://pncp.gov.br/app/editais/45138070000149/2026/693;Sandália Masculina Infantil tam. 32;3.0;PAR;85.0;85.0;255.0;Homologado
18146873000172;MARCOS JOSE MORI - CALCADOS - ME;Demais;3546603;Santa Fé do Sul;calcados;produto;2026;7;45138070000149-1-000693/2026;5;DL 639;https://pncp.gov.br/app/editais/45138070000149/2026/693;Chinelo Masculino Infantil tam. 32;3.0;UNIDADE;43.0;43.0;129.0;Homologado
18146873000172;MARCOS JOSE MORI - CALCADOS - ME;Demais;3546603;Santa Fé do Sul;calcados;produto;2026;7;45138070000149-1-000693/2026;6;DL 639;https://pncp.gov.br/app/editais/45138070000149/2026/693;Tênis Masculino Infantil tam. 26;3.0;PAR;94.0;94.0;282.0;Homologado
18146873000172;MARCOS JOSE MORI - CALCADOS - ME;Demais;3546603;Santa Fé do Sul;calcados;produto;2026;7;45138070000149-1-000693/2026;7;DL 639;https://pncp.gov.br/app/editais/45138070000149/2026/693;Sandália Masculina Infantil tam. 26;3.0;PAR;68.0;68.0;204.0;Homologado
18146873000172;MARCOS JOSE MORI - CALCADOS - ME;Demais;3546603;Santa Fé do Sul;calcados;produto;2026;7;45138070000149-1-000693/2026;8;DL 639;https://pncp.gov.br/app/editais/45138070000149/2026/693;Chinelo Masculino Infantil tam. 26;3.0;UNIDADE;43.0;43.0;129.0;Homologado
18146873000172;MARCOS JOSE MORI - CALCADOS - ME;Demais;3546603;Santa Fé do Sul;calcados;produto;2026;7;45138070000149-1-000693/2026;9;DL 639;https://pncp.gov.br/app/editais/45138070000149/2026/693;Tênis Masculino Infantil tam. 37;6.0;PAR;102.0;102.0;612.0;Homologado
18146873000172;MARCOS JOSE MORI - CALCADOS - ME;Demais;3546603;Santa Fé do Sul;calcados;produto;2026;7;45138070000149-1-000693/2026;10;DL 639;https://pncp.gov.br/app/editais/45138070000149/2026/693;Sandália Masculina Infantil tam. 37;6.0;PAR;90.0;90.0;540.0;Homologado
18146873000172;MARCOS JOSE MORI - CALCADOS - ME;Demais;3546603;Santa Fé do Sul;calcados;produto;2026;7;45138070000149-1-000693/2026;11;DL 639;https://pncp.gov.br/app/editais/45138070000149/2026/693;Chinelo Masculino Infantil tam. 37;6.0;UNIDADE;42.4;42.4;254.4;Homologado
18146873000172;MARCOS JOSE MORI - CALCADOS - ME;Demais;3546603;Santa Fé do Sul;calcados;produto;2026;7;45138070000149-1-000693/2026;12;DL 639;https://pncp.gov.br/app/editais/45138070000149/2026/693;Tênis Feminino tam. 34;3.0;PAR;102.0;102.0;306.0;Homologado
18146873000172;MARCOS JOSE MORI - CALCADOS - ME;Demais;3546603;Santa Fé do Sul;calcados;produto;2026;7;45138070000149-1-000693/2026;13;DL 639;https://pncp.gov.br/app/editais/45138070000149/2026/693;Sandália Feminina tam. 34;3.0;PAR;77.0;77.0;231.0;Homologado
18146873000172;MARCOS JOSE MORI - CALCADOS - ME;Demais;3546603;Santa Fé do Sul;calcados;produto;2026;7;45138070000149-1-000693/2026;14;DL 639;https://pncp.gov.br/app/editais/45138070000149/2026/693;Sapatilha Feminina tam. 34;2.0;PAR;68.0;68.0;136.0;Homologado
18146873000172;MARCOS JOSE MORI - CALCADOS - ME;Demais;3546603;Santa Fé do Sul;calcados;produto;2026;7;45138070000149-1-000693/2026;15;DL 639;https://pncp.gov.br/app/editais/45138070000149/2026/693;Chinelo Feminino tam. 34;2.0;UNIDADE;42.4;42.4;84.8;Homologado
18146873000172;MARCOS JOSE MORI - CALCADOS - ME;Demais;3546603;Santa Fé do Sul;calcados;produto;2026;7;45138070000149-1-000693/2026;16;DL 639;https://pncp.gov.br/app/editais/45138070000149/2026/693;Tênis Feminino tam. 35;3.0;PAR;102.0;102.0;306.0;Homologado
18146873000172;MARCOS JOSE MORI - CALCADOS - ME;Demais;3546603;Santa Fé do Sul;calcados;produto;2026;7;45138070000149-1-000693/2026;17;DL 639;https://pncp.gov.br/app/editais/45138070000149/2026/693;Sandália Feminina tam. 35;3.0;PAR;77.0;77.0;231.0;Homologado
18146873000172;MARCOS JOSE MORI - CALCADOS - ME;Demais;3546603;Santa Fé do Sul;calcados;produto;2026;7;45138070000149-1-000693/2026;18;DL 639;https://pncp.gov.br/app/editais/45138070000149/2026/693;Sapatilha Feminina tam. 35;2.0;PAR;68.0;68.0;136.0;Homologado
18146873000172;MARCOS JOSE MORI - CALCADOS - ME;Demais;3546603;Santa Fé do Sul;calcados;produto;2026;7;45138070000149-1-000693/2026;19;DL 639;https://pncp.gov.br/app/editais/45138070000149/2026/693;Chinelo Feminino tam. 35;2.0;UNIDADE;52.4;52.4;104.8;Homologado
18146873000172;MARCOS JOSE MORI - CALCADOS - ME;Demais;3546603;Santa Fé do Sul;calcados;produto;2026;7;45138070000149-1-000693/2026;20;DL 639;https://pncp.gov.br/app/editais/45138070000149/2026/693;Tênis Feminino tam. 37;6.0;PAR;102.0;102.0;612.0;Homologado
18146873000172;MARCOS JOSE MORI - CALCADOS - ME;Demais;3546603;Santa Fé do Sul;calcados;produto;2026;7;45138070000149-1-000693/2026;21;DL 639;https://pncp.gov.br/app/editais/45138070000149/2026/693;Sandália Feminina tam. 37;6.0;PAR;76.5;76.5;459.0;Homologado
18146873000172;MARCOS JOSE MORI - CALCADOS - ME;Demais;3546603;Santa Fé do Sul;calcados;produto;2026;7;45138070000149-1-000693/2026;22;DL 639;https://pncp.gov.br/app/editais/45138070000149/2026/693;Sapatilha Feminina tam. 37;4.0;PAR;68.0;68.0;272.0;Homologado
18146873000172;MARCOS JOSE MORI - CALCADOS - ME;Demais;3546603;Santa Fé do Sul;calcados;produto;2026;7;45138070000149-1-000693/2026;23;DL 639;https://pncp.gov.br/app/editais/45138070000149/2026/693;Chinelo Feminino tam. 37;4.0;UNIDADE;51.0;51.0;204.0;Homologado
18146873000172;MARCOS JOSE MORI - CALCADOS - ME;Demais;3546603;Santa Fé do Sul;calcados;produto;2026;7;45138070000149-1-000693/2026;24;DL 639;https://pncp.gov.br/app/editais/45138070000149/2026/693;Tênis Feminino tam. 38;12.0;PAR;125.0;125.0;1500.0;Homologado
18146873000172;MARCOS JOSE MORI - CALCADOS - ME;Demais;3546603;Santa Fé do Sul;calcados;produto;2026;7;45138070000149-1-000693/2026;25;DL 639;https://pncp.gov.br/app/editais/45138070000149/2026/693;Sandália Feminina tam. 38;12.0;PAR;77.0;77.0;924.0;Homologado
18146873000172;MARCOS JOSE MORI - CALCADOS - ME;Demais;3546603;Santa Fé do Sul;calcados;produto;2026;7;45138070000149-1-000693/2026;26;DL 639;https://pncp.gov.br/app/editais/45138070000149/2026/693;Sapatilha Feminina tam. 38;8.0;PAR;68.0;68.0;544.0;Homologado
18146873000172;MARCOS JOSE MORI - CALCADOS - ME;Demais;3546603;Santa Fé do Sul;calcados;produto;2026;7;45138070000149-1-000693/2026;27;DL 639;https://pncp.gov.br/app/editais/45138070000149/2026/693;Chinelo Feminino tam. 38;8.0;UNIDADE;51.0;51.0;408.0;Homologado
18146873000172;MARCOS JOSE MORI - CALCADOS - ME;Demais;3546603;Santa Fé do Sul;calcados;produto;2026;7;45138070000149-1-000693/2026;28;DL 639;https://pncp.gov.br/app/editais/45138070000149/2026/693;Chinelo Feminino tam. 44;2.0;UNIDADE;42.5;42.5;85.0;Homologado
39262690000192;OMEGA COMERCIO DE INFORMATICA LTDA;ME;3524808;Jales;informatica;produto;2026;7;45131885000104-1-000422/2026;1;346;https://pncp.gov.br/app/editais/45131885000104/2026/422;NOBREAK 2000VA. 1200 WATS - CONFORME  ESPECIFICAÇÕES DO TERMO DE REFERÊNCIA;2.0;UNIDADE;2239.75;2239.75;4479.5;Homologado
41470763000183;VIEL MATERIAIS PARA CONSTRUCAO LTDA;ME;3540259;Pontalinda;nao_classificado;indefinido;2026;7;65712077000130-1-000021/2026;1;7;https://pncp.gov.br/app/editais/65712077000130/2026/21;BROXA RETANGULAR 19CM PARA PINTURA;20.0;UNIDADE;16.09;15.9;318.0;Homologado
41470763000183;VIEL MATERIAIS PARA CONSTRUCAO LTDA;ME;3540259;Pontalinda;nao_classificado;indefinido;2026;7;65712077000130-1-000021/2026;2;7;https://pncp.gov.br/app/editais/65712077000130/2026/21;CAL PARA PINTURA 8KG;300.0;Sacos;20.43;19.0;5700.0;Homologado
41470763000183;VIEL MATERIAIS PARA CONSTRUCAO LTDA;ME;3540259;Pontalinda;nao_classificado;indefinido;2026;7;65712077000130-1-000021/2026;4;7;https://pncp.gov.br/app/editais/65712077000130/2026/21;ROLO DE LA SINTETICA 15CM;20.0;UNIDADE;20.55;19.9;398.0;Homologado
41470763000183;VIEL MATERIAIS PARA CONSTRUCAO LTDA;ME;3540259;Pontalinda;nao_classificado;indefinido;2026;7;65712077000130-1-000021/2026;5;7;https://pncp.gov.br/app/editais/65712077000130/2026/21;ROLO DE LA SINTETICA 23CM;20.0;UNIDADE;29.09;28.9;578.0;Homologado
41470763000183;VIEL MATERIAIS PARA CONSTRUCAO LTDA;ME;3540259;Pontalinda;nao_classificado;indefinido;2026;7;65712077000130-1-000021/2026;7;7;https://pncp.gov.br/app/editais/65712077000130/2026/21;suporte para rolo 23cm;1.0;Unidade;11.99;11.99;11.99;Homologado
41470763000183;VIEL MATERIAIS PARA CONSTRUCAO LTDA;ME;3540259;Pontalinda;nao_classificado;indefinido;2026;7;65712077000130-1-000021/2026;8;7;https://pncp.gov.br/app/editais/65712077000130/2026/21;TINTA PARA DEMARCACAO A BASE AGUA 18 LITROS, COR AMARELA;30.0;Balde;334.21;312.0;9360.0;Homologado
41470763000183;VIEL MATERIAIS PARA CONSTRUCAO LTDA;ME;3540259;Pontalinda;nao_classificado;indefinido;2026;7;65712077000130-1-000021/2026;9;7;https://pncp.gov.br/app/editais/65712077000130/2026/21;TINTA PARA DEMARCACAO A BASE AGUA 18 LITROS, COR AZUL;5.0;Balde;329.12;325.0;1625.0;Homologado
41470763000183;VIEL MATERIAIS PARA CONSTRUCAO LTDA;ME;3540259;Pontalinda;nao_classificado;indefinido;2026;7;65712077000130-1-000021/2026;10;7;https://pncp.gov.br/app/editais/65712077000130/2026/21;TINTA PARA DEMARCACAO A BASE AGUA 18 LITROS, COR BRANCA;30.0;Balde;338.79;298.0;8940.0;Homologado
10461347000195;WILLIANS RENAN ZAFFALON - ME;ME;3524808;Jales;combustivel;produto;2026;7;45131885000104-1-000423/2026;1;339;https://pncp.gov.br/app/editais/45131885000104/2026/423;LOCAÇÃO DE ESCAVADEIRA HIDRÁULICA COM OPERADOR , CAPACIDADE MÍNIMA DE 16 TONELADAS, PARA REALIZAR SERVIÇOS NO MUNICÍPIO DE JALES -SP. BOM ESTADO DE CONSERVAÇÃO. A MANUTENÇÃO COMPLETA INCLUINDO TODAS AS OBRIGAÇÕES CONTRATUAIS, TRABALHISTAS, ALIMENTAÇÃO, HOSPEDAGEM DO MOTORISTA E COMBUSTÍVEL, SERÁ DE INTEIRA RESPONSABILIDADE DA CONTRATADA. CONFORME ESPECIFICAÇÕES DO TERMO DE REFERÊNCIA;25.0;HORA;370.0;370.0;9250.0;Homologado
